0.00000000e+00 -4.17053066e+04 8.89906194e+01 3.59167334e-01 7.86736009e-02
0.00000000e+00 -3.20960124e+04 8.47429362e+01 2.11897376e-01 7.98003868e-02
0.00000000e+00 -2.38460950e+04 8.15915248e+01 1.41008330e-01 7.85652360e-02
0.00000000e+00 -2.23411455e+04 8.69034858e+01 1.17337078e-01 6.78781383e-02
0.00000000e+00 -2.22868347e+04 8.71382847e+01 3.15667715e-01 6.75410721e-02
0.00000000e+00 -2.19260655e+04 8.76335603e+01 3.92904087e-01 6.64105559e-02
0.00000000e+00 -1.80219018e+04 7.98180017e+01 1.16837191e-01 7.56398475e-02
0.00000000e+00 -1.72484817e+04 8.03142996e+01 1.10453589e-01 7.37749197e-02
0.00000000e+00 -1.69369144e+04 8.74085929e+01 3.28616359e-01 6.20310456e-02
0.00000000e+00 -1.66479121e+04 8.67913558e+01 4.43136582e-01 6.25224845e-02
0.00000000e+00 -1.58636416e+04 7.85065045e+01 2.13118469e-01 7.55506746e-02
0.00000000e+00 -1.48418930e+04 8.01624794e+01 1.55740045e-01 7.11211681e-02
0.00000000e+00 -1.44670607e+04 8.36843716e+01 4.62360572e-01 6.46941351e-02
0.00000000e+00 -1.43587241e+04 8.93227011e+01 2.51932980e-01 5.67615450e-02
0.00000000e+00 -1.31616473e+04 8.45524091e+01 3.21846361e-01 6.19107228e-02
0.00000000e+00 -1.24575157e+04 7.55119771e+01 1.74579737e-01 7.64714648e-02
0.00000000e+00 -1.23149592e+04 8.28465979e+01 2.87645390e-01 6.33938106e-02
0.00000000e+00 -1.16858194e+04 8.93962547e+01 3.65395708e-01 5.35833605e-02
0.00000000e+00 -1.15663866e+04 8.39515997e+01 2.75117280e-01 6.07330058e-02
0.00000000e+00 -1.11855783e+04 7.55947203e+01 3.38707475e-01 7.41920963e-02
0.00000000e+00 -1.07767232e+04 7.39731135e+01 4.08699974e-01 7.66292358e-02
0.00000000e+00 -1.03740802e+04 7.63507758e+01 3.95771609e-01 7.12985463e-02
0.00000000e+00 -1.02581354e+04 8.06904986e+01 2.87411577e-01 6.37694050e-02
0.00000000e+00 -1.02405972e+04 7.72422998e+01 3.47969353e-01 6.95000359e-02
0.00000000e+00 -9.58372650e+03 4.18296977e+01 3.22223070e-01 2.17993720e-02
0.00000000e+00 -9.47364158e+03 4.26577508e+01 4.83321662e-01 2.20963773e-02
0.00000000e+00 -9.18971511e+03 7.35607757e+01 3.42158871e-01 7.45309895e-02
0.00000000e+00 -9.13084936e+03 8.52137670e+01 3.11422875e-01 5.54875066e-02
0.00000000e+00 -9.11194687e+03 7.23351766e+01 1.28541591e-01 7.68086195e-02
0.00000000e+00 -8.76144025e+03 4.07651193e+01 2.34373703e-01 2.93394579e-02
0.00000000e+00 -8.59563017e+03 7.05311799e+01 1.34460855e-01 7.95873317e-02
0.00000000e+00 -8.59261066e+03 4.01711554e+01 4.07532205e-01 3.20282974e-02
0.00000000e+00 -8.59222591e+03 7.70497625e+01 2.30879986e-01 6.69391571e-02
0.00000000e+00 -8.51213276e+03 4.37931133e+01 2.02064656e-01 2.63550803e-02
0.00000000e+00 -8.34133337e+03 4.48404901e+01 3.67584313e-01 2.58939410e-02
0.00000000e+00 -8.32952802e+03 4.36753019e+01 4.99103423e-01 2.81245504e-02
0.00000000e+00 -8.09152177e+03 4.00088805e+01 3.32746500e-01 3.65321968e-02
0.00000000e+00 -8.06319460e+03 5.03495923e+01 3.84647788e-01 2.16990244e-02
0.00000000e+00 -8.01981710e+03 4.82183138e+01 2.78695825e-01 2.37115652e-02
0.00000000e+00 -7.96611219e+03 4.50357312e+01 1.79008107e-01 2.81847760e-02
0.00000000e+00 -7.96496650e+03 4.83197295e+01 2.79988177e-01 2.38872087e-02
0.00000000e+00 -7.89092035e+03 4.48259351e+01 1.49774782e-01 2.92409816e-02
0.00000000e+00 -7.88204447e+03 4.71614674e+01 2.49666358e-01 2.56197872e-02
0.00000000e+00 -7.85855611e+03 4.39276012e+01 1.71862582e-01 3.06370402e-02
0.00000000e+00 -7.83753167e+03 4.12740316e+01 3.24979770e-01 3.56048444e-02
0.00000000e+00 -7.78145580e+03 8.91079816e+01 3.73360002e-01 4.86557574e-02
0.00000000e+00 -7.66389199e+03 4.52931330e+01 1.96070275e-01 2.95761593e-02
0.00000000e+00 -7.52486185e+03 4.96543672e+01 4.69362837e-01 2.52024400e-02
0.00000000e+00 -7.45393305e+03 4.12877286e+01 2.61891723e-01 3.88233112e-02
0.00000000e+00 -7.36538086e+03 4.61513740e+01 2.49208133e-01 2.99551968e-02
0.00000000e+00 -7.16966021e+03 7.20652511e+01 2.14192478e-01 7.31792196e-02
0.00000000e+00 -7.10970527e+03 4.03923405e+01 4.46204797e-01 4.49006698e-02
0.00000000e+00 -7.07703944e+03 4.16448314e+01 4.79193384e-01 4.16659013e-02
0.00000000e+00 -7.06844761e+03 4.18955176e+01 3.32531305e-01 4.05784097e-02
0.00000000e+00 -7.06401555e+03 4.50361685e+01 1.25963332e-01 3.46199200e-02
0.00000000e+00 -7.04247936e+03 7.58287364e+01 2.32601421e-01 6.59109824e-02
0.00000000e+00 -6.90714791e+03 7.39690173e+01 2.38923108e-01 6.89246499e-02
0.00000000e+00 -6.82359300e+03 5.17421374e+01 1.15107640e-01 2.71005564e-02
0.00000000e+00 -6.59306711e+03 8.58317224e+01 3.34442771e-01 5.05289239e-02
0.00000000e+00 -6.53671652e+03 6.21412760e+01 1.47400079e-01 2.00628973e-02
0.00000000e+00 -6.53284687e+03 4.17872068e+01 4.08786165e-01 4.58989974e-02
0.00000000e+00 -6.46554495e+03 4.05288693e+01 2.86508090e-01 5.06469588e-02
0.00000000e+00 -6.30993385e+03 8.22440444e+01 3.20220894e-01 5.45672251e-02
0.00000000e+00 -6.17624937e+03 6.25724120e+01 2.54863453e-01 2.04746780e-02
0.00000000e+00 -6.14099181e+03 4.39425291e+01 1.01262672e-01 4.42851203e-02
0.00000000e+00 -6.09294415e+03 4.57311491e+01 1.84031697e-01 3.95489391e-02
0.00000000e+00 -6.07407677e+03 4.10264141e+01 2.27990271e-01 5.30330961e-02
0.00000000e+00 -6.07284910e+03 4.09526819e+01 1.45613095e-01 5.37845256e-02
0.00000000e+00 -6.04585470e+03 5.62563400e+01 3.59337962e-01 2.54169786e-02
0.00000000e+00 -6.02599818e+03 7.13809603e+01 1.79566622e-01 7.16066533e-02
0.00000000e+00 -6.02548988e+03 6.84986826e+01 4.54423114e-01 7.73481538e-02
0.00000000e+00 -5.92973493e+03 4.12027884e+01 1.21230059e-01 5.45964175e-02
0.00000000e+00 -5.89086849e+03 5.71223650e+01 4.99541114e-01 2.58194205e-02
0.00000000e+00 -5.87306416e+03 6.50154271e+01 3.22853064e-01 2.01159269e-02
0.00000000e+00 -5.83628371e+03 5.38445559e+01 3.60642510e-01 2.86891444e-02
0.00000000e+00 -5.79865058e+03 4.16731364e+01 4.11152224e-01 5.36067841e-02
0.00000000e+00 -5.71214265e+03 4.06821116e+01 1.36435893e-01 5.90750070e-02
0.00000000e+00 -5.67254454e+03 4.64350763e+01 1.86651145e-01 4.11464416e-02
0.00000000e+00 -5.63338086e+03 4.71143373e+01 1.21653549e-01 4.06504778e-02
0.00000000e+00 -5.62329172e+03 8.36439603e+01 2.88338135e-01 5.13802373e-02
0.00000000e+00 -5.61624174e+03 7.97461089e+01 4.93451501e-01 5.62309467e-02
0.00000000e+00 -5.50093184e+03 4.33615924e+01 1.57189581e-01 5.09739312e-02
0.00000000e+00 -5.49751516e+03 6.48045506e+01 1.30411526e-01 2.21315901e-02
0.00000000e+00 -5.48263046e+03 6.20253347e+01 4.28582360e-01 2.34427140e-02
0.00000000e+00 -5.47338056e+03 4.03040937e+01 2.73671950e-01 6.32546981e-02
0.00000000e+00 -5.44201638e+03 4.86775039e+01 2.12798032e-01 3.81931147e-02
0.00000000e+00 -5.39749043e+03 4.34956750e+01 2.23101305e-01 5.11844022e-02
0.00000000e+00 -5.34639402e+03 6.50764551e+01 3.80104699e-01 2.18740262e-02
0.00000000e+00 -5.31215202e+03 8.76104336e+01 3.23716648e-01 4.60936471e-02
0.00000000e+00 -5.28739290e+03 7.15969792e+01 4.58031520e-01 6.88756036e-02
0.00000000e+00 -5.26344105e+03 5.09073033e+01 2.00043756e-01 3.56547091e-02
0.00000000e+00 -5.25328801e+03 4.53068305e+01 4.14993299e-01 4.72912125e-02
0.00000000e+00 -5.24659141e+03 7.66241590e+01 3.88014049e-01 6.02498256e-02
0.00000000e+00 -5.18818122e+03 4.68472563e+01 1.25215801e-01 4.45058592e-02
0.00000000e+00 -5.13949567e+03 4.81519764e+01 1.60722491e-01 4.16401062e-02
0.00000000e+00 -5.12925260e+03 6.63951097e+01 2.10349730e-01 2.18347019e-02
0.00000000e+00 -5.10931063e+03 5.05210052e+01 2.30562197e-01 3.71092268e-02
0.00000000e+00 -5.10227978e+03 4.55201410e+01 1.50951095e-01 4.82601982e-02
0.00000000e+00 -5.08418012e+03 5.69903915e+01 2.47803885e-01 2.89293213e-02
0.00000000e+00 -5.05124521e+03 4.86001029e+01 1.04590735e-01 4.21092614e-02
0.00000000e+00 -4.98921325e+03 5.24080419e+01 3.58486094e-01 3.49790294e-02
0.00000000e+00 -4.95768480e+03 4.97802976e+01 1.40359355e-01 3.99778147e-02
0.00000000e+00 -4.92444972e+03 4.82665271e+01 4.46181333e-01 4.29815748e-02
0.00000000e+00 -4.89931273e+03 4.02403514e+01 3.76149231e-01 7.16108982e-02
0.00000000e+00 -4.89753337e+03 4.19012593e+01 4.06030514e-01 6.29772004e-02
0.00000000e+00 -4.89101095e+03 4.08245767e+01 1.32323155e-01 6.90023943e-02
0.00000000e+00 -4.82096267e+03 5.46188038e+01 4.91027152e-01 3.34784336e-02
0.00000000e+00 -4.78226425e+03 7.82621367e+01 3.42601858e-01 5.66562007e-02
0.00000000e+00 -4.75894261e+03 8.26122492e+01 4.57330469e-01 5.04842034e-02
0.00000000e+00 -4.75146976e+03 4.99222471e+01 2.58905132e-01 4.04832637e-02
0.00000000e+00 -4.74144037e+03 4.18424204e+01 1.57198923e-01 6.55597315e-02
0.00000000e+00 -4.68717357e+03 7.20667596e+01 3.21506607e-01 6.64950868e-02
0.00000000e+00 -4.67774485e+03 5.09684689e+01 2.43455646e-01 3.91117403e-02
0.00000000e+00 -4.67319006e+03 7.19597121e+01 2.89419569e-01 2.02849065e-02
0.00000000e+00 -4.66909895e+03 4.07288248e+01 2.94084454e-01 7.21710130e-02
0.00000000e+00 -4.65976004e+03 8.39086726e+01 3.38636641e-01 4.88992461e-02
0.00000000e+00 -4.64177728e+03 8.48257002e+01 3.86988763e-01 4.76985192e-02
0.00000000e+00 -4.62942015e+03 4.32638206e+01 3.66371461e-01 6.01960408e-02
0.00000000e+00 -4.57953617e+03 6.76409818e+01 2.33038754e-01 7.48821262e-02
0.00000000e+00 -4.55615966e+03 5.16467239e+01 2.74071248e-01 3.87168886e-02
0.00000000e+00 -4.52491110e+03 4.02248187e+01 1.44527652e-01 7.83573598e-02
0.00000000e+00 -4.52388268e+03 6.90439694e+01 2.85859297e-01 7.17764704e-02
0.00000000e+00 -4.51858021e+03 5.04048538e+01 2.71054656e-01 4.11875215e-02
0.00000000e+00 -4.49099154e+03 5.48534758e+01 2.52911924e-01 3.43692012e-02
0.00000000e+00 -4.46933777e+03 4.72970279e+01 4.38816188e-01 4.89073743e-02
0.00000000e+00 -4.45810851e+03 4.03248847e+01 3.88744932e-01 7.81621661e-02
0.00000000e+00 -4.45107423e+03 4.33306754e+01 2.62678074e-01 6.19712921e-02
0.00000000e+00 -4.44399223e+03 8.38656404e+01 1.75958044e-01 4.83911964e-02
0.00000000e+00 -4.43495240e+03 7.18683745e+01 3.75744345e-01 2.11520819e-02
0.00000000e+00 -4.42551882e+03 7.84031303e+01 1.71815993e-01 5.54736916e-02
0.00000000e+00 -4.40008119e+03 4.26118274e+01 4.10017505e-01 6.60394975e-02
0.00000000e+00 -4.40001862e+03 4.04385129e+01 4.40427273e-01 7.84705747e-02
0.00000000e+00 -4.39857879e+03 5.36657749e+01 4.88446342e-01 3.71856666e-02
0.00000000e+00 -4.38071180e+03 4.97929888e+01 1.08361045e-01 4.45113966e-02
0.00000000e+00 -4.36768113e+03 4.21943597e+01 4.11730225e-01 6.85493705e-02
0.00000000e+00 -4.30857257e+03 4.32931675e+01 4.53484503e-01 6.42572790e-02
0.00000000e+00 -4.22273978e+03 4.23758868e+01 3.14715194e-01 6.94996717e-02
0.00000000e+00 -4.20213604e+03 5.21603356e+01 3.01191183e-01 4.01879236e-02
0.00000000e+00 -4.18487697e+03 5.67094244e+01 3.75480004e-01 3.38485174e-02
0.00000000e+00 -4.17934909e+03 5.59661731e+01 1.26957036e-01 3.54916266e-02
0.00000000e+00 -4.17651947e+03 4.13554145e+01 4.13691307e-01 7.62079196e-02
0.00000000e+00 -4.14574350e+03 4.25752223e+01 2.18094286e-01 6.97146385e-02
0.00000000e+00 -4.13291886e+03 7.30610251e+01 4.37701661e-01 2.16771573e-02
0.00000000e+00 -4.09864543e+03 4.78715259e+01 4.25875958e-01 5.06145044e-02
0.00000000e+00 -4.06411387e+03 5.15354610e+01 3.14383233e-01 4.22920024e-02
0.00000000e+00 -4.05827028e+03 5.86226366e+01 2.98726000e-01 3.21549845e-02
0.00000000e+00 -4.01990274e+03 7.66764349e+01 3.17860529e-01 2.01119156e-02
0.00000000e+00 -3.99795480e+03 4.24548907e+01 4.69644406e-01 7.27809743e-02
0.00000000e+00 -3.98232682e+03 4.22033186e+01 3.41550743e-01 7.41147732e-02
0.00000000e+00 -3.98085294e+03 8.27206112e+01 4.97104742e-01 4.82650186e-02
0.00000000e+00 -3.95471082e+03 5.45028562e+01 3.65110417e-01 3.81389238e-02
0.00000000e+00 -3.92712803e+03 4.46383375e+01 3.70425161e-01 6.29627919e-02
0.00000000e+00 -3.92092536e+03 7.10929161e+01 1.06612792e-01 6.53741335e-02
0.00000000e+00 -3.89678442e+03 6.04911709e+01 1.75004773e-01 3.13335121e-02
0.00000000e+00 -3.89564536e+03 7.18545413e+01 4.10975738e-01 6.41194825e-02
0.00000000e+00 -3.88465078e+03 4.63729388e+01 3.87662057e-01 5.70497683e-02
0.00000000e+00 -3.87522331e+03 8.23634386e+01 3.06664052e-01 4.88420424e-02
0.00000000e+00 -3.86799224e+03 5.83438462e+01 1.70019896e-01 3.38125217e-02
0.00000000e+00 -3.86428942e+03 5.26312099e+01 3.64153002e-01 4.18092580e-02
0.00000000e+00 -3.86028721e+03 6.83447292e+01 4.48628483e-01 2.52969584e-02
0.00000000e+00 -3.84690961e+03 4.65630598e+01 4.75322418e-01 5.72349194e-02
0.00000000e+00 -3.84639103e+03 6.53609200e+01 2.68291955e-01 7.70194513e-02
0.00000000e+00 -3.81895618e+03 5.00904162e+01 2.86995099e-01 4.71486848e-02
0.00000000e+00 -3.80182119e+03 6.36735271e+01 2.34877437e-01 2.86034811e-02
0.00000000e+00 -3.78382039e+03 4.70611388e+01 3.57714935e-01 5.57661361e-02
0.00000000e+00 -3.77239492e+03 5.62364822e+01 1.17475861e-01 3.76320907e-02
0.00000000e+00 -3.74825685e+03 6.57369737e+01 3.39180804e-01 7.56913712e-02
0.00000000e+00 -3.74508404e+03 5.19780321e+01 2.56016311e-01 4.37529726e-02
0.00000000e+00 -3.73629013e+03 7.25579140e+01 1.14643846e-01 6.21925518e-02
0.00000000e+00 -3.71780462e+03 7.45032417e+01 4.40655392e-01 2.23063691e-02
0.00000000e+00 -3.70360808e+03 4.82927611e+01 2.42875675e-01 5.27790522e-02
0.00000000e+00 -3.69414897e+03 8.92732903e+01 3.75909872e-01 4.07576756e-02
0.00000000e+00 -3.66411381e+03 4.30470843e+01 2.92268867e-01 7.43574037e-02
0.00000000e+00 -3.64386148e+03 7.46938148e+01 2.01203121e-01 2.22996647e-02
0.00000000e+00 -3.62877365e+03 4.78810730e+01 2.06030021e-01 5.48355115e-02
0.00000000e+00 -3.58444265e+03 4.35386908e+01 4.05184333e-01 7.30498372e-02
0.00000000e+00 -3.58401893e+03 7.53084597e+01 2.94618946e-01 5.76277136e-02
0.00000000e+00 -3.57957579e+03 5.54022556e+01 1.12956244e-01 4.01069863e-02
0.00000000e+00 -3.57275989e+03 8.14020331e+01 3.23099746e-01 4.91563802e-02
0.00000000e+00 -3.55408432e+03 6.50876872e+01 4.71041010e-01 7.58928230e-02
0.00000000e+00 -3.55269129e+03 6.38442464e+01 1.01445900e-01 3.08420433e-02
0.00000000e+00 -3.53197499e+03 7.80793462e+01 2.92608766e-01 5.34268013e-02
0.00000000e+00 -3.53135126e+03 6.30811706e+01 4.37562601e-01 3.06734930e-02
0.00000000e+00 -3.51543701e+03 4.93736309e+01 3.83434056e-01 5.17945378e-02
0.00000000e+00 -3.50828420e+03 7.83845281e+01 2.54566285e-01 5.29470762e-02
0.00000000e+00 -3.50649152e+03 4.64441364e+01 3.18015202e-01 6.08745752e-02
0.00000000e+00 -3.49554433e+03 8.98548193e+01 2.44731883e-01 3.98202666e-02
0.00000000e+00 -3.48189433e+03 7.31164617e+01 3.27720560e-01 2.35219896e-02
0.00000000e+00 -3.47312762e+03 6.40914030e+01 3.46465259e-01 2.97433767e-02
0.00000000e+00 -3.46446866e+03 7.38118506e+01 1.12141778e-01 2.42335479e-02
0.00000000e+00 -3.45720963e+03 6.11261896e+01 1.46929873e-01 3.31412518e-02
0.00000000e+00 -3.44533415e+03 5.66499583e+01 3.01204805e-01 3.80363902e-02
0.00000000e+00 -3.43856409e+03 5.03620213e+01 4.11824697e-01 5.01109534e-02
0.00000000e+00 -3.43462686e+03 5.25460149e+01 1.09602492e-01 4.61302083e-02
0.00000000e+00 -3.41151157e+03 6.01558571e+01 3.13473666e-01 3.38438320e-02
0.00000000e+00 -3.39151985e+03 6.15799731e+01 2.41573974e-01 3.24409707e-02
0.00000000e+00 -3.34918997e+03 4.46377264e+01 2.47354083e-01 7.08322932e-02
0.00000000e+00 -3.34440578e+03 6.37715179e+01 2.81671187e-01 3.05407999e-02
0.00000000e+00 -3.30539419e+03 6.30625037e+01 3.01859317e-01 7.97281856e-02
0.00000000e+00 -3.29272753e+03 5.23502527e+01 1.12114163e-01 4.76132954e-02
0.00000000e+00 -3.28738192e+03 4.39687231e+01 4.32840329e-01 7.57023067e-02
0.00000000e+00 -3.27137369e+03 8.27229801e+01 3.60792206e-01 4.66022455e-02
0.00000000e+00 -3.26173849e+03 5.52232646e+01 3.12606945e-01 4.14385653e-02
0.00000000e+00 -3.21270910e+03 5.93237678e+01 3.58825563e-01 3.60305170e-02
0.00000000e+00 -3.20056259e+03 7.55763867e+01 2.94646846e-01 2.31845280e-02
0.00000000e+00 -3.19296074e+03 7.13715123e+01 4.16772221e-01 2.58237780e-02
0.00000000e+00 -3.18817534e+03 4.98606219e+01 2.54425447e-01 5.34128672e-02
0.00000000e+00 -3.17981188e+03 4.45119678e+01 3.97117739e-01 7.43826789e-02
0.00000000e+00 -3.17942008e+03 7.93626191e+01 4.62282949e-01 2.18935651e-02
0.00000000e+00 -3.15952528e+03 8.98346221e+01 4.82863821e-01 3.85140261e-02
0.00000000e+00 -3.15344677e+03 7.01058204e+01 3.13178311e-01 2.65260219e-02
0.00000000e+00 -3.15245942e+03 4.46765763e+01 2.88579852e-01 7.37604896e-02
0.00000000e+00 -3.13426859e+03 4.57116811e+01 4.75948593e-01 6.95000515e-02
0.00000000e+00 -3.11875764e+03 6.30658730e+01 1.54902762e-01 7.86440864e-02
0.00000000e+00 -3.08671290e+03 7.10417280e+01 3.00928790e-01 2.61767325e-02
0.00000000e+00 -3.08445469e+03 5.15416220e+01 1.91484088e-01 5.03162754e-02
0.00000000e+00 -3.08352087e+03 5.02279621e+01 1.65659204e-01 5.38481231e-02
0.00000000e+00 -3.06299113e+03 7.87746329e+01 4.54791411e-01 2.25172767e-02
0.00000000e+00 -3.06036780e+03 7.59976693e+01 4.90510181e-01 2.40171986e-02
0.00000000e+00 -3.02951885e+03 4.51165253e+01 4.50542379e-01 7.39668030e-02
0.00000000e+00 -3.01612423e+03 7.07804442e+01 3.71407597e-01 2.67632523e-02
0.00000000e+00 -3.01437501e+03 6.53144938e+01 4.05018031e-01 7.30547499e-02
0.00000000e+00 -3.01433328e+03 6.66333217e+01 1.20050620e-01 3.06533152e-02
0.00000000e+00 -2.99217426e+03 5.01392607e+01 4.33530151e-01 5.51231531e-02
0.00000000e+00 -2.96892684e+03 7.74033564e+01 3.12356497e-01 5.24428709e-02
0.00000000e+00 -2.94266638e+03 6.28934577e+01 3.34950003e-01 3.34726995e-02
0.00000000e+00 -2.92963279e+03 5.28094260e+01 1.15794941e-01 4.96608052e-02
0.00000000e+00 -2.92351493e+03 7.04429515e+01 2.27742068e-01 6.30929997e-02
0.00000000e+00 -2.90957656e+03 7.32073680e+01 1.61159864e-01 5.82593546e-02
0.00000000e+00 -2.90723255e+03 4.64515838e+01 1.16467423e-01 6.98525819e-02
0.00000000e+00 -2.85610444e+03 4.51752438e+01 4.35858650e-01 7.67153245e-02
0.00000000e+00 -2.84639743e+03 5.29165395e+01 4.05857423e-01 4.94557908e-02
0.00000000e+00 -2.84587866e+03 6.11760629e+01 4.54508809e-01 3.63803244e-02
0.00000000e+00 -2.84479573e+03 6.35548214e+01 1.94655713e-01 3.34729209e-02
0.00000000e+00 -2.83830709e+03 8.68989289e+01 3.18649362e-01 4.08170000e-02
0.00000000e+00 -2.83644475e+03 4.69156721e+01 4.32744269e-01 6.83464931e-02
0.00000000e+00 -2.82121121e+03 5.58897420e+01 2.69021032e-01 4.34780075e-02
0.00000000e+00 -2.80615917e+03 6.29797052e+01 3.33181387e-01 3.41253325e-02
0.00000000e+00 -2.76694631e+03 5.30734857e+01 4.21605768e-01 4.99160597e-02
0.00000000e+00 -2.76545900e+03 4.49168616e+01 2.04915873e-01 7.99877161e-02
0.00000000e+00 -2.76282680e+03 4.96702522e+01 2.54792730e-01 5.85614682e-02
0.00000000e+00 -2.75859293e+03 7.16346453e+01 2.63473524e-01 6.03637442e-02
0.00000000e+00 -2.75314640e+03 6.63648260e+01 4.72635799e-01 3.17290611e-02
0.00000000e+00 -2.75253376e+03 5.74399980e+01 3.58355239e-01 4.16045855e-02
0.00000000e+00 -2.73673628e+03 7.81269275e+01 4.25092168e-01 2.38801856e-02
0.00000000e+00 -2.73287740e+03 6.40040274e+01 4.04048213e-01 7.43406237e-02
0.00000000e+00 -2.73075615e+03 4.53971796e+01 2.64160902e-01 7.75040650e-02
0.00000000e+00 -2.68834927e+03 5.08797532e+01 2.68058024e-01 5.57635816e-02
0.00000000e+00 -2.68618909e+03 6.41713318e+01 1.32856264e-01 7.37103473e-02
0.00000000e+00 -2.67403962e+03 7.32868362e+01 3.99214150e-01 5.70815500e-02
0.00000000e+00 -2.65217297e+03 6.70204348e+01 2.01247808e-01 6.80452225e-02
0.00000000e+00 -2.64606777e+03 8.83053706e+01 1.21685437e-01 3.82048598e-02
0.00000000e+00 -2.64450959e+03 6.79094877e+01 1.84894882e-01 6.62797679e-02
0.00000000e+00 -2.64281801e+03 6.24852023e+01 4.46856136e-01 3.60570056e-02
0.00000000e+00 -2.64105019e+03 5.72425939e+01 4.29405811e-01 4.30649013e-02
0.00000000e+00 -2.59827355e+03 4.62798484e+01 4.71218474e-01 7.58385841e-02
0.00000000e+00 -2.59268199e+03 6.49568248e+01 4.36838911e-01 3.37054975e-02
0.00000000e+00 -2.59110385e+03 7.36785720e+01 2.05904273e-01 5.63378321e-02
0.00000000e+00 -2.58846488e+03 5.44407908e+01 4.32240187e-01 4.86638921e-02
0.00000000e+00 -2.58219958e+03 4.60157726e+01 1.63015693e-01 7.74455386e-02
0.00000000e+00 -2.57559683e+03 6.96776797e+01 4.77933842e-01 6.22361464e-02
0.00000000e+00 -2.56280638e+03 7.78518678e+01 1.02845213e-01 2.57838358e-02
0.00000000e+00 -2.56011301e+03 5.20283022e+01 3.41665528e-01 5.41343781e-02
0.00000000e+00 -2.55511194e+03 7.60553625e+01 3.81186589e-01 5.25497931e-02
0.00000000e+00 -2.55382658e+03 6.34733362e+01 1.28292455e-01 3.59096860e-02
0.00000000e+00 -2.54369134e+03 7.78293653e+01 4.57944991e-01 4.98089827e-02
0.00000000e+00 -2.53506853e+03 5.24826189e+01 4.83975469e-01 5.40355524e-02
0.00000000e+00 -2.51313900e+03 5.35660316e+01 1.80437603e-01 5.10356966e-02
0.00000000e+00 -2.49873035e+03 7.03945560e+01 2.90609035e-01 2.91622556e-02
0.00000000e+00 -2.48776404e+03 6.95692710e+01 4.22220403e-01 6.22209888e-02
0.00000000e+00 -2.46965609e+03 8.70435721e+01 2.17406075e-01 2.09449077e-02
0.00000000e+00 -2.46068866e+03 7.61755560e+01 2.87381679e-01 2.56618886e-02
0.00000000e+00 -2.44431244e+03 5.78535167e+01 3.83627790e-01 4.33586109e-02
0.00000000e+00 -2.44256185e+03 5.77654498e+01 2.19109290e-01 4.33332534e-02
0.00000000e+00 -2.44227686e+03 5.25670437e+01 2.08139861e-01 5.40127256e-02
0.00000000e+00 -2.44066978e+03 5.05284933e+01 1.84742178e-01 6.00464842e-02
0.00000000e+00 -2.43154177e+03 5.14617878e+01 3.11013108e-01 5.70584068e-02
0.00000000e+00 -2.42054938e+03 4.76263035e+01 3.79034271e-01 7.17492410e-02
0.00000000e+00 -2.40344101e+03 7.50139415e+01 4.12780242e-01 5.32542044e-02
0.00000000e+00 -2.38063202e+03 6.77740419e+01 4.73161400e-01 3.24874086e-02
0.00000000e+00 -2.37668668e+03 6.85442531e+01 4.61307823e-01 6.32612874e-02
0.00000000e+00 -2.37123800e+03 6.14781308e+01 1.15421575e-01 3.96490753e-02
0.00000000e+00 -2.36613138e+03 6.52240649e+01 4.41202907e-01 3.47744505e-02
0.00000000e+00 -2.35851964e+03 4.71525509e+01 2.83684132e-01 7.51613516e-02
0.00000000e+00 -2.35379389e+03 5.38826639e+01 1.32475777e-01 5.24583003e-02
0.00000000e+00 -2.34549829e+03 7.19346637e+01 4.19465658e-01 5.75941826e-02
0.00000000e+00 -2.34497706e+03 8.84473781e+01 1.77781122e-01 3.74672894e-02
0.00000000e+00 -2.34276199e+03 4.98997925e+01 3.12046941e-01 6.32825174e-02
0.00000000e+00 -2.33969563e+03 8.94961029e+01 4.13930875e-01 3.64022866e-02
0.00000000e+00 -2.33881518e+03 4.68653196e+01 2.57559377e-01 7.72692699e-02
0.00000000e+00 -2.33343608e+03 4.84081004e+01 1.59497617e-01 6.99620285e-02
0.00000000e+00 -2.32607485e+03 4.85759130e+01 1.46740021e-01 6.94922478e-02
0.00000000e+00 -2.32394167e+03 6.16448813e+01 1.68436801e-01 3.89732732e-02
0.00000000e+00 -2.30734787e+03 4.74401565e+01 1.52758720e-01 7.53748179e-02
0.00000000e+00 -2.28940918e+03 5.61509560e+01 4.85205618e-01 4.83413651e-02
0.00000000e+00 -2.28400385e+03 5.09692840e+01 1.61775805e-01 6.08947845e-02
0.00000000e+00 -2.27604580e+03 8.15401810e+01 2.10682794e-01 4.45540406e-02
0.00000000e+00 -2.27538103e+03 7.53990643e+01 3.56451748e-01 2.70267191e-02
0.00000000e+00 -2.26286989e+03 7.08138345e+01 4.40382899e-01 5.88772876e-02
0.00000000e+00 -2.25284207e+03 8.63453030e+01 1.75051065e-01 2.22532399e-02
0.00000000e+00 -2.24442198e+03 5.00681111e+01 4.52410869e-01 6.49054286e-02
0.00000000e+00 -2.24408052e+03 6.42042167e+01 4.86657432e-01 3.68912806e-02
0.00000000e+00 -2.24164694e+03 6.69174520e+01 3.46812610e-01 3.34634415e-02
0.00000000e+00 -2.24117254e+03 8.97878750e+01 1.54721545e-01 3.56512291e-02
0.00000000e+00 -2.23698563e+03 6.18150727e+01 2.65718953e-01 7.62852037e-02
0.00000000e+00 -2.23660905e+03 8.13865769e+01 1.50343353e-01 4.42396389e-02
0.00000000e+00 -2.23421523e+03 6.48358969e+01 4.50776252e-01 6.94224098e-02
0.00000000e+00 -2.23091403e+03 6.88229247e+01 2.72544239e-01 3.17398965e-02
0.00000000e+00 -2.21954023e+03 4.79665225e+01 1.77729573e-01 7.41839511e-02
0.00000000e+00 -2.21862690e+03 8.66613677e+01 3.32457203e-01 2.19353671e-02
0.00000000e+00 -2.18608930e+03 5.30671997e+01 1.33504553e-01 5.63428171e-02
0.00000000e+00 -2.18498712e+03 6.12281986e+01 4.87532537e-01 4.09644948e-02
0.00000000e+00 -2.17873044e+03 8.66996534e+01 4.98499690e-01 2.27443534e-02
0.00000000e+00 -2.17704229e+03 6.90839467e+01 3.34459254e-01 3.18933735e-02
0.00000000e+00 -2.16000361e+03 6.58684003e+01 3.19219263e-01 3.48899960e-02
0.00000000e+00 -2.15840450e+03 6.09196585e+01 4.78035500e-01 4.15267919e-02
0.00000000e+00 -2.15208687e+03 5.82443303e+01 1.09571843e-01 4.62132260e-02
0.00000000e+00 -2.14698030e+03 4.86857145e+01 4.06231361e-01 7.21508109e-02
0.00000000e+00 -2.12983948e+03 7.40472018e+01 1.91450273e-01 5.35799613e-02
0.00000000e+00 -2.12246128e+03 8.03172560e+01 2.40849242e-01 2.49990590e-02
0.00000000e+00 -2.10853387e+03 6.03280965e+01 1.98564221e-01 4.20957906e-02
0.00000000e+00 -2.10461799e+03 8.61653031e+01 4.43522185e-01 2.29753971e-02
0.00000000e+00 -2.10083496e+03 7.36286387e+01 3.90451075e-01 2.91033604e-02
0.00000000e+00 -2.09854766e+03 6.57962016e+01 4.18783568e-01 3.57354964e-02
0.00000000e+00 -2.09488361e+03 7.56343884e+01 3.56901480e-01 2.77387685e-02
0.00000000e+00 -2.08916408e+03 5.78593453e+01 1.32418590e-01 4.69734492e-02
0.00000000e+00 -2.05866623e+03 8.79518223e+01 4.82550145e-01 3.63458704e-02
0.00000000e+00 -2.05770211e+03 7.52899618e+01 1.78894136e-01 5.13799444e-02
0.00000000e+00 -2.05250010e+03 4.88824808e+01 1.00466297e-01 7.44814234e-02
0.00000000e+00 -2.05088107e+03 7.51600649e+01 4.60234835e-01 2.87154219e-02
0.00000000e+00 -2.04990710e+03 8.30339035e+01 3.40124059e-01 4.18795895e-02
0.00000000e+00 -2.04741967e+03 5.01865733e+01 3.70057718e-01 6.71729162e-02
0.00000000e+00 -2.04116127e+03 5.66357483e+01 3.67304686e-01 4.90281188e-02
0.00000000e+00 -2.03376105e+03 5.61489007e+01 3.68255683e-01 5.01049987e-02
0.00000000e+00 -2.02926896e+03 6.98082943e+01 1.22359652e-01 3.32190925e-02
0.00000000e+00 -2.02465844e+03 5.34864690e+01 2.34062430e-01 5.63260994e-02
0.00000000e+00 -2.01092617e+03 5.41493123e+01 3.51669689e-01 5.49036712e-02
0.00000000e+00 -2.00813460e+03 8.07234527e+01 4.75226955e-01 4.37193315e-02
0.00000000e+00 -1.99630918e+03 6.12067811e+01 3.20795587e-01 7.56980356e-02
0.00000000e+00 -1.99453299e+03 7.15204385e+01 1.81284292e-01 3.12476589e-02
0.00000000e+00 -1.99390575e+03 8.80750297e+01 3.50405894e-01 2.23918583e-02
0.00000000e+00 -1.98664549e+03 8.03085012e+01 1.84371513e-01 4.45939185e-02
0.00000000e+00 -1.97853369e+03 7.29953640e+01 2.97818270e-01 5.44226671e-02
0.00000000e+00 -1.96647027e+03 8.03519943e+01 3.48775327e-01 2.57500147e-02
0.00000000e+00 -1.96493899e+03 7.14061725e+01 3.36275624e-01 3.12339746e-02
0.00000000e+00 -1.95753613e+03 8.83599186e+01 1.92110456e-01 2.26397958e-02
0.00000000e+00 -1.94515966e+03 7.38699408e+01 1.59142767e-01 5.26662486e-02
0.00000000e+00 -1.92911157e+03 7.87017960e+01 2.40287661e-01 4.64345821e-02
0.00000000e+00 -1.91549004e+03 7.50397052e+01 2.70834037e-01 5.11742129e-02
0.00000000e+00 -1.91439499e+03 8.49053450e+01 4.75353964e-01 2.45388086e-02
0.00000000e+00 -1.91212584e+03 4.86838453e+01 2.10970476e-01 7.76674963e-02
0.00000000e+00 -1.89564179e+03 5.38698355e+01 4.46933879e-01 5.77920376e-02
0.00000000e+00 -1.89199938e+03 4.90812879e+01 1.96030045e-01 7.59577425e-02
0.00000000e+00 -1.89055295e+03 6.64781911e+01 1.42365784e-01 6.42196033e-02
0.00000000e+00 -1.88859090e+03 8.00401340e+01 4.37772223e-01 2.66709741e-02
0.00000000e+00 -1.88259580e+03 5.81084117e+01 3.00429540e-01 4.75365573e-02
0.00000000e+00 -1.86978304e+03 4.93528181e+01 4.96082020e-01 7.65782085e-02
0.00000000e+00 -1.86957298e+03 7.90637529e+01 4.28137487e-01 2.72283294e-02
0.00000000e+00 -1.85806248e+03 6.77558461e+01 2.50909265e-01 6.21570187e-02
0.00000000e+00 -1.85047071e+03 8.59742526e+01 3.62126250e-01 3.78265905e-02
0.00000000e+00 -1.84988486e+03 7.35253172e+01 3.35905139e-01 3.03383560e-02
0.00000000e+00 -1.84098406e+03 7.62641294e+01 1.66224509e-01 4.88015587e-02
0.00000000e+00 -1.84001689e+03 6.88899546e+01 4.92712236e-01 5.91861659e-02
0.00000000e+00 -1.82919778e+03 7.91729145e+01 3.57162621e-01 2.70683081e-02
0.00000000e+00 -1.82348462e+03 5.63707076e+01 3.21559318e-01 5.17313865e-02
0.00000000e+00 -1.81590305e+03 8.44859902e+01 3.80833773e-01 2.47148855e-02
0.00000000e+00 -1.81275405e+03 8.68535836e+01 1.16856742e-01 3.57414048e-02
0.00000000e+00 -1.80393053e+03 6.12820951e+01 1.84391127e-01 7.38897093e-02
0.00000000e+00 -1.80019330e+03 6.18647496e+01 1.25698253e-01 7.22221852e-02
0.00000000e+00 -1.79054524e+03 5.81598746e+01 1.79897968e-01 4.87210599e-02
0.00000000e+00 -1.78226827e+03 5.81895958e+01 4.64560919e-01 7.94925449e-02
0.00000000e+00 -1.78192889e+03 6.22325055e+01 2.52807295e-01 4.18339341e-02
0.00000000e+00 -1.77887537e+03 5.48582021e+01 4.26969771e-01 5.65773265e-02
0.00000000e+00 -1.76851121e+03 8.56504289e+01 3.67109772e-01 3.77103347e-02
0.00000000e+00 -1.76800167e+03 6.04625290e+01 4.52817903e-01 7.46291102e-02
0.00000000e+00 -1.76792245e+03 8.94022949e+01 2.15873398e-01 2.30511010e-02
0.00000000e+00 -1.76225620e+03 5.05608231e+01 1.71000845e-01 7.17975700e-02
0.00000000e+00 -1.76179819e+03 6.27913063e+01 1.69277654e-01 7.04077136e-02
0.00000000e+00 -1.75512168e+03 6.97920037e+01 1.98703212e-01 3.39641366e-02
0.00000000e+00 -1.75305805e+03 8.28960421e+01 4.20064884e-01 2.59280860e-02
0.00000000e+00 -1.74570895e+03 5.98458231e+01 2.01915993e-01 4.59906291e-02
0.00000000e+00 -1.73355770e+03 7.61752366e+01 3.65082354e-01 4.84012883e-02
0.00000000e+00 -1.73053317e+03 7.07732829e+01 2.98295840e-01 3.30724321e-02
0.00000000e+00 -1.72735104e+03 7.07341025e+01 4.35944563e-01 3.36993382e-02
0.00000000e+00 -1.72399783e+03 7.16742555e+01 4.40146910e-01 3.29827614e-02
0.00000000e+00 -1.72307167e+03 6.93347731e+01 4.09382192e-01 3.47821957e-02
0.00000000e+00 -1.72251790e+03 8.63257979e+01 4.43279716e-01 3.63968220e-02
0.00000000e+00 -1.71994787e+03 5.37043034e+01 4.55164466e-01 6.10798785e-02
0.00000000e+00 -1.71581268e+03 8.46683443e+01 1.75187477e-01 2.54123531e-02
0.00000000e+00 -1.71381352e+03 7.38089250e+01 2.75233885e-01 3.08484056e-02
0.00000000e+00 -1.71074197e+03 5.31102225e+01 3.21098599e-01 6.21230359e-02
0.00000000e+00 -1.71005574e+03 8.82001317e+01 2.31560166e-01 3.50988496e-02
0.00000000e+00 -1.70711643e+03 5.54800919e+01 2.96172339e-01 5.52190340e-02
0.00000000e+00 -1.69556862e+03 5.30593709e+01 4.56418147e-01 6.36732393e-02
0.00000000e+00 -1.69427883e+03 7.73792248e+01 3.26638444e-01 2.87265690e-02
0.00000000e+00 -1.69367695e+03 7.28687583e+01 2.04147889e-01 3.18592314e-02
0.00000000e+00 -1.69285266e+03 8.30413071e+01 1.96489934e-01 2.60321277e-02
0.00000000e+00 -1.68494183e+03 5.33581803e+01 3.41412882e-01 6.18511088e-02
0.00000000e+00 -1.68219145e+03 8.99785752e+01 2.86173020e-01 3.33702430e-02
0.00000000e+00 -1.68186777e+03 6.14783476e+01 2.62480741e-01 7.25145431e-02
0.00000000e+00 -1.68119452e+03 5.97135200e+01 1.81612894e-01 4.70299768e-02
0.00000000e+00 -1.67009462e+03 6.42987931e+01 4.04195586e-01 6.65067450e-02
0.00000000e+00 -1.66812671e+03 8.33929574e+01 4.45839715e-01 2.63549144e-02
0.00000000e+00 -1.66473813e+03 8.21956230e+01 3.59839528e-01 2.64600820e-02
0.00000000e+00 -1.66337353e+03 5.65356031e+01 4.86880193e-01 5.45940874e-02
0.00000000e+00 -1.66081828e+03 5.03149235e+01 2.27896463e-01 7.57615056e-02
0.00000000e+00 -1.66046636e+03 6.64258492e+01 1.59273488e-01 6.27251564e-02
0.00000000e+00 -1.65015974e+03 6.37875463e+01 2.51486720e-01 4.08714655e-02
0.00000000e+00 -1.64770125e+03 7.80522226e+01 2.29689925e-01 4.56837241e-02
0.00000000e+00 -1.63394183e+03 6.00900508e+01 4.99019323e-01 4.78671240e-02
0.00000000e+00 -1.63250239e+03 8.24688942e+01 1.38734068e-01 3.96829706e-02
0.00000000e+00 -1.63031441e+03 5.00019131e+01 3.08965785e-01 7.94627125e-02
0.00000000e+00 -1.62821643e+03 8.53211419e+01 1.88977346e-01 2.55110674e-02
0.00000000e+00 -1.62789470e+03 5.66104915e+01 1.68820818e-01 5.40402557e-02
0.00000000e+00 -1.62644505e+03 6.23618498e+01 2.11750894e-01 4.31606409e-02
0.00000000e+00 -1.62314826e+03 8.22488772e+01 2.28525668e-01 4.06340827e-02
0.00000000e+00 -1.61914208e+03 6.47351660e+01 2.67510283e-01 3.99289286e-02
0.00000000e+00 -1.61792964e+03 7.98570257e+01 2.04487706e-01 2.79488800e-02
0.00000000e+00 -1.61525113e+03 5.02608661e+01 3.89888734e-01 7.91893552e-02
0.00000000e+00 -1.60761661e+03 6.72424479e+01 1.43672992e-01 3.81117520e-02
0.00000000e+00 -1.59635668e+03 5.45111098e+01 4.85038752e-01 6.11535922e-02
0.00000000e+00 -1.59371159e+03 7.12988540e+01 2.60793844e-01 3.35425405e-02
0.00000000e+00 -1.58913822e+03 5.47052383e+01 3.92620699e-01 5.96649331e-02
0.00000000e+00 -1.58889946e+03 8.15026597e+01 2.11623538e-01 4.11965180e-02
0.00000000e+00 -1.58617587e+03 6.34897700e+01 4.52753523e-01 6.69223666e-02
0.00000000e+00 -1.58582982e+03 6.41604135e+01 2.85761609e-01 4.09382001e-02
0.00000000e+00 -1.58551911e+03 5.03755824e+01 1.78880871e-01 7.99798463e-02
0.00000000e+00 -1.58244497e+03 7.73306727e+01 2.07868741e-01 2.95607768e-02
0.00000000e+00 -1.58195732e+03 8.06770726e+01 4.96820026e-01 4.11154754e-02
0.00000000e+00 -1.57883478e+03 5.78795674e+01 3.34418335e-01 7.84708247e-02
0.00000000e+00 -1.57847401e+03 7.54871948e+01 4.62710823e-01 4.77659142e-02
2.47032823e-323 -1.57306115e+03 8.91832980e+01 2.41355392e-01 2.41216564e-02
2.66795449e-322 -1.57085250e+03 5.25290384e+01 3.51750876e-01 6.73761677e-02
8.25089629e-322 -1.56996387e+03 7.03874892e+01 2.91683055e-01 3.44837249e-02
2.72724237e-321 -1.56865955e+03 6.06625965e+01 4.05766243e-01 7.24559166e-02
1.08249783e-320 -1.56725760e+03 6.07896096e+01 1.93810777e-01 4.62918876e-02
1.65694796e-319 -1.56435960e+03 5.51119894e+01 1.03881143e-01 6.03985593e-02
2.74414391e-316 -1.55689093e+03 6.25566783e+01 3.40887355e-01 4.35434852e-02
3.29674393e-315 -1.55448754e+03 6.61440525e+01 1.99668893e-01 6.25920569e-02
8.30336404e-315 -1.55392477e+03 7.68690745e+01 1.00908859e-01 3.20812832e-02
2.05534447e-312 -1.54796163e+03 8.26203460e+01 2.87926666e-01 3.98158662e-02
4.69271396e-312 -1.54770183e+03 7.95472718e+01 1.65802605e-01 2.89553788e-02
2.09712560e-310 -1.54333979e+03 5.22823883e+01 4.95886039e-01 7.14587127e-02
1.42676818e-309 -1.54156260e+03 7.84481727e+01 1.93553980e-01 4.43809083e-02
4.30068824e-309 -1.54063210e+03 5.95340376e+01 4.72160200e-01 7.38103850e-02
7.54309528e-306 -1.53282713e+03 8.93782711e+01 3.79620369e-01 3.26556876e-02
1.85012423e-304 -1.52966508e+03 7.55184600e+01 2.15558505e-01 4.81444589e-02
6.60588077e-304 -1.52865928e+03 6.48338235e+01 3.76309122e-01 4.09186981e-02
4.42494317e-301 -1.52183828e+03 5.92073473e+01 2.91913264e-01 4.93552925e-02
5.89232154e-300 -1.51932260e+03 6.33456733e+01 3.18083498e-01 6.72862657e-02
1.57526880e-299 -1.51868122e+03 8.98517210e+01 1.21185330e-01 3.01711639e-02
4.71142640e-298 -1.51487879e+03 6.59048302e+01 4.28770544e-01 4.01016422e-02
3.48150295e-294 -1.50594571e+03 6.40568495e+01 1.49616359e-01 4.26431764e-02
4.47922604e-290 -1.49648000e+03 7.76501554e+01 2.60013745e-01 2.97305003e-02
1.13093430e-289 -1.49605248e+03 8.32660179e+01 4.75444985e-01 3.77750991e-02
1.90020507e-289 -1.49547297e+03 5.26946661e+01 3.09697712e-01 6.84092204e-02
2.48930592e-284 -1.48324188e+03 7.03254895e+01 3.37836302e-01 5.51333660e-02
3.99212585e-282 -1.47816729e+03 8.90996673e+01 3.87846584e-01 2.51285205e-02
2.49758590e-280 -1.47403752e+03 7.77288322e+01 3.42643478e-01 2.99552679e-02
7.66424630e-279 -1.47062689e+03 6.30601964e+01 4.95405383e-01 6.61298586e-02
1.87446175e-278 -1.47019843e+03 7.35653944e+01 4.89737521e-01 4.93302205e-02
2.42371063e-277 -1.46718165e+03 5.24257235e+01 1.14442698e-01 7.35769928e-02
2.72235988e-276 -1.46480012e+03 5.43852753e+01 1.06808195e-01 6.48075620e-02
5.57051018e-276 -1.46458280e+03 8.37566606e+01 4.13565168e-01 2.73378435e-02
4.65273345e-275 -1.46193495e+03 8.66286252e+01 1.67327447e-01 3.44908067e-02
1.28729348e-274 -1.46125564e+03 7.09784414e+01 1.83945604e-01 3.51743608e-02
2.35452424e-270 -1.45102811e+03 8.44430431e+01 4.68802873e-01 2.76427266e-02
1.03986300e-268 -1.44725965e+03 6.45204890e+01 3.85722643e-01 6.41420761e-02
5.65992891e-267 -1.44325465e+03 7.87545690e+01 3.75311708e-01 2.97259674e-02
1.60280002e-263 -1.43528493e+03 8.30688649e+01 4.84610589e-01 3.73910113e-02
5.22386783e-259 -1.42488946e+03 6.82742320e+01 3.28464139e-01 3.77076637e-02
2.29807492e-257 -1.42112501e+03 5.33206018e+01 3.29832148e-01 6.79529801e-02
5.87607877e-257 -1.42063954e+03 6.65184253e+01 4.56380460e-01 4.05154005e-02
8.59763399e-256 -1.41751652e+03 5.62826208e+01 4.74773155e-01 7.77280489e-02
6.77061065e-255 -1.41553565e+03 5.72804617e+01 4.79199171e-01 7.60019999e-02
2.71519707e-254 -1.41426065e+03 5.97853797e+01 3.02993677e-01 4.96109335e-02
8.58890126e-254 -1.41314202e+03 8.98712838e+01 3.46592909e-01 3.14084266e-02
1.46388513e-253 -1.41290395e+03 7.26478712e+01 3.94178152e-01 3.41833998e-02
2.74740210e-253 -1.41204226e+03 5.27393474e+01 1.11636982e-01 7.56721725e-02
1.35867032e-252 -1.41024090e+03 7.43850851e+01 1.70106232e-01 3.30747138e-02
2.88834554e-252 -1.40984545e+03 6.23919187e+01 2.07157095e-01 4.53344675e-02
8.53780187e-252 -1.40846847e+03 7.33495846e+01 1.95287869e-01 3.35617118e-02
1.53262495e-251 -1.40824088e+03 8.34559364e+01 4.17162892e-01 2.79341544e-02
3.46792028e-251 -1.40711646e+03 8.59980844e+01 2.89448487e-01 3.53430075e-02
3.12468771e-250 -1.40472066e+03 8.11488020e+01 4.50169470e-01 2.92983485e-02
7.53612536e-250 -1.40422579e+03 5.90768726e+01 2.32952302e-01 5.11582558e-02
2.72991629e-249 -1.40264675e+03 5.52586447e+01 4.23724372e-01 6.20024977e-02
6.92903127e-249 -1.40191838e+03 5.97453736e+01 1.05656961e-01 5.19762563e-02
1.01339072e-248 -1.40175651e+03 6.92445035e+01 2.72046487e-01 5.63019467e-02
1.89226901e-248 -1.40085351e+03 5.98184979e+01 1.95491675e-01 4.99660161e-02
1.17312893e-247 -1.39880690e+03 7.51434500e+01 3.12453163e-01 3.20638662e-02
1.28254482e-246 -1.39637451e+03 8.16986508e+01 2.03189615e-01 2.85115244e-02
4.64555153e-246 -1.39529156e+03 6.76861401e+01 1.90816510e-01 3.88198298e-02
5.52559326e-245 -1.39258519e+03 8.59202804e+01 1.12865892e-01 2.99369229e-02
4.16596221e-244 -1.39062937e+03 5.22511003e+01 3.45071617e-01 7.86903476e-02
1.05876070e-243 -1.38998195e+03 6.66132768e+01 4.32617427e-01 5.96647154e-02
2.28689311e-243 -1.38914841e+03 8.92673627e+01 4.87711261e-01 2.75412769e-02
3.29191662e-243 -1.38907906e+03 5.22406598e+01 3.32964975e-01 7.89465593e-02
4.20425225e-243 -1.38868908e+03 8.56659282e+01 4.43868104e-01 2.75058366e-02
5.91709886e-243 -1.38837559e+03 5.35555315e+01 4.89835387e-01 7.13003701e-02
8.32125463e-243 -1.38800937e+03 7.65977685e+01 2.84445624e-01 3.11326784e-02
1.05099331e-242 -1.38787320e+03 6.44272152e+01 2.58996065e-01 6.41530064e-02
1.89284380e-242 -1.38700443e+03 6.45992226e+01 3.82631174e-01 6.34011255e-02
5.00782251e-242 -1.38598633e+03 7.68278701e+01 3.32892542e-01 3.11081369e-02
2.55188414e-240 -1.38175804e+03 5.26728406e+01 1.45770892e-01 7.70345119e-02
5.75886718e-239 -1.37866826e+03 5.26424530e+01 3.64426769e-01 7.98439578e-02
4.31091518e-238 -1.37674365e+03 5.28541643e+01 4.32709176e-01 7.66570868e-02
5.25756709e-237 -1.37417698e+03 8.29438368e+01 2.88936767e-01 2.78108593e-02
1.52905035e-236 -1.37341522e+03 8.26305647e+01 3.14875268e-01 2.80055090e-02
4.13235529e-236 -1.37232415e+03 6.61209135e+01 1.20024985e-01 6.00355988e-02
5.90710758e-235 -1.36942496e+03 5.27048157e+01 3.75484797e-01 7.54207274e-02
1.32746634e-234 -1.36910368e+03 7.08467288e+01 4.26427647e-01 5.28776980e-02
2.23105535e-234 -1.36845699e+03 5.78159457e+01 2.64025648e-01 7.57764494e-02
4.89426584e-234 -1.36760094e+03 6.95757681e+01 2.66141754e-01 5.54985977e-02
4.85696836e-233 -1.36502171e+03 8.23200603e+01 3.22309677e-01 3.87972422e-02
1.06792732e-232 -1.36470444e+03 6.84204175e+01 3.94496835e-01 5.67762040e-02
1.89509091e-232 -1.36397357e+03 5.38493438e+01 4.48846425e-01 6.95222018e-02
5.16300545e-232 -1.36285855e+03 7.51303058e+01 1.29421542e-01 3.38175907e-02
1.80320144e-231 -1.36156294e+03 5.52577450e+01 2.86196123e-01 6.17714751e-02
3.34959923e-231 -1.36124525e+03 8.04341729e+01 4.48732792e-01 3.00152925e-02
4.60122921e-231 -1.36092217e+03 6.70645859e+01 3.71684377e-01 5.90577096e-02
8.58573075e-231 -1.36012129e+03 6.03412844e+01 3.91155895e-01 7.05796813e-02
2.76075834e-230 -1.35881985e+03 5.51071922e+01 3.60710636e-01 7.93001495e-02
1.33062381e-229 -1.35718049e+03 5.53455463e+01 3.91453443e-01 6.23949175e-02
4.34122575e-229 -1.35611274e+03 6.69501742e+01 2.92398398e-01 3.96621194e-02
1.09080058e-228 -1.35524241e+03 5.56666384e+01 3.24244677e-01 7.87674705e-02
4.20690243e-228 -1.35374051e+03 5.62296479e+01 3.72338653e-01 5.94273209e-02
1.48029689e-227 -1.35254154e+03 5.42113718e+01 4.57377826e-01 6.83800844e-02
8.22493728e-225 -1.34595597e+03 6.16592162e+01 1.51471547e-01 4.79833736e-02
5.14600801e-224 -1.34429089e+03 5.48639264e+01 4.89321062e-01 7.70325806e-02
7.19168567e-222 -1.33918044e+03 7.09016542e+01 3.96042820e-01 5.27428165e-02
1.42996881e-221 -1.33917344e+03 7.60370494e+01 2.11803241e-01 3.20735806e-02
1.98404924e-221 -1.33859992e+03 6.33432312e+01 4.78660624e-01 6.41919585e-02
3.20693711e-221 -1.33817096e+03 5.40473814e+01 2.23368046e-01 6.72534828e-02
7.30517578e-221 -1.33715073e+03 5.73619068e+01 1.33511229e-01 5.75585709e-02
2.31393477e-219 -1.33340741e+03 8.11587551e+01 3.55380576e-01 3.96876137e-02
5.24035870e-219 -1.33312521e+03 8.52740492e+01 3.49301773e-01 2.73798259e-02
6.68588892e-219 -1.33290571e+03 5.79569505e+01 4.22413727e-01 7.39939960e-02
7.68097512e-219 -1.33283045e+03 5.37136295e+01 2.67564253e-01 7.99014444e-02
1.17585037e-218 -1.33215721e+03 5.33142793e+01 3.76533942e-01 7.79259196e-02
9.20808973e-218 -1.32977170e+03 8.57910089e+01 4.90159839e-01 2.88681988e-02
2.53303372e-217 -1.32907153e+03 7.15411871e+01 2.87362494e-01 5.22046268e-02
2.63298329e-216 -1.32639001e+03 7.68899415e+01 1.89685444e-01 3.18311505e-02
4.65298887e-215 -1.32350271e+03 5.52959831e+01 1.70475022e-01 6.33399773e-02
3.68656778e-214 -1.32150226e+03 5.37832787e+01 3.69935155e-01 7.84159581e-02
2.63225410e-212 -1.31711611e+03 5.54021601e+01 4.35987995e-01 6.40159757e-02
2.83110719e-211 -1.31482099e+03 6.44012050e+01 1.13199273e-01 4.52556998e-02
6.17294082e-211 -1.31447877e+03 7.27350268e+01 3.94621190e-01 4.98919759e-02
8.90062800e-211 -1.31409072e+03 7.12230914e+01 2.65026092e-01 5.25609532e-02
1.05733468e-210 -1.31409027e+03 5.63587381e+01 1.89368623e-01 5.97409359e-02
1.58923737e-209 -1.31071766e+03 6.91211031e+01 4.44206176e-01 3.86794736e-02
5.22139525e-209 -1.30983824e+03 7.42494497e+01 1.28237925e-01 3.49795271e-02
1.25836962e-207 -1.30633521e+03 5.54476681e+01 2.94167170e-01 7.79927364e-02
2.85532168e-207 -1.30603869e+03 8.41504203e+01 4.80557965e-01 3.48278695e-02
6.02879692e-206 -1.30245702e+03 5.37262309e+01 3.97786279e-01 7.33290527e-02
1.29076872e-205 -1.30226812e+03 5.42931003e+01 4.51604984e-01 7.07749567e-02
3.63171652e-205 -1.30084259e+03 8.87726548e+01 3.53665687e-01 3.12289174e-02
1.73177734e-204 -1.29924635e+03 5.60078364e+01 1.99035088e-01 6.10744897e-02
1.04067924e-203 -1.29741357e+03 8.02607820e+01 4.29607949e-01 3.05109252e-02
7.96578774e-203 -1.29534564e+03 5.97030112e+01 2.72199313e-01 5.13741107e-02
3.28976705e-202 -1.29404611e+03 7.00897203e+01 3.97166041e-01 3.74880271e-02
1.12252401e-201 -1.29283506e+03 6.34745934e+01 2.60588544e-01 4.48254697e-02
5.39902551e-201 -1.29117431e+03 7.01977377e+01 4.06164317e-01 3.74841560e-02
1.08005090e-200 -1.29084610e+03 8.36722487e+01 3.13891883e-01 3.67396634e-02
2.17780174e-200 -1.28993777e+03 6.07235522e+01 4.76009797e-01 5.10681866e-02
4.37952256e-200 -1.28933279e+03 8.64524550e+01 3.36225626e-01 3.36767050e-02
7.61405529e-200 -1.28880398e+03 5.83931681e+01 2.52340441e-01 7.34672860e-02
1.10943702e-199 -1.28852371e+03 8.33434397e+01 4.76272256e-01 2.98618055e-02
2.01560309e-199 -1.28773519e+03 6.39597512e+01 2.31887520e-01 4.42465049e-02
3.29958998e-199 -1.28740660e+03 6.23483386e+01 4.92159576e-01 4.83784255e-02
2.16602022e-198 -1.28507172e+03 8.59160038e+01 1.95175078e-01 2.79146649e-02
4.77502335e-198 -1.28471683e+03 8.63022157e+01 2.43600186e-01 3.39296145e-02
8.51388511e-198 -1.28400219e+03 5.53224756e+01 4.59018984e-01 7.51588781e-02
1.20338066e-197 -1.28389591e+03 7.21820019e+01 4.89203604e-01 3.66099323e-02
1.78288598e-197 -1.28329536e+03 8.91374884e+01 1.75045366e-01 2.88609310e-02
1.00862322e-196 -1.28124258e+03 7.32583243e+01 3.55568111e-01 3.45906327e-02
2.36256137e-196 -1.28074067e+03 6.78740782e+01 3.16804330e-01 3.94267806e-02
9.46947770e-196 -1.27904395e+03 5.65460383e+01 4.20413540e-01 7.48509083e-02
3.70605425e-194 -1.27522702e+03 7.36973638e+01 4.13011677e-01 3.47066464e-02
1.53322101e-193 -1.27405078e+03 5.52359144e+01 3.83912808e-01 6.52149100e-02
3.72764622e-193 -1.27326609e+03 6.74821448e+01 3.42670958e-01 4.00505996e-02
1.92112500e-192 -1.27138965e+03 8.23164809e+01 4.93978921e-01 3.62960937e-02
4.64909882e-191 -1.26809386e+03 5.44997855e+01 2.12358194e-01 6.80165927e-02
1.25474802e-190 -1.26750153e+03 6.82504353e+01 3.75377528e-01 5.61981725e-02
1.79996657e-189 -1.26444034e+03 8.01290443e+01 1.23403399e-01 3.86108095e-02
4.06828168e-189 -1.26412266e+03 5.42614549e+01 3.31328022e-01 6.98423526e-02
4.82700132e-189 -1.26406732e+03 5.39723388e+01 3.44133126e-01 7.42803595e-02
1.18227798e-187 -1.26022088e+03 5.93487569e+01 4.82414512e-01 6.95832744e-02
1.02069971e-186 -1.25816073e+03 5.82237930e+01 1.27642208e-01 5.71746530e-02
2.26105431e-186 -1.25775139e+03 7.95763816e+01 1.30119963e-01 3.95237656e-02
1.06780264e-184 -1.25339661e+03 6.05308841e+01 3.94968091e-01 6.86106763e-02
4.73433694e-182 -1.24728833e+03 5.53984880e+01 2.95374074e-01 6.44768017e-02
4.14869925e-181 -1.24523270e+03 6.33007715e+01 4.94834529e-01 4.74931296e-02
1.12387331e-180 -1.24450711e+03 8.65816205e+01 4.50066476e-01 2.99935889e-02
1.97913317e-179 -1.24127944e+03 7.72193150e+01 2.78931096e-01 3.19230859e-02
1.03060345e-178 -1.23979062e+03 5.46872783e+01 3.46273594e-01 6.89835727e-02
2.15039141e-178 -1.23934218e+03 6.00111247e+01 4.24448996e-01 6.89133193e-02
7.86515007e-178 -1.23773008e+03 6.11383655e+01 1.49295921e-01 5.05253672e-02
1.98640718e-177 -1.23701740e+03 5.59168648e+01 3.22837745e-01 6.29764844e-02
1.05611507e-176 -1.23507865e+03 7.72234222e+01 4.20834660e-01 3.27413563e-02
2.11356675e-176 -1.23481872e+03 6.76332515e+01 4.33016737e-01 5.63260124e-02
2.40907782e-176 -1.23479357e+03 5.54205844e+01 2.25761544e-01 6.48919243e-02
2.97615583e-176 -1.23442322e+03 5.46037865e+01 3.75123688e-01 7.17092702e-02
1.99404687e-175 -1.23208487e+03 8.57366077e+01 3.35098516e-01 3.37955093e-02
9.78872593e-175 -1.23060313e+03 6.18419647e+01 3.84500453e-01 4.88418536e-02
1.68859295e-174 -1.23048615e+03 8.82131635e+01 1.92898960e-01 2.87934712e-02
6.68631279e-174 -1.22861324e+03 5.57134754e+01 1.78687465e-01 7.48866213e-02
1.52181622e-173 -1.22812188e+03 6.58305365e+01 4.62409991e-01 5.87832377e-02
2.05333719e-173 -1.22795468e+03 6.18200041e+01 4.06510675e-01 6.59496043e-02
2.51105071e-173 -1.22771957e+03 7.11092523e+01 2.92612247e-01 3.66650104e-02
3.06612053e-173 -1.22754263e+03 6.47828337e+01 3.94852924e-01 6.11430154e-02
4.03586848e-173 -1.22718694e+03 5.59821175e+01 3.15843150e-01 6.29880728e-02
5.49642695e-171 -1.22174285e+03 7.36177404e+01 2.87290144e-01 4.83252401e-02
1.10047095e-169 -1.21878923e+03 8.62673451e+01 2.19171461e-01 2.83256114e-02
2.62887600e-169 -1.21836932e+03 6.25807904e+01 4.60561430e-01 6.39385284e-02
3.71356399e-169 -1.21807023e+03 8.96316062e+01 2.78140179e-01 2.88396743e-02
5.57238661e-169 -1.21758663e+03 6.88731466e+01 1.32380542e-01 4.04798709e-02
1.45726963e-168 -1.21641054e+03 5.78740425e+01 1.73827505e-01 7.23720704e-02
4.66266534e-168 -1.21524721e+03 5.45428533e+01 2.34170376e-01 7.18902100e-02
9.26934718e-167 -1.21202123e+03 5.48633013e+01 3.47801484e-01 7.29661762e-02
3.79539548e-166 -1.21083602e+03 6.50525717e+01 2.19706964e-01 6.10609748e-02
2.38575688e-165 -1.20885712e+03 5.48433988e+01 1.93302391e-01 7.27389333e-02
7.05878044e-165 -1.20799048e+03 5.88049369e+01 3.57231819e-01 5.53263070e-02
1.17539420e-164 -1.20767348e+03 5.66531303e+01 4.29931204e-01 6.29411871e-02
2.58488637e-164 -1.20663903e+03 7.30630446e+01 1.05241188e-01 4.66623729e-02
4.60139466e-164 -1.20628778e+03 8.40861691e+01 2.35090220e-01 2.89724586e-02
6.36508263e-164 -1.20597683e+03 8.56325978e+01 2.67186399e-01 3.38066655e-02
1.00018567e-163 -1.20542764e+03 6.13221424e+01 4.24981278e-01 6.61929953e-02
1.50209429e-163 -1.20510781e+03 6.56163409e+01 4.57256919e-01 5.88689142e-02
2.76911653e-163 -1.20432254e+03 5.76491683e+01 4.93210755e-01 6.99330051e-02
2.89199212e-162 -1.20166531e+03 6.56963399e+01 2.94735630e-01 5.99137222e-02
1.61440874e-161 -1.20005711e+03 6.13625565e+01 4.47451938e-01 5.09773489e-02
1.05199224e-160 -1.19813327e+03 6.84922016e+01 2.57141459e-01 3.95373640e-02
4.69656547e-160 -1.19671414e+03 5.49400368e+01 2.36746972e-01 6.96841539e-02
1.27227767e-159 -1.19584892e+03 6.18854583e+01 2.01887033e-01 4.89698327e-02
5.20360270e-159 -1.19427385e+03 7.10247543e+01 4.80516606e-01 3.85663098e-02
1.84087207e-158 -1.19308473e+03 5.57139092e+01 1.99646408e-01 6.57001506e-02
3.47802852e-158 -1.19269754e+03 8.85860843e+01 2.94265919e-01 2.97605731e-02
4.26122160e-158 -1.19263561e+03 6.89726819e+01 1.81147266e-01 5.43920967e-02
1.17142957e-157 -1.19116525e+03 5.64909251e+01 4.08664438e-01 6.37768321e-02
4.78748273e-156 -1.18726470e+03 7.15830671e+01 1.53488430e-01 3.76977087e-02
3.51648446e-155 -1.18539002e+03 5.76705001e+01 4.08247881e-01 7.11421030e-02
1.22180764e-154 -1.18428447e+03 8.39907264e+01 2.94242155e-01 2.91527923e-02
5.05891845e-154 -1.18277386e+03 7.79556207e+01 3.85096476e-01 4.18386360e-02
9.32822845e-154 -1.18254393e+03 7.71405328e+01 1.74545478e-01 3.32651697e-02
2.35265320e-153 -1.18127947e+03 6.96824261e+01 2.70037463e-01 3.84733270e-02
4.27279090e-153 -1.18098919e+03 6.08238425e+01 2.18268088e-01 5.10723145e-02
6.75038222e-153 -1.18041772e+03 7.55119458e+01 3.54557288e-01 4.51301474e-02
1.83746701e-152 -1.17923191e+03 5.62840961e+01 4.33937994e-01 7.03330123e-02
3.12826017e-152 -1.17902490e+03 5.93780666e+01 2.58063547e-01 5.40666936e-02
4.56349189e-152 -1.17852193e+03 7.11574088e+01 3.38617925e-01 5.11399507e-02
5.91887870e-152 -1.17843732e+03 8.58035999e+01 1.77536192e-01 3.06825814e-02
6.61032861e-152 -1.17829740e+03 6.33640183e+01 2.99749004e-01 4.65010387e-02
3.96275735e-151 -1.17597069e+03 6.56990100e+01 4.49213604e-01 4.43652076e-02
1.09317974e-150 -1.17525871e+03 7.42516607e+01 3.10257218e-01 4.69555943e-02
1.95726281e-150 -1.17474120e+03 7.71346266e+01 1.23898936e-01 3.50679225e-02
1.60479612e-149 -1.17224556e+03 5.65565757e+01 4.58483355e-01 6.75231602e-02
3.42970376e-149 -1.17196712e+03 7.77666631e+01 4.97585514e-01 3.42794804e-02
4.93181322e-149 -1.17153867e+03 5.66596750e+01 4.64412151e-01 6.72109278e-02
1.85483883e-148 -1.16988387e+03 5.54279526e+01 2.70802077e-01 7.24059058e-02
4.22770028e-148 -1.16933924e+03 5.52490808e+01 2.56931048e-01 7.05781595e-02
7.67318883e-148 -1.16870939e+03 8.17661535e+01 1.53943456e-01 3.62412495e-02
1.97939023e-147 -1.16762188e+03 7.61379111e+01 1.35016990e-01 3.51698041e-02
3.98079277e-147 -1.16709246e+03 5.89264872e+01 1.56409588e-01 6.94907410e-02
5.61850640e-147 -1.16686922e+03 5.68839341e+01 1.36790628e-01 6.40391979e-02
9.18529971e-147 -1.16620018e+03 8.34243306e+01 2.71025245e-01 3.57942760e-02
1.40357928e-146 -1.16592372e+03 8.05451234e+01 2.48009765e-01 3.08401102e-02
1.93135242e-146 -1.16556762e+03 5.78373573e+01 2.84432095e-01 5.84168963e-02
3.51365727e-146 -1.16482387e+03 5.78393772e+01 2.24723970e-01 7.16030015e-02
8.59495445e-146 -1.16386035e+03 6.30657659e+01 1.16928352e-01 4.94545216e-02
2.26358007e-145 -1.16288557e+03 6.98723299e+01 2.28206471e-01 3.85916556e-02
3.27864997e-145 -1.16288402e+03 5.60630491e+01 3.79459301e-01 7.08888027e-02
1.58695475e-144 -1.16072009e+03 6.13546493e+01 3.55997541e-01 5.06251604e-02
4.12668467e-144 -1.16007364e+03 6.20145584e+01 1.28936354e-01 6.40972934e-02
5.59874883e-144 -1.16000188e+03 6.33717816e+01 1.49190594e-01 4.78912962e-02
1.46621087e-143 -1.15859746e+03 6.61089229e+01 2.63771604e-01 4.27900379e-02
1.16155928e-142 -1.15641140e+03 5.56114956e+01 3.06359715e-01 7.10513078e-02
5.92915168e-142 -1.15486449e+03 6.92440877e+01 1.36475220e-01 4.07806282e-02
1.57283145e-141 -1.15406330e+03 5.64633878e+01 4.02172427e-01 6.59774482e-02
3.57884097e-141 -1.15322709e+03 6.96364109e+01 1.50251872e-01 5.24687716e-02
5.69234486e-141 -1.15297445e+03 5.74304323e+01 4.36076946e-01 6.24426606e-02
1.10274301e-140 -1.15207695e+03 7.45454329e+01 1.08960314e-01 3.78807544e-02
2.46795373e-140 -1.15130652e+03 5.77691426e+01 3.64390897e-01 5.97247635e-02
3.38753104e-140 -1.15129207e+03 7.33711608e+01 1.16207924e-01 3.81380220e-02
6.60213845e-140 -1.15023329e+03 7.03023409e+01 4.97225832e-01 4.01067379e-02
1.10551396e-139 -1.14999993e+03 6.35516344e+01 4.96052849e-01 6.06585949e-02
1.40302931e-139 -1.14975176e+03 6.33032860e+01 3.72382884e-01 4.74725081e-02
1.67424208e-139 -1.14962827e+03 6.06837531e+01 3.71279596e-01 5.23388963e-02
4.89256567e-139 -1.14811901e+03 6.52359982e+01 4.88148967e-01 5.81605074e-02
2.23551995e-138 -1.14659340e+03 5.63442200e+01 3.53241531e-01 7.09632122e-02
5.07360492e-138 -1.14602109e+03 6.69768768e+01 1.10773437e-01 4.45164979e-02
8.82499787e-138 -1.14547305e+03 8.14061643e+01 4.75389318e-01 3.32176036e-02
1.20383020e-137 -1.14532475e+03 6.21344732e+01 1.06602898e-01 5.20529045e-02
6.00559683e-137 -1.14320598e+03 5.94730189e+01 1.79431474e-01 5.52411388e-02
3.47883650e-136 -1.14149934e+03 5.93091302e+01 3.92016774e-01 6.82619719e-02
2.13861527e-135 -1.13966080e+03 6.09545643e+01 2.37581558e-01 6.67213920e-02
3.89488155e-135 -1.13954934e+03 7.62639994e+01 3.96169865e-01 3.41684267e-02
6.10390457e-135 -1.13886679e+03 5.64080286e+01 1.61327192e-01 6.75842039e-02
1.20471513e-134 -1.13818322e+03 6.82076633e+01 4.46300453e-01 5.40450663e-02
1.77718270e-134 -1.13797842e+03 7.37562424e+01 2.55060520e-01 3.53512466e-02
1.99156785e-134 -1.13793870e+03 5.93847627e+01 1.73435416e-01 5.57020868e-02
4.45090860e-134 -1.13671571e+03 5.76864832e+01 3.57683906e-01 7.03264642e-02
1.07008533e-133 -1.13596324e+03 6.72833457e+01 2.36583586e-01 5.66388322e-02
1.59955418e-133 -1.13577554e+03 5.63602944e+01 2.30864267e-01 7.13627780e-02
3.86029886e-133 -1.13454344e+03 7.64142285e+01 4.02297098e-01 3.41969223e-02
1.77649121e-132 -1.13294122e+03 6.79954867e+01 1.98700662e-01 5.53244932e-02
4.90783802e-132 -1.13209524e+03 5.64224299e+01 3.70549499e-01 6.89087180e-02
1.19885712e-131 -1.13117789e+03 7.30486820e+01 3.87735113e-01 4.76112089e-02
4.77387051e-130 -1.12717206e+03 6.31060076e+01 1.03155194e-01 6.06531404e-02
9.83437628e-130 -1.12707263e+03 6.76465170e+01 1.14445583e-01 4.38622786e-02
3.83337636e-129 -1.12520829e+03 6.18399390e+01 3.02317025e-01 6.50031611e-02
1.02796176e-128 -1.12446275e+03 5.65902459e+01 2.54563494e-01 7.09813340e-02
1.80035099e-128 -1.12399840e+03 8.49691089e+01 2.38828095e-01 3.31396125e-02
2.59612745e-128 -1.12369371e+03 5.77127958e+01 3.10532618e-01 7.03894463e-02
2.98506379e-128 -1.12368943e+03 7.42823169e+01 2.42341679e-01 3.51423981e-02
4.05481551e-128 -1.12314712e+03 8.24064046e+01 4.25245407e-01 3.46976676e-02
5.84510633e-128 -1.12289463e+03 8.43133736e+01 2.04295050e-01 3.06836541e-02
1.04489793e-127 -1.12211210e+03 8.55707823e+01 2.62147391e-01 2.98400734e-02
1.47529505e-127 -1.12204973e+03 7.08198216e+01 4.86665967e-01 4.94015177e-02
1.78551913e-127 -1.12174578e+03 5.70926917e+01 2.81393027e-01 7.08446067e-02
3.19133835e-127 -1.12099598e+03 8.45108192e+01 3.53670048e-01 3.05393160e-02
5.04033002e-127 -1.12070830e+03 7.07017348e+01 4.07821258e-01 5.05773901e-02
7.97783269e-127 -1.12013218e+03 5.78288155e+01 3.57187256e-01 6.96320546e-02
1.11537295e-126 -1.11995722e+03 6.35152729e+01 3.70412674e-01 6.18274030e-02
2.96287304e-126 -1.11859555e+03 7.23390698e+01 3.52138685e-01 3.69864656e-02
8.32685037e-126 -1.11766249e+03 5.90712965e+01 3.92682074e-01 6.78812284e-02
1.37673111e-125 -1.11739140e+03 7.80474742e+01 4.99405967e-01 3.53575148e-02
2.33717637e-125 -1.11669719e+03 8.42882789e+01 2.78450789e-01 3.40258281e-02
3.35089256e-125 -1.11655135e+03 6.77057143e+01 3.32459579e-01 5.55504747e-02
4.20134329e-125 -1.11625477e+03 5.80705927e+01 1.18160566e-01 6.57959440e-02
6.29724555e-125 -1.11577126e+03 7.63286156e+01 1.31563583e-01 4.17475471e-02
8.04391610e-125 -1.11570183e+03 7.42182220e+01 4.88384510e-01 4.44891442e-02
2.52775875e-124 -1.11407369e+03 7.45560819e+01 3.27786157e-01 3.51303726e-02
1.71721990e-123 -1.11210601e+03 5.74101186e+01 3.15604902e-01 7.00696631e-02
5.35179949e-123 -1.11116444e+03 6.07010741e+01 2.78526562e-01 6.65539331e-02
2.33378348e-122 -1.10953879e+03 7.21828399e+01 1.58836685e-01 3.80206704e-02
5.47011420e-122 -1.10894300e+03 6.33158406e+01 1.00736049e-01 5.12438552e-02
2.33503578e-121 -1.10721251e+03 8.02106379e+01 4.74621737e-01 3.57070062e-02
2.56163375e-120 -1.10473116e+03 6.19548164e+01 3.46961786e-01 6.41712074e-02
7.52174581e-120 -1.10394613e+03 7.74461587e+01 3.52565646e-01 4.18129615e-02
1.04163569e-119 -1.10392321e+03 6.97659891e+01 1.68447918e-01 4.01035396e-02
2.32495980e-119 -1.10269118e+03 6.86582138e+01 1.49163857e-01 5.32178494e-02
5.29582650e-119 -1.10202229e+03 5.81379199e+01 1.60394608e-01 6.08998244e-02
1.90216828e-118 -1.10052940e+03 5.67149795e+01 2.01537755e-01 6.69899234e-02
8.97808233e-118 -1.09896081e+03 5.85266585e+01 4.69329376e-01 6.31870543e-02
4.18934452e-117 -1.09742241e+03 5.77875077e+01 1.68089418e-01 6.83796441e-02
9.58118039e-117 -1.09684166e+03 6.62994195e+01 4.14153053e-01 5.66972710e-02
2.23363512e-116 -1.09586798e+03 7.09159209e+01 3.45740885e-01 5.04851134e-02
4.04471158e-116 -1.09546047e+03 5.77204866e+01 1.71588724e-01 6.83886236e-02
5.38869180e-116 -1.09525667e+03 7.36834675e+01 1.47670897e-01 4.57555918e-02
6.58649312e-116 -1.09505243e+03 8.45834004e+01 3.45134143e-01 3.15287709e-02
7.45939613e-116 -1.09499162e+03 7.93714685e+01 1.66176968e-01 3.85462719e-02
9.87054126e-116 -1.09453611e+03 7.23445174e+01 2.14600101e-01 3.71932876e-02
5.50250384e-115 -1.09243931e+03 7.25592837e+01 2.83387135e-01 3.68152152e-02
1.39987628e-114 -1.09181545e+03 6.97453696e+01 3.98366751e-01 4.01651182e-02
2.46550125e-114 -1.09127660e+03 6.55754508e+01 4.14215441e-01 4.54015755e-02
8.34836491e-114 -1.08979968e+03 7.62553817e+01 4.61477477e-01 3.58286567e-02
1.61081950e-113 -1.08947905e+03 7.64275523e+01 4.84743421e-01 3.62785316e-02
2.44097022e-113 -1.08899431e+03 8.11916901e+01 1.87888638e-01 3.65991574e-02
3.01758647e-113 -1.08899010e+03 6.98982825e+01 1.24613205e-01 4.16318452e-02
3.18639187e-113 -1.08888172e+03 6.66053762e+01 4.90651782e-01 5.49452636e-02
3.44487303e-113 -1.08882531e+03 8.13806159e+01 3.73527590e-01 3.64203278e-02
4.17379674e-113 -1.08851445e+03 6.08122510e+01 1.11889967e-01 6.31330040e-02
5.67282188e-113 -1.08820475e+03 5.84184140e+01 4.30536964e-01 6.18393924e-02
7.11231742e-113 -1.08803853e+03 5.89652944e+01 4.63580436e-01 6.11038760e-02
9.21098683e-113 -1.08770221e+03 6.31625128e+01 2.25919204e-01 4.82835221e-02
1.56819202e-112 -1.08704545e+03 7.99013194e+01 2.60228603e-01 3.20605458e-02
2.16680401e-112 -1.08694544e+03 7.32539293e+01 2.42035201e-01 3.63603121e-02
2.47160131e-112 -1.08677991e+03 5.93358815e+01 3.90217874e-01 5.74576511e-02
5.49456665e-112 -1.08564185e+03 8.42394405e+01 3.36241801e-01 3.27083063e-02
8.99808938e-112 -1.08548519e+03 5.69315523e+01 3.13093486e-01 6.68134560e-02
3.61891703e-111 -1.08361563e+03 6.10010287e+01 3.06237883e-01 5.24700203e-02
7.96812934e-111 -1.08317753e+03 6.67254256e+01 4.12807404e-01 4.39542170e-02
1.25303533e-110 -1.08271010e+03 8.08669118e+01 2.61621538e-01 3.16872937e-02
2.75093070e-110 -1.08176115e+03 6.75024029e+01 3.17213318e-01 5.54748953e-02
7.25058813e-110 -1.08077972e+03 7.31635417e+01 3.72778022e-01 3.69327390e-02
3.92911368e-109 -1.07891180e+03 6.86918621e+01 1.48467528e-01 4.20970986e-02
7.61264443e-109 -1.07869332e+03 8.37109683e+01 2.11418038e-01 3.19220368e-02
8.80997893e-109 -1.07860312e+03 6.74175115e+01 3.19108324e-01 4.23188339e-02
2.81247341e-108 -1.07696806e+03 7.29533756e+01 1.02729346e-01 4.25413889e-02
4.81681083e-108 -1.07691609e+03 7.61070715e+01 2.76259697e-01 4.35321348e-02
5.13884567e-108 -1.07683302e+03 5.74671239e+01 3.33900921e-01 6.38945824e-02
7.90834694e-108 -1.07615750e+03 8.40006612e+01 2.28535478e-01 3.15338086e-02
2.45626964e-107 -1.07484860e+03 6.84680362e+01 1.46405774e-01 4.24742106e-02
5.80774843e-107 -1.07414890e+03 7.53781314e+01 1.15846464e-01 3.97338867e-02
8.88751057e-107 -1.07388802e+03 7.98328511e+01 4.47129512e-01 3.46889297e-02
1.39885996e-106 -1.07330258e+03 6.91843212e+01 4.85750568e-01 5.09368949e-02
2.15225605e-106 -1.07296373e+03 8.42305162e+01 2.51014764e-01 3.13179053e-02
2.71547787e-106 -1.07280847e+03 6.13434578e+01 4.37314463e-01 6.30851845e-02
1.32367450e-105 -1.07071929e+03 5.84994194e+01 1.38876407e-01 6.44377439e-02
2.61344416e-105 -1.07051538e+03 7.39983010e+01 2.97251472e-01 4.61691473e-02
2.95327914e-105 -1.07045857e+03 7.40340841e+01 3.90730098e-01 3.65731971e-02
3.45627573e-105 -1.07020891e+03 7.16622846e+01 1.20803614e-01 4.06669175e-02
4.04904603e-105 -1.07012169e+03 6.58044793e+01 1.68872592e-01 4.52601137e-02
1.03973808e-104 -1.06875111e+03 6.92980829e+01 1.27848790e-01 4.24408159e-02
1.71982364e-104 -1.06867315e+03 6.78614975e+01 2.39310548e-01 5.48849941e-02
2.24996143e-104 -1.06824999e+03 6.37908583e+01 4.06108488e-01 4.84731989e-02
4.00997674e-104 -1.06757735e+03 6.27513069e+01 4.29452243e-01 6.12157368e-02
9.00523029e-104 -1.06670058e+03 5.87086902e+01 4.29823997e-01 6.42074437e-02
2.01684759e-103 -1.06592026e+03 5.80343730e+01 3.81848760e-01 6.35587446e-02
3.26386064e-103 -1.06560708e+03 6.10354066e+01 1.67755901e-01 6.43882665e-02
4.41279262e-103 -1.06530823e+03 8.15059248e+01 2.65909080e-01 3.66163573e-02
2.52738785e-102 -1.06311006e+03 8.33761592e+01 3.04292617e-01 3.14939465e-02
4.57012840e-102 -1.06309452e+03 5.98399148e+01 3.61869488e-01 6.58628147e-02
5.34127333e-102 -1.06281146e+03 6.87882558e+01 4.68821560e-01 4.26651793e-02
1.20993006e-100 -1.05915168e+03 6.89209913e+01 4.77099118e-01 5.12074921e-02
2.50333946e-100 -1.05903006e+03 8.04917426e+01 2.60782777e-01 3.22069961e-02
5.05072572e-100 -1.05799445e+03 8.06591197e+01 2.25189818e-01 3.24004210e-02
2.53970495e-99 -1.05623036e+03 5.90984152e+01 2.56863934e-01 6.71997328e-02
5.46015024e-99 -1.05580726e+03 7.03704005e+01 4.72301529e-01 4.11978180e-02
3.08022946e-98 -1.05368290e+03 6.39581257e+01 2.83951577e-01 4.74322328e-02
3.75914559e-97 -1.05114066e+03 5.79674686e+01 3.46088897e-01 6.55637614e-02
7.23400300e-97 -1.05106118e+03 7.83690681e+01 1.48365937e-01 3.78322127e-02
1.31760923e-96 -1.05013877e+03 6.68541663e+01 3.93591375e-01 4.40937141e-02
1.90871850e-96 -1.05010797e+03 6.43624988e+01 4.91295544e-01 4.96026009e-02
3.01867514e-96 -1.04935399e+03 6.04994925e+01 4.84774433e-01 6.01652681e-02
5.22201005e-96 -1.04891426e+03 6.84551747e+01 2.47887000e-01 5.37435239e-02
2.14061046e-95 -1.04716290e+03 6.12651984e+01 4.74246470e-01 5.59164904e-02
8.36196324e-95 -1.04588210e+03 7.71281950e+01 2.59606846e-01 4.18235619e-02
2.02691597e-94 -1.04513650e+03 7.02529056e+01 3.17031241e-01 5.09358759e-02
1.67700432e-93 -1.04271704e+03 6.98724129e+01 4.49588361e-01 4.15252380e-02
1.75345802e-92 -1.04037292e+03 5.94651408e+01 2.27732150e-01 5.74249376e-02
3.37026108e-92 -1.04026543e+03 5.81006557e+01 2.02493110e-01 6.56319417e-02
4.26687076e-92 -1.03992109e+03 5.79528646e+01 2.17478019e-01 6.39964307e-02
5.03436175e-92 -1.03989859e+03 6.09186919e+01 1.37228858e-01 5.60460950e-02
5.26743956e-92 -1.03982514e+03 5.89159308e+01 2.06563254e-01 6.63361952e-02
5.87260806e-92 -1.03967845e+03 5.80994748e+01 2.22660476e-01 6.27522350e-02
6.60384451e-92 -1.03958079e+03 6.42425036e+01 3.63933962e-01 4.77537282e-02
4.24085256e-91 -1.03715715e+03 8.06817024e+01 2.40929762e-01 3.70669180e-02
1.13436911e-90 -1.03650401e+03 5.87129412e+01 3.10775412e-01 6.02140005e-02
1.64319209e-90 -1.03631361e+03 6.07184686e+01 4.75597259e-01 5.92814807e-02
1.97555651e-90 -1.03612845e+03 6.07939442e+01 3.05318054e-01 6.45886638e-02
2.59061489e-90 -1.03578556e+03 6.35553193e+01 4.31358436e-01 5.92892099e-02
4.77017832e-90 -1.03501608e+03 7.58340580e+01 2.21824003e-01 4.31918717e-02
1.29479862e-89 -1.03392246e+03 7.34622079e+01 4.84116027e-01 4.39001815e-02
2.04442070e-89 -1.03381367e+03 6.54195897e+01 1.15730824e-01 5.54422688e-02
2.87317692e-89 -1.03329800e+03 6.91633517e+01 4.51370963e-01 4.24954119e-02
4.58945152e-89 -1.03285356e+03 6.20672058e+01 4.24844869e-01 6.12681940e-02
5.79775388e-89 -1.03277643e+03 7.12204148e+01 1.79516834e-01 3.95006729e-02
6.44236022e-89 -1.03263927e+03 6.72135772e+01 2.10206433e-01 4.33722312e-02
6.93210839e-89 -1.03261864e+03 7.46646303e+01 4.90606870e-01 4.17119717e-02
6.31756970e-88 -1.02977950e+03 7.80948556e+01 4.00524618e-01 3.91555333e-02
1.22734572e-87 -1.02971821e+03 7.69233581e+01 4.63207345e-01 3.88482847e-02
1.27544783e-87 -1.02969515e+03 6.80210954e+01 4.53937609e-01 5.23481631e-02
1.32670421e-87 -1.02963357e+03 7.32408286e+01 2.53432215e-01 4.67072983e-02
3.91627473e-87 -1.02807615e+03 6.22464281e+01 2.02338412e-01 5.13665735e-02
8.32414021e-87 -1.02761752e+03 7.82826206e+01 4.24615400e-01 3.81534930e-02
1.29609190e-86 -1.02717941e+03 7.79526203e+01 1.80366351e-01 3.49809138e-02
1.78207493e-86 -1.02694063e+03 6.32253619e+01 1.34121308e-01 5.93615659e-02
2.11514843e-86 -1.02681951e+03 7.53681634e+01 2.08582988e-01 4.35678241e-02
2.80302180e-86 -1.02640900e+03 7.55459224e+01 4.15078406e-01 4.23477464e-02
5.95414131e-86 -1.02547488e+03 8.00820347e+01 3.52849694e-01 3.71022461e-02
9.54826189e-86 -1.02525880e+03 7.37485999e+01 3.74847823e-01 4.53348441e-02
1.10815460e-85 -1.02516112e+03 6.48609509e+01 2.35238495e-01 5.87141265e-02
1.33681980e-85 -1.02489255e+03 6.56025193e+01 1.34261882e-01 5.59339712e-02
3.36907591e-85 -1.02365079e+03 6.80931562e+01 4.48768968e-01 5.22124593e-02
6.62244268e-85 -1.02321776e+03 7.80811930e+01 2.63374971e-01 3.38940448e-02
9.36048601e-85 -1.02292666e+03 7.28398943e+01 2.81455070e-01 4.71511213e-02
1.23926501e-84 -1.02264811e+03 5.92204410e+01 2.50755361e-01 5.87384647e-02
1.52066888e-84 -1.02249710e+03 5.88225303e+01 1.86882673e-01 6.45451223e-02
1.82831897e-84 -1.02227912e+03 6.27218341e+01 4.19322324e-01 5.17683497e-02
2.06704931e-84 -1.02223366e+03 8.26193876e+01 2.76787340e-01 3.29908942e-02
2.67324692e-84 -1.02180351e+03 7.60349959e+01 3.80817471e-01 3.58427940e-02
5.34872941e-84 -1.02096487e+03 7.36337916e+01 3.99878608e-01 4.51053861e-02
8.52048795e-84 -1.02071082e+03 5.85645843e+01 2.68240790e-01 6.56681871e-02
9.76500974e-84 -1.02066988e+03 7.49009609e+01 3.03105438e-01 3.59559799e-02
1.23312425e-83 -1.02027568e+03 7.40413191e+01 4.97547197e-01 4.03736969e-02
1.48580131e-83 -1.02025196e+03 8.22706655e+01 3.13133147e-01 3.35482155e-02
1.67376741e-83 -1.02004167e+03 7.45054021e+01 4.88921399e-01 3.96664575e-02
2.11000352e-83 -1.01978719e+03 6.89193415e+01 4.92461276e-01 4.40398287e-02
5.61270930e-83 -1.01846859e+03 7.26086432e+01 3.04006463e-01 3.77752738e-02
1.43398467e-82 -1.01765805e+03 6.43688783e+01 1.94859142e-01 5.90156769e-02
2.09631534e-82 -1.01754571e+03 6.52144123e+01 1.04472872e-01 5.12669759e-02
2.24849652e-82 -1.01750842e+03 7.23650237e+01 1.18773058e-01 4.22701648e-02
2.31284555e-82 -1.01748244e+03 6.92625160e+01 3.72205398e-01 4.15168602e-02
2.64087357e-82 -1.01724983e+03 6.01219435e+01 2.06032221e-01 6.46250284e-02
3.56388987e-82 -1.01689425e+03 7.67905442e+01 3.55257273e-01 4.13470153e-02
4.64718770e-82 -1.01669120e+03 5.91694274e+01 2.12655298e-01 6.52094526e-02
5.22238778e-82 -1.01664446e+03 7.57713617e+01 2.34145422e-01 4.30817555e-02
6.60673324e-82 -1.01625199e+03 7.38299511e+01 1.87552847e-01 4.52027516e-02
9.96631341e-82 -1.01582297e+03 6.20778786e+01 4.70999433e-01 5.90369456e-02
1.61957040e-81 -1.01529698e+03 5.85966138e+01 2.37861164e-01 6.18949135e-02
2.17174213e-81 -1.01516551e+03 7.17374888e+01 3.96810975e-01 3.93973755e-02
2.73363842e-81 -1.01485051e+03 6.90244514e+01 1.32449574e-01 4.36289133e-02
4.03116931e-81 -1.01440625e+03 7.15633102e+01 2.37307992e-01 3.87746899e-02
7.98027631e-81 -1.01359087e+03 7.12762857e+01 4.94021283e-01 4.62240032e-02
1.11949815e-80 -1.01356103e+03 6.14142904e+01 4.56281201e-01 5.66666721e-02
1.22294511e-80 -1.01341273e+03 5.91352698e+01 2.67254814e-01 6.54029132e-02
1.60591629e-80 -1.01303877e+03 6.94147534e+01 1.80209077e-01 5.12840685e-02
1.95970411e-80 -1.01297416e+03 8.14220974e+01 3.07065458e-01 3.53395864e-02
2.82896403e-80 -1.01238297e+03 6.80888831e+01 3.25474871e-01 4.25324407e-02
4.74192944e-80 -1.01190490e+03 7.56066451e+01 4.13050325e-01 3.68260249e-02
5.88362259e-80 -1.01188833e+03 6.90356674e+01 1.42971807e-01 5.08741889e-02
6.07033070e-80 -1.01183637e+03 6.93972245e+01 3.26640027e-01 4.10655529e-02
6.27187102e-80 -1.01181578e+03 6.10949336e+01 3.51289092e-01 6.30531954e-02
7.16474705e-80 -1.01157757e+03 6.72176450e+01 1.09843945e-01 4.77891860e-02
9.73049379e-80 -1.01121540e+03 6.83715590e+01 2.95053759e-01 4.20699708e-02
1.46365506e-79 -1.01077080e+03 5.93504575e+01 3.45527125e-01 5.98976054e-02
2.32785696e-79 -1.01028915e+03 6.15449981e+01 1.45876070e-01 5.51191367e-02
3.99225085e-79 -1.00971046e+03 7.51074592e+01 4.67316450e-01 3.88124244e-02
5.33780949e-79 -1.00962100e+03 6.33745136e+01 2.62942803e-01 6.06328110e-02
8.35085477e-79 -1.00892533e+03 6.44938077e+01 2.02510235e-01 4.77390746e-02
1.40169016e-78 -1.00850398e+03 7.12616051e+01 3.70060237e-01 3.96182121e-02
1.73124168e-78 -1.00845295e+03 6.38570107e+01 1.69919177e-01 4.94480170e-02
2.11897609e-78 -1.00812006e+03 6.74888005e+01 4.84512263e-01 4.58858743e-02
2.55607277e-78 -1.00804505e+03 6.59844721e+01 2.42188190e-01 5.67623621e-02
2.66134795e-78 -1.00803133e+03 7.25756972e+01 1.40423553e-01 4.53847843e-02
3.61619679e-78 -1.00749597e+03 6.33390790e+01 4.63514361e-01 5.78680341e-02
6.06690983e-78 -1.00698387e+03 6.91391491e+01 1.79416434e-01 5.15683787e-02
7.88827203e-78 -1.00690111e+03 6.99467997e+01 4.76341581e-01 4.85294608e-02
8.25551028e-78 -1.00688456e+03 7.02761596e+01 1.31971395e-01 4.83756435e-02
8.87927921e-78 -1.00675303e+03 6.02038368e+01 1.50934745e-01 6.18591926e-02
1.21081591e-77 -1.00630339e+03 7.27954313e+01 4.96145265e-01 4.14314142e-02
2.66168704e-77 -1.00534311e+03 5.90854200e+01 2.03419583e-01 6.40691212e-02
5.50953548e-77 -1.00471619e+03 6.90825394e+01 1.31974845e-01 5.01298116e-02
1.29592518e-76 -1.00375272e+03 8.18673040e+01 2.74355650e-01 3.41060845e-02
3.33386048e-76 -1.00281036e+03 5.95248133e+01 2.28255780e-01 6.46339774e-02
4.97153022e-76 -1.00273407e+03 6.31886325e+01 4.23539025e-01 5.15032048e-02
6.52146241e-76 -1.00230515e+03 7.39904589e+01 3.41510710e-01 4.49705346e-02
1.40235221e-75 -1.00136415e+03 6.09054352e+01 2.33421478e-01 6.35785829e-02
2.07492752e-75 -1.00130225e+03 6.28464096e+01 4.80889006e-01 5.69676191e-02
2.15640199e-75 -1.00127964e+03 6.71940183e+01 4.14291602e-01 5.36313564e-02
3.14828796e-75 -1.00063940e+03 6.89459815e+01 2.20294612e-01 5.21990897e-02
4.45784473e-75 -1.00048273e+03 7.99473517e+01 1.97996817e-01 3.48531878e-02
6.19360798e-75 -1.00002161e+03 6.11316694e+01 1.43125974e-01 5.70764038e-02
8.66232523e-75 -9.99768431e+02 6.90131257e+01 4.64787715e-01 4.37208821e-02
1.41066300e-74 -9.99125312e+02 7.03121127e+01 4.68329043e-01 4.24664493e-02
3.90766076e-74 -9.97949655e+02 7.44193492e+01 1.88007907e-01 4.40807991e-02
6.46532278e-74 -9.97790640e+02 6.49021609e+01 3.69956820e-01 4.76118169e-02
9.10698538e-74 -9.97308959e+02 6.90417977e+01 1.94798745e-01 4.19921012e-02
2.97389075e-73 -9.95850260e+02 7.55511259e+01 3.21755181e-01 3.59920624e-02
8.08539219e-73 -9.94990672e+02 7.41010834e+01 1.48337600e-01 3.91089949e-02
1.64481820e-72 -9.94346107e+02 6.95248742e+01 4.25425903e-01 4.24239526e-02
3.42989729e-72 -9.93562016e+02 7.58205094e+01 1.52473448e-01 3.82524973e-02
5.98864842e-72 -9.93122725e+02 7.80845018e+01 2.58157499e-01 3.44273343e-02
9.98348874e-72 -9.92562754e+02 6.08378277e+01 1.46076125e-01 5.86877454e-02
1.36954865e-71 -9.92412084e+02 6.97014772e+01 3.46046245e-01 5.07151035e-02
1.92867164e-71 -9.91924567e+02 7.31496952e+01 2.62329590e-01 3.76561969e-02
3.49087579e-71 -9.91266357e+02 6.54630156e+01 1.16484201e-01 5.36801235e-02
4.87530824e-71 -9.91147000e+02 7.03727805e+01 3.61614319e-01 4.06830114e-02
5.56628399e-71 -9.90996696e+02 5.93676526e+01 3.06416175e-01 6.03896432e-02
6.48106488e-71 -9.90836774e+02 7.21501109e+01 4.94143230e-01 4.31767118e-02
1.02378037e-70 -9.90176360e+02 6.90818611e+01 3.00978717e-01 4.16175317e-02
1.63064674e-70 -9.89823096e+02 7.32450112e+01 3.16321201e-01 3.77391180e-02
1.92357025e-70 -9.89808308e+02 8.11937609e+01 2.94666210e-01 3.43970209e-02
3.65603179e-70 -9.88783710e+02 7.16570985e+01 2.35411870e-01 4.82386579e-02
5.55374850e-70 -9.88714931e+02 7.89894026e+01 3.56389686e-01 3.49166259e-02
1.10894018e-69 -9.87659353e+02 6.48372664e+01 2.14265438e-01 4.74789097e-02
2.78418444e-69 -9.86785701e+02 6.48075912e+01 4.76621062e-01 5.48095366e-02
6.45818309e-69 -9.85953309e+02 6.01243167e+01 1.76147330e-01 5.93768272e-02
9.08984676e-69 -9.85927158e+02 6.77544263e+01 4.63886854e-01 4.56096810e-02
9.54082647e-69 -9.85851084e+02 7.07101246e+01 4.97802190e-01 4.40524836e-02
1.02879456e-68 -9.85769917e+02 6.84792909e+01 1.89365219e-01 4.29235958e-02
1.13561508e-68 -9.85648870e+02 6.46585009e+01 2.75758472e-01 5.82814205e-02
1.33128401e-68 -9.85451395e+02 5.94023749e+01 2.45666747e-01 6.35976321e-02
1.90274137e-68 -9.84974503e+02 7.33710900e+01 4.25985078e-01 4.42546643e-02
2.42513536e-68 -9.84904457e+02 6.19479738e+01 4.45460005e-01 5.78159575e-02
3.07846759e-68 -9.84525265e+02 7.52286238e+01 4.09761263e-01 4.19251457e-02
5.05275092e-68 -9.83952097e+02 7.60931560e+01 4.09027481e-01 3.72313134e-02
7.48542740e-68 -9.83671191e+02 6.31731631e+01 4.66167232e-01 5.64329206e-02
1.04139937e-67 -9.83299699e+02 6.01689912e+01 1.72704969e-01 6.13229923e-02
1.24548178e-67 -9.83272501e+02 7.57544944e+01 3.91771028e-01 3.69961186e-02
1.49543927e-67 -9.82952548e+02 7.21819736e+01 4.79480905e-01 4.40641932e-02
2.53450625e-67 -9.82292271e+02 6.09707798e+01 4.09233001e-01 5.84872986e-02
4.80653918e-67 -9.81657848e+02 7.57340113e+01 1.68904153e-01 3.75407011e-02
6.43536995e-67 -9.81603704e+02 6.76739077e+01 4.90332604e-01 4.68908895e-02
6.64818303e-67 -9.81585474e+02 6.04934428e+01 2.76288685e-01 5.64681744e-02
1.70294676e-66 -9.80176027e+02 7.12266394e+01 2.53442960e-01 4.87547508e-02
4.21250782e-66 -9.79439734e+02 7.68198371e+01 4.17172424e-01 3.86603499e-02
8.13455541e-66 -9.78816302e+02 7.99941303e+01 3.16473307e-01 3.62888334e-02
1.15786734e-65 -9.78639190e+02 6.00458553e+01 1.97651979e-01 5.90935966e-02
1.43596903e-65 -9.78387135e+02 7.17340738e+01 2.15127214e-01 4.78296205e-02
1.70848117e-65 -9.78272450e+02 7.11616959e+01 2.33585482e-01 3.97229483e-02
2.04237539e-65 -9.78034319e+02 6.55010088e+01 3.92059797e-01 5.58553590e-02
2.31208998e-65 -9.78003807e+02 6.04996495e+01 2.80246218e-01 5.66206246e-02
3.54290729e-65 -9.77296415e+02 6.41884200e+01 4.75559510e-01 5.47240412e-02
5.96170877e-65 -9.76877344e+02 6.19839671e+01 3.69763481e-01 5.38745455e-02
7.20693615e-65 -9.76866826e+02 6.39218021e+01 4.17142221e-01 5.07402129e-02
1.02217213e-64 -9.76261854e+02 7.31925971e+01 3.49315690e-01 3.82768858e-02
3.68431962e-64 -9.74737690e+02 6.02720138e+01 1.77915560e-01 6.06706280e-02
6.08005656e-64 -9.74721442e+02 6.89884433e+01 4.98392883e-01 4.68020358e-02
6.34051832e-64 -9.74648409e+02 7.06837904e+01 1.32795119e-01 4.32876963e-02
7.42393757e-64 -9.74411906e+02 7.58956581e+01 3.51831446e-01 3.64672201e-02
8.47813177e-64 -9.74362843e+02 7.02346934e+01 4.88673572e-01 4.61637981e-02
9.86135952e-64 -9.74117403e+02 6.79583464e+01 1.80453285e-01 5.26880895e-02
1.31456577e-63 -9.73792504e+02 7.53346053e+01 1.74216881e-01 4.18732558e-02
1.52931378e-63 -9.73781876e+02 7.67453723e+01 1.67385067e-01 3.88442701e-02
1.65830186e-63 -9.73629658e+02 6.19810093e+01 2.66483607e-01 5.29108735e-02
2.33268421e-63 -9.73145113e+02 6.82281693e+01 4.40815210e-01 4.47645724e-02
2.94890992e-63 -9.73096627e+02 6.37973736e+01 4.49187349e-01 5.63232143e-02
3.41995289e-63 -9.72855935e+02 7.49859102e+01 3.84757320e-01 4.24948652e-02
3.85410087e-63 -9.72836595e+02 7.85367351e+01 3.70858825e-01 3.62600584e-02
4.09601063e-63 -9.72730260e+02 7.67900366e+01 4.01066206e-01 3.72356367e-02
6.42559682e-63 -9.72042542e+02 6.58864773e+01 3.89793169e-01 4.69620471e-02
8.93669470e-63 -9.71950012e+02 6.31578866e+01 1.98410415e-01 5.96828838e-02
1.26860272e-62 -9.71406133e+02 6.61139783e+01 4.85208903e-01 4.96518212e-02
1.70584265e-62 -9.71281871e+02 6.02691104e+01 1.84653424e-01 6.10340647e-02
2.21592675e-62 -9.70907274e+02 7.76977575e+01 2.78512081e-01 3.50388631e-02
3.19275018e-62 -9.70542920e+02 7.32098295e+01 1.47473136e-01 4.36388533e-02
4.74147087e-62 -9.70120884e+02 6.03784436e+01 2.32323828e-01 6.27139228e-02
6.09040889e-62 -9.69995269e+02 7.39799300e+01 4.44112022e-01 3.99642988e-02
7.04603366e-62 -9.69825946e+02 6.08933482e+01 1.65304202e-01 5.85896941e-02
9.17948954e-62 -9.69481890e+02 7.49950887e+01 3.85354638e-01 3.76477683e-02
1.07524481e-61 -9.69473536e+02 6.84177454e+01 3.19282704e-01 5.23570882e-02
1.95597462e-61 -9.68504600e+02 7.86594555e+01 3.21506784e-01 3.80673560e-02
2.94299568e-61 -9.68425309e+02 6.57571847e+01 1.86056921e-01 4.69142293e-02
5.78721736e-61 -9.67397268e+02 7.25482746e+01 3.91522788e-01 4.56846141e-02
1.20925631e-60 -9.66784016e+02 6.17675836e+01 2.07834757e-01 5.40686768e-02
2.71611928e-60 -9.65878134e+02 6.53975406e+01 4.43702427e-01 5.44498666e-02
5.77261149e-60 -9.65187849e+02 6.56603722e+01 4.24187128e-01 5.46405668e-02
8.47505760e-60 -9.64995844e+02 6.62920791e+01 4.77175358e-01 4.92308262e-02
1.27467366e-59 -9.64433683e+02 6.02826216e+01 3.10313861e-01 5.85003691e-02
1.77564332e-59 -9.64256127e+02 7.56254838e+01 2.05166941e-01 3.68664145e-02
2.05245240e-59 -9.64133187e+02 6.80237058e+01 4.89292598e-01 4.83178285e-02
2.27528380e-59 -9.64041651e+02 6.61856228e+01 4.56313571e-01 4.84038336e-02
2.47642681e-59 -9.63956812e+02 7.92720090e+01 2.67499335e-01 3.47178771e-02
2.93290720e-59 -9.63710028e+02 6.40117726e+01 1.72672997e-01 5.78217003e-02
3.38418470e-59 -9.63649643e+02 6.44419703e+01 3.44315720e-01 4.88567746e-02
5.79277229e-59 -9.62801969e+02 5.98593442e+01 2.89894230e-01 6.10072837e-02
8.69642817e-59 -9.62660855e+02 6.68167221e+01 2.92274079e-01 5.46738167e-02
9.96093224e-59 -9.62523534e+02 6.04303331e+01 3.44919377e-01 6.05200389e-02
1.07701680e-58 -9.62493496e+02 6.98781282e+01 1.28718560e-01 4.68309577e-02
1.20531823e-58 -9.62300822e+02 7.45620115e+01 3.66421801e-01 3.77666580e-02
1.58032772e-58 -9.61964022e+02 6.27985205e+01 2.28057205e-01 6.01676717e-02
2.06094306e-58 -9.61746666e+02 6.89151680e+01 4.85281790e-01 4.73047811e-02
2.35850711e-58 -9.61677059e+02 7.21821136e+01 4.15974223e-01 4.55821471e-02
4.86027669e-58 -9.60579714e+02 6.84080511e+01 1.27694625e-01 4.66687469e-02
8.03719583e-58 -9.60386686e+02 6.28254734e+01 2.47683852e-01 5.15034089e-02
1.03705254e-57 -9.60077750e+02 6.91223331e+01 3.54971969e-01 5.08525913e-02
1.30032707e-57 -9.59910761e+02 7.44622388e+01 2.21682393e-01 4.37856298e-02
2.21408712e-57 -9.59143412e+02 7.89467860e+01 2.15391957e-01 3.61381292e-02
3.48687150e-57 -9.58870596e+02 6.53638398e+01 1.25310811e-01 5.20605862e-02
4.21136099e-57 -9.58744610e+02 7.08507074e+01 2.86125468e-01 4.88946590e-02
5.89746748e-57 -9.58247624e+02 7.49810772e+01 1.58123579e-01 4.04756819e-02
7.69120295e-57 -9.58148193e+02 7.06726589e+01 4.74413779e-01 4.49056055e-02
1.31720576e-56 -9.57326649e+02 7.00521787e+01 4.76615259e-01 4.52417795e-02
2.01077433e-56 -9.57140026e+02 7.27943545e+01 1.54970730e-01 4.43471518e-02
2.29687945e-56 -9.57047380e+02 6.87346187e+01 4.40740518e-01 4.97547820e-02
2.54272248e-56 -9.56931228e+02 7.21125947e+01 4.57978471e-01 4.38519789e-02
3.10696811e-56 -9.56655479e+02 6.08072692e+01 3.52565569e-01 6.01420439e-02
5.58674656e-56 -9.55879155e+02 7.12858420e+01 3.22614899e-01 4.00643616e-02
8.07294699e-56 -9.55768603e+02 7.51446709e+01 4.13050502e-01 3.88730024e-02
1.03262803e-55 -9.55409216e+02 7.71215875e+01 3.60501418e-01 3.65858304e-02
1.31054498e-55 -9.55258808e+02 7.40909518e+01 1.52523928e-01 4.07567552e-02
2.13991118e-55 -9.54542046e+02 6.93274894e+01 4.71424424e-01 4.54627580e-02
2.86847773e-55 -9.54540341e+02 6.84087753e+01 2.68203887e-01 5.23068426e-02
3.78264473e-55 -9.54043254e+02 6.24454238e+01 1.63816628e-01 5.88006264e-02
5.58512181e-55 -9.53719295e+02 6.21044452e+01 1.56705384e-01 5.82667306e-02
1.18717602e-54 -9.52735263e+02 6.22062993e+01 1.55475542e-01 5.80431065e-02
1.76055604e-54 -9.52692100e+02 7.43582409e+01 2.39340327e-01 4.39225020e-02
1.91914606e-54 -9.52560000e+02 6.10512893e+01 3.30790912e-01 5.68824995e-02
2.38613369e-54 -9.52266898e+02 6.64109706e+01 2.28947895e-01 4.57151156e-02
2.93681269e-54 -9.52121894e+02 6.71726288e+01 4.38549085e-01 5.17988085e-02
3.19685586e-54 -9.52085633e+02 6.03534874e+01 2.17123585e-01 6.05864275e-02
3.38111790e-54 -9.52004479e+02 7.03868577e+01 1.50524174e-01 4.29554150e-02
3.65177626e-54 -9.51924900e+02 6.75645876e+01 4.41825456e-01 4.63372060e-02
4.88387851e-54 -9.51466800e+02 6.09136357e+01 3.46414617e-01 6.00202264e-02
6.12236985e-54 -9.51414887e+02 6.74675273e+01 4.16307510e-01 4.57740875e-02
7.25852578e-54 -9.51138107e+02 6.51864520e+01 1.30128614e-01 5.28677420e-02
1.05013224e-53 -9.50698435e+02 6.56073779e+01 1.44331104e-01 5.41298759e-02
1.49126052e-53 -9.50403731e+02 7.42438429e+01 2.29319051e-01 4.39678419e-02
1.79669938e-53 -9.50300166e+02 7.49572901e+01 3.37109004e-01 3.73878282e-02
3.01785685e-53 -9.49509560e+02 7.17764915e+01 3.04146015e-01 3.96127987e-02
4.81998001e-53 -9.49224899e+02 6.03584173e+01 2.30203968e-01 5.95014026e-02
8.95312963e-53 -9.48407017e+02 7.62485981e+01 3.77953166e-01 3.99614233e-02
1.24400319e-52 -9.48397663e+02 7.18872708e+01 3.29847452e-01 3.97129134e-02
1.28239727e-52 -9.48340367e+02 6.59924518e+01 4.08552824e-01 4.78348856e-02
1.38243939e-52 -9.48242350e+02 6.57963750e+01 4.45602185e-01 4.93779494e-02
1.78557316e-52 -9.47856519e+02 6.82960307e+01 3.99350885e-01 4.44408951e-02
2.76947176e-52 -9.47377660e+02 6.09687327e+01 3.34314323e-01 5.77840948e-02
3.79947818e-52 -9.47171290e+02 6.15000061e+01 1.71891918e-01 5.82921467e-02
4.41552023e-52 -9.47062794e+02 6.45868580e+01 4.49845856e-01 5.35749563e-02
4.76046109e-52 -9.47011903e+02 7.06562235e+01 4.51558888e-01 4.61254640e-02
5.51296662e-52 -9.46775870e+02 7.70072624e+01 3.29891029e-01 3.97878211e-02
6.21650233e-52 -9.46751294e+02 7.56341885e+01 2.26214378e-01 3.69151615e-02
6.60819377e-52 -9.46649449e+02 6.58334586e+01 1.96848801e-01 4.70957976e-02
7.28536119e-52 -9.46549432e+02 6.89356701e+01 4.46382105e-01 4.88874555e-02
8.43471084e-52 -9.46356599e+02 6.77781738e+01 4.25859702e-01 4.57644746e-02
9.53828717e-52 -9.46288729e+02 6.85516222e+01 3.72611225e-01 4.37072384e-02
1.11842567e-51 -9.46045196e+02 6.65680735e+01 3.86809489e-01 4.65674556e-02
1.29792765e-51 -9.45970967e+02 7.73524554e+01 3.09647676e-01 3.59670008e-02
1.41420544e-51 -9.45868204e+02 6.04514390e+01 2.40219080e-01 6.08535751e-02
1.63381603e-51 -9.45681658e+02 6.40069307e+01 4.37255890e-01 5.47749185e-02
1.94296899e-51 -9.45513338e+02 6.74916707e+01 1.78991812e-01 5.26910828e-02
2.10265615e-51 -9.45509963e+02 7.88517047e+01 2.79713666e-01 3.72471215e-02
2.47990033e-51 -9.45200494e+02 7.65147657e+01 2.87897733e-01 3.62207597e-02
2.90680058e-51 -9.45162157e+02 7.82267460e+01 2.15978178e-01 3.66175810e-02
3.18026053e-51 -9.45018785e+02 6.42425406e+01 3.41847228e-01 5.74043484e-02
3.60700955e-51 -9.44901946e+02 6.39546949e+01 3.98808750e-01 5.66123353e-02
4.14483690e-51 -9.44737503e+02 6.79726907e+01 1.31030184e-01 4.79252248e-02
7.46904244e-51 -9.43886550e+02 6.62808325e+01 3.93028536e-01 5.38584311e-02
1.11933869e-50 -9.43750537e+02 6.96151170e+01 4.64954986e-01 4.58268598e-02
1.68750996e-50 -9.43144646e+02 6.80968642e+01 2.66209856e-01 5.25340876e-02
2.57348150e-50 -9.42833561e+02 7.66933671e+01 3.62393868e-01 3.94276486e-02
3.33111029e-50 -9.42610244e+02 7.27151069e+01 1.48973698e-01 4.24085818e-02
4.61387579e-50 -9.42203931e+02 6.44623704e+01 4.41632697e-01 5.38546277e-02
5.82237025e-50 -9.42100017e+02 6.97760292e+01 4.49459952e-01 4.73149263e-02
7.21053516e-50 -9.41790726e+02 7.69268871e+01 3.00436056e-01 3.61780580e-02
1.07879647e-49 -9.41318909e+02 7.56548541e+01 3.77086736e-01 4.06866201e-02
1.42083930e-49 -9.41182754e+02 6.08159069e+01 3.11290727e-01 6.01410343e-02
1.76916502e-49 -9.40890395e+02 7.20082280e+01 3.08875910e-01 3.95949393e-02
2.06509706e-49 -9.40845960e+02 7.18087459e+01 1.63831418e-01 4.13708073e-02
2.73351365e-49 -9.40376926e+02 6.05366842e+01 2.78505956e-01 6.00543131e-02
5.23313021e-49 -9.39624336e+02 6.75198693e+01 3.11676883e-01 4.44809234e-02
7.80204267e-49 -9.39441488e+02 7.47188602e+01 3.99086252e-01 3.92062144e-02
9.30325490e-49 -9.39265141e+02 7.03657570e+01 2.48206250e-01 4.11082544e-02
1.11200717e-48 -9.39078948e+02 7.64399121e+01 2.78504698e-01 4.08236923e-02
1.45895522e-48 -9.38735986e+02 7.67068446e+01 3.23335396e-01 3.65891123e-02
1.74050057e-48 -9.38690639e+02 6.33754240e+01 3.20124896e-01 5.12968413e-02
1.79012566e-48 -9.38672671e+02 6.32686052e+01 1.74103330e-01 5.26345434e-02
1.98275749e-48 -9.38488010e+02 6.38425284e+01 4.13474403e-01 5.58154542e-02
2.79949295e-48 -9.38021520e+02 7.54635915e+01 2.18870174e-01 4.18651524e-02
3.84002924e-48 -9.37806853e+02 7.16921252e+01 2.17637182e-01 4.01124479e-02
4.92221692e-48 -9.37526406e+02 6.56269340e+01 3.55314850e-01 4.77124543e-02
5.60057754e-48 -9.37522381e+02 6.06218367e+01 2.69805423e-01 6.00532677e-02
6.63551974e-48 -9.37205596e+02 6.28092056e+01 2.46343532e-01 5.94740859e-02
8.13794441e-48 -9.37086108e+02 7.62058594e+01 2.83208886e-01 4.10926004e-02
9.52141352e-48 -9.36890876e+02 7.78940707e+01 2.75948105e-01 3.85819618e-02
1.08197119e-47 -9.36815698e+02 6.81037087e+01 4.45275106e-01 4.64351316e-02
1.26484806e-47 -9.36583878e+02 7.87975743e+01 2.74064403e-01 3.64881073e-02
1.52081087e-47 -9.36432758e+02 7.65094520e+01 1.92125657e-01 3.91578480e-02
2.93433477e-47 -9.35477149e+02 6.37622228e+01 4.01386406e-01 5.24054130e-02
4.55918887e-47 -9.35330072e+02 6.45811396e+01 3.99439293e-01 5.05603708e-02
5.03693125e-47 -9.35266787e+02 7.01979310e+01 1.46713628e-01 4.41019542e-02
6.58953831e-47 -9.34831947e+02 6.07177447e+01 2.60105097e-01 5.89567057e-02
8.46551449e-47 -9.34715576e+02 7.60275574e+01 2.89402087e-01 4.12612954e-02
1.06501168e-46 -9.34389269e+02 6.55423717e+01 2.51787054e-01 5.59285277e-02
1.36688876e-46 -9.34192937e+02 6.77214412e+01 3.36764888e-01 5.24729111e-02
1.52414311e-46 -9.34155552e+02 7.07886001e+01 4.48518239e-01 4.49304109e-02
2.23974424e-46 -9.33516484e+02 6.35578956e+01 1.60783452e-01 5.30135132e-02
5.04128425e-46 -9.32620296e+02 7.74367077e+01 2.12756085e-01 3.73235975e-02
7.91792435e-46 -9.32422271e+02 6.63652176e+01 2.81529851e-01 4.60824232e-02
9.17901039e-46 -9.32311347e+02 7.15721399e+01 4.31782848e-01 4.26187943e-02
1.05026514e-45 -9.32149654e+02 7.24286393e+01 3.35637007e-01 4.58539806e-02
1.33111795e-45 -9.31847019e+02 7.24648394e+01 3.57363609e-01 3.98916895e-02
1.58041377e-45 -9.31778042e+02 6.85161306e+01 4.45834192e-01 4.87098811e-02
1.84102325e-45 -9.31547197e+02 6.57908241e+01 1.50106488e-01 5.34113229e-02
2.23444525e-45 -9.31377907e+02 7.13447926e+01 2.33259816e-01 4.03997649e-02
2.41698529e-45 -9.31376330e+02 7.24525578e+01 1.60554188e-01 4.42142287e-02
2.42465257e-45 -9.31364949e+02 6.09676188e+01 2.65931116e-01 5.79083967e-02
2.77426039e-45 -9.31115737e+02 7.78546021e+01 2.25220298e-01 3.74924548e-02
3.78702921e-45 -9.30753108e+02 6.93101471e+01 1.48990256e-01 4.49140172e-02
4.73228509e-45 -9.30634261e+02 6.84375205e+01 3.08554411e-01 5.16379336e-02
5.86192347e-45 -9.30336820e+02 6.70698788e+01 2.65923978e-01 5.37183479e-02
6.81967460e-45 -9.30303184e+02 6.18857583e+01 1.87607347e-01 5.85459804e-02
8.80935619e-45 -9.29865410e+02 7.56136343e+01 3.80739885e-01 3.98537618e-02
1.09552119e-44 -9.29813662e+02 6.49670094e+01 4.11191589e-01 5.44348737e-02
1.20762721e-44 -9.29668495e+02 6.92289875e+01 3.43948933e-01 4.29166490e-02
3.01292249e-44 -9.28368790e+02 7.35521469e+01 3.60736823e-01 3.92103734e-02
5.08350285e-44 -9.28225252e+02 7.21293841e+01 4.31488857e-01 4.30593624e-02
6.39136216e-44 -9.27921998e+02 6.71625034e+01 1.39038110e-01 5.00575282e-02
7.70303538e-44 -9.27824724e+02 7.24060391e+01 2.27884906e-01 4.60474823e-02
9.09208369e-44 -9.27594608e+02 6.23467019e+01 3.64955951e-01 5.55370612e-02
1.01240429e-43 -9.27589847e+02 6.89762743e+01 3.36289857e-01 4.31668679e-02
1.05553166e-43 -9.27506259e+02 7.03057928e+01 4.24522346e-01 4.69024763e-02
1.11772630e-43 -9.27467320e+02 6.21748491e+01 2.76234301e-01 5.96836176e-02
1.26338718e-43 -9.27264492e+02 6.73963338e+01 4.48320906e-01 4.85273794e-02
1.95321166e-43 -9.26666994e+02 6.50776710e+01 3.54642327e-01 4.89389495e-02
2.98914113e-43 -9.26344715e+02 6.11935689e+01 2.87356800e-01 5.95790187e-02
4.65022067e-43 -9.25818952e+02 7.43105325e+01 2.74809360e-01 3.79625933e-02
7.15564455e-43 -9.25442907e+02 6.58643232e+01 2.29748201e-01 4.71271983e-02
1.02311703e-42 -9.25092599e+02 7.36610812e+01 1.95673951e-01 3.92808826e-02
1.30047581e-42 -9.24932385e+02 7.43220124e+01 3.77240105e-01 3.92391030e-02
1.41007997e-42 -9.24917754e+02 7.18267091e+01 1.70948157e-01 4.15268262e-02
1.42307041e-42 -9.24907362e+02 6.62132333e+01 1.90717143e-01 4.72237047e-02
1.48222960e-42 -9.24831065e+02 7.65367835e+01 3.07986072e-01 4.00814452e-02
1.56920698e-42 -9.24785720e+02 6.42553747e+01 3.25759473e-01 5.69732934e-02
1.87585837e-42 -9.24488855e+02 7.68596171e+01 2.95065680e-01 3.96892041e-02
2.66054716e-42 -9.24096436e+02 6.53414478e+01 3.61332909e-01 4.86840829e-02
4.44803279e-42 -9.23502895e+02 7.53817648e+01 2.07057864e-01 4.13127986e-02
6.49336762e-42 -9.23260933e+02 6.22050800e+01 2.17746605e-01 5.91510179e-02
8.15180404e-42 -9.23039010e+02 7.75218364e+01 3.07722655e-01 3.69082512e-02
9.57809239e-42 -9.22922881e+02 7.65341163e+01 3.51299836e-01 3.87136448e-02
1.31851559e-41 -9.22446066e+02 6.35842659e+01 4.00432430e-01 5.42145995e-02
1.67615800e-41 -9.22380981e+02 6.18950698e+01 2.09935470e-01 5.89625327e-02
1.73762833e-41 -9.22366371e+02 6.39522563e+01 1.54820786e-01 5.45008276e-02
1.77265088e-41 -9.22334614e+02 6.69939095e+01 4.21706290e-01 5.13298333e-02
1.81716919e-41 -9.22310007e+02 7.66415546e+01 3.24957792e-01 3.95405348e-02
1.97413479e-41 -9.22167201e+02 6.30761593e+01 2.28283237e-01 5.23590611e-02
2.26582105e-41 -9.22027518e+02 6.43565893e+01 1.51508485e-01 5.32913086e-02
2.62458290e-41 -9.21868052e+02 6.71583669e+01 4.06006412e-01 5.16434672e-02
3.24134239e-41 -9.21609098e+02 6.66046467e+01 3.67927010e-01 5.32381383e-02
4.37353222e-41 -9.21273532e+02 6.60874159e+01 1.78918628e-01 5.39544701e-02
5.92362049e-41 -9.20987984e+02 7.76072544e+01 2.89732672e-01 3.82359285e-02
8.18211018e-41 -9.20632061e+02 7.62828831e+01 3.43061426e-01 3.96211321e-02
9.76699540e-41 -9.20596031e+02 6.32587940e+01 2.67751249e-01 5.84170984e-02
1.03472335e-40 -9.20511448e+02 6.88719865e+01 2.11159410e-01 4.34437189e-02
1.08863820e-40 -9.20486160e+02 7.01965991e+01 2.31415935e-01 4.90182962e-02
1.18269453e-40 -9.20343949e+02 6.12873237e+01 2.82049471e-01 5.88761018e-02
1.44465315e-40 -9.20090342e+02 7.79164577e+01 2.67596885e-01 3.70621562e-02
1.63000316e-40 -9.20079859e+02 6.77096707e+01 4.26949088e-01 4.70229762e-02
1.71297942e-40 -9.19986531e+02 6.23836136e+01 3.30280009e-01 5.84070010e-02
2.02869001e-40 -9.19747022e+02 6.37220912e+01 4.00461375e-01 5.43779658e-02
2.33683526e-40 -9.19683754e+02 6.20151386e+01 2.94075595e-01 5.92071432e-02
2.52215568e-40 -9.19588978e+02 6.89782878e+01 3.64541277e-01 4.37400127e-02
2.65694024e-40 -9.19570814e+02 7.45814782e+01 3.66541486e-01 3.90345609e-02
3.43506287e-40 -9.19119103e+02 7.28819846e+01 1.63329716e-01 4.21455809e-02
4.18946958e-40 -9.19116499e+02 7.53238519e+01 3.73140821e-01 3.99994416e-02
5.37380340e-40 -9.18665047e+02 6.63832794e+01 3.96662227e-01 5.27722688e-02
6.81465149e-40 -9.18585810e+02 6.26958705e+01 3.55154998e-01 5.74073463e-02
7.76567947e-40 -9.18403813e+02 6.86934134e+01 3.03830026e-01 4.34305632e-02
8.53376226e-40 -9.18382367e+02 6.25009341e+01 2.33214261e-01 5.38556332e-02
8.69243240e-40 -9.18360319e+02 7.58372334e+01 2.52357383e-01 4.11104221e-02
1.10237226e-39 -9.17943517e+02 6.34410695e+01 3.04352016e-01 5.17206924e-02
1.36258838e-39 -9.17887485e+02 7.59775074e+01 2.73699916e-01 4.09231849e-02
2.49090589e-39 -9.16944209e+02 6.14457231e+01 2.40444335e-01 5.76159294e-02
3.76061257e-39 -9.16844776e+02 7.63854680e+01 2.52153583e-01 4.02213990e-02
4.16981297e-39 -9.16731699e+02 6.53043180e+01 1.49154118e-01 5.19421092e-02
5.04622894e-39 -9.16470405e+02 6.49855468e+01 1.69778955e-01 5.47982195e-02
6.71061576e-39 -9.16161661e+02 7.40892573e+01 3.66317082e-01 4.24935439e-02
8.46119678e-39 -9.15984270e+02 7.03655747e+01 1.68945167e-01 4.31749467e-02
9.33512315e-39 -9.15950842e+02 7.23962301e+01 1.74918120e-01 4.45441646e-02
9.90115052e-39 -9.15861592e+02 6.42302815e+01 3.87793373e-01 5.51886594e-02
1.23254294e-38 -9.15531316e+02 7.72757643e+01 3.06104456e-01 3.73963006e-02
1.52645256e-38 -9.15404098e+02 7.76276173e+01 2.75310530e-01 3.71976337e-02
1.70401472e-38 -9.15303085e+02 6.21751145e+01 2.99380215e-01 5.87981033e-02
2.07162480e-38 -9.15023657e+02 6.58570308e+01 2.76071848e-01 5.50031155e-02
2.37484518e-38 -9.15003873e+02 6.70882867e+01 2.94818530e-01 5.32474813e-02
3.09602762e-38 -9.14539876e+02 6.48413276e+01 1.59959048e-01 5.41819750e-02
3.81029880e-38 -9.14528725e+02 6.63883386e+01 4.28409609e-01 5.08590383e-02
3.86535484e-38 -9.14504642e+02 7.39945922e+01 3.08181749e-01 4.35095732e-02
5.21416393e-38 -9.13989018e+02 7.24884992e+01 3.24473817e-01 4.54662016e-02
6.80679812e-38 -9.13901089e+02 7.56877660e+01 3.40122998e-01 4.04449901e-02
7.40257228e-38 -9.13814493e+02 6.74456077e+01 4.21147279e-01 5.03025054e-02
7.90970705e-38 -9.13760755e+02 6.94693634e+01 4.25884442e-01 4.52367562e-02
8.64657011e-38 -9.13633046e+02 7.54951122e+01 3.24319563e-01 4.10849716e-02
1.31474138e-37 -9.13008016e+02 6.38758497e+01 3.89752473e-01 5.48960103e-02
1.80121337e-37 -9.12903370e+02 6.51940134e+01 3.75726493e-01 5.45152070e-02
1.91494962e-37 -9.12876345e+02 6.82524129e+01 3.97771891e-01 5.00730519e-02
2.09475192e-37 -9.12722923e+02 6.43701871e+01 1.58897673e-01 5.30825468e-02
2.69815688e-37 -9.12385819e+02 6.70418348e+01 4.11800928e-01 5.11480106e-02
3.36608086e-37 -9.12250224e+02 6.66601575e+01 3.33419225e-01 4.65301316e-02
3.60765177e-37 -9.12236005e+02 7.56080202e+01 1.98937305e-01 3.92188860e-02
3.94036683e-37 -9.12073665e+02 7.14784305e+01 3.02824179e-01 4.70199878e-02
6.68445589e-37 -9.11308631e+02 6.32371146e+01 1.74497925e-01 5.48658401e-02
1.09558852e-36 -9.10965272e+02 6.28149730e+01 3.06729295e-01 5.35435078e-02
1.31021134e-36 -9.10915471e+02 7.00505068e+01 3.54403306e-01 4.26247895e-02
1.41117269e-36 -9.10812196e+02 7.60811655e+01 2.78945687e-01 3.73790879e-02
1.52939489e-36 -9.10746333e+02 6.95240551e+01 4.22976503e-01 4.71479786e-02
1.81110379e-36 -9.10483543e+02 6.65627502e+01 2.63514036e-01 4.63022334e-02
3.36173281e-36 -9.09653095e+02 6.58471130e+01 1.71464956e-01 4.89992169e-02
4.85066830e-36 -9.09577329e+02 7.41818573e+01 3.80021898e-01 4.03888485e-02
5.30146925e-36 -9.09470141e+02 6.94730062e+01 4.28120982e-01 4.60854902e-02
6.00104847e-36 -9.09325153e+02 6.99255986e+01 4.17574102e-01 4.46037829e-02
7.10125522e-36 -9.09130971e+02 7.68444294e+01 2.32116514e-01 3.82364071e-02
7.95444458e-36 -9.09082748e+02 6.24354075e+01 3.12475680e-01 5.48754384e-02
1.26936354e-35 -9.08328109e+02 6.74972150e+01 2.01421940e-01 5.21676028e-02
1.73799598e-35 -9.08308638e+02 6.56775086e+01 2.72644945e-01 4.77175779e-02
1.75748476e-35 -9.08299080e+02 6.77799228e+01 2.97369665e-01 4.47652643e-02
1.80188510e-35 -9.08252601e+02 6.55253613e+01 1.57471327e-01 5.28042230e-02
2.05891162e-35 -9.08036814e+02 7.06494510e+01 2.88645605e-01 4.14551127e-02
2.61213475e-35 -9.07775384e+02 6.98246554e+01 3.18132975e-01 4.91064007e-02
2.97410747e-35 -9.07753686e+02 6.95996668e+01 2.75895309e-01 4.96642541e-02
3.03390950e-35 -9.07728948e+02 6.51093045e+01 2.53976699e-01 4.86921457e-02
3.18089331e-35 -9.07653674e+02 6.27114784e+01 2.64930955e-01 5.36666963e-02
3.47968289e-35 -9.07544306e+02 6.27986882e+01 2.48344428e-01 5.82732453e-02
4.02577953e-35 -9.07360875e+02 6.40803094e+01 1.73823485e-01 5.25542692e-02
4.74511058e-35 -9.07206417e+02 7.29807992e+01 3.04676815e-01 4.47860193e-02
5.30872401e-35 -9.07125427e+02 6.75730928e+01 1.65695522e-01 4.68242634e-02
6.47299633e-35 -9.06824153e+02 7.52982187e+01 2.01157973e-01 3.92951339e-02
8.30221581e-35 -9.06609857e+02 6.61931037e+01 2.78888813e-01 4.69685213e-02
9.92470302e-35 -9.06455017e+02 6.19264815e+01 2.52585881e-01 5.83318120e-02
1.07655341e-34 -9.06434671e+02 6.47617595e+01 1.87238248e-01 5.52926094e-02
1.25830818e-34 -9.06155652e+02 7.70033875e+01 2.92188490e-01 3.82659688e-02
1.63119657e-34 -9.05905169e+02 6.84708874e+01 1.64486856e-01 4.95286627e-02
1.89505225e-34 -9.05834727e+02 6.81097758e+01 3.80752922e-01 5.04459027e-02
1.95584999e-34 -9.05834116e+02 7.38306814e+01 1.82976238e-01 4.07356287e-02
2.60718264e-34 -9.05318837e+02 7.22019769e+01 2.69877609e-01 4.00474362e-02
3.37369677e-34 -9.05247595e+02 6.47685316e+01 1.73696721e-01 5.46287640e-02
4.63250220e-34 -9.04740376e+02 6.31860296e+01 3.34613888e-01 5.69445139e-02
5.77113042e-34 -9.04737759e+02 7.18235590e+01 2.30450753e-01 4.63598126e-02
6.21199632e-34 -9.04591811e+02 6.96745901e+01 3.14461546e-01 4.27108549e-02
7.44381988e-34 -9.04375639e+02 7.58850496e+01 2.26091333e-01 4.01317798e-02
8.23609047e-34 -9.04371217e+02 7.39859297e+01 2.97611033e-01 3.87926809e-02
9.14927407e-34 -9.04168897e+02 6.82397828e+01 1.94684670e-01 5.08859794e-02
1.03113331e-33 -9.04115909e+02 6.91191840e+01 4.02797714e-01 4.50529005e-02
1.15974072e-33 -9.03934665e+02 7.24454991e+01 3.22756771e-01 4.01665474e-02
1.36327244e-33 -9.03783385e+02 7.09790970e+01 1.79677979e-01 4.64866755e-02
1.53302118e-33 -9.03689779e+02 7.38190292e+01 2.32810575e-01 3.90467743e-02
1.80161152e-33 -9.03464337e+02 6.77774275e+01 4.21836180e-01 4.81611711e-02
2.24294651e-33 -9.03244305e+02 7.35588360e+01 2.06025403e-01 3.97428772e-02
2.49952981e-33 -9.03229036e+02 7.62516211e+01 3.10521594e-01 3.95028417e-02
2.57108230e-33 -9.03181703e+02 7.30545493e+01 1.75611938e-01 4.19395532e-02
4.03759953e-33 -9.02450102e+02 7.18050898e+01 3.02384968e-01 4.63374251e-02
6.03743915e-33 -9.02249503e+02 6.80929058e+01 2.75673529e-01 4.44325193e-02
7.42985612e-33 -9.02030335e+02 7.45292233e+01 3.65046031e-01 4.06427278e-02
8.87786730e-33 -9.01880370e+02 6.66443508e+01 1.94213577e-01 4.71947957e-02
1.54658631e-32 -9.01068400e+02 6.60755718e+01 2.91888440e-01 4.73570663e-02
2.55695222e-32 -9.00735307e+02 7.24625484e+01 3.39711227e-01 4.04698029e-02
3.01738002e-32 -9.00703245e+02 6.26356442e+01 2.27770833e-01 5.76938788e-02
3.34942117e-32 -9.00527325e+02 7.21793491e+01 1.81466713e-01 4.17095533e-02
4.01108021e-32 -9.00337328e+02 7.55841006e+01 2.12222857e-01 3.93659552e-02
4.38242566e-32 -9.00334576e+02 6.70849023e+01 3.62917200e-01 5.20032950e-02
5.41099389e-32 -8.99946438e+02 6.26231280e+01 2.70390320e-01 5.43908257e-02
7.06364715e-32 -8.99765599e+02 6.84331426e+01 3.51285019e-01 5.03971117e-02
9.27632154e-32 -8.99416862e+02 7.61953379e+01 2.55139727e-01 3.97881753e-02
1.12778167e-31 -8.99339445e+02 6.22310775e+01 2.32724710e-01 5.72660552e-02
1.22215493e-31 -8.99249983e+02 6.45834931e+01 3.33547445e-01 5.05005434e-02
1.35774875e-31 -8.99124310e+02 7.12980665e+01 2.18264290e-01 4.13536809e-02
1.60648241e-31 -8.98913983e+02 6.24903647e+01 2.38956866e-01 5.50702027e-02
1.87588529e-31 -8.98799805e+02 6.76718129e+01 2.31834746e-01 5.20348769e-02
2.03644521e-31 -8.98740693e+02 6.26888729e+01 2.37648280e-01 5.77012868e-02
2.46626153e-31 -8.98432876e+02 7.15213829e+01 3.97176857e-01 4.45390494e-02
3.50845905e-31 -8.98043216e+02 6.97573787e+01 2.13398822e-01 4.89166085e-02
5.50380862e-31 -8.97548536e+02 7.19168268e+01 2.00573577e-01 4.12436337e-02
8.07521039e-31 -8.97233924e+02 7.37005692e+01 2.53673037e-01 3.91342607e-02
1.13153074e-30 -8.96874624e+02 6.52903160e+01 2.61625467e-01 5.52375798e-02
1.34907414e-30 -8.96843711e+02 7.62315902e+01 2.88400365e-01 3.81019446e-02
1.52398237e-30 -8.96634803e+02 7.48176513e+01 3.36800946e-01 3.92327222e-02
1.75621564e-30 -8.96544532e+02 6.50520062e+01 3.66684373e-01 5.05151934e-02
1.86404471e-30 -8.96507283e+02 6.31952793e+01 1.97930968e-01 5.44702590e-02
1.89874555e-30 -8.96500651e+02 6.51487489e+01 2.64365910e-01 5.53992717e-02
1.90532863e-30 -8.96493706e+02 6.22383531e+01 2.71944664e-01 5.72498791e-02
1.99699358e-30 -8.96402104e+02 7.32335999e+01 3.70016839e-01 4.27818532e-02
2.09839062e-30 -8.96385963e+02 6.34356922e+01 2.14774550e-01 5.67798167e-02
2.18283168e-30 -8.96317645e+02 6.28033515e+01 2.07479150e-01 5.63224738e-02
2.37585697e-30 -8.96211487e+02 6.65891855e+01 3.79032445e-01 4.81074254e-02
2.87820400e-30 -8.95942581e+02 7.22408382e+01 3.77683405e-01 4.17617754e-02
3.51536619e-30 -8.95792481e+02 7.14657328e+01 3.78269045e-01 4.23300169e-02
4.57500355e-30 -8.95435127e+02 6.99789123e+01 1.78836072e-01 4.38441026e-02
6.55274152e-30 -8.95068867e+02 6.27143990e+01 2.91396390e-01 5.46916145e-02
8.15251725e-30 -8.94961134e+02 6.51729616e+01 3.36044594e-01 4.95875393e-02
8.67526254e-30 -8.94935182e+02 7.61023799e+01 3.03017305e-01 3.92766040e-02
1.02466216e-29 -8.94642679e+02 6.90796831e+01 4.00023497e-01 4.55273818e-02
1.20517259e-29 -8.94583566e+02 6.77008441e+01 2.63567877e-01 4.51302404e-02
1.57724344e-29 -8.94144789e+02 7.23365384e+01 2.43080193e-01 4.03069303e-02
1.97123214e-29 -8.94084120e+02 6.70730657e+01 1.89902836e-01 4.69691674e-02
2.28392401e-29 -8.93855751e+02 7.17612702e+01 1.77838155e-01 4.46422585e-02
2.96949731e-29 -8.93561088e+02 6.86737504e+01 1.67936259e-01 4.59846897e-02
3.40806696e-29 -8.93551982e+02 6.31357264e+01 2.13713891e-01 5.66480681e-02
3.64747780e-29 -8.93422799e+02 6.77649501e+01 2.01121552e-01 5.13481539e-02
4.78311203e-29 -8.93036184e+02 6.30579113e+01 3.29016012e-01 5.50598097e-02
5.80130236e-29 -8.92993480e+02 7.14174269e+01 3.94960186e-01 4.42791575e-02
6.43209064e-29 -8.92829364e+02 6.89969969e+01 2.51789658e-01 4.35929130e-02
8.77722352e-29 -8.92403400e+02 7.59624361e+01 2.66647735e-01 3.98646741e-02
1.13475764e-28 -8.92268541e+02 7.44928103e+01 2.13459513e-01 4.16189423e-02
1.24987478e-28 -8.92200123e+02 6.76189235e+01 2.96267383e-01 4.53917558e-02
1.42304710e-28 -8.92010205e+02 6.25432849e+01 2.33692716e-01 5.60864879e-02
1.56079815e-28 -8.91999697e+02 6.74682214e+01 4.05489013e-01 4.93076214e-02
1.79117508e-28 -8.91744420e+02 7.24972289e+01 1.80805047e-01 4.32613744e-02
2.79407016e-28 -8.91169155e+02 6.80490208e+01 2.12177350e-01 5.10866062e-02
3.64733129e-28 -8.91123673e+02 6.48555190e+01 2.61632476e-01 5.55647748e-02
3.74584939e-28 -8.91108733e+02 6.43131856e+01 2.33729445e-01 5.60452457e-02
3.76425556e-28 -8.91107159e+02 6.50892465e+01 2.19289458e-01 5.50175574e-02
3.76407188e-28 -8.91102181e+02 6.99306545e+01 2.16311166e-01 4.29421573e-02
3.76257503e-28 -8.91101293e+02 7.38854341e+01 2.94099945e-01 3.92338495e-02
4.00117751e-28 -8.90976449e+02 6.74529471e+01 1.81641499e-01 4.68708207e-02
5.43174238e-28 -8.90529034e+02 6.71297223e+01 3.73653284e-01 4.73643068e-02
6.95332835e-28 -8.90428752e+02 6.86604036e+01 3.50428372e-01 4.98008418e-02
7.76011833e-28 -8.90304187e+02 6.79854388e+01 3.93313682e-01 4.68701401e-02
8.47594442e-28 -8.90242696e+02 7.46354292e+01 2.16265841e-01 4.13312113e-02
8.89518153e-28 -8.90200477e+02 7.40096098e+01 3.18371761e-01 3.94567955e-02
9.82362141e-28 -8.90043211e+02 6.36146256e+01 2.68106685e-01 5.67670195e-02
1.11257016e-27 -8.89941304e+02 7.16579275e+01 3.51653938e-01 4.17035964e-02
1.21026652e-27 -8.89867005e+02 6.63101810e+01 2.68683265e-01 4.72510513e-02
1.59073687e-27 -8.89433231e+02 6.27844892e+01 2.24897146e-01 5.57153112e-02
2.06269983e-27 -8.89298567e+02 7.29744407e+01 3.14504431e-01 4.41898329e-02
2.32713107e-27 -8.89184079e+02 7.56329649e+01 2.95499868e-01 3.86723546e-02
3.06218515e-27 -8.88780164e+02 6.27914994e+01 2.52378635e-01 5.48155558e-02
3.71902776e-27 -8.88748494e+02 6.96501076e+01 3.08592471e-01 4.30994214e-02
3.78801767e-27 -8.88736532e+02 7.14826932e+01 2.70488403e-01 4.65788439e-02
4.00556291e-27 -8.88632809e+02 6.57172270e+01 3.25097841e-01 5.39605404e-02
4.51759214e-27 -8.88491580e+02 7.35241611e+01 3.33689672e-01 4.30177635e-02
5.10419448e-27 -8.88380109e+02 6.51690011e+01 2.89198185e-01 4.92761822e-02
5.83454844e-27 -8.88220698e+02 7.00952164e+01 2.96992003e-01 4.25499978e-02
6.34536828e-27 -8.88199364e+02 6.60707334e+01 3.84146426e-01 5.18399854e-02
6.57841728e-27 -8.88142596e+02 7.21175330e+01 3.81871668e-01 4.28333703e-02
6.97420192e-27 -8.88076159e+02 6.46596633e+01 3.46961887e-01 5.45527574e-02
7.66303116e-27 -8.87950408e+02 7.13726780e+01 1.91593473e-01 4.23446724e-02
9.12102215e-27 -8.87729392e+02 7.16345681e+01 1.76756852e-01 4.41528386e-02
1.04140772e-26 -8.87667373e+02 7.05930218e+01 3.49301440e-01 4.70346275e-02
1.09082870e-26 -8.87629406e+02 6.96939221e+01 3.42023400e-01 4.34976454e-02
1.12605197e-26 -8.87597059e+02 7.52886160e+01 2.63696881e-01 3.86228180e-02
1.30109715e-26 -8.87348869e+02 6.69343395e+01 1.78126523e-01 4.79784327e-02
1.45700152e-26 -8.87348698e+02 6.49846273e+01 2.80450057e-01 4.96069370e-02
1.46237109e-26 -8.87334904e+02 6.38898649e+01 2.61679232e-01 5.64085248e-02
1.98950032e-26 -8.86797654e+02 7.32543018e+01 3.14227896e-01 3.99838504e-02
2.69579397e-26 -8.86654445e+02 7.00295977e+01 3.81011444e-01 4.69408045e-02
2.88696439e-26 -8.86648858e+02 7.20808358e+01 3.70323212e-01 4.21214852e-02
2.94531089e-26 -8.86608177e+02 6.90039807e+01 3.69994586e-01 4.49212480e-02
3.50575026e-26 -8.86314843e+02 7.24505310e+01 3.73361915e-01 4.22294280e-02
4.36995104e-26 -8.86146472e+02 6.51784400e+01 3.72471298e-01 5.28680743e-02
4.95494563e-26 -8.86052067e+02 7.46588313e+01 2.59313619e-01 3.89292103e-02
6.60629688e-26 -8.85610639e+02 6.52361393e+01 3.76742304e-01 5.18859604e-02
8.05683257e-26 -8.85600120e+02 6.40401985e+01 3.42220073e-01 5.47927966e-02
9.39660930e-26 -8.85316361e+02 6.89862990e+01 1.70395693e-01 4.79927247e-02
1.13220358e-25 -8.85203766e+02 7.00089466e+01 3.37895854e-01 4.31718903e-02
1.35428063e-25 -8.84962809e+02 7.14080459e+01 3.34537907e-01 4.60377941e-02
1.53661955e-25 -8.84930266e+02 7.11546764e+01 2.63230401e-01 4.15009478e-02
1.72850806e-25 -8.84730501e+02 7.54686893e+01 2.38253109e-01 3.95412495e-02
1.91442148e-25 -8.84709447e+02 7.08418670e+01 3.49331512e-01 4.65694917e-02
1.95192912e-25 -8.84685078e+02 6.43437811e+01 2.64307691e-01 5.09451747e-02
2.09678453e-25 -8.84563182e+02 7.28630653e+01 1.90559734e-01 4.27926773e-02
2.27611914e-25 -8.84511250e+02 6.69028548e+01 3.53614096e-01 5.18147786e-02
2.35753211e-25 -8.84485728e+02 6.42081022e+01 3.04132227e-01 5.56716166e-02
2.49367159e-25 -8.84394242e+02 6.98356043e+01 3.41033856e-01 4.34352390e-02
3.31773986e-25 -8.83953994e+02 6.97694929e+01 1.69647673e-01 4.63646679e-02
4.03558634e-25 -8.83947792e+02 6.76829238e+01 1.65830338e-01 4.87130516e-02
4.14222747e-25 -8.83895839e+02 7.40351710e+01 2.54765402e-01 3.93506018e-02
4.68783860e-25 -8.83702332e+02 7.10367781e+01 3.73220852e-01 4.55469657e-02
5.14239144e-25 -8.83694758e+02 6.88679967e+01 3.92648733e-01 4.62324587e-02
5.44486171e-25 -8.83584398e+02 6.55218102e+01 3.77516882e-01 5.18813980e-02
7.06240593e-25 -8.83201301e+02 6.70317377e+01 3.28956975e-01 4.68368082e-02
9.76667886e-25 -8.82913525e+02 6.76251812e+01 3.75569035e-01 4.70888245e-02
1.12463663e-24 -8.82891991e+02 6.29055721e+01 2.78144713e-01 5.60265048e-02
1.14550988e-24 -8.82870093e+02 6.92295701e+01 3.33848660e-01 4.90469209e-02
1.26100471e-24 -8.82700297e+02 6.92399738e+01 2.22131817e-01 4.93213847e-02
1.57515830e-24 -8.82429607e+02 7.51242259e+01 2.44551748e-01 3.91738622e-02
1.91007765e-24 -8.82294371e+02 7.00241004e+01 2.60049038e-01 4.27042842e-02
2.33429970e-24 -8.82034131e+02 7.36889145e+01 2.02711585e-01 4.11596464e-02
3.02654322e-24 -8.81768944e+02 6.80516461e+01 3.85690769e-01 4.91359611e-02
3.50290778e-24 -8.81718243e+02 6.99788170e+01 2.65853654e-01 4.85013519e-02
3.58274959e-24 -8.81716572e+02 6.66613303e+01 3.24791868e-01 5.25472051e-02
3.61130385e-24 -8.81695818e+02 6.60432404e+01 3.69817958e-01 5.20791557e-02
3.77111937e-24 -8.81624475e+02 6.37283660e+01 2.98229231e-01 5.59053140e-02
3.91870197e-24 -8.81611157e+02 6.71427166e+01 3.23161044e-01 4.66466112e-02
3.99460254e-24 -8.81579656e+02 7.37849094e+01 3.39525934e-01 4.05571546e-02
4.23603126e-24 -8.81488945e+02 6.59568989e+01 2.16577983e-01 5.35669790e-02
4.44024735e-24 -8.81476814e+02 6.36928895e+01 3.19163948e-01 5.53228826e-02
4.63759688e-24 -8.81396877e+02 6.50113450e+01 2.64105266e-01 4.97564525e-02
5.82063872e-24 -8.81044940e+02 6.81658713e+01 2.34258149e-01 5.08749319e-02
7.11894518e-24 -8.80958580e+02 6.40852108e+01 2.94417686e-01 5.18776477e-02
7.83390065e-24 -8.80848070e+02 7.31490360e+01 3.57284132e-01 4.19514891e-02
8.24967791e-24 -8.80845447e+02 7.04862687e+01 1.80049697e-01 4.41058146e-02
8.39598340e-24 -8.80806631e+02 6.35888675e+01 2.16081885e-01 5.38241341e-02
8.69120219e-24 -8.80769641e+02 7.30270434e+01 3.48907918e-01 4.29844425e-02
9.59559579e-24 -8.80608160e+02 7.11175708e+01 3.49479037e-01 4.60013394e-02
1.06890046e-23 -8.80541753e+02 6.41034789e+01 1.97260141e-01 5.41902669e-02
1.14946213e-23 -8.80456875e+02 7.22550263e+01 3.53936434e-01 4.17589549e-02
1.27463010e-23 -8.80330560e+02 7.23137458e+01 1.92785210e-01 4.37966000e-02
1.37264720e-23 -8.80298323e+02 6.41719363e+01 1.98465823e-01 5.30726368e-02
1.43524315e-23 -8.80235446e+02 6.47297007e+01 3.55399877e-01 5.33165442e-02
1.73834096e-23 -8.79930625e+02 6.88009412e+01 3.27116172e-01 4.96356485e-02
2.17500687e-23 -8.79764353e+02 7.32878171e+01 3.43853432e-01 4.09682506e-02
4.01967387e-23 -8.78878722e+02 6.37778297e+01 2.08783512e-01 5.47054631e-02
6.27051380e-23 -8.78687515e+02 7.50778751e+01 2.40220056e-01 4.01369517e-02
8.03091605e-23 -8.78390093e+02 6.96959657e+01 3.43792333e-01 4.38525721e-02
9.18604589e-23 -8.78390051e+02 6.38550961e+01 3.14265607e-01 5.31029097e-02
9.61195458e-23 -8.78295049e+02 7.42272467e+01 2.55115529e-01 3.94842549e-02
1.04910742e-22 -8.78208000e+02 6.42011643e+01 2.55283467e-01 5.56587487e-02
1.17852850e-22 -8.78059364e+02 6.37181955e+01 2.11633329e-01 5.42269877e-02
1.56529403e-22 -8.77666543e+02 7.53094040e+01 2.65539836e-01 3.99390597e-02
2.12253304e-22 -8.77420411e+02 6.87417449e+01 3.23987177e-01 4.96753507e-02
2.40786608e-22 -8.77392711e+02 6.32514999e+01 2.88346790e-01 5.50597030e-02
2.60679728e-22 -8.77259250e+02 7.25436488e+01 2.17451587e-01 4.10768745e-02
2.95186950e-22 -8.77136724e+02 7.02894585e+01 3.27288408e-01 4.74770077e-02
3.16892294e-22 -8.77107156e+02 7.38388685e+01 3.16735302e-01 4.22947206e-02
3.53602160e-22 -8.76919427e+02 6.44948559e+01 3.45167062e-01 5.30087572e-02
4.19409388e-22 -8.76756946e+02 6.46010321e+01 2.71917461e-01 5.07890647e-02
4.98082737e-22 -8.76570975e+02 7.31405177e+01 2.08187752e-01 4.28991333e-02
5.99040834e-22 -8.76381492e+02 6.95101511e+01 3.83813546e-01 4.66949643e-02
6.53513712e-22 -8.76381289e+02 6.85583089e+01 3.58263146e-01 4.56067762e-02
6.82012654e-22 -8.76291482e+02 6.99751010e+01 3.28490482e-01 4.78705195e-02
7.39697441e-22 -8.76211818e+02 7.25099208e+01 1.97662540e-01 4.34269110e-02
9.28802417e-22 -8.75858907e+02 6.91655128e+01 3.28055728e-01 4.89838310e-02
1.30103394e-21 -8.75527485e+02 7.13572188e+01 3.64859009e-01 4.31035272e-02
1.65635128e-21 -8.75349876e+02 6.67413716e+01 2.76599849e-01 4.70705624e-02
2.10974440e-21 -8.75051264e+02 6.57819964e+01 2.16645997e-01 5.34990734e-02
2.44302756e-21 -8.75027806e+02 6.41060830e+01 2.15228646e-01 5.28049159e-02
2.55565476e-21 -8.74955632e+02 7.42806586e+01 3.05015956e-01 4.16018011e-02
2.95970296e-21 -8.74738095e+02 6.73455058e+01 2.07597954e-01 5.13778446e-02
3.68163372e-21 -8.74513246e+02 6.57817092e+01 3.66005901e-01 5.09154845e-02
4.17925115e-21 -8.74465837e+02 7.38545775e+01 2.18247569e-01 4.17612213e-02
4.29291093e-21 -8.74452408e+02 6.60540190e+01 3.37465232e-01 5.27039201e-02
4.35147938e-21 -8.74432138e+02 6.40321562e+01 3.12799033e-01 5.29197346e-02
4.62167479e-21 -8.74327883e+02 6.95023335e+01 2.21074550e-01 4.38403239e-02
5.16233672e-21 -8.74205259e+02 6.77131182e+01 3.56907724e-01 4.68167691e-02
5.58825011e-21 -8.74159442e+02 7.15740886e+01 3.67957137e-01 4.38911611e-02
5.71811912e-21 -8.74152144e+02 6.70059667e+01 3.11065449e-01 4.69647836e-02
5.84871543e-21 -8.74108094e+02 7.09436205e+01 2.35065860e-01 4.67931359e-02
6.61177359e-21 -8.73909580e+02 6.68091851e+01 2.36512026e-01 4.71433193e-02
7.45644906e-21 -8.73851977e+02 6.76106938e+01 3.70430253e-01 4.98279918e-02
7.71887851e-21 -8.73833005e+02 6.37412407e+01 2.98129691e-01 5.35183018e-02
8.39154089e-21 -8.73683690e+02 6.82895015e+01 1.91030598e-01 4.95700364e-02
1.13897495e-20 -8.73255328e+02 7.08841141e+01 1.96818513e-01 4.32034013e-02
1.40357928e-20 -8.73214138e+02 7.22112125e+01 2.69233810e-01 4.09263995e-02
1.44839894e-20 -8.73185586e+02 6.51779447e+01 3.52036390e-01 5.16492416e-02
1.49664558e-20 -8.73142214e+02 6.68985127e+01 1.82058339e-01 5.07688368e-02
1.52672172e-20 -8.73138671e+02 7.42761600e+01 2.76506253e-01 3.96831247e-02
1.53091158e-20 -8.73130092e+02 7.48399690e+01 2.47742126e-01 4.02582848e-02
1.56734754e-20 -8.73085452e+02 6.87527305e+01 2.04510326e-01 4.51126689e-02
2.14929111e-20 -8.72559743e+02 7.21028661e+01 3.54888143e-01 4.37307116e-02
2.92001979e-20 -8.72403665e+02 6.50708141e+01 3.35645314e-01 5.34882952e-02
3.28721292e-20 -8.72312195e+02 6.46644485e+01 3.36994539e-01 5.23389433e-02
3.70180870e-20 -8.72162921e+02 6.97460330e+01 3.65621322e-01 4.70842608e-02
3.97303576e-20 -8.72158561e+02 6.86870475e+01 2.13020967e-01 4.50147564e-02
3.97960779e-20 -8.72152963e+02 6.39447984e+01 2.74627846e-01 5.26514814e-02
4.05458930e-20 -8.72114927e+02 6.56685534e+01 1.86446787e-01 5.10266993e-02
5.01328771e-20 -8.71753874e+02 7.06713795e+01 3.72130533e-01 4.50590635e-02
6.04097479e-20 -8.71703543e+02 6.74514602e+01 1.89839882e-01 5.05082264e-02
6.75345579e-20 -8.71531038e+02 7.12186218e+01 2.59652852e-01 4.64525761e-02
7.88413592e-20 -8.71385175e+02 6.38678394e+01 2.29816905e-01 5.49157912e-02
9.32466687e-20 -8.71192695e+02 6.83547236e+01 2.13217303e-01 5.00140810e-02
1.04131259e-19 -8.71148942e+02 7.04806155e+01 3.02271581e-01 4.73113497e-02
1.07748282e-19 -8.71117516e+02 6.96083894e+01 3.74143843e-01 4.54234326e-02
1.12619884e-19 -8.71054589e+02 7.20003929e+01 2.65125245e-01 4.53162944e-02
1.17703745e-19 -8.71021834e+02 6.60249487e+01 3.17229809e-01 4.87724927e-02
1.20685913e-19 -8.70997769e+02 6.53494622e+01 2.32507126e-01 5.40292651e-02
1.22026650e-19 -8.70992944e+02 6.65718005e+01 2.90149914e-01 5.26473134e-02
1.24305360e-19 -8.70954474e+02 6.36147208e+01 2.43262863e-01 5.41335532e-02
1.28396618e-19 -8.70921425e+02 7.05093389e+01 3.64890940e-01 4.58566870e-02
1.31911620e-19 -8.70893721e+02 7.14018082e+01 2.22748269e-01 4.58505419e-02
1.43774712e-19 -8.70747674e+02 6.47209115e+01 2.49240422e-01 5.47766912e-02
1.62798677e-19 -8.70636303e+02 7.39224970e+01 2.28032701e-01 4.17358975e-02
1.75965006e-19 -8.70583086e+02 7.08818855e+01 3.12558897e-01 4.24394994e-02
1.83415135e-19 -8.70546343e+02 6.51048630e+01 1.94193296e-01 5.26152000e-02
1.97095857e-19 -8.70435298e+02 6.57331477e+01 3.58799124e-01 5.14028225e-02
2.21665067e-19 -8.70305839e+02 6.79670167e+01 3.76895584e-01 4.78569064e-02
2.49930468e-19 -8.70187900e+02 7.00297835e+01 3.74461027e-01 4.57181180e-02
2.96469005e-19 -8.69966426e+02 6.40527518e+01 2.19284120e-01 5.41626619e-02
3.28265938e-19 -8.69965244e+02 6.74566383e+01 1.83918222e-01 4.79581896e-02
3.41590241e-19 -8.69881929e+02 7.05653018e+01 1.84899684e-01 4.47587858e-02
3.68558955e-19 -8.69806306e+02 6.76813653e+01 2.33303438e-01 4.60676191e-02
3.87782137e-19 -8.69772445e+02 7.14484840e+01 3.10642712e-01 4.19347316e-02
3.94771203e-19 -8.69763658e+02 6.52380101e+01 3.36174086e-01 5.31357504e-02
4.40059192e-19 -8.69559016e+02 6.90180146e+01 3.56954999e-01 4.53586237e-02
4.85277292e-19 -8.69550944e+02 7.07299836e+01 2.34430023e-01 4.25468207e-02
4.97990812e-19 -8.69501239e+02 7.00183210e+01 3.39414011e-01 4.73413426e-02
5.09363930e-19 -8.69498511e+02 6.64588735e+01 3.66594977e-01 5.04123749e-02
5.25036535e-19 -8.69434980e+02 6.91322042e+01 2.29628506e-01 4.91333286e-02
5.65487751e-19 -8.69344453e+02 6.38537701e+01 2.42181120e-01 5.33742029e-02
5.96333885e-19 -8.69320199e+02 6.61512251e+01 1.86892247e-01 5.14508447e-02
6.08107624e-19 -8.69298664e+02 7.00343896e+01 2.08814698e-01 4.74920943e-02
6.19322582e-19 -8.69276996e+02 7.40249937e+01 2.41645152e-01 4.02514457e-02
6.38881475e-19 -8.69230252e+02 6.51690242e+01 1.96290504e-01 5.17188850e-02
6.96074177e-19 -8.69102404e+02 6.98143995e+01 2.71645037e-01 4.33083188e-02
9.08411995e-19 -8.68722833e+02 6.99051125e+01 3.02057651e-01 4.33756204e-02
1.13578800e-18 -8.68616027e+02 6.81274416e+01 3.17708343e-01 4.56756930e-02
1.40302347e-18 -8.68313513e+02 6.60301555e+01 2.75236229e-01 4.84753369e-02
1.63464005e-18 -8.68281253e+02 7.24293889e+01 2.12748070e-01 4.17664990e-02
1.71454904e-18 -8.68212330e+02 6.47208152e+01 2.45803712e-01 5.46055938e-02
1.88948727e-18 -8.68083261e+02 7.15432368e+01 3.58329922e-01 4.39915953e-02
2.10553671e-18 -8.67987285e+02 7.42896977e+01 3.00075516e-01 4.08657369e-02
2.21986865e-18 -8.67968635e+02 6.99999138e+01 2.52370440e-01 4.80418643e-02
2.24730059e-18 -8.67956019e+02 7.10121438e+01 2.53972677e-01 4.66156808e-02
2.43391473e-18 -8.67807879e+02 6.63880702e+01 3.62261334e-01 5.00442528e-02
2.61071024e-18 -8.67803644e+02 7.07568006e+01 1.97304266e-01 4.36002653e-02
2.71171254e-18 -8.67726779e+02 7.45521284e+01 2.60561680e-01 4.02605436e-02
2.89154900e-18 -8.67667952e+02 7.00157068e+01 2.16154050e-01 4.76204362e-02
3.15117392e-18 -8.67550727e+02 7.20030684e+01 1.99597197e-01 4.28822125e-02
3.32925792e-18 -8.67547917e+02 6.66374454e+01 1.86089062e-01 4.94326096e-02
3.39939966e-18 -8.67502877e+02 7.13271129e+01 2.91050502e-01 4.19380290e-02
3.54608870e-18 -8.67456792e+02 6.75419335e+01 3.45282127e-01 5.04133281e-02
3.77970675e-18 -8.67369972e+02 7.42680265e+01 2.56238615e-01 4.01543259e-02
4.30796445e-18 -8.67194318e+02 6.76184679e+01 1.89970888e-01 4.74921032e-02
5.74549357e-18 -8.66815395e+02 6.66303415e+01 2.47572897e-01 4.75949184e-02
7.07972232e-18 -8.66735921e+02 7.05167309e+01 3.04377441e-01 4.70856594e-02
7.37041130e-18 -8.66726705e+02 7.15619764e+01 3.50730404e-01 4.44257933e-02
7.69136629e-18 -8.66645637e+02 7.23376018e+01 2.74232285e-01 4.10685578e-02
8.69155814e-18 -8.66480693e+02 6.86887277e+01 3.25381563e-01 4.93178916e-02
9.82783950e-18 -8.66388574e+02 6.49301376e+01 2.45772500e-01 5.07160540e-02
1.04390333e-17 -8.66351593e+02 6.84524652e+01 2.09755352e-01 4.96093768e-02
1.10624295e-17 -8.66267345e+02 7.21989414e+01 2.14143058e-01 4.19544060e-02
1.21900711e-17 -8.66152334e+02 6.65663669e+01 2.20556569e-01 5.22460991e-02
1.29926396e-17 -8.66129987e+02 6.43276310e+01 2.80180781e-01 5.46846169e-02
1.39082585e-17 -8.66012786e+02 7.29346435e+01 2.89825697e-01 4.36215198e-02
1.47079541e-17 -8.66008093e+02 6.66462208e+01 3.45532936e-01 4.86491744e-02
1.48507033e-17 -8.65986920e+02 6.91047497e+01 2.42086469e-01 4.43101993e-02
1.61876632e-17 -8.65834708e+02 7.27476927e+01 2.85606700e-01 4.39398168e-02
1.76484601e-17 -8.65801948e+02 6.53933367e+01 3.00372932e-01 5.36291241e-02
1.81266632e-17 -8.65774501e+02 6.58136660e+01 3.02291124e-01 5.31768944e-02
1.91786602e-17 -8.65684308e+02 6.79960529e+01 3.03412374e-01 5.05073923e-02
2.07440073e-17 -8.65610265e+02 6.84702795e+01 1.91972845e-01 4.63324450e-02
2.16429933e-17 -8.65591521e+02 6.53222211e+01 3.09408804e-01 5.35270287e-02
2.22890808e-17 -8.65545227e+02 6.54780760e+01 3.44650673e-01 5.15093138e-02
2.68068227e-17 -8.65238621e+02 6.77570820e+01 3.07112502e-01 5.07595367e-02
3.10648376e-17 -8.65220404e+02 6.61001524e+01 3.48920619e-01 4.99819073e-02
3.39405908e-17 -8.65061147e+02 7.02536268e+01 3.60401051e-01 4.45752776e-02
3.71970842e-17 -8.65024512e+02 6.68830232e+01 1.90265997e-01 4.88323565e-02
3.86838268e-17 -8.64976353e+02 6.90908499e+01 1.89073020e-01 4.58572325e-02
4.03941800e-17 -8.64931257e+02 6.74435536e+01 3.66920803e-01 4.90473688e-02
4.12400037e-17 -8.64927746e+02 7.23294279e+01 2.82064381e-01 4.11675288e-02
4.12439911e-17 -8.64924408e+02 7.30329420e+01 3.00722985e-01 4.08848084e-02
4.51601726e-17 -8.64747483e+02 6.83568131e+01 3.59352898e-01 4.66127602e-02
6.51678922e-17 -8.64240112e+02 6.74796562e+01 1.93817086e-01 5.01888608e-02
8.17302129e-17 -8.64224298e+02 6.94524518e+01 1.85077702e-01 4.62925919e-02
8.36982800e-17 -8.64186168e+02 6.63256152e+01 3.52227480e-01 5.10656261e-02
8.71384628e-17 -8.64137316e+02 7.02704090e+01 2.53371694e-01 4.75369088e-02
9.50702224e-17 -8.64008807e+02 6.62374363e+01 2.60536469e-01 5.28818377e-02
1.12694059e-16 -8.63797549e+02 6.71451716e+01 3.15898345e-01 4.72459212e-02
1.26382247e-16 -8.63762060e+02 7.05208728e+01 2.12692139e-01 4.66351901e-02
1.29718745e-16 -8.63738601e+02 7.04333533e+01 2.84326192e-01 4.72595840e-02
1.31073551e-16 -8.63734491e+02 6.90665217e+01 2.00932270e-01 4.52966572e-02
1.31542836e-16 -8.63724817e+02 7.15732172e+01 1.99619480e-01 4.41740492e-02
1.42109652e-16 -8.63578618e+02 6.46306842e+01 2.28856147e-01 5.40329743e-02
1.53597112e-16 -8.63557466e+02 7.27741186e+01 2.61426115e-01 4.09031610e-02
1.70095339e-16 -8.63376018e+02 7.28945109e+01 2.56291312e-01 4.36397007e-02
1.86601879e-16 -8.63357441e+02 7.01753681e+01 3.17568234e-01 4.72665137e-02
1.88851959e-16 -8.63345341e+02 6.58684956e+01 3.30224619e-01 5.23737505e-02
1.97607692e-16 -8.63261850e+02 7.31207011e+01 3.23341208e-01 4.17584451e-02
2.24565602e-16 -8.63088664e+02 6.72963633e+01 3.04613837e-01 5.12887547e-02
2.48631995e-16 -8.63044580e+02 6.50534417e+01 2.06394301e-01 5.24227815e-02
2.61380086e-16 -8.62982483e+02 6.58502092e+01 3.25592093e-01 5.25053475e-02
2.80402410e-16 -8.62898234e+02 7.33567608e+01 3.10357733e-01 4.11528303e-02
3.03102155e-16 -8.62819899e+02 6.84414337e+01 1.84616585e-01 4.77808790e-02
3.18436659e-16 -8.62791538e+02 7.13301547e+01 2.19278801e-01 4.25666456e-02
3.39764837e-16 -8.62686157e+02 6.41766141e+01 2.63515522e-01 5.44353442e-02
4.23643116e-16 -8.62366301e+02 7.33202581e+01 3.16344762e-01 4.19429993e-02
5.91582727e-16 -8.62016626e+02 6.82460663e+01 3.13093937e-01 4.57186244e-02
7.39960539e-16 -8.61885910e+02 6.95492072e+01 2.74165216e-01 4.84715118e-02
9.20387803e-16 -8.61590974e+02 6.73094687e+01 2.68849839e-01 4.67107776e-02
1.12404008e-15 -8.61461965e+02 6.88101762e+01 1.87297540e-01 4.67905156e-02
1.27210920e-15 -8.61336593e+02 7.21991203e+01 3.34801637e-01 4.25247308e-02
1.35185338e-15 -8.61329793e+02 6.49132079e+01 2.45095176e-01 5.10953018e-02
1.36476156e-15 -8.61311008e+02 7.21521640e+01 2.20999478e-01 4.20398229e-02
1.38734431e-15 -8.61290333e+02 6.46564743e+01 2.48049242e-01 5.16972990e-02
1.54069412e-15 -8.61103295e+02 6.57982670e+01 3.41118651e-01 5.14540276e-02
1.73974858e-15 -8.61033159e+02 7.05080730e+01 2.97041900e-01 4.69590164e-02
1.86710639e-15 -8.60955615e+02 6.61103572e+01 2.55558214e-01 4.86651062e-02
2.15789476e-15 -8.60746433e+02 6.90708241e+01 2.13130135e-01 4.50294060e-02
2.63681909e-15 -8.60547078e+02 6.62320239e+01 1.98821054e-01 4.98969692e-02
2.97147562e-15 -8.60491655e+02 6.87097691e+01 3.59251723e-01 4.78445533e-02
3.29250393e-15 -8.60340205e+02 6.65473550e+01 2.09066494e-01 4.87377627e-02
4.00686633e-15 -8.60100839e+02 6.58667075e+01 2.37522389e-01 5.29832654e-02
4.48243185e-15 -8.60094955e+02 6.72814171e+01 2.60405515e-01 5.14424657e-02
4.50507288e-15 -8.60084127e+02 6.45583641e+01 2.39681650e-01 5.39255725e-02
4.54337996e-15 -8.60071377e+02 6.46621343e+01 2.27890170e-01 5.23524563e-02
4.88589909e-15 -8.59936604e+02 6.97606339e+01 2.21904005e-01 4.77767506e-02
5.33557006e-15 -8.59884770e+02 7.36415781e+01 2.48666271e-01 4.19343123e-02
5.56675628e-15 -8.59844842e+02 7.19100251e+01 2.87027445e-01 4.17252406e-02
5.91233533e-15 -8.59759097e+02 7.02368238e+01 2.94882025e-01 4.73139379e-02
6.16815439e-15 -8.59751645e+02 7.06015279e+01 3.53347144e-01 4.51269648e-02
6.78590886e-15 -8.59569787e+02 6.65701925e+01 2.97404697e-01 5.20914931e-02
7.60172891e-15 -8.59510555e+02 7.00335049e+01 1.92380553e-01 4.55719020e-02
7.82437588e-15 -8.59504527e+02 6.60302529e+01 3.09264949e-01 4.92429767e-02
7.86295328e-15 -8.59494081e+02 6.47827664e+01 2.54356051e-01 5.39956016e-02
8.29095388e-15 -8.59394326e+02 7.37163484e+01 2.92470932e-01 4.13832104e-02
8.84375731e-15 -8.59356208e+02 6.53422815e+01 3.18292240e-01 5.09989199e-02
8.99537345e-15 -8.59353312e+02 6.90565443e+01 3.42157192e-01 4.54449783e-02
9.01912663e-15 -8.59344297e+02 6.96501012e+01 2.30969901e-01 4.80534892e-02
9.75811693e-15 -8.59194720e+02 6.78120196e+01 2.34214640e-01 5.05774460e-02
1.07527603e-14 -8.59138711e+02 7.14609603e+01 3.38428755e-01 4.45099191e-02
1.20399250e-14 -8.58968392e+02 6.76846485e+01 2.88952082e-01 4.63554114e-02
1.38481612e-14 -8.58848552e+02 6.65165335e+01 3.15094289e-01 5.18361627e-02
1.47768093e-14 -8.58828436e+02 6.94633621e+01 2.96236910e-01 4.41689831e-02
1.56071583e-14 -8.58734652e+02 6.69331111e+01 3.28846879e-01 5.10547811e-02
1.67282618e-14 -8.58681548e+02 6.78215621e+01 2.07252964e-01 4.69109611e-02
1.81634862e-14 -8.58566000e+02 7.29182631e+01 3.12875397e-01 4.26830692e-02
1.93052228e-14 -8.58549698e+02 6.53156547e+01 2.65215865e-01 5.35655413e-02
1.96048425e-14 -8.58528587e+02 7.07111397e+01 2.73708197e-01 4.67179995e-02
2.05314013e-14 -8.58452038e+02 7.03269053e+01 3.22285605e-01 4.67442164e-02
2.16307537e-14 -8.58416462e+02 6.57801966e+01 2.47105684e-01 4.94466075e-02
2.29470659e-14 -8.58328837e+02 6.70237249e+01 2.26172636e-01 5.14200193e-02
2.79211294e-14 -8.58036753e+02 7.32695180e+01 2.47386524e-01 4.25521709e-02
3.23860082e-14 -8.58004503e+02 6.44130208e+01 2.82104700e-01 5.32514914e-02
3.28483448e-14 -8.58001490e+02 7.07799605e+01 1.98672744e-01 4.47373695e-02
3.31323562e-14 -8.57980735e+02 7.37386977e+01 2.66720632e-01 4.10097041e-02
3.62633290e-14 -8.57820542e+02 7.32254289e+01 2.50319538e-01 4.11160992e-02
4.02902934e-14 -8.57758040e+02 6.59004149e+01 2.29088762e-01 4.95132579e-02
4.14757743e-14 -8.57754915e+02 6.54154297e+01 3.19084802e-01 5.24855880e-02
4.23755118e-14 -8.57708987e+02 6.80708566e+01 3.35167678e-01 4.66118533e-02
4.68722608e-14 -8.57552163e+02 7.30174361e+01 2.33134776e-01 4.26072232e-02
5.32865058e-14 -8.57442671e+02 7.04274962e+01 2.13058942e-01 4.37998474e-02
6.23080438e-14 -8.57239953e+02 6.53384909e+01 2.32365745e-01 5.31882293e-02
6.87305031e-14 -8.57229581e+02 6.81596842e+01 3.21165743e-01 4.96704594e-02
6.97110606e-14 -8.57205089e+02 7.10355786e+01 3.33538803e-01 4.52926747e-02
7.25005524e-14 -8.57145202e+02 6.53488941e+01 2.14328284e-01 5.24127594e-02
7.51100161e-14 -8.57126901e+02 7.20733750e+01 3.01482232e-01 4.43999235e-02
7.60414131e-14 -8.57113856e+02 6.53388449e+01 2.65720182e-01 5.34509643e-02
7.71741427e-14 -8.57090764e+02 6.52355148e+01 2.63599513e-01 5.35343604e-02
7.78947548e-14 -8.57088480e+02 6.75035504e+01 3.41584793e-01 4.77238179e-02
8.00409479e-14 -8.57030585e+02 7.03333235e+01 2.05118537e-01 4.42612902e-02
8.37329415e-14 -8.56991187e+02 6.61964898e+01 2.10646945e-01 4.95803412e-02
8.74174431e-14 -8.56938121e+02 7.29444546e+01 2.28790403e-01 4.21348094e-02
9.32426270e-14 -8.56856473e+02 6.55828073e+01 2.81412908e-01 4.99111204e-02
9.86957219e-14 -8.56816525e+02 7.11787456e+01 3.00621360e-01 4.57700907e-02
1.01784098e-13 -8.56787998e+02 6.45226067e+01 2.79167747e-01 5.34923211e-02
1.05133926e-13 -8.56745358e+02 6.81340565e+01 3.15126008e-01 4.61358993e-02
1.12816377e-13 -8.56642479e+02 6.55653139e+01 3.17751024e-01 5.07111272e-02
1.22181938e-13 -8.56577610e+02 7.12759999e+01 2.95644530e-01 4.56727558e-02
1.33116115e-13 -8.56466439e+02 6.54063551e+01 3.12596203e-01 5.26101732e-02
1.49820158e-13 -8.56335708e+02 6.57010676e+01 3.28826862e-01 5.14820571e-02
1.72585775e-13 -8.56178749e+02 6.51195279e+01 3.00629401e-01 5.30556904e-02
1.87032237e-13 -8.56162195e+02 6.72773817e+01 2.61557496e-01 4.69837209e-02
1.93831701e-13 -8.56101526e+02 6.94184736e+01 3.44428605e-01 4.53544556e-02
2.02563405e-13 -8.56066796e+02 7.01573764e+01 1.99551717e-01 4.49081176e-02
2.11323226e-13 -8.56010685e+02 6.72183539e+01 1.98697579e-01 5.00585875e-02
2.19542685e-13 -8.55983226e+02 6.59879531e+01 3.01510294e-01 5.24490511e-02
2.24843608e-13 -8.55956305e+02 7.16252009e+01 2.12164650e-01 4.42458651e-02
2.27245236e-13 -8.55955140e+02 6.82258478e+01 1.95434518e-01 4.72421507e-02
2.26881500e-13 -8.55952854e+02 6.73658673e+01 3.24212599e-01 4.74762217e-02
2.31044471e-13 -8.55912525e+02 7.28831779e+01 2.79089773e-01 4.32325749e-02
2.37122952e-13 -8.55893941e+02 6.48804508e+01 2.57302446e-01 5.15355524e-02
2.47615880e-13 -8.55820530e+02 6.61788481e+01 2.43297623e-01 5.24774273e-02
2.56910729e-13 -8.55812256e+02 6.91866782e+01 2.40944037e-01 4.86639783e-02
2.57609794e-13 -8.55808427e+02 6.46173814e+01 2.43173191e-01 5.27404533e-02
2.60786738e-13 -8.55781267e+02 7.26651175e+01 2.66990331e-01 4.13558144e-02
2.77622656e-13 -8.55679076e+02 7.13880770e+01 2.73916349e-01 4.22679439e-02
2.94955040e-13 -8.55651077e+02 6.99171064e+01 3.46307407e-01 4.63668989e-02
3.10089314e-13 -8.55573648e+02 6.59206383e+01 3.09134612e-01 5.23233752e-02
3.27411919e-13 -8.55534587e+02 6.50081994e+01 2.92562830e-01 5.32170430e-02
3.39342827e-13 -8.55495411e+02 6.67488441e+01 3.28775144e-01 5.10118269e-02
3.48797816e-13 -8.55472714e+02 7.22875410e+01 2.26843129e-01 4.22082282e-02
3.62854699e-13 -8.55410572e+02 6.61716065e+01 2.73109000e-01 5.25234704e-02
3.88112871e-13 -8.55332047e+02 6.58748302e+01 2.99333276e-01 4.96416410e-02
4.49077010e-13 -8.55121628e+02 7.24205113e+01 2.47612711e-01 4.39003951e-02
5.07135097e-13 -8.55071797e+02 6.76181482e+01 2.23502673e-01 4.69308311e-02
5.31081729e-13 -8.55022678e+02 6.90872969e+01 2.84682732e-01 4.46706378e-02
5.63953988e-13 -8.54945898e+02 7.07521128e+01 2.91223128e-01 4.29543493e-02
5.85114715e-13 -8.54940884e+02 6.69561232e+01 3.30601235e-01 4.84123790e-02
5.84846446e-13 -8.54940154e+02 6.51303483e+01 2.92636926e-01 5.31247961e-02
5.84103977e-13 -8.54936772e+02 6.82604483e+01 1.99903308e-01 4.88210064e-02
5.86849184e-13 -8.54924157e+02 7.20282638e+01 2.44984577e-01 4.19458270e-02
6.10201984e-13 -8.54853288e+02 7.23896259e+01 2.99193679e-01 4.37703633e-02
6.84339652e-13 -8.54693309e+02 6.76567568e+01 3.43695574e-01 4.78080323e-02
7.95895161e-13 -8.54543798e+02 6.62032844e+01 3.34578419e-01 5.05675174e-02
8.88930210e-13 -8.54461654e+02 6.53976516e+01 2.20948455e-01 5.24479814e-02
1.01872441e-12 -8.54271871e+02 6.71545867e+01 1.97666388e-01 4.96886272e-02
1.12182352e-12 -8.54253286e+02 7.01905759e+01 2.64982936e-01 4.34388895e-02
1.15223133e-12 -8.54212064e+02 6.53529191e+01 2.26120785e-01 5.26863888e-02
1.20064247e-12 -8.54164459e+02 6.76273728e+01 2.75840053e-01 4.65704474e-02
1.24086116e-12 -8.54139105e+02 6.52438728e+01 2.46056230e-01 5.32096880e-02
1.25595478e-12 -8.54133470e+02 6.78738182e+01 1.96920489e-01 4.78458446e-02
1.26479702e-12 -8.54118467e+02 7.05032676e+01 3.20461596e-01 4.36575348e-02
1.31648651e-12 -8.54047893e+02 6.93925837e+01 2.23320465e-01 4.80526415e-02
1.36242068e-12 -8.54041982e+02 7.14311661e+01 2.40519385e-01 4.24854087e-02
1.38226685e-12 -8.54012522e+02 6.79443554e+01 3.03758802e-01 5.00757323e-02
1.41217367e-12 -8.53992400e+02 7.18845721e+01 3.20436817e-01 4.26958484e-02
1.50612723e-12 -8.53880094e+02 7.06440144e+01 2.59649718e-01 4.30198604e-02
1.58878632e-12 -8.53875740e+02 7.29586090e+01 2.65063851e-01 4.29833706e-02
1.59180561e-12 -8.53869646e+02 6.77452242e+01 3.46979100e-01 4.80144172e-02
1.72995495e-12 -8.53709062e+02 7.18466505e+01 2.37205683e-01 4.46125469e-02
1.88955020e-12 -8.53680271e+02 6.62257263e+01 2.29240258e-01 4.91591801e-02
1.94496555e-12 -8.53644705e+02 6.72889350e+01 2.53862157e-01 5.11423868e-02
2.06644487e-12 -8.53554176e+02 7.01572070e+01 2.77037603e-01 4.72966481e-02
2.42398739e-12 -8.53329434e+02 6.64883943e+01 3.22238112e-01 5.12852208e-02
2.74370742e-12 -8.53287566e+02 6.96973195e+01 1.98373072e-01 4.61994103e-02
2.81673785e-12 -8.53269879e+02 7.16495082e+01 3.28763110e-01 4.38968981e-02
2.95361265e-12 -8.53187624e+02 6.93952337e+01 2.87166580e-01 4.82851757e-02
3.09037521e-12 -8.53171074e+02 6.69283110e+01 3.06895118e-01 4.79890980e-02
3.15866495e-12 -8.53137468e+02 6.52845014e+01 2.32453884e-01 5.28006292e-02
3.27272900e-12 -8.53093666e+02 6.69622623e+01 2.02235729e-01 5.02022926e-02
3.44554889e-12 -8.53028477e+02 6.79152208e+01 2.90766495e-01 4.63029371e-02
3.68902957e-12 -8.52950893e+02 7.01310440e+01 3.03187555e-01 4.70802987e-02
3.87976693e-12 -8.52919736e+02 6.75948020e+01 3.00196070e-01 5.05072902e-02
4.05530886e-12 -8.52856491e+02 6.91862873e+01 1.98840693e-01 4.61891940e-02
4.18604727e-12 -8.52848636e+02 7.06762236e+01 2.31422857e-01 4.62865684e-02
4.29012392e-12 -8.52801263e+02 6.50906603e+01 2.83717256e-01 5.30624217e-02
4.42951957e-12 -8.52777609e+02 7.03568398e+01 3.06437024e-01 4.67004235e-02
4.94449968e-12 -8.52583868e+02 6.55186818e+01 2.44289506e-01 5.28793631e-02
6.18908418e-12 -8.52328784e+02 7.23794288e+01 3.09337456e-01 4.23404441e-02
6.95154414e-12 -8.52328636e+02 6.79268131e+01 3.25378247e-01 4.68897989e-02
7.00437359e-12 -8.52307103e+02 7.21222883e+01 3.02627189e-01 4.39809498e-02
7.08980401e-12 -8.52297641e+02 6.98841276e+01 3.23221375e-01 4.44324561e-02
7.33904128e-12 -8.52232388e+02 7.25390822e+01 2.77837223e-01 4.35931058e-02
7.56898869e-12 -8.52228223e+02 6.74503540e+01 1.98439204e-01 4.89503739e-02
8.01888655e-12 -8.52113534e+02 7.03732937e+01 2.06217117e-01 4.57569756e-02
8.55969369e-12 -8.52087915e+02 7.29322990e+01 2.64153611e-01 4.28710101e-02
8.86677258e-12 -8.52036873e+02 6.63553261e+01 2.85791692e-01 4.87660200e-02
9.38653077e-12 -8.51967869e+02 7.22933042e+01 2.55967864e-01 4.18413571e-02
1.13966221e-11 -8.51663948e+02 6.58672129e+01 2.65129266e-01 4.96096504e-02
1.33622787e-11 -8.51620445e+02 6.52635879e+01 2.35324703e-01 5.26848025e-02
1.37258008e-11 -8.51603211e+02 6.60771083e+01 2.29151951e-01 5.20858103e-02
1.41729109e-11 -8.51550305e+02 6.53274063e+01 2.70184226e-01 5.08086094e-02
1.49342797e-11 -8.51492050e+02 6.49221970e+01 2.45190216e-01 5.26165917e-02
1.55774423e-11 -8.51458749e+02 6.58246653e+01 2.74571413e-01 5.26153542e-02
1.59252566e-11 -8.51441031e+02 6.99112191e+01 3.17668528e-01 4.70635501e-02
1.61684208e-11 -8.51421800e+02 6.99040765e+01 2.91242187e-01 4.74670340e-02
1.64497278e-11 -8.51399905e+02 6.73123881e+01 2.95279547e-01 4.73085957e-02
1.66045003e-11 -8.51396298e+02 7.00415724e+01 2.42326557e-01 4.72898142e-02
1.75240661e-11 -8.51288355e+02 7.27974924e+01 2.46402240e-01 4.28203142e-02
1.90217240e-11 -8.51223761e+02 6.73938485e+01 2.00127425e-01 4.91102136e-02
2.08589617e-11 -8.51100074e+02 7.30977053e+01 2.77179488e-01 4.17805101e-02
2.24009090e-11 -8.51070861e+02 7.15387982e+01 3.18781002e-01 4.44387224e-02
2.29279861e-11 -8.51046836e+02 6.79215675e+01 2.74694996e-01 5.02230377e-02
2.45385667e-11 -8.50931603e+02 6.98380426e+01 2.79848314e-01 4.39706567e-02
2.61078420e-11 -8.50912970e+02 7.14148879e+01 2.91976864e-01 4.52191594e-02
2.75614223e-11 -8.50818718e+02 6.53953232e+01 2.27118420e-01 5.20831108e-02
2.96080525e-11 -8.50761650e+02 7.07442125e+01 2.62868719e-01 4.63560252e-02
3.28350313e-11 -8.50610087e+02 6.77541873e+01 3.41850159e-01 4.81521502e-02
3.67452397e-11 -8.50525999e+02 6.77359737e+01 3.36986525e-01 4.91967051e-02
3.88587897e-11 -8.50490134e+02 6.73532212e+01 2.13767502e-01 5.02420422e-02
4.16657045e-11 -8.50382432e+02 7.26053889e+01 2.37540209e-01 4.24915461e-02
4.44482231e-11 -8.50351526e+02 6.69492272e+01 2.61398070e-01 4.77656064e-02
4.54596620e-11 -8.50330646e+02 7.11523812e+01 2.48736980e-01 4.56638785e-02
4.78783369e-11 -8.50243005e+02 7.20373796e+01 3.14836882e-01 4.33920631e-02
5.01376394e-11 -8.50229896e+02 7.25055336e+01 3.01201496e-01 4.29905994e-02
5.05914113e-11 -8.50218320e+02 7.22167891e+01 3.01943981e-01 4.36309190e-02
5.14213978e-11 -8.50190850e+02 6.57253584e+01 2.96594262e-01 5.22786664e-02
5.37212742e-11 -8.50125049e+02 6.58809825e+01 2.94784862e-01 4.99553644e-02
5.66365142e-11 -8.50077977e+02 6.72903465e+01 2.05986394e-01 4.98343752e-02
5.86211253e-11 -8.50049165e+02 7.26939747e+01 2.73323338e-01 4.17757365e-02
5.94556119e-11 -8.50042854e+02 6.51990306e+01 2.90101199e-01 5.24017373e-02
6.33041090e-11 -8.49920782e+02 6.88547197e+01 2.37403004e-01 4.88200990e-02
6.93336257e-11 -8.49851708e+02 7.15850586e+01 3.04448209e-01 4.46793327e-02
7.16839544e-11 -8.49846267e+02 7.08755806e+01 2.95313774e-01 4.31286781e-02
7.25054733e-11 -8.49822398e+02 6.78979476e+01 2.05878967e-01 4.91528539e-02
7.57254708e-11 -8.49753742e+02 6.57662034e+01 2.52751031e-01 5.00001933e-02
7.81780725e-11 -8.49750817e+02 7.13562945e+01 2.17216146e-01 4.37039689e-02
7.99703777e-11 -8.49702338e+02 6.78460466e+01 3.30198074e-01 4.73694417e-02
8.38038072e-11 -8.49650598e+02 7.29231950e+01 2.82292845e-01 4.23530424e-02
8.77770136e-11 -8.49602939e+02 6.94531806e+01 2.02071322e-01 4.63591540e-02
9.83789791e-11 -8.49423370e+02 6.52434249e+01 2.45124857e-01 5.14749896e-02
1.09204340e-10 -8.49379917e+02 6.91263225e+01 2.68474757e-01 4.85743451e-02
1.12267488e-10 -8.49361005e+02 6.97551126e+01 3.37684055e-01 4.54013162e-02
1.16368182e-10 -8.49302285e+02 7.24166704e+01 3.01943484e-01 4.30017168e-02
1.19483713e-10 -8.49300647e+02 6.96300157e+01 3.25097736e-01 4.71351876e-02
1.25187021e-10 -8.49204673e+02 7.14216141e+01 2.85943777e-01 4.51755940e-02
1.35989574e-10 -8.49127634e+02 6.65159894e+01 2.10189878e-01 5.04452447e-02
1.48825981e-10 -8.49019079e+02 6.87325383e+01 3.09120066e-01 4.87166984e-02
1.59671850e-10 -8.48977774e+02 6.76876007e+01 2.94746773e-01 4.68670519e-02
1.67346852e-10 -8.48918966e+02 7.19067127e+01 2.97963233e-01 4.24823807e-02
1.71774177e-10 -8.48918030e+02 7.00566788e+01 2.94077232e-01 4.71032132e-02
1.72181140e-10 -8.48907605e+02 7.20868939e+01 2.95325468e-01 4.23478986e-02
1.75956570e-10 -8.48868352e+02 6.67166971e+01 3.26293673e-01 4.93920645e-02
1.82728416e-10 -8.48825495e+02 7.08165891e+01 2.51676201e-01 4.61144659e-02
1.87923861e-10 -8.48805268e+02 7.24335762e+01 2.39596210e-01 4.30766675e-02
1.93392845e-10 -8.48761836e+02 7.22367655e+01 2.73762251e-01 4.20483556e-02
1.99192355e-10 -8.48739174e+02 6.58440102e+01 3.08854746e-01 5.07040014e-02
2.04028229e-10 -8.48707330e+02 6.50998219e+01 2.65166386e-01 5.26027061e-02
2.12189497e-10 -8.48654520e+02 6.73816026e+01 3.20228993e-01 4.78554850e-02
2.17432644e-10 -8.48651162e+02 6.67387074e+01 2.27499225e-01 4.86213420e-02
2.27117064e-10 -8.48562666e+02 6.60034511e+01 2.89201193e-01 4.97317518e-02
2.37166419e-10 -8.48555967e+02 6.51321597e+01 2.49263996e-01 5.22890976e-02
2.50510465e-10 -8.48449361e+02 6.53206490e+01 2.56186579e-01 5.26560642e-02
2.63205132e-10 -8.48447606e+02 7.16685112e+01 2.23547150e-01 4.38977953e-02
2.63833631e-10 -8.48437958e+02 6.53459487e+01 2.75450277e-01 5.11577434e-02
2.69760520e-10 -8.48396917e+02 6.51510487e+01 2.48841709e-01 5.21035768e-02
2.75842580e-10 -8.48386318e+02 6.64114947e+01 2.50601581e-01 4.88473431e-02
2.76530764e-10 -8.48385250e+02 6.60118087e+01 2.22894782e-01 5.15489282e-02
2.78175136e-10 -8.48367880e+02 7.25570888e+01 2.65913292e-01 4.19633771e-02
2.87859997e-10 -8.48310884e+02 6.58915921e+01 3.02017252e-01 5.03098093e-02
3.02152389e-10 -8.48264046e+02 6.63192154e+01 3.19497650e-01 5.00837244e-02
3.09934467e-10 -8.48252853e+02 6.62405764e+01 3.19762988e-01 5.05793501e-02
3.33407653e-10 -8.48116026e+02 6.51287325e+01 2.54455686e-01 5.22890041e-02
3.56607387e-10 -8.48107002e+02 6.96092904e+01 2.80342889e-01 4.43487908e-02
3.72099687e-10 -8.48025940e+02 6.63067140e+01 3.20100375e-01 5.06336874e-02
3.94230473e-10 -8.47983604e+02 6.70260119e+01 2.94922093e-01 5.09733170e-02
4.08063137e-10 -8.47950144e+02 7.15257509e+01 3.05337482e-01 4.46074733e-02
4.19292794e-10 -8.47922564e+02 6.98640092e+01 2.17725948e-01 4.47692466e-02
4.33902070e-10 -8.47875356e+02 6.81974743e+01 2.22296975e-01 4.93047233e-02
4.53906004e-10 -8.47825822e+02 6.65821202e+01 3.07069340e-01 4.89875876e-02
4.64092636e-10 -8.47823700e+02 7.20640697e+01 2.31417504e-01 4.30881200e-02
4.75071564e-10 -8.47773044e+02 7.03076253e+01 2.86938582e-01 4.36800748e-02
5.12442966e-10 -8.47667727e+02 6.88060521e+01 2.03644841e-01 4.69263349e-02
5.52345758e-10 -8.47614359e+02 7.16328839e+01 2.81841692e-01 4.25299856e-02
5.73222446e-10 -8.47586356e+02 6.69636627e+01 2.08384444e-01 4.95992914e-02
6.11975283e-10 -8.47479524e+02 6.94722676e+01 3.06185250e-01 4.76796329e-02
6.47512191e-10 -8.47464017e+02 6.84040635e+01 2.92705950e-01 4.92979526e-02
6.59576036e-10 -8.47436084e+02 7.26787197e+01 2.64179559e-01 4.28613165e-02
6.66614628e-10 -8.47435937e+02 6.77366010e+01 2.06878088e-01 4.90897567e-02
6.85690062e-10 -8.47373961e+02 6.80248322e+01 2.56323360e-01 4.99292436e-02
7.12514301e-10 -8.47351697e+02 6.77562707e+01 3.20938369e-01 4.95458394e-02
7.47966645e-10 -8.47271666e+02 6.67459818e+01 2.20108395e-01 5.08275660e-02
7.97313232e-10 -8.47216425e+02 6.58647881e+01 3.07093695e-01 5.09613165e-02
8.21515706e-10 -8.47204476e+02 7.13696383e+01 2.54113863e-01 4.27524573e-02
8.42453649e-10 -8.47159895e+02 6.84028897e+01 3.00694183e-01 4.60435239e-02
8.82024256e-10 -8.47106241e+02 7.11129038e+01 2.86923100e-01 4.55230513e-02
9.13350908e-10 -8.47082855e+02 6.75140308e+01 2.82038018e-01 4.71097218e-02
1.13132351e-09 -8.46706590e+02 6.99585032e+01 2.39623359e-01 4.41977406e-02
1.35753574e-09 -8.46676671e+02 6.54071686e+01 2.81678076e-01 5.21533537e-02
1.38382453e-09 -8.46661409e+02 6.96396482e+01 2.96391011e-01 4.45233753e-02
1.43352049e-09 -8.46600325e+02 6.55009220e+01 2.39077723e-01 5.14322012e-02
1.48619912e-09 -8.46581729e+02 7.13049192e+01 3.18585483e-01 4.38118951e-02
1.50636547e-09 -8.46566684e+02 6.56689520e+01 2.93967852e-01 5.09409435e-02
1.53696931e-09 -8.46535042e+02 6.87941571e+01 2.13183859e-01 4.80944625e-02
1.56052261e-09 -8.46529370e+02 6.55781373e+01 2.74176201e-01 5.23234831e-02
1.55998300e-09 -8.46529070e+02 6.57906299e+01 2.28386717e-01 5.11469913e-02
1.58936897e-09 -8.46485857e+02 7.03379276e+01 3.29717189e-01 4.54312765e-02
1.62678350e-09 -8.46475440e+02 6.73351265e+01 2.88938837e-01 4.74778526e-02
1.69753585e-09 -8.46395620e+02 6.82742418e+01 2.45501766e-01 4.94974329e-02
1.80598891e-09 -8.46343997e+02 6.99753300e+01 2.48612349e-01 4.40922910e-02
1.88066965e-09 -8.46307591e+02 7.24031987e+01 2.77711169e-01 4.22576694e-02
1.91595478e-09 -8.46299848e+02 7.06514060e+01 3.18264795e-01 4.55431987e-02
1.96923466e-09 -8.46246767e+02 6.56055024e+01 2.62624468e-01 5.06622047e-02
2.08529168e-09 -8.46179105e+02 6.71545168e+01 3.28433653e-01 4.92135355e-02
2.15561719e-09 -8.46172641e+02 6.91957826e+01 3.14431532e-01 4.78125972e-02
2.17316032e-09 -8.46156295e+02 6.97699979e+01 2.11557843e-01 4.64848921e-02
2.24468365e-09 -8.46101894e+02 6.92171977e+01 3.15948219e-01 4.77408936e-02
2.32171906e-09 -8.46081517e+02 6.88788123e+01 2.11951533e-01 4.78671986e-02
2.44127548e-09 -8.45996515e+02 6.82678093e+01 2.52332049e-01 4.60907567e-02
2.53774377e-09 -8.45995546e+02 6.59006269e+01 2.32329877e-01 5.16700097e-02
2.61307626e-09 -8.45932351e+02 7.08718595e+01 2.33517661e-01 4.56101669e-02
2.70980441e-09 -8.45915269e+02 6.99235588e+01 3.07156650e-01 4.44341177e-02
2.78513267e-09 -8.45871269e+02 6.93424704e+01 2.07968621e-01 4.61709665e-02
2.88605536e-09 -8.45837229e+02 7.09053395e+01 2.17888513e-01 4.45994270e-02
2.99878254e-09 -8.45788291e+02 6.67190309e+01 2.95645058e-01 5.11298912e-02
3.06363830e-09 -8.45787181e+02 7.01867665e+01 3.18372171e-01 4.62405022e-02
3.07138968e-09 -8.45776609e+02 7.10703373e+01 2.29035096e-01 4.35556361e-02
3.08322495e-09 -8.45772809e+02 6.90070559e+01 2.23523666e-01 4.81231268e-02
3.12281262e-09 -8.45744632e+02 7.09991978e+01 2.19087032e-01 4.44550911e-02
3.17532114e-09 -8.45732642e+02 6.77068800e+01 3.23331254e-01 4.77047363e-02
3.47858380e-09 -8.45562718e+02 7.23285582e+01 2.47889726e-01 4.31129059e-02
3.78657740e-09 -8.45549148e+02 6.56698883e+01 2.78897183e-01 5.06881934e-02
3.82322983e-09 -8.45536788e+02 6.67099340e+01 2.19159159e-01 4.93221569e-02
3.84856024e-09 -8.45529261e+02 7.08595332e+01 3.19285328e-01 4.50214095e-02
3.89115847e-09 -8.45508214e+02 6.72588180e+01 2.36334714e-01 4.77705472e-02
4.01382465e-09 -8.45460977e+02 6.94720472e+01 3.33360860e-01 4.60479964e-02
4.34361544e-09 -8.45346358e+02 6.80461727e+01 3.26398785e-01 4.73471990e-02
4.58475540e-09 -8.45342982e+02 6.56671062e+01 2.88389141e-01 5.09816175e-02
4.63463080e-09 -8.45318213e+02 7.21757381e+01 2.73140289e-01 4.23714919e-02
5.10571193e-09 -8.45149661e+02 6.97751050e+01 3.31592227e-01 4.59639877e-02
5.55760157e-09 -8.45134905e+02 7.11529004e+01 2.22574488e-01 4.44225321e-02
5.61133429e-09 -8.45123738e+02 6.99548928e+01 2.78091940e-01 4.41143904e-02
6.27629956e-09 -8.44915097e+02 6.70319933e+01 2.13743882e-01 4.98294637e-02
7.16488301e-09 -8.44842707e+02 6.87734664e+01 2.53733301e-01 4.54893674e-02
7.45192944e-09 -8.44828619e+02 6.89999889e+01 2.13283994e-01 4.76395757e-02
7.52564932e-09 -8.44816351e+02 6.92127772e+01 3.24112510e-01 4.73774718e-02
7.66064527e-09 -8.44786589e+02 6.61477105e+01 2.34585697e-01 4.99641261e-02
7.84849890e-09 -8.44761183e+02 7.07185186e+01 2.20239087e-01 4.43420568e-02
8.10474976e-09 -8.44716025e+02 6.75317836e+01 3.28650411e-01 4.87567590e-02
8.72060924e-09 -8.44610332e+02 7.15593329e+01 2.65947798e-01 4.27283005e-02
9.20764882e-09 -8.44597926e+02 6.97175212e+01 2.97338949e-01 4.73101828e-02
9.28722211e-09 -8.44586461e+02 6.96649288e+01 2.26072028e-01 4.49174138e-02
9.73193662e-09 -8.44499577e+02 6.91165701e+01 2.42990304e-01 4.82511573e-02
1.01872380e-08 -8.44486516e+02 7.03432699e+01 3.03077814e-01 4.62965674e-02
1.06271782e-08 -8.44409792e+02 6.59519307e+01 2.87813179e-01 5.02652321e-02
1.11575920e-08 -8.44381182e+02 6.63691618e+01 2.33074386e-01 5.12831953e-02
1.14206268e-08 -8.44356483e+02 6.75201745e+01 2.88512641e-01 5.02665218e-02
1.16958229e-08 -8.44326971e+02 6.97677259e+01 2.19883413e-01 4.50686859e-02
1.21482165e-08 -8.44274399e+02 7.03582224e+01 2.31368413e-01 4.62500423e-02
1.28684526e-08 -8.44205614e+02 6.65958582e+01 3.08686976e-01 5.07061883e-02
1.33920717e-08 -8.44186881e+02 6.60924955e+01 2.27870843e-01 5.08492741e-02
1.36222670e-08 -8.44164906e+02 6.88467827e+01 2.10733338e-01 4.66319381e-02
1.38375597e-08 -8.44148807e+02 6.73319558e+01 3.07127300e-01 5.01358838e-02
1.40116330e-08 -8.44133243e+02 6.58102738e+01 2.36390080e-01 5.13285970e-02
1.41341477e-08 -8.44124698e+02 6.97168617e+01 2.21091358e-01 4.50810960e-02
1.44818232e-08 -8.44078502e+02 6.99492408e+01 2.35076019e-01 4.69345355e-02
1.57173866e-08 -8.43957425e+02 7.01345856e+01 3.26214079e-01 4.52561912e-02
1.66723596e-08 -8.43950227e+02 6.75531220e+01 3.26114746e-01 4.84800604e-02
1.67325384e-08 -8.43943562e+02 6.71172125e+01 2.14798223e-01 4.96857047e-02
1.68134977e-08 -8.43933930e+02 6.66738567e+01 2.18905138e-01 4.98220470e-02
1.70742016e-08 -8.43906300e+02 6.97511938e+01 2.64082360e-01 4.43694701e-02
1.78357340e-08 -8.43840883e+02 6.55863281e+01 2.73976750e-01 5.18168787e-02
1.94877594e-08 -8.43724778e+02 7.03894162e+01 3.18001927e-01 4.57083345e-02
2.18376020e-08 -8.43606652e+02 6.63951344e+01 2.62043552e-01 4.91641273e-02
2.33015435e-08 -8.43584981e+02 7.19790183e+01 2.54469438e-01 4.27006832e-02
2.36787131e-08 -8.43567839e+02 6.62728966e+01 2.26959751e-01 5.02834639e-02
2.48791813e-08 -8.43481217e+02 6.92458516e+01 3.00112351e-01 4.78566647e-02
2.62562826e-08 -8.43451777e+02 6.68070938e+01 2.39521065e-01 4.86289108e-02
2.73554184e-08 -8.43393185e+02 6.63887567e+01 2.24188255e-01 5.04805556e-02
2.90292249e-08 -8.43326594e+02 6.82080760e+01 2.95958157e-01 4.64654233e-02
3.04555749e-08 -8.43289827e+02 6.98204085e+01 2.91395873e-01 4.71660382e-02
3.14531166e-08 -8.43255438e+02 6.92273450e+01 2.37713877e-01 4.52114658e-02
3.22326933e-08 -8.43234024e+02 6.69824529e+01 2.19907209e-01 5.01098318e-02
3.36533076e-08 -8.43163646e+02 6.81980735e+01 3.27319505e-01 4.75214507e-02
3.51183822e-08 -8.43141031e+02 7.05944525e+01 3.04747306e-01 4.39660834e-02
3.65277317e-08 -8.43079126e+02 6.63163218e+01 2.57313085e-01 4.93844424e-02
3.89280655e-08 -8.43007416e+02 7.13501775e+01 2.96105256e-01 4.46884287e-02
4.14974483e-08 -8.42944347e+02 6.63667351e+01 2.39262177e-01 4.95491743e-02
4.34430389e-08 -8.42908451e+02 7.21963519e+01 2.77555995e-01 4.28004288e-02
4.49901615e-08 -8.42867796e+02 6.87136717e+01 3.17015376e-01 4.81252376e-02
4.62195881e-08 -8.42847564e+02 6.58352510e+01 2.60267495e-01 5.18178699e-02
4.67785611e-08 -8.42837023e+02 6.68704035e+01 2.20588303e-01 4.93274204e-02
4.74196871e-08 -8.42813791e+02 6.61232247e+01 2.57344992e-01 4.98232157e-02
4.81074117e-08 -8.42801473e+02 7.13845965e+01 3.06016993e-01 4.41668929e-02
4.89797109e-08 -8.42771384e+02 6.65420943e+01 3.06957373e-01 5.05510349e-02
5.00477733e-08 -8.42751546e+02 6.95645521e+01 2.16966399e-01 4.67674728e-02
5.13282703e-08 -8.42714447e+02 6.57312933e+01 2.47606155e-01 5.12775391e-02
5.21099951e-08 -8.42714316e+02 7.03836563e+01 3.18338723e-01 4.46903125e-02
5.32660858e-08 -8.42664525e+02 7.01669682e+01 2.57005803e-01 4.40357672e-02
5.54312931e-08 -8.42627691e+02 7.00124611e+01 3.08500488e-01 4.46124042e-02
5.82427679e-08 -8.42559733e+02 6.97291280e+01 2.35446599e-01 4.71644924e-02
6.07939205e-08 -8.42534303e+02 6.99918885e+01 2.70278512e-01 4.70296523e-02
6.39870098e-08 -8.42452219e+02 6.86803120e+01 2.71787843e-01 4.88257733e-02
6.68297945e-08 -8.42439069e+02 6.86435675e+01 2.18171860e-01 4.81432022e-02
6.82168096e-08 -8.42404731e+02 6.92067572e+01 3.07281736e-01 4.54537925e-02
6.96144306e-08 -8.42391600e+02 6.88428474e+01 2.55556038e-01 4.86004725e-02
7.69925246e-08 -8.42205230e+02 6.64925202e+01 2.35723335e-01 4.94640210e-02
8.54826773e-08 -8.42167420e+02 6.97378657e+01 3.06106969e-01 4.69592798e-02
9.09092000e-08 -8.42077159e+02 7.19309222e+01 2.56814098e-01 4.28730376e-02
9.62373057e-08 -8.42045074e+02 7.03607821e+01 3.15122861e-01 4.56740845e-02
1.03585913e-07 -8.41926585e+02 7.05657947e+01 2.22648813e-01 4.47262627e-02
1.13916633e-07 -8.41846387e+02 6.80297899e+01 3.20427788e-01 4.86720363e-02
1.19074497e-07 -8.41829826e+02 6.83121989e+01 3.22222213e-01 4.71939520e-02
1.20859453e-07 -8.41810003e+02 6.91664051e+01 2.44543156e-01 4.80464738e-02
1.25011379e-07 -8.41756241e+02 6.95120491e+01 2.14914781e-01 4.60933991e-02
1.29544942e-07 -8.41731531e+02 6.57841973e+01 2.62219365e-01 5.15758440e-02
1.30985478e-07 -8.41727320e+02 6.98651719e+01 2.16682149e-01 4.57220439e-02
1.33632958e-07 -8.41685292e+02 6.79975389e+01 3.22143569e-01 4.85535525e-02
1.38788093e-07 -8.41644928e+02 6.64122314e+01 2.58870092e-01 4.93130187e-02
1.44805976e-07 -8.41593985e+02 7.02452602e+01 2.19660697e-01 4.53882590e-02
1.49959676e-07 -8.41567851e+02 6.91471474e+01 2.97323621e-01 4.53941476e-02
1.51675297e-07 -8.41564410e+02 7.01511373e+01 2.26839364e-01 4.62014630e-02
1.52271358e-07 -8.41553379e+02 6.92958729e+01 2.76112330e-01 4.79300769e-02
1.53916258e-07 -8.41536308e+02 7.07100833e+01 2.37808243e-01 4.56288953e-02
1.56293158e-07 -8.41516103e+02 7.04260010e+01 2.83979281e-01 4.62526346e-02
1.59437991e-07 -8.41489879e+02 6.92753611e+01 2.25366272e-01 4.74774074e-02
1.66081990e-07 -8.41428562e+02 6.84070775e+01 3.03799812e-01 4.64578811e-02
1.70830195e-07 -8.41425909e+02 6.74976077e+01 2.25826151e-01 4.79920335e-02
1.76082227e-07 -8.41362352e+02 7.10937135e+01 2.73811282e-01 4.52772651e-02
1.82159484e-07 -8.41350416e+02 7.10595900e+01 2.98081996e-01 4.36465875e-02
1.83387667e-07 -8.41342238e+02 6.72951303e+01 2.86053803e-01 4.78489778e-02
1.85357553e-07 -8.41322473e+02 6.94060027e+01 3.12584143e-01 4.71874790e-02
1.96170822e-07 -8.41224486e+02 6.74942711e+01 2.90483989e-01 5.00585642e-02
2.11725866e-07 -8.41161787e+02 6.65457855e+01 2.33965987e-01 5.07879954e-02
2.19446311e-07 -8.41145285e+02 7.10827566e+01 2.41236760e-01 4.36020609e-02
2.20845564e-07 -8.41142354e+02 7.10232333e+01 2.73558808e-01 4.53761158e-02
2.25345021e-07 -8.41098765e+02 6.78374954e+01 2.45752613e-01 4.70325453e-02
2.30936320e-07 -8.41086244e+02 6.71756906e+01 2.72832083e-01 5.05714683e-02
2.34845080e-07 -8.41058692e+02 7.14979348e+01 2.76040498e-01 4.30793124e-02
2.39105549e-07 -8.41043498e+02 7.13250551e+01 3.01489474e-01 4.38020596e-02
2.49959974e-07 -8.40964737e+02 6.94622204e+01 3.17884803e-01 4.56513977e-02
2.65644645e-07 -8.40914213e+02 7.03785838e+01 2.67326505e-01 4.63734765e-02
2.72838842e-07 -8.40904026e+02 7.16612035e+01 2.83089826e-01 4.31245585e-02
2.80227084e-07 -8.40854701e+02 6.70670539e+01 2.34958304e-01 4.84940948e-02
2.90777433e-07 -8.40823096e+02 6.72399444e+01 2.43569528e-01 5.03784063e-02
3.18568736e-07 -8.40671013e+02 7.18277063e+01 2.77761006e-01 4.30747209e-02
3.44216840e-07 -8.40655854e+02 7.04359607e+01 2.26513402e-01 4.55643313e-02
3.53967976e-07 -8.40608979e+02 7.17234308e+01 2.70521950e-01 4.30192605e-02
3.62654165e-07 -8.40600182e+02 6.78291204e+01 3.14290085e-01 4.90156283e-02
3.63659863e-07 -8.40596769e+02 6.72662443e+01 3.12589714e-01 4.87201474e-02
3.67776954e-07 -8.40571172e+02 6.84963960e+01 3.15815827e-01 4.67700725e-02
3.85586267e-07 -8.40496757e+02 6.76751373e+01 2.20891034e-01 4.80666447e-02
3.99556665e-07 -8.40491957e+02 6.72950547e+01 2.47046043e-01 4.79016960e-02
4.00886760e-07 -8.40483467e+02 6.92930451e+01 2.97707259e-01 4.76336935e-02
4.01503926e-07 -8.40482207e+02 7.18802034e+01 2.67977679e-01 4.37117479e-02
4.02837679e-07 -8.40470214e+02 6.77775515e+01 2.16884909e-01 4.83440934e-02
4.05260061e-07 -8.40463536e+02 6.96908842e+01 2.83526344e-01 4.46898656e-02
4.05280725e-07 -8.40463445e+02 7.06273749e+01 3.10580867e-01 4.51447173e-02
4.04660161e-07 -8.40459948e+02 6.87037393e+01 2.14905676e-01 4.72811446e-02
4.12340221e-07 -8.40419591e+02 7.10231847e+01 3.06312136e-01 4.43214977e-02
4.33991912e-07 -8.40351684e+02 6.63483244e+01 2.35087629e-01 5.06169587e-02
4.62544784e-07 -8.40285445e+02 7.16121945e+01 2.90453830e-01 4.38605563e-02
4.79875890e-07 -8.40270420e+02 6.88496904e+01 3.07073627e-01 4.60482343e-02
4.83602975e-07 -8.40263272e+02 6.77100723e+01 2.38127255e-01 4.74040382e-02
4.92390189e-07 -8.40228047e+02 6.82730240e+01 3.12448359e-01 4.85655400e-02
5.06531279e-07 -8.40199876e+02 7.07608736e+01 2.96748843e-01 4.39190476e-02
5.12785117e-07 -8.40196654e+02 6.88718446e+01 2.92715213e-01 4.57509135e-02
5.21226907e-07 -8.40160880e+02 6.89381083e+01 2.97954570e-01 4.57527970e-02
5.41761501e-07 -8.40112972e+02 6.80425458e+01 2.82982447e-01 4.67549966e-02
5.53253348e-07 -8.40111671e+02 6.61910832e+01 2.71182919e-01 5.12991197e-02
5.53377594e-07 -8.40105875e+02 7.06208903e+01 2.30625710e-01 4.43848128e-02
5.61427034e-07 -8.40076343e+02 6.84217559e+01 2.31135797e-01 4.65651905e-02
5.68286954e-07 -8.40074713e+02 7.03809137e+01 2.96118084e-01 4.42115393e-02
5.73427184e-07 -8.40051809e+02 7.19131904e+01 2.72426785e-01 4.33647117e-02
5.79172091e-07 -8.40047992e+02 6.91312185e+01 2.48466469e-01 4.53693986e-02
5.85247365e-07 -8.40024418e+02 6.70979760e+01 2.78199541e-01 4.82071371e-02
5.94537283e-07 -8.40009754e+02 6.60366354e+01 2.68216392e-01 5.13043314e-02
6.20156431e-07 -8.39934739e+02 6.99206666e+01 2.45037253e-01 4.45653622e-02
6.45528659e-07 -8.39921540e+02 7.05788753e+01 2.26668393e-01 4.48522236e-02
6.62417241e-07 -8.39876886e+02 6.74812193e+01 3.13519378e-01 4.92065485e-02
6.79414323e-07 -8.39863758e+02 7.03721207e+01 3.11522516e-01 4.54905372e-02
6.83569422e-07 -8.39858002e+02 6.66880070e+01 2.35773059e-01 4.93490827e-02
6.86735669e-07 -8.39847877e+02 6.89508059e+01 3.14494819e-01 4.75913857e-02
6.88655376e-07 -8.39845738e+02 6.97619734e+01 2.19665947e-01 4.59883528e-02
7.04068561e-07 -8.39797532e+02 7.17343706e+01 2.80508890e-01 4.37840360e-02
7.27700196e-07 -8.39772630e+02 6.62145864e+01 2.45578875e-01 5.02404201e-02
7.46297121e-07 -8.39740510e+02 6.96165565e+01 3.19597179e-01 4.59698938e-02
7.60264528e-07 -8.39728667e+02 6.88635023e+01 2.89352622e-01 4.57494112e-02
7.79147276e-07 -8.39685224e+02 6.64451182e+01 2.57839115e-01 5.11330418e-02
7.99608348e-07 -8.39669755e+02 6.74398974e+01 3.04348455e-01 4.96656731e-02
8.03626507e-07 -8.39668483e+02 6.99530167e+01 3.06374396e-01 4.64112749e-02
8.04307249e-07 -8.39661418e+02 7.06043977e+01 2.27563945e-01 4.48379803e-02
8.09690225e-07 -8.39648516e+02 6.87908619e+01 2.89454052e-01 4.83765779e-02
8.17052746e-07 -8.39636652e+02 6.97025948e+01 2.79482908e-01 4.46992684e-02
8.22492776e-07 -8.39628570e+02 7.12675969e+01 2.69246349e-01 4.48554474e-02
8.36523952e-07 -8.39596408e+02 6.82861325e+01 2.30276916e-01 4.87956658e-02
8.60282804e-07 -8.39565876e+02 6.86124096e+01 3.12444086e-01 4.80798564e-02
8.72100278e-07 -8.39562236e+02 6.90581682e+01 3.20607665e-01 4.65610197e-02
8.97370900e-07 -8.39502966e+02 6.69309329e+01 2.26253977e-01 4.95574728e-02
9.33258984e-07 -8.39476451e+02 6.75420141e+01 2.25574926e-01 4.81637194e-02
9.49425393e-07 -8.39461840e+02 7.13823721e+01 2.57609191e-01 4.33222975e-02
9.69535309e-07 -8.39428107e+02 6.89033634e+01 2.49188765e-01 4.83030592e-02
1.00900172e-06 -8.39375784e+02 6.64293818e+01 2.37008392e-01 5.01362263e-02
1.03308467e-06 -8.39373593e+02 6.99924699e+01 3.12118143e-01 4.51182631e-02
1.03078653e-06 -8.39373582e+02 6.97319854e+01 3.10446545e-01 4.52596768e-02
1.04501328e-06 -8.39339807e+02 6.93760418e+01 3.19064944e-01 4.61471095e-02
1.05958515e-06 -8.39338945e+02 6.60368508e+01 2.63383873e-01 5.11341202e-02
1.07792416e-06 -8.39299227e+02 6.76047771e+01 2.76319926e-01 4.99458893e-02
1.12712381e-06 -8.39243410e+02 7.11464611e+01 2.70596148e-01 4.34228333e-02
1.17537050e-06 -8.39208272e+02 6.90716739e+01 3.17817989e-01 4.71415002e-02
1.21520187e-06 -8.39170156e+02 6.79613948e+01 3.13698762e-01 4.86987008e-02
1.24318874e-06 -8.39155767e+02 6.70414884e+01 2.54135764e-01 4.83689766e-02
1.26632495e-06 -8.39126780e+02 6.73719174e+01 3.08863652e-01 4.85404212e-02
1.29083651e-06 -8.39110623e+02 6.84110335e+01 2.58671838e-01 4.62535676e-02
1.30134785e-06 -8.39103850e+02 7.07250068e+01 2.93957415e-01 4.39915656e-02
1.33202665e-06 -8.39057882e+02 6.99671426e+01 2.24088734e-01 4.53611163e-02
1.36067221e-06 -8.39054115e+02 6.82054461e+01 2.72602796e-01 4.65311179e-02
1.38086985e-06 -8.39022011e+02 6.68582096e+01 2.48979146e-01 4.87757215e-02
1.47460323e-06 -8.38918527e+02 7.17562748e+01 2.62430856e-01 4.35478977e-02
1.57897377e-06 -8.38876352e+02 6.69841584e+01 2.39578378e-01 5.03709189e-02
1.61064393e-06 -8.38871715e+02 7.13969149e+01 2.45415482e-01 4.41260655e-02
1.65366607e-06 -8.38817699e+02 7.12942964e+01 2.87619754e-01 4.36051521e-02
1.73402739e-06 -8.38769995e+02 6.89258347e+01 2.47552906e-01 4.82138363e-02
1.82702608e-06 -8.38706981e+02 6.65749781e+01 2.56302005e-01 4.93000981e-02
1.87889705e-06 -8.38706356e+02 7.06426380e+01 2.58817638e-01 4.57991876e-02
1.90697268e-06 -8.38670974e+02 6.70900198e+01 3.01892176e-01 4.88689905e-02
1.97971721e-06 -8.38625041e+02 6.83051489e+01 2.37988924e-01 4.88744117e-02
2.04857387e-06 -8.38595628e+02 7.09728853e+01 2.78681226e-01 4.52114879e-02
2.08021021e-06 -8.38587535e+02 6.87729078e+01 2.90632332e-01 4.83102148e-02
2.10408611e-06 -8.38566245e+02 6.75114189e+01 2.85439965e-01 4.99016219e-02
2.15075933e-06 -8.38537099e+02 7.07685355e+01 2.98021332e-01 4.41507390e-02
2.19908433e-06 -8.38515058e+02 6.97587576e+01 2.99727304e-01 4.67747860e-02
2.22505254e-06 -8.38506860e+02 7.12315986e+01 2.92996453e-01 4.43455368e-02
2.23454177e-06 -8.38499887e+02 6.68523951e+01 2.90104393e-01 5.04129429e-02
2.25728313e-06 -8.38480039e+02 6.83960170e+01 2.38701098e-01 4.65450625e-02
2.28449246e-06 -8.38469198e+02 7.05818651e+01 2.49981625e-01 4.40142697e-02
2.33246751e-06 -8.38432132e+02 6.72735274e+01 2.70430710e-01 5.02763901e-02
2.37068168e-06 -8.38429699e+02 6.65175628e+01 2.92446410e-01 5.01331401e-02
2.39488211e-06 -8.38405311e+02 7.03271991e+01 2.28675056e-01 4.49569358e-02
2.43135295e-06 -8.38392707e+02 7.05928699e+01 2.65384030e-01 4.38963836e-02
2.44311720e-06 -8.38388965e+02 7.05705784e+01 2.92186925e-01 4.41365072e-02
2.48373674e-06 -8.38353385e+02 6.69775579e+01 2.35340055e-01 4.89588100e-02
2.59432443e-06 -8.38295701e+02 6.78134803e+01 2.55903453e-01 4.71671899e-02
2.70671633e-06 -8.38261372e+02 7.08865727e+01 2.47199895e-01 4.38739045e-02
2.75678148e-06 -8.38252117e+02 6.97200874e+01 2.49373617e-01 4.70883604e-02
2.78308641e-06 -8.38235769e+02 6.93022136e+01 2.33853500e-01 4.55732045e-02
2.80825638e-06 -8.38227405e+02 6.64107517e+01 2.54901189e-01 4.97643991e-02
2.82643282e-06 -8.38216224e+02 7.04807172e+01 3.04293545e-01 4.53973763e-02
2.84033644e-06 -8.38210911e+02 7.10685671e+01 2.52138599e-01 4.49684663e-02
2.89438984e-06 -8.38172231e+02 6.83449717e+01 3.11612369e-01 4.82531269e-02
2.95502807e-06 -8.38162438e+02 6.69238190e+01 2.33192662e-01 5.00550360e-02
2.98116323e-06 -8.38147993e+02 7.10446388e+01 2.65567583e-01 4.51061511e-02
3.07545706e-06 -8.38094175e+02 6.73240745e+01 2.59452071e-01 5.02033822e-02
3.14883775e-06 -8.38093454e+02 7.05747323e+01 2.85387648e-01 4.40478085e-02
3.16440098e-06 -8.38077720e+02 7.00404679e+01 2.27756240e-01 4.59623144e-02
3.18033409e-06 -8.38076692e+02 7.01222271e+01 2.87379584e-01 4.64223944e-02
3.19365634e-06 -8.38062752e+02 6.82491890e+01 2.96162536e-01 4.67923104e-02
3.28462812e-06 -8.38014398e+02 6.95098696e+01 2.36703158e-01 4.52932138e-02
3.36071133e-06 -8.38009719e+02 7.13996323e+01 2.50031809e-01 4.41198850e-02
3.42447533e-06 -8.37970530e+02 6.85161458e+01 2.99406231e-01 4.64978775e-02
3.48633146e-06 -8.37966880e+02 7.16188499e+01 2.62608945e-01 4.37429748e-02
3.48289795e-06 -8.37965842e+02 6.67538067e+01 2.72787972e-01 5.06980829e-02
3.50457094e-06 -8.37947898e+02 7.02246395e+01 2.48326995e-01 4.43795369e-02
3.54977956e-06 -8.37933523e+02 6.86509565e+01 3.04981479e-01 4.81102087e-02
3.61504886e-06 -8.37904955e+02 6.79018830e+01 2.22143051e-01 4.85199913e-02
3.66726052e-06 -8.37897996e+02 6.84501242e+01 2.58518870e-01 4.62814545e-02
3.67271825e-06 -8.37895314e+02 7.04138857e+01 3.06441220e-01 4.53058734e-02
3.66794655e-06 -8.37893939e+02 6.77332856e+01 2.83803981e-01 4.73859908e-02
3.67797268e-06 -8.37883228e+02 6.65512172e+01 2.42829487e-01 4.97760824e-02
3.71963197e-06 -8.37864814e+02 6.65329875e+01 2.77836971e-01 4.95650451e-02
3.81740006e-06 -8.37824994e+02 7.09308402e+01 2.70127084e-01 4.36923978e-02
3.99474083e-06 -8.37767762e+02 6.81121745e+01 2.21361896e-01 4.79067736e-02
4.09668727e-06 -8.37767120e+02 6.71437485e+01 2.40580548e-01 5.01308087e-02
4.11229522e-06 -8.37753547e+02 6.98754735e+01 2.64435786e-01 4.69082805e-02
4.14805657e-06 -8.37743128e+02 6.63936943e+01 2.80981787e-01 5.00850086e-02
4.16477024e-06 -8.37738827e+02 6.71596708e+01 3.04325557e-01 4.91448335e-02
4.20617934e-06 -8.37716802e+02 6.75022091e+01 2.96735112e-01 4.96110462e-02
4.32063856e-06 -8.37678716e+02 6.64402339e+01 2.68393758e-01 4.97266340e-02
4.44523544e-06 -8.37653089e+02 6.85958936e+01 2.28347296e-01 4.66632557e-02
4.50197262e-06 -8.37646541e+02 7.13068095e+01 2.76253448e-01 4.35676920e-02
4.50319828e-06 -8.37645878e+02 6.71630571e+01 3.02264135e-01 4.89426088e-02
4.49708203e-06 -8.37642606e+02 6.91305408e+01 2.21532986e-01 4.68387439e-02
4.56203337e-06 -8.37610793e+02 7.14055689e+01 2.64715907e-01 4.35144440e-02
4.72635925e-06 -8.37565438e+02 6.79467386e+01 2.33067742e-01 4.74143356e-02
4.91569498e-06 -8.37525467e+02 7.04621452e+01 2.76767283e-01 4.41023774e-02
5.00212875e-06 -8.37523523e+02 7.08188452e+01 2.40214519e-01 4.50259721e-02
5.07589372e-06 -8.37489817e+02 6.86296092e+01 3.03191583e-01 4.81443616e-02
5.18097216e-06 -8.37475654e+02 6.77835015e+01 2.74987293e-01 4.72667004e-02
5.28916053e-06 -8.37442059e+02 6.74425573e+01 2.99721168e-01 4.95357234e-02
5.36705509e-06 -8.37439478e+02 7.07481979e+01 2.35828111e-01 4.48064921e-02
5.42476856e-06 -8.37414170e+02 6.85524112e+01 3.02015160e-01 4.65659922e-02
5.49795185e-06 -8.37405879e+02 6.78066031e+01 2.96417634e-01 4.75268909e-02
5.64633834e-06 -8.37354884e+02 6.96394637e+01 2.99918689e-01 4.52335100e-02
5.91134084e-06 -8.37307406e+02 7.10824147e+01 2.43583821e-01 4.44847137e-02
6.04606869e-06 -8.37302600e+02 6.72477689e+01 2.31135511e-01 4.87858269e-02
6.09438948e-06 -8.37284902e+02 6.93793808e+01 2.80717421e-01 4.52193094e-02
6.18008531e-06 -8.37268010e+02 7.02773918e+01 2.82556666e-01 4.61801622e-02
6.23111008e-06 -8.37261740e+02 6.69999104e+01 2.33998044e-01 4.91989429e-02
6.27578702e-06 -8.37247110e+02 7.03147938e+01 2.39413009e-01 4.45661511e-02
6.48152428e-06 -8.37191296e+02 6.62838806e+01 2.67880601e-01 5.04109183e-02
6.65993983e-06 -8.37185375e+02 6.95911634e+01 2.87302104e-01 4.71334558e-02
6.70326490e-06 -8.37171710e+02 6.76879583e+01 3.09332524e-01 4.87039369e-02
6.93225191e-06 -8.37112373e+02 6.69946872e+01 2.35233247e-01 4.99222936e-02
7.15300199e-06 -8.37101509e+02 6.71786501e+01 2.70924638e-01 4.82734081e-02
7.19190140e-06 -8.37094852e+02 6.69790456e+01 2.86823645e-01 4.88453952e-02
7.24682955e-06 -8.37079683e+02 6.65946840e+01 2.42630456e-01 5.02772191e-02
7.38168674e-06 -8.37051461e+02 7.13098439e+01 2.58559143e-01 4.43999268e-02
7.47135151e-06 -8.37048683e+02 6.93941978e+01 2.43982166e-01 4.73963345e-02
7.47508439e-06 -8.37043811e+02 7.10389591e+01 2.59281259e-01 4.49709298e-02
7.48159828e-06 -8.37040282e+02 7.04864741e+01 2.93104120e-01 4.43653814e-02
7.49750755e-06 -8.37032917e+02 7.11521149e+01 2.75022728e-01 4.47437976e-02
7.54970169e-06 -8.37019781e+02 6.74545600e+01 2.40824011e-01 4.97621125e-02
7.61703737e-06 -8.37008492e+02 6.97395278e+01 2.26583924e-01 4.57196982e-02
7.66730633e-06 -8.36999956e+02 6.65070797e+01 2.55432000e-01 5.06878466e-02
7.68466869e-06 -8.36997296e+02 6.94504070e+01 2.24152127e-01 4.62422577e-02
7.68068272e-06 -8.36994339e+02 6.85039044e+01 2.22559417e-01 4.77146165e-02
7.91550106e-06 -8.36931399e+02 6.88733406e+01 2.70762636e-01 4.82372478e-02
8.17004115e-06 -8.36923407e+02 6.78868893e+01 2.38716509e-01 4.92427502e-02
8.19609916e-06 -8.36918365e+02 6.63348033e+01 2.63434665e-01 5.02422491e-02
8.28724261e-06 -8.36894766e+02 6.85130884e+01 2.81188004e-01 4.63132023e-02
8.45254625e-06 -8.36872197e+02 7.00514628e+01 2.84766132e-01 4.45961786e-02
8.62268589e-06 -8.36848269e+02 6.87157284e+01 2.40686601e-01 4.62187282e-02
8.73601679e-06 -8.36839303e+02 6.85797561e+01 2.73943542e-01 4.86003786e-02
8.82503496e-06 -8.36821397e+02 7.03345233e+01 2.32304558e-01 4.53985674e-02
8.89202415e-06 -8.36817447e+02 6.85292755e+01 2.31275158e-01 4.82459113e-02
9.13128280e-06 -8.36762392e+02 6.67330142e+01 2.73811073e-01 4.92095391e-02
9.47297683e-06 -8.36736724e+02 6.64445878e+01 2.59512228e-01 4.99179197e-02
9.84367095e-06 -8.36679616e+02 6.80603793e+01 2.99418091e-01 4.72829348e-02
1.01739482e-05 -8.36663316e+02 6.73094184e+01 2.40869710e-01 4.83488778e-02
1.03633112e-05 -8.36636195e+02 6.64703624e+01 2.77758939e-01 5.00658493e-02
1.04748972e-05 -8.36635058e+02 6.99173844e+01 2.58284967e-01 4.46676469e-02
1.05834995e-05 -8.36609079e+02 6.84460991e+01 2.25964970e-01 4.71473548e-02
1.07634000e-05 -8.36594575e+02 7.01574305e+01 2.36353415e-01 4.59890983e-02
1.08158376e-05 -8.36592652e+02 6.89433504e+01 2.28504809e-01 4.75479910e-02
1.12156843e-05 -8.36516755e+02 6.67211995e+01 2.61682075e-01 4.92310964e-02
1.16712339e-05 -8.36504963e+02 7.10824152e+01 2.56347728e-01 4.38374995e-02
1.18160296e-05 -8.36485500e+02 6.85767363e+01 2.23588350e-01 4.72730621e-02
1.22467098e-05 -8.36427454e+02 6.92119490e+01 2.51147602e-01 4.54944072e-02
1.27228470e-05 -8.36401881e+02 7.03715577e+01 2.97622838e-01 4.56046681e-02
1.31173553e-05 -8.36360000e+02 6.97906488e+01 2.45446737e-01 4.67839871e-02
1.35881329e-05 -8.36324580e+02 6.90950610e+01 2.60480048e-01 4.55704707e-02
1.37877055e-05 -8.36323870e+02 6.83522558e+01 2.24815374e-01 4.74673187e-02
1.39067904e-05 -8.36300856e+02 7.13593724e+01 2.64365757e-01 4.41180141e-02
1.42358506e-05 -8.36270539e+02 6.87344164e+01 2.27205608e-01 4.67401465e-02
1.44516884e-05 -8.36263887e+02 6.92017473e+01 2.90539918e-01 4.56177800e-02
1.44808179e-05 -8.36259850e+02 6.97341771e+01 2.69079744e-01 4.48550764e-02
1.45435679e-05 -8.36248611e+02 6.97055977e+01 2.50492356e-01 4.69695987e-02
1.47509777e-05 -8.36224981e+02 6.74892992e+01 2.49516346e-01 4.97932986e-02
1.51770450e-05 -8.36185260e+02 6.78314349e+01 3.06095766e-01 4.80539807e-02
1.54395340e-05 -8.36183637e+02 6.79520345e+01 2.70178696e-01 4.93427079e-02
1.54342166e-05 -8.36179298e+02 6.77830271e+01 3.05021293e-01 4.87893760e-02
1.55621930e-05 -8.36160550e+02 6.95918980e+01 2.27001805e-01 4.60466339e-02
1.57193701e-05 -8.36152472e+02 6.99816845e+01 3.00845725e-01 4.61253078e-02
1.58558181e-05 -8.36136655e+02 7.09872026e+01 2.46207934e-01 4.45666898e-02
1.60504205e-05 -8.36121415e+02 7.03584010e+01 2.94146939e-01 4.45993285e-02
1.67284930e-05 -8.36048513e+02 7.00515756e+01 2.92365817e-01 4.48002079e-02
1.76070612e-05 -8.36011402e+02 7.12136893e+01 2.78936047e-01 4.39847533e-02
1.79344362e-05 -8.36004679e+02 7.00002863e+01 2.60697492e-01 4.65862693e-02
1.80498214e-05 -8.35991949e+02 7.05402751e+01 2.39651249e-01 4.46308542e-02
1.81547717e-05 -8.35986395e+02 6.93859948e+01 3.10285017e-01 4.63882857e-02
1.81541958e-05 -8.35985350e+02 6.82763864e+01 2.26034830e-01 4.75421199e-02
1.83776411e-05 -8.35955496e+02 6.95677507e+01 2.39436077e-01 4.53547393e-02
1.87111680e-05 -8.35942542e+02 6.75968739e+01 2.35416349e-01 4.81050983e-02
1.88605335e-05 -8.35932920e+02 6.97461125e+01 2.97704206e-01 4.65815407e-02
1.91215261e-05 -8.35908526e+02 7.12824134e+01 2.70978814e-01 4.42329965e-02
1.95263810e-05 -8.35884358e+02 7.06946595e+01 2.50971182e-01 4.53546502e-02
1.97678665e-05 -8.35877154e+02 7.01516903e+01 2.78188313e-01 4.62995572e-02
1.99502426e-05 -8.35859401e+02 6.85574360e+01 2.30242126e-01 4.80448566e-02
2.00607842e-05 -8.35859369e+02 6.98014744e+01 2.96320845e-01 4.65267976e-02
2.03071128e-05 -8.35828574e+02 6.69369418e+01 2.67570337e-01 4.88598402e-02
2.08148888e-05 -8.35803242e+02 6.66079271e+01 2.72909202e-01 4.96973250e-02
2.10741592e-05 -8.35797009e+02 7.01001480e+01 2.34828556e-01 4.51186399e-02
2.11944489e-05 -8.35785228e+02 7.08602522e+01 2.89787522e-01 4.47682597e-02
2.13392083e-05 -8.35776723e+02 6.79034693e+01 2.82409909e-01 4.92667246e-02
2.20643839e-05 -8.35712740e+02 6.97891769e+01 2.93503439e-01 4.66003825e-02
2.29171943e-05 -8.35693294e+02 6.77072932e+01 3.04598194e-01 4.86790359e-02
2.32835584e-05 -8.35674360e+02 6.88227574e+01 3.09470036e-01 4.68168519e-02
2.34835626e-05 -8.35669448e+02 6.96743763e+01 2.77459447e-01 4.49973314e-02
2.35362890e-05 -8.35663223e+02 6.82078237e+01 2.48628963e-01 4.68665766e-02
2.37797183e-05 -8.35642313e+02 6.80166290e+01 3.07634359e-01 4.81254385e-02
2.42002341e-05 -8.35621507e+02 6.73183837e+01 2.83880981e-01 4.83076169e-02
2.44874822e-05 -8.35611972e+02 6.79077073e+01 2.72995878e-01 4.93338072e-02
2.46357254e-05 -8.35602779e+02 7.03205557e+01 2.99543958e-01 4.54228630e-02
2.54632540e-05 -8.35540197e+02 6.75925954e+01 2.88085017e-01 4.94805375e-02
2.62263213e-05 -8.35536094e+02 6.69400257e+01 2.90807162e-01 4.95790460e-02
2.65740528e-05 -8.35507400e+02 6.82467935e+01 2.99717752e-01 4.84825816e-02
2.70456428e-05 -8.35494096e+02 6.66087979e+01 2.53426920e-01 5.02480857e-02
2.73248600e-05 -8.35480206e+02 6.92742816e+01 2.88918702e-01 4.55772918e-02
2.74805938e-05 -8.35476030e+02 7.06716147e+01 2.41559746e-01 4.46969563e-02
2.79868720e-05 -8.35437408e+02 6.66300359e+01 2.52102354e-01 5.01895769e-02
2.86573192e-05 -8.35421717e+02 6.76915954e+01 3.02514795e-01 4.82929823e-02
2.89243099e-05 -8.35412167e+02 6.66139987e+01 2.75206630e-01 5.02080640e-02
2.90620207e-05 -8.35405550e+02 7.08795055e+01 2.46314871e-01 4.45189358e-02
2.93376876e-05 -8.35386707e+02 6.71757860e+01 2.43978448e-01 4.98719631e-02
2.95392555e-05 -8.35385112e+02 7.05266128e+01 2.96549116e-01 4.50070324e-02
2.96710665e-05 -8.35371195e+02 7.06274951e+01 2.85204968e-01 4.53541411e-02
3.02766314e-05 -8.35338271e+02 6.84018413e+01 2.78691949e-01 4.86768103e-02
3.12295025e-05 -8.35302612e+02 6.87479285e+01 2.29813768e-01 4.76857257e-02
3.19715287e-05 -8.35284415e+02 6.72751072e+01 2.45976463e-01 4.98312426e-02
3.27465732e-05 -8.35248295e+02 6.87468117e+01 2.43170123e-01 4.81181892e-02
3.42328925e-05 -8.35189520e+02 6.87426157e+01 2.98905126e-01 4.64701493e-02
3.52658578e-05 -8.35181336e+02 7.11321038e+01 2.59780534e-01 4.40897257e-02
3.55043408e-05 -8.35169404e+02 6.92891258e+01 2.67506264e-01 4.54184692e-02
3.59633859e-05 -8.35149055e+02 7.03680111e+01 2.97690884e-01 4.52960308e-02
3.66243189e-05 -8.35126351e+02 6.77398370e+01 2.67639537e-01 4.95031514e-02
3.69832661e-05 -8.35122768e+02 7.10185144e+01 2.65702251e-01 4.39941512e-02
3.70116260e-05 -8.35118165e+02 6.86213450e+01 3.05522417e-01 4.77311734e-02
3.73919727e-05 -8.35095784e+02 6.89764538e+01 3.00284023e-01 4.62320092e-02
3.78245217e-05 -8.35088394e+02 7.08844301e+01 2.53852460e-01 4.49068775e-02
3.88880311e-05 -8.35034386e+02 6.98560066e+01 3.03785996e-01 4.56471204e-02
4.00280252e-05 -8.35023254e+02 7.04379374e+01 2.49883371e-01 4.44739398e-02
4.02581578e-05 -8.35016246e+02 6.67913348e+01 2.66859272e-01 5.02934760e-02
4.11421909e-05 -8.34973598e+02 6.91759612e+01 2.34983703e-01 4.72841918e-02
4.22184081e-05 -8.34957556e+02 6.66442388e+01 2.56957557e-01 4.98596467e-02
4.24352702e-05 -8.34956631e+02 7.05029493e+01 2.83449244e-01 4.44072519e-02
4.33866050e-05 -8.34907170e+02 6.85784037e+01 3.06961218e-01 4.76044588e-02
4.44004312e-05 -8.34903171e+02 7.06857020e+01 2.45347590e-01 4.45725977e-02
4.45406594e-05 -8.34894224e+02 6.75260200e+01 2.86821792e-01 4.80741632e-02
4.50139955e-05 -8.34875442e+02 6.86965099e+01 2.87817962e-01 4.81496637e-02
4.57679641e-05 -8.34854369e+02 6.82667475e+01 3.06175589e-01 4.79359958e-02
4.62664954e-05 -8.34847021e+02 6.88634205e+01 3.07731434e-01 4.68964653e-02
4.65740189e-05 -8.34834490e+02 7.05792979e+01 2.90743427e-01 4.46142801e-02
4.68432528e-05 -8.34828806e+02 6.86071296e+01 2.95452592e-01 4.80980934e-02
4.70384663e-05 -8.34819530e+02 6.73648852e+01 2.58383092e-01 4.81813830e-02
4.77188763e-05 -8.34793575e+02 6.89034281e+01 2.60969288e-01 4.59146803e-02
4.83305642e-05 -8.34787242e+02 7.10867453e+01 2.69596936e-01 4.41019489e-02
4.86127780e-05 -8.34775300e+02 6.76521627e+01 2.53067542e-01 4.95180799e-02
4.90158101e-05 -8.34764069e+02 6.89951682e+01 2.35177841e-01 4.75212771e-02
4.95959640e-05 -8.34745170e+02 6.90798531e+01 2.28398385e-01 4.68959633e-02
4.99573165e-05 -8.34742807e+02 6.75477519e+01 2.61359192e-01 4.78578352e-02
5.01392447e-05 -8.34731276e+02 6.93972695e+01 2.29555526e-01 4.63266155e-02
5.07723245e-05 -8.34711125e+02 6.97038277e+01 2.95861495e-01 4.65481985e-02
5.12063617e-05 -8.34707497e+02 6.72246113e+01 2.75510274e-01 4.99133832e-02
5.13726400e-05 -8.34698005e+02 6.87657325e+01 2.36097080e-01 4.64933579e-02
5.14466764e-05 -8.34697939e+02 6.84160950e+01 2.91078306e-01 4.67728081e-02
5.17705036e-05 -8.34678890e+02 6.91217852e+01 2.94927293e-01 4.59534390e-02
5.22175616e-05 -8.34674002e+02 6.88383625e+01 3.06722815e-01 4.68542071e-02
5.22536395e-05 -8.34670850e+02 6.91578160e+01 2.46977383e-01 4.57579310e-02
5.27244784e-05 -8.34649517e+02 7.05439936e+01 2.74531794e-01 4.55689608e-02
5.36088866e-05 -8.34630897e+02 7.06244028e+01 2.46982999e-01 4.51716591e-02
5.41325386e-05 -8.34623348e+02 7.07638074e+01 2.86086211e-01 4.48674380e-02
5.43473516e-05 -8.34616319e+02 6.98508763e+01 2.98493954e-01 4.61916089e-02
5.58686079e-05 -8.34562198e+02 6.80842014e+01 2.39469266e-01 4.87815110e-02
5.76876345e-05 -8.34544925e+02 6.92835636e+01 3.01824836e-01 4.60294089e-02
5.86757447e-05 -8.34521637e+02 6.78783969e+01 2.31499402e-01 4.81336878e-02
5.93822261e-05 -8.34514211e+02 7.05278394e+01 2.43127925e-01 4.51367612e-02
5.95312998e-05 -8.34509957e+02 6.92692697e+01 2.77580130e-01 4.74780275e-02
6.07662080e-05 -8.34466950e+02 7.02618657e+01 2.84686323e-01 4.46581755e-02
6.19490833e-05 -8.34464283e+02 6.89908437e+01 2.29597699e-01 4.66605893e-02
6.22670559e-05 -8.34450104e+02 6.81692822e+01 2.99875529e-01 4.74403864e-02
6.38735739e-05 -8.34407093e+02 6.72664060e+01 2.60875103e-01 4.99004680e-02
6.55348310e-05 -8.34391693e+02 6.82399334e+01 2.91073371e-01 4.70602290e-02
6.58664053e-05 -8.34390285e+02 6.77258415e+01 2.35759331e-01 4.89666557e-02
6.57781635e-05 -8.34387719e+02 6.73980583e+01 2.67227531e-01 4.81491617e-02
6.60297138e-05 -8.34376029e+02 6.86323591e+01 2.81988174e-01 4.82694530e-02
6.67564157e-05 -8.34359209e+02 6.82391934e+01 2.54735219e-01 4.88256538e-02
6.79436280e-05 -8.34334203e+02 6.92417372e+01 2.95434227e-01 4.71979247e-02
6.86257081e-05 -8.34332421e+02 6.97895110e+01 2.36057684e-01 4.55159913e-02
6.90944218e-05 -8.34314017e+02 6.76037134e+01 2.88124171e-01 4.93120915e-02
6.96038314e-05 -8.34310991e+02 6.78054800e+01 2.52794785e-01 4.93040349e-02
6.96704414e-05 -8.34305454e+02 6.85489148e+01 3.00260731e-01 4.69044768e-02
6.97290072e-05 -8.34302650e+02 7.05726938e+01 2.52119084e-01 4.53784696e-02
6.97022586e-05 -8.34299566e+02 6.78435776e+01 2.34788056e-01 4.79786000e-02
7.04237960e-05 -8.34275539e+02 6.88255992e+01 3.05031392e-01 4.72951356e-02
7.18904898e-05 -8.34251683e+02 6.83210946e+01 3.00531941e-01 4.72655756e-02
7.31649560e-05 -8.34233677e+02 7.01071814e+01 2.39818521e-01 4.58385630e-02
7.36459602e-05 -8.34231842e+02 6.76030052e+01 2.84373066e-01 4.93859837e-02
7.42516392e-05 -8.34210751e+02 6.76849356e+01 2.35436391e-01 4.82691906e-02
7.51613335e-05 -8.34200746e+02 6.69083905e+01 2.77923949e-01 4.99158167e-02
7.62183898e-05 -8.34176288e+02 6.96319636e+01 2.54975567e-01 4.51836826e-02
7.74012818e-05 -8.34163183e+02 6.79923951e+01 2.31137348e-01 4.81472594e-02
7.77811014e-05 -8.34159802e+02 6.69134835e+01 2.77931012e-01 4.93482214e-02
7.79329562e-05 -8.34152636e+02 6.94847241e+01 2.31833556e-01 4.61639878e-02
7.84749774e-05 -8.34139316e+02 6.79251598e+01 3.00822631e-01 4.80481477e-02
7.90834684e-05 -8.34130508e+02 6.86978495e+01 2.91503544e-01 4.64600431e-02
7.96402987e-05 -8.34118644e+02 6.75140986e+01 2.37084752e-01 4.91027246e-02
8.06409372e-05 -8.34098941e+02 6.94247558e+01 2.75678948e-01 4.53828705e-02
8.12320307e-05 -8.34097285e+02 7.09003303e+01 2.64493516e-01 4.48111851e-02
8.12969970e-05 -8.34090697e+02 6.96537594e+01 2.94991539e-01 4.65671346e-02
8.27157797e-05 -8.34056312e+02 6.96861766e+01 2.61780299e-01 4.68920552e-02
8.45868468e-05 -8.34039083e+02 6.96678020e+01 2.33299419e-01 4.59889817e-02
8.59789892e-05 -8.34017055e+02 6.95353010e+01 2.57654404e-01 4.52748784e-02
8.70164896e-05 -8.34008336e+02 6.68571947e+01 2.51853298e-01 4.97241301e-02
8.78060337e-05 -8.33992379e+02 6.88408315e+01 3.04482797e-01 4.68613244e-02
8.86506927e-05 -8.33982494e+02 6.86940142e+01 3.03024492e-01 4.69206218e-02
8.88100465e-05 -8.33982107e+02 6.88602527e+01 3.03574695e-01 4.72919111e-02
8.85814350e-05 -8.33980994e+02 6.70587406e+01 2.58061742e-01 4.88994884e-02
8.87732328e-05 -8.33971150e+02 7.05575798e+01 2.67303187e-01 4.43551824e-02
9.03559785e-05 -8.33939225e+02 6.88270427e+01 2.52376290e-01 4.80226773e-02
9.19930857e-05 -8.33928356e+02 6.94412500e+01 2.93421791e-01 4.69153177e-02
9.27522349e-05 -8.33916140e+02 6.72906714e+01 2.91138442e-01 4.91743032e-02
9.37108401e-05 -8.33901155e+02 6.85096009e+01 2.58704467e-01 4.65053806e-02
9.44464269e-05 -8.33893804e+02 6.84243914e+01 2.30559163e-01 4.74784478e-02
9.45944127e-05 -8.33891356e+02 6.70696958e+01 2.84915678e-01 4.93027979e-02
9.65301879e-05 -8.33847122e+02 6.95155924e+01 2.33011334e-01 4.61087096e-02
1.00095262e-04 -8.33811987e+02 6.71119961e+01 2.83169618e-01 4.90599543e-02
1.03401251e-04 -8.33775501e+02 6.93907730e+01 2.38116127e-01 4.58387727e-02
1.06223268e-04 -8.33751293e+02 6.99413460e+01 2.95886134e-01 4.59745430e-02
1.07172477e-04 -8.33750906e+02 6.72240236e+01 2.64521291e-01 4.98527455e-02
1.07175741e-04 -8.33744586e+02 6.90435547e+01 2.93784354e-01 4.74452480e-02
1.07760829e-04 -8.33733383e+02 7.08915759e+01 2.74753428e-01 4.44709251e-02
1.08533188e-04 -8.33723640e+02 6.87933918e+01 2.99481904e-01 4.66390095e-02
1.09031660e-04 -8.33717549e+02 7.04168219e+01 2.90999391e-01 4.50544023e-02
1.11083868e-04 -8.33680032e+02 6.85295407e+01 2.93618521e-01 4.81027945e-02
1.13222653e-04 -8.33672414e+02 6.80493739e+01 2.38937944e-01 4.75391475e-02
1.14281369e-04 -8.33654825e+02 6.73062773e+01 2.85224520e-01 4.94858938e-02
1.15429186e-04 -8.33645715e+02 7.05736824e+01 2.49988898e-01 4.51698123e-02
1.15990340e-04 -8.33638462e+02 6.94504152e+01 2.33911044e-01 4.65282630e-02
1.16043826e-04 -8.33638124e+02 6.85036213e+01 2.91831251e-01 4.67880511e-02
1.15923222e-04 -8.33633891e+02 6.82563488e+01 2.97308995e-01 4.82755259e-02
1.15820729e-04 -8.33633233e+02 6.85944745e+01 2.45555513e-01 4.65776171e-02
1.16035026e-04 -8.33623562e+02 6.81124060e+01 2.59503130e-01 4.89362389e-02
1.17397603e-04 -8.33603308e+02 6.71520088e+01 2.84670001e-01 4.94923946e-02
1.18234414e-04 -8.33602598e+02 6.71331432e+01 2.82728250e-01 4.95947665e-02
1.18380782e-04 -8.33594195e+02 6.80490407e+01 2.46665381e-01 4.73351762e-02
1.19651326e-04 -8.33574669e+02 6.80741080e+01 2.92971636e-01 4.74746596e-02
1.20430829e-04 -8.33574457e+02 7.00701627e+01 2.81568937e-01 4.48666415e-02
1.20956788e-04 -8.33559355e+02 6.76088887e+01 2.53136521e-01 4.79492149e-02
1.22082041e-04 -8.33549250e+02 6.94415860e+01 2.40315546e-01 4.57375583e-02
1.22492156e-04 -8.33545969e+02 6.88398486e+01 2.96324600e-01 4.64826242e-02
1.22780482e-04 -8.33537906e+02 6.79338636e+01 2.95569327e-01 4.86362851e-02
1.24036494e-04 -8.33519031e+02 6.72358051e+01 2.42754388e-01 4.92429990e-02
1.25988664e-04 -8.33500020e+02 7.03553095e+01 2.73763269e-01 4.57588546e-02
1.27419619e-04 -8.33489724e+02 6.82428488e+01 2.65809780e-01 4.68912866e-02
1.29930685e-04 -8.33454615e+02 6.83712912e+01 3.01574167e-01 4.78243117e-02
1.32023416e-04 -8.33450807e+02 6.89106286e+01 3.02801744e-01 4.70965234e-02
1.33302927e-04 -8.33428787e+02 6.96766509e+01 2.37952923e-01 4.56673105e-02
1.34546999e-04 -8.33425455e+02 6.98392127e+01 2.86626948e-01 4.64099223e-02
1.36335599e-04 -8.33395935e+02 7.08109710e+01 2.74900110e-01 4.45101096e-02
1.39976963e-04 -8.33366087e+02 6.70355111e+01 2.54445045e-01 4.97905981e-02
1.41642610e-04 -8.33365398e+02 6.72894334e+01 2.45303345e-01 4.88092475e-02
1.41461594e-04 -8.33361992e+02 6.83140952e+01 2.87295277e-01 4.69914629e-02
1.41882057e-04 -8.33352825e+02 6.98169139e+01 2.47318909e-01 4.52142711e-02
1.42060696e-04 -8.33352799e+02 6.76753322e+01 2.91506046e-01 4.81853086e-02
1.45134219e-04 -8.33303957e+02 6.83174445e+01 2.43150122e-01 4.70513894e-02
1.48855626e-04 -8.33294931e+02 6.90370577e+01 2.69633018e-01 4.58705043e-02
1.49440058e-04 -8.33289451e+02 6.83928746e+01 2.91281858e-01 4.69765998e-02
1.50223880e-04 -8.33277839e+02 6.70991965e+01 2.74671987e-01 4.97557799e-02
1.53006701e-04 -8.33246301e+02 6.82417611e+01 2.92172148e-01 4.84167774e-02
1.56109820e-04 -8.33230839e+02 6.76218282e+01 2.38475288e-01 4.88801304e-02
1.57656624e-04 -8.33219896e+02 6.77573890e+01 2.83798115e-01 4.91176480e-02
1.58323082e-04 -8.33215721e+02 6.88317691e+01 2.71974180e-01 4.61373708e-02
1.61019985e-04 -8.33179778e+02 6.94472675e+01 2.56800405e-01 4.71336746e-02
1.64389536e-04 -8.33167360e+02 6.87409318e+01 2.67675852e-01 4.81245862e-02
1.66248860e-04 -8.33150659e+02 6.79677208e+01 2.89557900e-01 4.87637701e-02
1.67457615e-04 -8.33146151e+02 7.04719460e+01 2.56882455e-01 4.54682704e-02
1.70406768e-04 -8.33109420e+02 6.86879150e+01 2.63832566e-01 4.63209818e-02
1.73294931e-04 -8.33105549e+02 6.74379654e+01 2.53618830e-01 4.83151482e-02
1.73088695e-04 -8.33105142e+02 6.85113675e+01 2.52837935e-01 4.66277657e-02
1.72748619e-04 -8.33102828e+02 6.73717069e+01 2.63748109e-01 4.96456844e-02
1.76101645e-04 -8.33060485e+02 6.85475742e+01 2.33078258e-01 4.76338450e-02
1.80018480e-04 -8.33051747e+02 6.74440388e+01 2.41174718e-01 4.88268295e-02
1.83409524e-04 -8.33016792e+02 6.91090127e+01 2.34365545e-01 4.64998756e-02
1.86131740e-04 -8.33015320e+02 6.89478802e+01 2.56709581e-01 4.78129838e-02
1.87580425e-04 -8.32994736e+02 6.90932143e+01 2.60830919e-01 4.58403867e-02
1.89853906e-04 -8.32984490e+02 6.81992382e+01 2.99328819e-01 4.79431643e-02
1.91218672e-04 -8.32973757e+02 6.99287784e+01 2.88007925e-01 4.51962911e-02
1.91976436e-04 -8.32969900e+02 7.06614734e+01 2.54924931e-01 4.48131696e-02
1.91946716e-04 -8.32967409e+02 7.04566703e+01 2.53894603e-01 4.54051612e-02
1.91993593e-04 -8.32962760e+02 6.99306954e+01 2.80204156e-01 4.63216685e-02
1.92215584e-04 -8.32958442e+02 7.03925251e+01 2.48487918e-01 4.49298718e-02
1.94137584e-04 -8.32936323e+02 6.79302842e+01 2.36202175e-01 4.81031976e-02
1.97814410e-04 -8.32914261e+02 6.75744586e+01 2.56783176e-01 4.94132146e-02
2.01089340e-04 -8.32896782e+02 7.00077520e+01 2.74240483e-01 4.62584043e-02
2.02268318e-04 -8.32895838e+02 7.05504779e+01 2.53910791e-01 4.51629571e-02
2.04474867e-04 -8.32868611e+02 6.74468221e+01 2.88122240e-01 4.90760263e-02
2.08905318e-04 -8.32846250e+02 6.75524638e+01 2.56709994e-01 4.94231562e-02
2.10788637e-04 -8.32843883e+02 6.83250107e+01 2.42198197e-01 4.71285273e-02
2.11519830e-04 -8.32832699e+02 7.01252533e+01 2.45379260e-01 4.57674131e-02
2.13222537e-04 -8.32821194e+02 6.82266741e+01 2.60241775e-01 4.69930584e-02
2.14123979e-04 -8.32817576e+02 6.79148875e+01 2.39225066e-01 4.86589612e-02
2.13859081e-04 -8.32817011e+02 6.99541416e+01 2.47527954e-01 4.51747674e-02
2.13576533e-04 -8.32813567e+02 6.83831671e+01 2.93411110e-01 4.81513668e-02
2.14698218e-04 -8.32799922e+02 6.98964320e+01 2.86173302e-01 4.52009944e-02
2.16556606e-04 -8.32789654e+02 6.90392653e+01 2.99131913e-01 4.65363081e-02
2.17649268e-04 -8.32783185e+02 7.04032609e+01 2.50155350e-01 4.48966543e-02
2.18744458e-04 -8.32772976e+02 7.00922633e+01 2.61826906e-01 4.48505632e-02
2.20678496e-04 -8.32758947e+02 6.77116943e+01 2.78307066e-01 4.78762742e-02
2.21948353e-04 -8.32754799e+02 6.94497092e+01 2.58256402e-01 4.54804242e-02
2.22584294e-04 -8.32746582e+02 6.84721269e+01 2.62859259e-01 4.66446207e-02
2.24560498e-04 -8.32730513e+02 7.06493038e+01 2.70389656e-01 4.45633489e-02
2.27327287e-04 -8.32715427e+02 7.02141149e+01 2.89745185e-01 4.53494099e-02
2.28537820e-04 -8.32713180e+02 7.05165683e+01 2.53706020e-01 4.51833230e-02
2.28136414e-04 -8.32712287e+02 6.82612893e+01 2.80316829e-01 4.85776502e-02
2.30083966e-04 -8.32689651e+02 6.71686517e+01 2.68690575e-01 4.88742226e-02
2.33767326e-04 -8.32673802e+02 6.70639619e+01 2.74032506e-01 4.93141797e-02
2.36749201e-04 -8.32657648e+02 6.74007965e+01 2.44408725e-01 4.88240462e-02
2.44284008e-04 -8.32605111e+02 6.84264217e+01 2.98190393e-01 4.73713649e-02
2.50070845e-04 -8.32603477e+02 7.04713910e+01 2.74358620e-01 4.53911398e-02
2.49701936e-04 -8.32601408e+02 6.72570095e+01 2.60099950e-01 4.86958224e-02
2.49933249e-04 -8.32594979e+02 7.03941307e+01 2.71273017e-01 4.46647714e-02
2.53358011e-04 -8.32567709e+02 7.02474534e+01 2.70657867e-01 4.47544367e-02
2.60790798e-04 -8.32530651e+02 6.76525142e+01 2.79753334e-01 4.80393019e-02
2.64954584e-04 -8.32529031e+02 7.05507091e+01 2.79034488e-01 4.48295027e-02
2.65074869e-04 -8.32523096e+02 6.72721632e+01 2.47678804e-01 4.91916957e-02
2.65818100e-04 -8.32516776e+02 6.91482695e+01 2.61554358e-01 4.58185353e-02
2.67091478e-04 -8.32506897e+02 6.83010035e+01 2.44747623e-01 4.84078351e-02
2.68369620e-04 -8.32500558e+02 6.71043552e+01 2.63041774e-01 4.96548934e-02
2.74284085e-04 -8.32457105e+02 6.90161816e+01 2.95906802e-01 4.71968482e-02
2.82780440e-04 -8.32432569e+02 6.99484936e+01 2.92514332e-01 4.56054523e-02
2.85637370e-04 -8.32430196e+02 7.01546544e+01 2.83136540e-01 4.50105506e-02
2.87745792e-04 -8.32411292e+02 7.00456946e+01 2.85315763e-01 4.59363913e-02
2.89781600e-04 -8.32409351e+02 6.72557587e+01 2.50114418e-01 4.89983184e-02
2.90096670e-04 -8.32402474e+02 7.05779509e+01 2.74260984e-01 4.50801208e-02
2.91116096e-04 -8.32395680e+02 6.80914732e+01 2.48514821e-01 4.87113374e-02
2.91432233e-04 -8.32393637e+02 6.82182256e+01 2.36494524e-01 4.76990064e-02
2.91650108e-04 -8.32387538e+02 7.06632234e+01 2.66428890e-01 4.48928868e-02
2.93844450e-04 -8.32372041e+02 6.74197712e+01 2.50447306e-01 4.85548965e-02
2.95770533e-04 -8.32367760e+02 6.81291737e+01 2.44056861e-01 4.85607272e-02
2.99753193e-04 -8.32338839e+02 6.75373797e+01 2.59131533e-01 4.93815486e-02
3.04477961e-04 -8.32329638e+02 6.97365479e+01 2.67248685e-01 4.66506735e-02
3.05059581e-04 -8.32328346e+02 6.72767916e+01 2.75101432e-01 4.94692288e-02
3.05879501e-04 -8.32317642e+02 6.81066767e+01 2.74498869e-01 4.72448463e-02
3.06798396e-04 -8.32315663e+02 6.87560926e+01 2.64417732e-01 4.80271450e-02
3.06498714e-04 -8.32312942e+02 6.95269587e+01 2.39592576e-01 4.59396955e-02
3.08505854e-04 -8.32296023e+02 6.97831416e+01 2.54602424e-01 4.65105025e-02
3.10894601e-04 -8.32290795e+02 6.92435265e+01 2.64355037e-01 4.57234718e-02
3.16241055e-04 -8.32255569e+02 6.71316180e+01 2.58747896e-01 4.91464274e-02
3.21292620e-04 -8.32252138e+02 6.80538867e+01 2.94658664e-01 4.79308564e-02
3.22387727e-04 -8.32242130e+02 6.78693374e+01 2.75456316e-01 4.76414344e-02
3.25355668e-04 -8.32227185e+02 6.78262367e+01 2.65017402e-01 4.76643072e-02
3.28595318e-04 -8.32215636e+02 6.72959130e+01 2.51475621e-01 4.93495819e-02
3.30374795e-04 -8.32209703e+02 6.94080465e+01 2.91447091e-01 4.58867737e-02
3.31134679e-04 -8.32204384e+02 6.93959089e+01 2.84582129e-01 4.69696364e-02
3.31414584e-04 -8.32201353e+02 7.02330739e+01 2.67735061e-01 4.48099955e-02
3.39423837e-04 -8.32150611e+02 7.04065277e+01 2.52484885e-01 4.50673920e-02
3.49244119e-04 -8.32137056e+02 6.77269628e+01 2.42173910e-01 4.87544110e-02
3.51798991e-04 -8.32129347e+02 6.77566865e+01 2.48465521e-01 4.90023757e-02
3.54466383e-04 -8.32115328e+02 6.91258339e+01 2.97383799e-01 4.65598284e-02
3.56038274e-04 -8.32113793e+02 6.80867941e+01 2.47168925e-01 4.74577972e-02
3.57167589e-04 -8.32102371e+02 6.79667786e+01 2.48472944e-01 4.76224193e-02
3.61067621e-04 -8.32085456e+02 6.93437534e+01 2.37950159e-01 4.62969578e-02
3.65017995e-04 -8.32073914e+02 6.85414044e+01 2.89949424e-01 4.69042332e-02
3.66200326e-04 -8.32072300e+02 6.92443877e+01 2.68070318e-01 4.57436694e-02
3.69293109e-04 -8.32050556e+02 6.81037093e+01 2.37733488e-01 4.80801260e-02
3.73395712e-04 -8.32043443e+02 6.83748375e+01 2.36582932e-01 4.75810360e-02
3.74892438e-04 -8.32035901e+02 7.04791333e+01 2.56304268e-01 4.49577527e-02
3.76617902e-04 -8.32027606e+02 6.76394859e+01 2.71800603e-01 4.80388691e-02
3.77784766e-04 -8.32023046e+02 6.83833974e+01 2.36420841e-01 4.76491668e-02
3.79117157e-04 -8.32013925e+02 6.74378865e+01 2.55794055e-01 4.93625568e-02
3.81254861e-04 -8.32005144e+02 6.90247411e+01 2.44506127e-01 4.62655229e-02
3.81982968e-04 -8.32003435e+02 7.02229380e+01 2.69810859e-01 4.58027298e-02
3.82035912e-04 -8.31998217e+02 6.96587160e+01 2.70539322e-01 4.53215637e-02
3.81913336e-04 -8.31997415e+02 6.82403700e+01 2.79305925e-01 4.85307337e-02
3.81466915e-04 -8.31993904e+02 6.93270104e+01 2.95664929e-01 4.62604767e-02
3.82317358e-04 -8.31986316e+02 7.02125752e+01 2.58599755e-01 4.57844597e-02
3.87278447e-04 -8.31961601e+02 6.88663916e+01 2.79923790e-01 4.77496276e-02
3.90782436e-04 -8.31961494e+02 6.94232210e+01 2.53412233e-01 4.56474311e-02
3.91173261e-04 -8.31952964e+02 6.85833000e+01 2.55254905e-01 4.81678337e-02
3.92439240e-04 -8.31948363e+02 7.00659256e+01 2.72493553e-01 4.60523426e-02
3.94479017e-04 -8.31935973e+02 6.86518107e+01 2.97231483e-01 4.72724901e-02
3.97291954e-04 -8.31927477e+02 6.72696485e+01 2.52541996e-01 4.90977388e-02
3.97852479e-04 -8.31926480e+02 6.88823023e+01 2.63664172e-01 4.78216597e-02
3.97456757e-04 -8.31922814e+02 6.75798147e+01 2.86509438e-01 4.86630164e-02
3.97150582e-04 -8.31921363e+02 6.86857522e+01 2.50508295e-01 4.79755292e-02
3.96147187e-04 -8.31921218e+02 6.74242912e+01 2.47774688e-01 4.90188295e-02
3.94939456e-04 -8.31920814e+02 6.80524180e+01 2.77962169e-01 4.74150249e-02
3.95342205e-04 -8.31912541e+02 6.88164881e+01 2.82676520e-01 4.77665312e-02
3.96897071e-04 -8.31906300e+02 6.96480105e+01 2.92138429e-01 4.62485993e-02
3.98725666e-04 -8.31896705e+02 6.85103894e+01 2.36539242e-01 4.75284594e-02
3.99829102e-04 -8.31894096e+02 6.90212948e+01 2.39475040e-01 4.71905155e-02
3.99116992e-04 -8.31893613e+02 6.75303010e+01 2.59440737e-01 4.82627190e-02
3.98480837e-04 -8.31890633e+02 6.73485492e+01 2.68168931e-01 4.94362871e-02
3.98672850e-04 -8.31885997e+02 6.71891511e+01 2.57242585e-01 4.92849183e-02
3.98282493e-04 -8.31885932e+02 6.88751654e+01 2.49353642e-01 4.63438898e-02
3.97198520e-04 -8.31884792e+02 6.76795116e+01 2.43909402e-01 4.87954835e-02
3.96849677e-04 -8.31881036e+02 7.00027974e+01 2.87539891e-01 4.53917515e-02
3.99210366e-04 -8.31866326e+02 6.92754224e+01 2.81320394e-01 4.58346537e-02
4.00923973e-04 -8.31865760e+02 6.88879477e+01 2.73810553e-01 4.77754120e-02
4.00896561e-04 -8.31859816e+02 6.90324066e+01 2.38465218e-01 4.65685317e-02
4.02918008e-04 -8.31849065e+02 6.96670267e+01 2.66619595e-01 4.67025243e-02
4.04343420e-04 -8.31846070e+02 6.91110513e+01 2.96635989e-01 4.66645434e-02
4.04339094e-04 -8.31842432e+02 6.71840521e+01 2.69901344e-01 4.91595263e-02
4.04613209e-04 -8.31838061e+02 6.80841735e+01 2.80285062e-01 4.86648798e-02
4.09482908e-04 -8.31812014e+02 7.02540786e+01 2.80282687e-01 4.50396161e-02
4.13738628e-04 -8.31810558e+02 6.95136550e+01 2.75673461e-01 4.68786404e-02
4.15726777e-04 -8.31795825e+02 6.75708711e+01 2.79917330e-01 4.91030156e-02
4.20483792e-04 -8.31781146e+02 6.82560169e+01 2.65358788e-01 4.70471158e-02
4.22868498e-04 -8.31777808e+02 7.04715794e+01 2.73433283e-01 4.49010833e-02
4.23440934e-04 -8.31771791e+02 6.90102848e+01 2.42775875e-01 4.63777465e-02
4.23748818e-04 -8.31769690e+02 6.82689081e+01 2.70003573e-01 4.85593486e-02
4.22859183e-04 -8.31769338e+02 6.74164238e+01 2.54870052e-01 4.85949599e-02
4.22244529e-04 -8.31765947e+02 6.99725768e+01 2.77611132e-01 4.61241403e-02
4.22164013e-04 -8.31763063e+02 6.77070380e+01 2.83336563e-01 4.89114274e-02
4.27602076e-04 -8.31733904e+02 6.91535589e+01 2.88571008e-01 4.61424280e-02
4.32907163e-04 -8.31731536e+02 6.93517840e+01 2.75748179e-01 4.71048625e-02
4.33564422e-04 -8.31724226e+02 7.05174521e+01 2.63944781e-01 4.49309729e-02
4.34600760e-04 -8.31720096e+02 6.96263572e+01 2.92827518e-01 4.59922723e-02
4.35412533e-04 -8.31713843e+02 6.74400102e+01 2.59945058e-01 4.84777426e-02
4.36441751e-04 -8.31708716e+02 6.96218635e+01 2.91246614e-01 4.62941986e-02
4.36919551e-04 -8.31704996e+02 7.01526051e+01 2.78031749e-01 4.50399583e-02
4.36417478e-04 -8.31704356e+02 6.87298292e+01 2.83442101e-01 4.78372810e-02
4.35805663e-04 -8.31701149e+02 6.92778168e+01 2.69924351e-01 4.57500969e-02
4.35596769e-04 -8.31698658e+02 6.84428050e+01 2.44154999e-01 4.81032961e-02
4.35080410e-04 -8.31696865e+02 6.74916884e+01 2.50185312e-01 4.91157961e-02
4.35482609e-04 -8.31690165e+02 7.03516819e+01 2.70916352e-01 4.54797506e-02
4.36324924e-04 -8.31686337e+02 6.86475893e+01 2.57452052e-01 4.65482581e-02
4.39836054e-04 -8.31667564e+02 6.85344443e+01 2.89195944e-01 4.69596835e-02
4.42691321e-04 -8.31666652e+02 6.84970059e+01 2.85992727e-01 4.69240310e-02
4.42908195e-04 -8.31659940e+02 6.84081334e+01 2.57563855e-01 4.68767275e-02
4.43926433e-04 -8.31655398e+02 6.98565575e+01 2.47822051e-01 4.61305800e-02
4.43771808e-04 -8.31653977e+02 7.00812873e+01 2.52407531e-01 4.51728821e-02
4.43622471e-04 -8.31649420e+02 6.91716569e+01 2.44158009e-01 4.71292902e-02
4.46936967e-04 -8.31632500e+02 6.80373534e+01 2.90414336e-01 4.78518470e-02
4.50268372e-04 -8.31627846e+02 6.76432360e+01 2.50191133e-01 4.90332492e-02
4.52940816e-04 -8.31614052e+02 6.98971354e+01 2.87923116e-01 4.55342896e-02
4.55916219e-04 -8.31608057e+02 7.00298267e+01 2.84762344e-01 4.53262704e-02
4.56539594e-04 -8.31604657e+02 6.74657635e+01 2.74392029e-01 4.92383226e-02
4.56699763e-04 -8.31600701e+02 6.97089675e+01 2.44737929e-01 4.56961845e-02
4.61249362e-04 -8.31578298e+02 6.78232180e+01 2.42360548e-01 4.83955154e-02
4.66351898e-04 -8.31571926e+02 6.85733642e+01 2.95463659e-01 4.74044285e-02
4.67174684e-04 -8.31568110e+02 6.83732949e+01 2.38177472e-01 4.76676770e-02
4.66993673e-04 -8.31566043e+02 7.04446333e+01 2.60882687e-01 4.49814881e-02
4.69323512e-04 -8.31551553e+02 6.96224034e+01 2.92160340e-01 4.60522661e-02
4.74520621e-04 -8.31537360e+02 6.88128691e+01 2.42831816e-01 4.75655276e-02
4.76674201e-04 -8.31535791e+02 6.94128880e+01 2.40067775e-01 4.63466745e-02
4.81781436e-04 -8.31509561e+02 6.89469205e+01 2.87105062e-01 4.74438857e-02
4.87690057e-04 -8.31504591e+02 7.03115552e+01 2.72526840e-01 4.55008376e-02
4.91662520e-04 -8.31486754e+02 6.74297243e+01 2.64920643e-01 4.93197326e-02
4.97290556e-04 -8.31475126e+02 6.95770815e+01 2.72625752e-01 4.67691667e-02
4.98928412e-04 -8.31473489e+02 6.73350525e+01 2.74965572e-01 4.91313284e-02
4.97821188e-04 -8.31472913e+02 7.02139000e+01 2.56211763e-01 4.50647762e-02
4.97085179e-04 -8.31469795e+02 6.99958640e+01 2.52025717e-01 4.52671905e-02
5.00659030e-04 -8.31452006e+02 6.84160116e+01 2.39399582e-01 4.78252703e-02
5.04329290e-04 -8.31448455e+02 6.85429500e+01 2.42695776e-01 4.70307508e-02
5.04188659e-04 -8.31445907e+02 6.94960321e+01 2.92758983e-01 4.62464244e-02
5.05117709e-04 -8.31438131e+02 6.88843450e+01 2.94671890e-01 4.68349703e-02
5.05575591e-04 -8.31437424e+02 6.78507530e+01 2.85935411e-01 4.80558184e-02
5.06474625e-04 -8.31427945e+02 6.78851564e+01 2.83491114e-01 4.78940518e-02
5.07466354e-04 -8.31426834e+02 6.72669212e+01 2.65867417e-01 4.92903947e-02
5.08310632e-04 -8.31417984e+02 6.96998186e+01 2.90300838e-01 4.58553558e-02
5.09383819e-04 -8.31415942e+02 7.00311691e+01 2.84648278e-01 4.57134791e-02
5.09957976e-04 -8.31409086e+02 7.00005192e+01 2.86126182e-01 4.56413746e-02
5.12637939e-04 -8.31398818e+02 6.84219998e+01 2.39419918e-01 4.77975745e-02
5.13652303e-04 -8.31398450e+02 6.74134827e+01 2.70688830e-01 4.92633939e-02
5.14304298e-04 -8.31389644e+02 6.91116967e+01 2.81981557e-01 4.60919438e-02
5.20728156e-04 -8.31367077e+02 7.01512001e+01 2.65122068e-01 4.58321935e-02
5.29659992e-04 -8.31348930e+02 6.87085508e+01 2.92245566e-01 4.75224450e-02
5.36307604e-04 -8.31335439e+02 6.96976766e+01 2.64634750e-01 4.65917065e-02
5.38538705e-04 -8.31333926e+02 6.95787477e+01 2.89449547e-01 4.58592531e-02
5.38158857e-04 -8.31330197e+02 6.83820070e+01 2.83307590e-01 4.82062994e-02
5.37552684e-04 -8.31329521e+02 6.96458861e+01 2.50339737e-01 4.55843358e-02
5.38389840e-04 -8.31320450e+02 6.81262235e+01 2.86299701e-01 4.75719178e-02
5.40030628e-04 -8.31316763e+02 6.84606113e+01 2.54680421e-01 4.68750092e-02
5.42352861e-04 -8.31305242e+02 6.72897983e+01 2.63820651e-01 4.92472979e-02
5.44781374e-04 -8.31301143e+02 7.01443110e+01 2.67000917e-01 4.58329778e-02
5.52147148e-04 -8.31271936e+02 6.72979151e+01 2.69389624e-01 4.91433732e-02
5.59814705e-04 -8.31266698e+02 6.92651541e+01 2.82985538e-01 4.70615487e-02
5.60126653e-04 -8.31264161e+02 6.97546029e+01 2.89185112e-01 4.59034653e-02
5.60271648e-04 -8.31259529e+02 6.89096744e+01 2.87593167e-01 4.74377340e-02
5.60532586e-04 -8.31256571e+02 6.98973786e+01 2.83081426e-01 4.54090432e-02
5.59564708e-04 -8.31256327e+02 6.75933122e+01 2.51589560e-01 4.90031190e-02
5.59286139e-04 -8.31250918e+02 6.84756279e+01 2.83184865e-01 4.80891225e-02
5.62474410e-04 -8.31238335e+02 6.77205288e+01 2.51868440e-01 4.81378931e-02
5.64561149e-04 -8.31236818e+02 6.87891872e+01 2.93441661e-01 4.72993860e-02
5.63149277e-04 -8.31236687e+02 6.82624950e+01 2.40096059e-01 4.77813600e-02
5.62381325e-04 -8.31232895e+02 6.77704643e+01 2.56279951e-01 4.79584212e-02
5.62229982e-04 -8.31230567e+02 6.89827588e+01 2.70358834e-01 4.76001422e-02
5.61371534e-04 -8.31229294e+02 6.95847121e+01 2.63150887e-01 4.54858286e-02
5.60341488e-04 -8.31227585e+02 6.74995332e+01 2.77911707e-01 4.90020567e-02
5.59434221e-04 -8.31225880e+02 6.85059684e+01 2.66982856e-01 4.67555325e-02
5.59153838e-04 -8.31221935e+02 6.89300393e+01 2.71302392e-01 4.76646140e-02
5.58917216e-04 -8.31220068e+02 6.87147990e+01 2.44069156e-01 4.67878037e-02
5.57669388e-04 -8.31219749e+02 6.99946589e+01 2.68378392e-01 4.51294787e-02
5.56896847e-04 -8.31216188e+02 6.92537213e+01 2.75018572e-01 4.71899919e-02
5.57134653e-04 -8.31212240e+02 6.84240630e+01 2.68248711e-01 4.68737561e-02
5.57116800e-04 -8.31209594e+02 7.00281966e+01 2.73294074e-01 4.51386041e-02
5.56078654e-04 -8.31209313e+02 6.97869522e+01 2.45408859e-01 4.58148607e-02
5.54986759e-04 -8.31206871e+02 6.81689045e+01 2.44340509e-01 4.75851937e-02
5.56034070e-04 -8.31198902e+02 6.94361089e+01 2.91218004e-01 4.61241866e-02
5.58144330e-04 -8.31192633e+02 7.00041674e+01 2.84755805e-01 4.55853469e-02
5.58047107e-04 -8.31192585e+02 6.82526113e+01 2.78008837e-01 4.72037439e-02
5.61837953e-04 -8.31172538e+02 7.01559715e+01 2.58228905e-01 4.57188179e-02
5.67849504e-04 -8.31164559e+02 6.87247612e+01 2.87678395e-01 4.76556716e-02
5.70046675e-04 -8.31158153e+02 7.02298434e+01 2.60226043e-01 4.50628643e-02
5.74184020e-04 -8.31143483e+02 7.01043560e+01 2.71993217e-01 4.50938704e-02
5.76847814e-04 -8.31142187e+02 6.97810590e+01 2.52137080e-01 4.62946951e-02
5.76192767e-04 -8.31139102e+02 6.75654775e+01 2.78854878e-01 4.85274047e-02
5.75694764e-04 -8.31137259e+02 7.00556499e+01 2.50532557e-01 4.54712374e-02
5.75472940e-04 -8.31133220e+02 6.79413840e+01 2.85005815e-01 4.85376418e-02
5.74796826e-04 -8.31132951e+02 6.74791465e+01 2.52086568e-01 4.88355596e-02
5.74936213e-04 -8.31126092e+02 6.80259358e+01 2.73979608e-01 4.87116116e-02
5.76171019e-04 -8.31121997e+02 6.92728060e+01 2.74738750e-01 4.71537018e-02
5.75998928e-04 -8.31120030e+02 6.94642338e+01 2.59337406e-01 4.56425984e-02
5.76683490e-04 -8.31112977e+02 6.93148930e+01 2.86733297e-01 4.60253618e-02
5.76975369e-04 -8.31112350e+02 6.88907593e+01 2.85793854e-01 4.74892131e-02
5.76406337e-04 -8.31108299e+02 6.77575330e+01 2.84056943e-01 4.86412743e-02
5.76412586e-04 -8.31105671e+02 6.82355325e+01 2.41901086e-01 4.76521500e-02
5.80866505e-04 -8.31086341e+02 6.97445883e+01 2.87245362e-01 4.57340418e-02
5.84877182e-04 -8.31085160e+02 7.02010783e+01 2.59186746e-01 4.51083644e-02
5.85743713e-04 -8.31076741e+02 6.90545123e+01 2.54484315e-01 4.61471876e-02
5.87066960e-04 -8.31073976e+02 6.89129318e+01 2.74414722e-01 4.76461555e-02
5.86494588e-04 -8.31072036e+02 6.92160732e+01 2.69331419e-01 4.58895524e-02
5.86168511e-04 -8.31068435e+02 6.85984291e+01 2.41994230e-01 4.76957165e-02
5.86602279e-04 -8.31063903e+02 7.01716905e+01 2.69649519e-01 4.50621834e-02
5.89872546e-04 -8.31050699e+02 6.82935646e+01 2.89020430e-01 4.74654174e-02
5.92361143e-04 -8.31048784e+02 6.92203812e+01 2.46710271e-01 4.70341586e-02
5.91687769e-04 -8.31046319e+02 6.94836208e+01 2.61368743e-01 4.68714871e-02
5.94131629e-04 -8.31033922e+02 6.98889920e+01 2.51401546e-01 4.60486005e-02
6.03175869e-04 -8.31009557e+02 6.73811686e+01 2.65289957e-01 4.91726352e-02
6.11948635e-04 -8.30998271e+02 6.97079092e+01 2.53217500e-01 4.64178064e-02
6.14724417e-04 -8.30993823e+02 6.84727243e+01 2.88722315e-01 4.78744090e-02
6.17244777e-04 -8.30983454e+02 6.75066730e+01 2.54680500e-01 4.86290656e-02
6.20406653e-04 -8.30976932e+02 6.96808019e+01 2.80243483e-01 4.64328388e-02
6.21056306e-04 -8.30974696e+02 6.87508767e+01 2.66372064e-01 4.64576437e-02
6.20087691e-04 -8.30973398e+02 6.74675806e+01 2.75819888e-01 4.88615901e-02
6.18897569e-04 -8.30971883e+02 6.82750901e+01 2.44867551e-01 4.81716808e-02
6.17350938e-04 -8.30971746e+02 6.80137733e+01 2.85934019e-01 4.83990557e-02
6.16061930e-04 -8.30969409e+02 6.84770556e+01 2.90245805e-01 4.77830938e-02
6.16758023e-04 -8.30962841e+02 6.79591009e+01 2.81970741e-01 4.78123711e-02
6.18600468e-04 -8.30956786e+02 6.76296305e+01 2.80954735e-01 4.87090187e-02
6.19715313e-04 -8.30952580e+02 6.81759765e+01 2.52656049e-01 4.84852944e-02
6.20327096e-04 -8.30948157e+02 6.87741704e+01 2.63118587e-01 4.78538249e-02
6.24002276e-04 -8.30934154e+02 6.76246381e+01 2.60922848e-01 4.82475438e-02
6.30322509e-04 -8.30921339e+02 6.96702477e+01 2.79100699e-01 4.64633857e-02
6.34330864e-04 -8.30914790e+02 6.90920381e+01 2.49867665e-01 4.72821847e-02
6.37847232e-04 -8.30903647e+02 6.89486534e+01 2.45731742e-01 4.64976211e-02
6.42979618e-04 -8.30892108e+02 6.86011797e+01 2.54762054e-01 4.80107134e-02
6.45114099e-04 -8.30890331e+02 6.96339130e+01 2.77306356e-01 4.65476635e-02
6.45849091e-04 -8.30883187e+02 6.88435510e+01 2.44991289e-01 4.74798929e-02
6.46304308e-04 -8.30882253e+02 6.74193491e+01 2.70989937e-01 4.90318837e-02
6.46019209e-04 -8.30877420e+02 6.76643629e+01 2.73461693e-01 4.89785506e-02
6.46569926e-04 -8.30873891e+02 6.85203401e+01 2.44967673e-01 4.78848071e-02
6.46766426e-04 -8.30870157e+02 6.81230165e+01 2.71605981e-01 4.73837150e-02
6.48638526e-04 -8.30861470e+02 6.86595864e+01 2.45649683e-01 4.68704791e-02
6.55554066e-04 -8.30842363e+02 6.79340628e+01 2.46248400e-01 4.84722624e-02
6.60130513e-04 -8.30840810e+02 6.82989213e+01 2.59379904e-01 4.71224540e-02
6.58879542e-04 -8.30839501e+02 6.95868399e+01 2.83807659e-01 4.64682840e-02
6.58712510e-04 -8.30834667e+02 6.81229775e+01 2.71355600e-01 4.85929183e-02
6.59516947e-04 -8.30830403e+02 6.78293980e+01 2.84662972e-01 4.83791041e-02
6.59824186e-04 -8.30827078e+02 6.75739053e+01 2.53598303e-01 4.89206508e-02
6.60572700e-04 -8.30821485e+02 6.91850635e+01 2.42054110e-01 4.65106711e-02
6.61096348e-04 -8.30818832e+02 6.84930821e+01 2.62146206e-01 4.81883465e-02
6.65376365e-04 -8.30801992e+02 6.84326386e+01 2.80337329e-01 4.81275770e-02
6.71793873e-04 -8.30792928e+02 6.79606891e+01 2.83358891e-01 4.84979723e-02
6.79080883e-04 -8.30773830e+02 6.86315417e+01 2.89069150e-01 4.70092207e-02
6.83855460e-04 -8.30772170e+02 6.95023876e+01 2.68754796e-01 4.56228987e-02
6.91312180e-04 -8.30745659e+02 6.86089716e+01 2.40945329e-01 4.73965315e-02
7.00295508e-04 -8.30739526e+02 6.76694499e+01 2.57817548e-01 4.82348590e-02
7.02798183e-04 -8.30731874e+02 6.74479798e+01 2.58545550e-01 4.88638816e-02
7.03220394e-04 -8.30731655e+02 6.95517440e+01 2.44946471e-01 4.62227216e-02
7.01652046e-04 -8.30729685e+02 7.02767754e+01 2.68623037e-01 4.52590556e-02
7.00290355e-04 -8.30728883e+02 6.78446928e+01 2.83848849e-01 4.82489423e-02
6.99409696e-04 -8.30725549e+02 6.84470227e+01 2.56130936e-01 4.69550541e-02
7.00298003e-04 -8.30719695e+02 6.76745347e+01 2.65979072e-01 4.81759674e-02
7.02021968e-04 -8.30713976e+02 6.85500199e+01 2.52129005e-01 4.80101359e-02
7.02431980e-04 -8.30711865e+02 6.92554540e+01 2.88688076e-01 4.62625533e-02
7.03741790e-04 -8.30703610e+02 6.97507472e+01 2.60830501e-01 4.63995349e-02
7.07452949e-04 -8.30694693e+02 7.01833308e+01 2.71370310e-01 4.55603477e-02
7.12672925e-04 -8.30682270e+02 6.86044949e+01 2.61206522e-01 4.80306139e-02
7.17395003e-04 -8.30674804e+02 6.89395806e+01 2.57827284e-01 4.75742815e-02
7.18488329e-04 -8.30672556e+02 6.90673846e+01 2.47877703e-01 4.63334348e-02
7.19644650e-04 -8.30664946e+02 6.92362628e+01 2.56428971e-01 4.59726795e-02
7.20092381e-04 -8.30664642e+02 6.81177938e+01 2.46866498e-01 4.76977678e-02
7.18705314e-04 -8.30662148e+02 6.99267291e+01 2.51092581e-01 4.56184223e-02
7.22534647e-04 -8.30647411e+02 6.96279001e+01 2.65711415e-01 4.55184033e-02
7.26049658e-04 -8.30645733e+02 6.88091026e+01 2.85377906e-01 4.66553669e-02
7.33457705e-04 -8.30620610e+02 6.82879993e+01 2.85374940e-01 4.81085785e-02
7.41860217e-04 -8.30616143e+02 6.95064233e+01 2.46452684e-01 4.60125051e-02
7.42710176e-04 -8.30611664e+02 6.75671935e+01 2.75058583e-01 4.88439974e-02
7.42589205e-04 -8.30609809e+02 6.99130729e+01 2.52787092e-01 4.55149721e-02
7.45752913e-04 -8.30596549e+02 7.02075174e+01 2.61717712e-01 4.52792314e-02
7.55119783e-04 -8.30578229e+02 6.87696057e+01 2.85791521e-01 4.67335541e-02
7.62787321e-04 -8.30569622e+02 6.90709373e+01 2.56833650e-01 4.73709537e-02
7.67415738e-04 -8.30559482e+02 6.93579500e+01 2.58247362e-01 4.58380684e-02
7.70586530e-04 -8.30554700e+02 6.94454063e+01 2.86586644e-01 4.60414488e-02
7.73784706e-04 -8.30544563e+02 6.75507874e+01 2.60675626e-01 4.89917061e-02
7.83538218e-04 -8.30523082e+02 6.91869199e+01 2.44144666e-01 4.64314495e-02
7.90598467e-04 -8.30519853e+02 6.94107948e+01 2.48647238e-01 4.66915086e-02
7.90151877e-04 -8.30517555e+02 6.80986788e+01 2.45163886e-01 4.81612331e-02
7.90758281e-04 -8.30511671e+02 6.84385742e+01 2.89286927e-01 4.74434932e-02
7.90729476e-04 -8.30510964e+02 6.88622774e+01 2.78391777e-01 4.64594837e-02
7.89260176e-04 -8.30508736e+02 6.91923438e+01 2.66862653e-01 4.72342374e-02
7.93510863e-04 -8.30493622e+02 6.90545705e+01 2.90309009e-01 4.68585364e-02
7.99431757e-04 -8.30487166e+02 7.00982435e+01 2.57029206e-01 4.54864197e-02
8.00575738e-04 -8.30484098e+02 6.97768877e+01 2.54965912e-01 4.62308917e-02
8.00512970e-04 -8.30480668e+02 6.78382763e+01 2.56003685e-01 4.79858454e-02
8.00356724e-04 -8.30477832e+02 6.74754233e+01 2.65661542e-01 4.88046343e-02
7.99483553e-04 -8.30476194e+02 6.95073682e+01 2.85546000e-01 4.59695282e-02
7.98344621e-04 -8.30474028e+02 6.77288077e+01 2.77393979e-01 4.87283101e-02
7.99655392e-04 -8.30466271e+02 7.00023057e+01 2.56566885e-01 4.54066244e-02
8.04515481e-04 -8.30455269e+02 6.91896312e+01 2.43431678e-01 4.66852046e-02
8.07396854e-04 -8.30452437e+02 6.79984206e+01 2.46501629e-01 4.82692707e-02
8.06652139e-04 -8.30450458e+02 6.99961493e+01 2.56390955e-01 4.58057464e-02
8.09610717e-04 -8.30438495e+02 6.80975242e+01 2.66628303e-01 4.85838745e-02
8.11752873e-04 -8.30438482e+02 6.93693363e+01 2.52263776e-01 4.68445266e-02
8.10478155e-04 -8.30434985e+02 6.81117333e+01 2.48367232e-01 4.77059132e-02
8.15276465e-04 -8.30420073e+02 6.97917270e+01 2.49937341e-01 4.59111206e-02
8.19437528e-04 -8.30418093e+02 6.82513800e+01 2.71287642e-01 4.72482035e-02
8.18542647e-04 -8.30415604e+02 6.92269979e+01 2.50603435e-01 4.70182854e-02
8.19176941e-04 -8.30409895e+02 6.89897730e+01 2.78911115e-01 4.63264886e-02
8.21493743e-04 -8.30403302e+02 6.80664142e+01 2.82641260e-01 4.77779083e-02
8.23261120e-04 -8.30398935e+02 6.98730787e+01 2.53138347e-01 4.59462880e-02
8.22391994e-04 -8.30398754e+02 6.99656507e+01 2.59951559e-01 4.59407785e-02
8.20457496e-04 -8.30396990e+02 6.98860165e+01 2.78958793e-01 4.59469485e-02
8.20971525e-04 -8.30390855e+02 6.80570608e+01 2.83589467e-01 4.78478380e-02
8.24376086e-04 -8.30382068e+02 6.90780016e+01 2.43189917e-01 4.68101444e-02
8.27508018e-04 -8.30376604e+02 6.93904485e+01 2.61559266e-01 4.58034364e-02
8.27980717e-04 -8.30374264e+02 6.82555282e+01 2.55055936e-01 4.73069637e-02
8.28970018e-04 -8.30367570e+02 6.79186113e+01 2.48501739e-01 4.81390932e-02
8.29937752e-04 -8.30365265e+02 6.92466378e+01 2.48788126e-01 4.69249418e-02
8.29278376e-04 -8.30362504e+02 6.75432575e+01 2.63426482e-01 4.89329033e-02
8.32965943e-04 -8.30349774e+02 6.84699197e+01 2.49444387e-01 4.71114298e-02
8.38492143e-04 -8.30342596e+02 6.77065175e+01 2.52351487e-01 4.85398395e-02
8.39284977e-04 -8.30341216e+02 6.97948017e+01 2.52816563e-01 4.56366378e-02
8.37173818e-04 -8.30340977e+02 7.00058220e+01 2.77409219e-01 4.56625526e-02
8.36550205e-04 -8.30336057e+02 6.80838298e+01 2.85026237e-01 4.79237287e-02
8.36070996e-04 -8.30335462e+02 6.92293751e+01 2.81295468e-01 4.61135286e-02
8.34859050e-04 -8.30332305e+02 6.98535426e+01 2.52034545e-01 4.58824060e-02
8.38549843e-04 -8.30320019e+02 6.94780017e+01 2.47375116e-01 4.64433036e-02
8.41936257e-04 -8.30317553e+02 6.87155397e+01 2.73487308e-01 4.78109396e-02
8.40179987e-04 -8.30317538e+02 6.83998257e+01 2.88426048e-01 4.75850809e-02
8.37716311e-04 -8.30316771e+02 6.79495268e+01 2.65233700e-01 4.87088112e-02
8.35352406e-04 -8.30316534e+02 6.81781510e+01 2.78626537e-01 4.83479987e-02
8.33034074e-04 -8.30315673e+02 6.78858949e+01 2.60743241e-01 4.78705266e-02
8.30791207e-04 -8.30315271e+02 6.95678111e+01 2.59364972e-01 4.66202537e-02
8.31157345e-04 -8.30308149e+02 6.87851686e+01 2.43810921e-01 4.69568083e-02
8.32201435e-04 -8.30306093e+02 6.91346713e+01 2.89189661e-01 4.67179974e-02
8.31400468e-04 -8.30303420e+02 6.93962639e+01 2.85192559e-01 4.65974371e-02
8.31128212e-04 -8.30300093e+02 6.76846045e+01 2.75474237e-01 4.84257604e-02
8.29810311e-04 -8.30299936e+02 6.80808752e+01 2.46391208e-01 4.79691193e-02
8.28519307e-04 -8.30296554e+02 6.89429733e+01 2.48593000e-01 4.65259580e-02
8.30386803e-04 -8.30288790e+02 6.86967603e+01 2.89313491e-01 4.73291918e-02
8.31188533e-04 -8.30287954e+02 6.98882592e+01 2.62595303e-01 4.60925751e-02
8.31302115e-04 -8.30281870e+02 6.95134742e+01 2.54653854e-01 4.66356575e-02
8.32915849e-04 -8.30277415e+02 6.97801011e+01 2.77077436e-01 4.55534922e-02
8.32966307e-04 -8.30275089e+02 6.81263580e+01 2.55451645e-01 4.84648465e-02
8.37610427e-04 -8.30259698e+02 6.86956158e+01 2.66041640e-01 4.78679927e-02
8.41496705e-04 -8.30259117e+02 6.87947700e+01 2.53279594e-01 4.76500471e-02
8.40242554e-04 -8.30256027e+02 6.90394453e+01 2.64809042e-01 4.61933068e-02
8.40707473e-04 -8.30251358e+02 6.91936901e+01 2.44348871e-01 4.66249848e-02
8.39983167e-04 -8.30251090e+02 6.81527495e+01 2.85680863e-01 4.78843770e-02
8.37547656e-04 -8.30250510e+02 6.81858827e+01 2.66862018e-01 4.73572161e-02
8.37670496e-04 -8.30244151e+02 6.82880911e+01 2.54414410e-01 4.82748928e-02
8.39224357e-04 -8.30240142e+02 6.85416264e+01 2.55569819e-01 4.69012072e-02
8.39196127e-04 -8.30237561e+02 6.90697583e+01 2.64965218e-01 4.61601369e-02
8.40311146e-04 -8.30230840e+02 6.94945101e+01 2.79417195e-01 4.66111679e-02
8.47521397e-04 -8.30213878e+02 6.82256260e+01 2.82216476e-01 4.81796582e-02
8.52706429e-04 -8.30211915e+02 6.85814624e+01 2.69272847e-01 4.79934924e-02
8.52083843e-04 -8.30208685e+02 6.96907889e+01 2.53313655e-01 4.62771224e-02
8.56616155e-04 -8.30194696e+02 6.85453172e+01 2.52963361e-01 4.69476247e-02
8.61272390e-04 -8.30191142e+02 6.80752254e+01 2.84232113e-01 4.81181800e-02
8.63908043e-04 -8.30181947e+02 6.90166182e+01 2.60756775e-01 4.62476594e-02
8.66077901e-04 -8.30179450e+02 7.01146650e+01 2.65268534e-01 4.53912292e-02
8.68610365e-04 -8.30169475e+02 6.98855322e+01 2.79450091e-01 4.57287649e-02
8.70482525e-04 -8.30168463e+02 6.86915356e+01 2.66033882e-01 4.78605194e-02
8.69299170e-04 -8.30165542e+02 6.97548957e+01 2.80471313e-01 4.60820594e-02
8.69221759e-04 -8.30161987e+02 6.89269954e+01 2.64848966e-01 4.75538861e-02
8.71122626e-04 -8.30154528e+02 6.96376477e+01 2.69640641e-01 4.64999921e-02
8.72304382e-04 -8.30152607e+02 6.83966742e+01 2.63392817e-01 4.70549231e-02
8.71491163e-04 -8.30149739e+02 6.94844774e+01 2.53688828e-01 4.58607070e-02
8.69911333e-04 -8.30149578e+02 6.83442643e+01 2.50276813e-01 4.81054182e-02
8.68176179e-04 -8.30147079e+02 6.98275376e+01 2.52526211e-01 4.58046946e-02
8.66422281e-04 -8.30146966e+02 6.93569322e+01 2.47861211e-01 4.61832239e-02
8.67235964e-04 -8.30138563e+02 6.96323952e+01 2.64805561e-01 4.55981358e-02
8.68670141e-04 -8.30136988e+02 6.88432422e+01 2.79445445e-01 4.65615367e-02
8.66892521e-04 -8.30136004e+02 6.81268148e+01 2.54940382e-01 4.75601889e-02
8.66607192e-04 -8.30130997e+02 6.79194812e+01 2.56101093e-01 4.86273274e-02
8.66281171e-04 -8.30130095e+02 6.83240451e+01 2.45672474e-01 4.75923528e-02
8.65453303e-04 -8.30126257e+02 6.94044579e+01 2.60121063e-01 4.68506067e-02
8.68924488e-04 -8.30115459e+02 6.77458736e+01 2.74809483e-01 4.86707086e-02
8.76678216e-04 -8.30101851e+02 6.91407254e+01 2.45900812e-01 4.65017021e-02
8.80319563e-04 -8.30100468e+02 6.92129936e+01 2.54270923e-01 4.61193721e-02
8.79918994e-04 -8.30096110e+02 6.91334228e+01 2.87782926e-01 4.67693466e-02
8.85722935e-04 -8.30080718e+02 6.94897361e+01 2.51972359e-01 4.65653145e-02
8.91273678e-04 -8.30076904e+02 6.90493969e+01 2.80686268e-01 4.72191191e-02
8.96554479e-04 -8.30062297e+02 6.97407590e+01 2.54083788e-01 4.61582044e-02
9.03167885e-04 -8.30055508e+02 6.91094038e+01 2.66063242e-01 4.61391284e-02
9.07106358e-04 -8.30046946e+02 6.77383333e+01 2.59958653e-01 4.87690008e-02
9.08289179e-04 -8.30046228e+02 6.86460258e+01 2.70619974e-01 4.78820932e-02
9.16585851e-04 -8.30022248e+02 6.89101967e+01 2.44599447e-01 4.70696515e-02
9.26675006e-04 -8.30017540e+02 6.87700213e+01 2.47251537e-01 4.68545548e-02
9.28453103e-04 -8.30011762e+02 6.76801890e+01 2.60073176e-01 4.84135619e-02
9.28590071e-04 -8.30010581e+02 6.80041446e+01 2.76239259e-01 4.84828852e-02
9.28957419e-04 -8.30004324e+02 6.84666320e+01 2.57209903e-01 4.80704179e-02
9.29542145e-04 -8.30002658e+02 6.89648860e+01 2.69762588e-01 4.74683372e-02
9.28046946e-04 -8.30000889e+02 7.00296468e+01 2.70557508e-01 4.56607951e-02
9.29888446e-04 -8.29992057e+02 6.94719231e+01 2.76141453e-01 4.66646827e-02
9.33949342e-04 -8.29985509e+02 6.84422123e+01 2.45534423e-01 4.77046608e-02
9.34632652e-04 -8.29983928e+02 6.92756664e+01 2.86521293e-01 4.65519289e-02
9.32939133e-04 -8.29982481e+02 6.86389407e+01 2.79882873e-01 4.68695343e-02
9.31212888e-04 -8.29980977e+02 6.82569353e+01 2.65323545e-01 4.72888076e-02
9.32490014e-04 -8.29973099e+02 6.90673739e+01 2.54937432e-01 4.62887826e-02
9.33481064e-04 -8.29972182e+02 7.00335305e+01 2.63796584e-01 4.54632676e-02
9.33586884e-04 -8.29966225e+02 6.83559906e+01 2.83080304e-01 4.79582079e-02
9.38020147e-04 -8.29956068e+02 6.95387626e+01 2.57837333e-01 4.65835976e-02
9.40187580e-04 -8.29954928e+02 6.92315503e+01 2.67653703e-01 4.60191442e-02
9.39824726e-04 -8.29950190e+02 6.86632851e+01 2.85459049e-01 4.75251288e-02
9.42658680e-04 -8.29942261e+02 6.86678355e+01 2.68449070e-01 4.78513390e-02
9.46635898e-04 -8.29935111e+02 6.80691184e+01 2.65080568e-01 4.76024827e-02
9.48825806e-04 -8.29930976e+02 6.79530124e+01 2.53329211e-01 4.84756198e-02
9.49718817e-04 -8.29926574e+02 6.77379407e+01 2.62152942e-01 4.82658661e-02
9.50078977e-04 -8.29923559e+02 6.86518720e+01 2.44813487e-01 4.73429191e-02
9.48540302e-04 -8.29923158e+02 6.88112802e+01 2.86370844e-01 4.72829386e-02
9.45805860e-04 -8.29922678e+02 6.94099958e+01 2.58076995e-01 4.67867704e-02
9.43253087e-04 -8.29921908e+02 6.93996786e+01 2.50190307e-01 4.66105977e-02
9.42020045e-04 -8.29918641e+02 6.79129070e+01 2.63194195e-01 4.86556464e-02
9.40820887e-04 -8.29917798e+02 6.88982248e+01 2.79472249e-01 4.74213970e-02
9.39831210e-04 -8.29914093e+02 6.79800851e+01 2.53964518e-01 4.84749600e-02
9.39906400e-04 -8.29910981e+02 6.80439636e+01 2.54242062e-01 4.77736703e-02
9.44236106e-04 -8.29898284e+02 6.82040844e+01 2.72423925e-01 4.83437679e-02
9.47428036e-04 -8.29897536e+02 6.96109209e+01 2.79564712e-01 4.58342726e-02
9.44715777e-04 -8.29897362e+02 6.98025701e+01 2.78775219e-01 4.57894167e-02
9.42195779e-04 -8.29896223e+02 6.96217828e+01 2.63418680e-01 4.56573868e-02
9.41748031e-04 -8.29891662e+02 6.87623693e+01 2.45930743e-01 4.73536933e-02
9.45336231e-04 -8.29881979e+02 6.80262309e+01 2.49585400e-01 4.81756782e-02
9.49173477e-04 -8.29876887e+02 6.79138332e+01 2.53284350e-01 4.84662286e-02
9.56468053e-04 -8.29860076e+02 6.98650280e+01 2.70846430e-01 4.60129921e-02
9.61967193e-04 -8.29858696e+02 6.77267004e+01 2.60926796e-01 4.83396255e-02
9.63983379e-04 -8.29849255e+02 6.98793564e+01 2.61419495e-01 4.59770759e-02
9.66493563e-04 -8.29846818e+02 6.90987098e+01 2.71359703e-01 4.72502512e-02
9.65011259e-04 -8.29845668e+02 6.89611534e+01 2.73642471e-01 4.74175656e-02
9.66565604e-04 -8.29836962e+02 6.77706418e+01 2.73568166e-01 4.85671763e-02
9.67782891e-04 -8.29836476e+02 6.78436280e+01 2.76819958e-01 4.83992691e-02
9.65314283e-04 -8.29835415e+02 6.80714714e+01 2.75906347e-01 4.83934727e-02
9.66393637e-04 -8.29827601e+02 6.86253615e+01 2.86627909e-01 4.73948071e-02
9.67127367e-04 -8.29827226e+02 6.86351388e+01 2.81897053e-01 4.69607338e-02
9.65807090e-04 -8.29823681e+02 6.84464326e+01 2.64707145e-01 4.70304354e-02
9.75264583e-04 -8.29801204e+02 6.91956883e+01 2.52345088e-01 4.62403901e-02
9.83140765e-04 -8.29800812e+02 6.81880936e+01 2.48986137e-01 4.80762417e-02
9.83536134e-04 -8.29793757e+02 6.78906199e+01 2.52844289e-01 4.82651104e-02
9.86157997e-04 -8.29788825e+02 6.82481929e+01 2.62527984e-01 4.83164376e-02
9.88368917e-04 -8.29782626e+02 6.90137400e+01 2.57841424e-01 4.63398119e-02
9.92030224e-04 -8.29774780e+02 6.98220602e+01 2.58831070e-01 4.56244146e-02
9.93724496e-04 -8.29772544e+02 6.80449671e+01 2.50064546e-01 4.80774190e-02
9.92803515e-04 -8.29769980e+02 6.91723772e+01 2.46821256e-01 4.66089705e-02
9.93329957e-04 -8.29764833e+02 6.88289803e+01 2.56470719e-01 4.65849451e-02
9.93151829e-04 -8.29763677e+02 6.85043972e+01 2.47230165e-01 4.73187320e-02
9.91776520e-04 -8.29760950e+02 6.93728950e+01 2.54151546e-01 4.67441638e-02
9.90330153e-04 -8.29759938e+02 6.87532381e+01 2.55624126e-01 4.66954349e-02
9.90911667e-04 -8.29753132e+02 6.80039801e+01 2.79323429e-01 4.80302920e-02
9.91235709e-04 -8.29752617e+02 6.80384173e+01 2.77004364e-01 4.78363665e-02
9.91711599e-04 -8.29745529e+02 6.79655218e+01 2.79034123e-01 4.81605614e-02
9.97658578e-04 -8.29734025e+02 6.96825259e+01 2.63637773e-01 4.63471857e-02
1.00097767e-03 -8.29732198e+02 6.95922066e+01 2.70361225e-01 4.64885142e-02
9.99224240e-04 -8.29730875e+02 6.99360105e+01 2.69664929e-01 4.55545280e-02
9.96926143e-04 -8.29730148e+02 6.97088145e+01 2.63657909e-01 4.56260153e-02
9.97596569e-04 -8.29722888e+02 6.88567965e+01 2.49183488e-01 4.73531930e-02
1.00058142e-03 -8.29717511e+02 6.82842485e+01 2.83404706e-01 4.76756163e-02
1.00003318e-03 -8.29717321e+02 6.81206719e+01 2.59423162e-01 4.75904612e-02
9.98574752e-04 -8.29713777e+02 6.82780785e+01 2.83575432e-01 4.77277260e-02
9.98337654e-04 -8.29711139e+02 6.92792729e+01 2.78911994e-01 4.68498526e-02
9.96431036e-04 -8.29710943e+02 6.81550385e+01 2.55348283e-01 4.83155249e-02
9.95595725e-04 -8.29706167e+02 6.93047735e+01 2.52509014e-01 4.67968958e-02
9.99328327e-04 -8.29696820e+02 6.94211934e+01 2.77145636e-01 4.66634841e-02
1.00341060e-03 -8.29691343e+02 6.85812315e+01 2.80913636e-01 4.77291719e-02
1.00846771e-03 -8.29680133e+02 6.89291377e+01 2.62281235e-01 4.64185869e-02
1.01652752e-03 -8.29668768e+02 6.96964465e+01 2.63446873e-01 4.63058069e-02
1.01966669e-03 -8.29667279e+02 6.97265438e+01 2.75043204e-01 4.57153118e-02
1.02306605e-03 -8.29655490e+02 6.87802104e+01 2.58704566e-01 4.76418620e-02
1.02859908e-03 -8.29649810e+02 6.91286659e+01 2.70559477e-01 4.71818547e-02
1.03287348e-03 -8.29640554e+02 6.89054606e+01 2.50425981e-01 4.73114781e-02
1.03540560e-03 -8.29638237e+02 6.77160895e+01 2.64334099e-01 4.85494314e-02
1.03358637e-03 -8.29637414e+02 6.97715113e+01 2.58693158e-01 4.60825514e-02
1.03248482e-03 -8.29633717e+02 6.78826346e+01 2.55924178e-01 4.81745328e-02
1.03156503e-03 -8.29632538e+02 6.86224976e+01 2.46487486e-01 4.73887834e-02
1.03042459e-03 -8.29629276e+02 6.81620674e+01 2.62307737e-01 4.75145869e-02
1.03136148e-03 -8.29624069e+02 6.98164042e+01 2.74981490e-01 4.59065012e-02
1.03310081e-03 -8.29619250e+02 6.81987344e+01 2.60670614e-01 4.74674253e-02
1.03570716e-03 -8.29612380e+02 6.97018952e+01 2.57999416e-01 4.57436222e-02
1.03616767e-03 -8.29611693e+02 6.96383143e+01 2.74745331e-01 4.57718215e-02
1.03564940e-03 -8.29606731e+02 6.97207578e+01 2.71577695e-01 4.62156320e-02
1.03784575e-03 -8.29600803e+02 6.80894949e+01 2.58504443e-01 4.76839430e-02
1.03795690e-03 -8.29599853e+02 6.87842768e+01 2.49124983e-01 4.68706583e-02
1.03634292e-03 -8.29597262e+02 6.84012143e+01 2.73505182e-01 4.71806240e-02
1.03554636e-03 -8.29594735e+02 6.77444434e+01 2.61704510e-01 4.84900482e-02
1.03452926e-03 -8.29592571e+02 6.99125088e+01 2.63794236e-01 4.56273555e-02
1.03359758e-03 -8.29589882e+02 6.93528892e+01 2.57377086e-01 4.60210531e-02
1.03468817e-03 -8.29583814e+02 6.87300478e+01 2.71603243e-01 4.66979317e-02
1.03665726e-03 -8.29579420e+02 6.83007007e+01 2.49436639e-01 4.79308283e-02
1.03626397e-03 -8.29577913e+02 6.84173277e+01 2.80271622e-01 4.73045330e-02
1.03363865e-03 -8.29577837e+02 6.85073670e+01 2.50349662e-01 4.77875574e-02
1.03257311e-03 -8.29573325e+02 6.87054810e+01 2.85221748e-01 4.71435090e-02
1.03213935e-03 -8.29572017e+02 6.81903962e+01 2.73695537e-01 4.82702095e-02
1.03039031e-03 -8.29570062e+02 6.90251572e+01 2.85212071e-01 4.67589392e-02
1.02823800e-03 -8.29569542e+02 6.83774027e+01 2.83495285e-01 4.77119687e-02
1.02513090e-03 -8.29569459e+02 6.96351290e+01 2.62640826e-01 4.63866160e-02
1.02462372e-03 -8.29563884e+02 6.81740233e+01 2.65135371e-01 4.83527784e-02
1.02468869e-03 -8.29562669e+02 6.92902784e+01 2.77190759e-01 4.61203976e-02
1.02238544e-03 -8.29561729e+02 6.93948933e+01 2.82806716e-01 4.63575729e-02
1.01985586e-03 -8.29560968e+02 6.82127321e+01 2.72781927e-01 4.74806933e-02
1.02041796e-03 -8.29553984e+02 6.86420539e+01 2.68832864e-01 4.78198627e-02
1.02062017e-03 -8.29553904e+02 6.81590878e+01 2.66981928e-01 4.83613421e-02
1.01880442e-03 -8.29550892e+02 6.96103353e+01 2.61964620e-01 4.64207596e-02
1.01780198e-03 -8.29549216e+02 6.90186957e+01 2.80816447e-01 4.65037974e-02
1.01647666e-03 -8.29546843e+02 6.81175616e+01 2.60978216e-01 4.83876729e-02
1.01831528e-03 -8.29538960e+02 6.81885528e+01 2.52741494e-01 4.81659354e-02
1.01899412e-03 -8.29538839e+02 6.86187147e+01 2.48456173e-01 4.71543183e-02
1.01915155e-03 -8.29532007e+02 6.93719034e+01 2.82831232e-01 4.63659287e-02
1.01960416e-03 -8.29531284e+02 6.92531692e+01 2.78168071e-01 4.61861268e-02
1.01732340e-03 -8.29529831e+02 6.88530188e+01 2.65767555e-01 4.75567511e-02
1.02193724e-03 -8.29515628e+02 6.98204218e+01 2.70884253e-01 4.59779198e-02
1.03146834e-03 -8.29504589e+02 6.87638345e+01 2.73022814e-01 4.66804934e-02
1.03647515e-03 -8.29499264e+02 6.98640854e+01 2.61706152e-01 4.58266610e-02
1.03657283e-03 -8.29497738e+02 6.98929810e+01 2.67648210e-01 4.56695331e-02
1.03449949e-03 -8.29496613e+02 6.90501940e+01 2.53257486e-01 4.71562793e-02
1.03562976e-03 -8.29488913e+02 6.85577892e+01 2.62436157e-01 4.69348632e-02
1.03808799e-03 -8.29485204e+02 6.95501117e+01 2.67594316e-01 4.57945356e-02
1.03918199e-03 -8.29480154e+02 6.98816662e+01 2.64903464e-01 4.56713428e-02
1.03879425e-03 -8.29479289e+02 6.91714122e+01 2.81202370e-01 4.63748770e-02
1.03611079e-03 -8.29478671e+02 6.82995694e+01 2.80499109e-01 4.79487733e-02
1.03484490e-03 -8.29475082e+02 6.87021534e+01 2.84784396e-01 4.71999677e-02
1.03352965e-03 -8.29474556e+02 6.95588817e+01 2.77353727e-01 4.59346469e-02
1.03530019e-03 -8.29465025e+02 6.94791987e+01 2.53166812e-01 4.60806891e-02
1.04054554e-03 -8.29457783e+02 6.83672071e+01 2.49136762e-01 4.75762559e-02
1.04163002e-03 -8.29456274e+02 6.85741486e+01 2.71086018e-01 4.69291680e-02
1.04027958e-03 -8.29453724e+02 6.90843432e+01 2.50777476e-01 4.70117267e-02
1.03837935e-03 -8.29453273e+02 6.96901910e+01 2.76883736e-01 4.60332863e-02
1.03537044e-03 -8.29452872e+02 6.82864362e+01 2.78917301e-01 4.80201641e-02
1.03286744e-03 -8.29451459e+02 6.88275681e+01 2.56364759e-01 4.66456067e-02
1.03045413e-03 -8.29450894e+02 6.84169680e+01 2.48956843e-01 4.77375541e-02
1.03282362e-03 -8.29440238e+02 6.81086079e+01 2.52122744e-01 4.79255170e-02
1.03723026e-03 -8.29435700e+02 6.98237683e+01 2.60998889e-01 4.58937465e-02
1.03643599e-03 -8.29435110e+02 6.83485858e+01 2.51821917e-01 4.74487246e-02
1.03404409e-03 -8.29433666e+02 6.89092562e+01 2.73034032e-01 4.65089284e-02
1.03267486e-03 -8.29431105e+02 6.92788788e+01 2.55239349e-01 4.61697743e-02
1.03173493e-03 -8.29428832e+02 6.82296704e+01 2.50374365e-01 4.79314308e-02
1.02988680e-03 -8.29428034e+02 6.84717596e+01 2.78801829e-01 4.78438626e-02
1.02735613e-03 -8.29427097e+02 6.97199235e+01 2.61286014e-01 4.61686379e-02
1.02550807e-03 -8.29424980e+02 6.91323127e+01 2.49182910e-01 4.68193879e-02
1.02390051e-03 -8.29423578e+02 6.82257977e+01 2.80695004e-01 4.77858731e-02
1.02257332e-03 -8.29420920e+02 6.92343736e+01 2.63536395e-01 4.70041823e-02
1.02130643e-03 -8.29419401e+02 6.87410793e+01 2.73831118e-01 4.76278702e-02
1.02038717e-03 -8.29416068e+02 6.95184986e+01 2.52628514e-01 4.62012003e-02
1.02390667e-03 -8.29405882e+02 6.86621962e+01 2.68212748e-01 4.68001876e-02
1.02987432e-03 -8.29397780e+02 6.96414328e+01 2.69415842e-01 4.57574233e-02
1.03110284e-03 -8.29396825e+02 6.94195921e+01 2.67974469e-01 4.59278593e-02
1.02936094e-03 -8.29394507e+02 6.81467794e+01 2.53489842e-01 4.81674738e-02
1.02815460e-03 -8.29392515e+02 6.90844233e+01 2.73027794e-01 4.71748961e-02
1.02621140e-03 -8.29391634e+02 6.94962219e+01 2.52685829e-01 4.61706703e-02
1.02763921e-03 -8.29383096e+02 6.87583785e+01 2.64624478e-01 4.76543943e-02
1.03027936e-03 -8.29379831e+02 6.87810911e+01 2.54943632e-01 4.67458480e-02
1.02986045e-03 -8.29377253e+02 6.78924647e+01 2.57997609e-01 4.83736281e-02
1.02792427e-03 -8.29376938e+02 6.80744800e+01 2.73320934e-01 4.77915121e-02
1.02545915e-03 -8.29375400e+02 6.98322388e+01 2.67118575e-01 4.57014050e-02
1.02424138e-03 -8.29372660e+02 6.94184512e+01 2.81051420e-01 4.63409584e-02
1.02334626e-03 -8.29370493e+02 6.82431954e+01 2.69030807e-01 4.74355554e-02
1.02263277e-03 -8.29367401e+02 6.86817002e+01 2.53002224e-01 4.76137114e-02
1.02093838e-03 -8.29367151e+02 6.88000741e+01 2.58084857e-01 4.75576757e-02
1.01836106e-03 -8.29365801e+02 6.83513307e+01 2.64134461e-01 4.72554151e-02
1.01720454e-03 -8.29362770e+02 6.89949462e+01 2.60098021e-01 4.73161229e-02
1.01554131e-03 -8.29362416e+02 6.78152278e+01 2.63927677e-01 4.83572687e-02
1.01284547e-03 -8.29361431e+02 6.88308010e+01 2.68194091e-01 4.75513369e-02
1.01155474e-03 -8.29358313e+02 6.95523391e+01 2.55394966e-01 4.63333162e-02
1.00990250e-03 -8.29358042e+02 6.89408611e+01 2.64554650e-01 4.74103689e-02
1.00721648e-03 -8.29356984e+02 6.89977812e+01 2.83979755e-01 4.68349833e-02
1.00614750e-03 -8.29353513e+02 6.81446934e+01 2.65101384e-01 4.75957658e-02
1.00716388e-03 -8.29348313e+02 6.92096536e+01 2.51205967e-01 4.64038124e-02
1.00731068e-03 -8.29346560e+02 6.90676425e+01 2.76549761e-01 4.63907779e-02
1.00561627e-03 -8.29345024e+02 6.98283517e+01 2.64542152e-01 4.57341016e-02
1.00452125e-03 -8.29342085e+02 6.78934175e+01 2.72005074e-01 4.83339462e-02
1.00326298e-03 -8.29340873e+02 6.83740595e+01 2.56245007e-01 4.73066957e-02
1.00103095e-03 -8.29339884e+02 6.92590470e+01 2.81972367e-01 4.64150830e-02
9.99224122e-04 -8.29337832e+02 6.94556786e+01 2.57494218e-01 4.65735597e-02
1.00033427e-03 -8.29331018e+02 6.80735290e+01 2.75709813e-01 4.82211387e-02
1.00128449e-03 -8.29329266e+02 6.89351011e+01 2.59543339e-01 4.73868351e-02
9.99768855e-04 -8.29327393e+02 6.92916453e+01 2.82073488e-01 4.64740476e-02
9.98030826e-04 -8.29326090e+02 6.97412135e+01 2.73866580e-01 4.59472157e-02
9.96039265e-04 -8.29324732e+02 6.93421764e+01 2.81160736e-01 4.65032771e-02
9.94337876e-04 -8.29322854e+02 6.86828209e+01 2.53615920e-01 4.69196196e-02
9.92927224e-04 -8.29320916e+02 6.97792037e+01 2.69097803e-01 4.57335258e-02
9.91840957e-04 -8.29318389e+02 6.81719659e+01 2.65440918e-01 4.75564840e-02
9.92352097e-04 -8.29313235e+02 6.86257594e+01 2.83453344e-01 4.73398491e-02
9.92460228e-04 -8.29311509e+02 6.81521147e+01 2.54268503e-01 4.77616435e-02
9.90173251e-04 -8.29311193e+02 6.88987807e+01 2.83285662e-01 4.68572281e-02
9.88585479e-04 -8.29308066e+02 6.88632619e+01 2.69288274e-01 4.74937618e-02
9.90538210e-04 -8.29300602e+02 6.80868748e+01 2.65136949e-01 4.83687146e-02
9.90953085e-04 -8.29300559e+02 6.90687278e+01 2.55271473e-01 4.64138920e-02
9.88180013e-04 -8.29299551e+02 6.85774515e+01 2.69602241e-01 4.78475754e-02
9.87268150e-04 -8.29295753e+02 6.90029575e+01 2.83500911e-01 4.68741988e-02
9.86056494e-04 -8.29295348e+02 6.87198593e+01 2.83593180e-01 4.72377227e-02
9.86408581e-04 -8.29288395e+02 6.82697238e+01 2.52457685e-01 4.79953688e-02
9.88656542e-04 -8.29284132e+02 6.93416311e+01 2.52916077e-01 4.66109720e-02
9.95232891e-04 -8.29268536e+02 6.84316998e+01 2.72950598e-01 4.71955460e-02
1.00015849e-03 -8.29267542e+02 6.88800350e+01 2.51408673e-01 4.67559693e-02
9.99990511e-04 -8.29262224e+02 6.97068173e+01 2.58698040e-01 4.59129355e-02
9.99570339e-04 -8.29261720e+02 6.82919004e+01 2.52389917e-01 4.79643941e-02
9.96728321e-04 -8.29261263e+02 6.80987217e+01 2.77178530e-01 4.79803877e-02
9.96492832e-04 -8.29255545e+02 6.80264416e+01 2.63781831e-01 4.83972727e-02
9.99414219e-04 -8.29248756e+02 6.81498849e+01 2.77713183e-01 4.78634397e-02
1.00192651e-03 -8.29243863e+02 6.84557471e+01 2.61892881e-01 4.71316751e-02
1.00195359e-03 -8.29242041e+02 6.83646527e+01 2.80878538e-01 4.77348443e-02
1.00021528e-03 -8.29240680e+02 6.93256605e+01 2.80798248e-01 4.65056244e-02
9.99371317e-04 -8.29237076e+02 6.81492169e+01 2.56048707e-01 4.81951956e-02
9.97967077e-04 -8.29236833e+02 6.95395549e+01 2.77530096e-01 4.62542918e-02
9.95078178e-04 -8.29236219e+02 6.87148395e+01 2.83177842e-01 4.71848239e-02
9.92654516e-04 -8.29235055e+02 6.82286813e+01 2.54063482e-01 4.80728599e-02
9.90980963e-04 -8.29232939e+02 6.97745091e+01 2.70511065e-01 4.58918656e-02
9.90249074e-04 -8.29229878e+02 6.94826003e+01 2.70260498e-01 4.65580619e-02
9.89115620e-04 -8.29228572e+02 6.85172038e+01 2.49604431e-01 4.75675863e-02
9.88019214e-04 -8.29225443e+02 6.87489387e+01 2.70202560e-01 4.76194373e-02
9.87238456e-04 -8.29223496e+02 6.95188962e+01 2.54340904e-01 4.61831820e-02
9.92851953e-04 -8.29207510e+02 6.90117321e+01 2.81238828e-01 4.70214231e-02
9.97599025e-04 -8.29207237e+02 6.87085557e+01 2.71058376e-01 4.67909318e-02
9.96188343e-04 -8.29203688e+02 6.92670197e+01 2.51402254e-01 4.64471529e-02
9.96418219e-04 -8.29200120e+02 6.84328236e+01 2.81395204e-01 4.75636320e-02
9.95277798e-04 -8.29199320e+02 6.95715124e+01 2.66135912e-01 4.64156845e-02
9.92954003e-04 -8.29198139e+02 6.95560671e+01 2.57093513e-01 4.63193791e-02
9.90689660e-04 -8.29197230e+02 6.80682140e+01 2.56340830e-01 4.82241256e-02
9.88037935e-04 -8.29196844e+02 6.89273576e+01 2.64957013e-01 4.73998669e-02
9.85186457e-04 -8.29196355e+02 6.90263174e+01 2.82746682e-01 4.67987870e-02
9.83149634e-04 -8.29194329e+02 6.95192097e+01 2.75711059e-01 4.60120385e-02
9.80910896e-04 -8.29194258e+02 6.88281794e+01 2.81189746e-01 4.68618293e-02
9.78202050e-04 -8.29193204e+02 6.86943277e+01 2.79722204e-01 4.69806675e-02
9.79361994e-04 -8.29185248e+02 6.92063045e+01 2.62514460e-01 4.69955414e-02
9.80068828e-04 -8.29185090e+02 6.85306503e+01 2.76907080e-01 4.71381344e-02
9.81713575e-04 -8.29175263e+02 6.96675783e+01 2.74188806e-01 4.60031708e-02
9.83444843e-04 -8.29174886e+02 6.91824618e+01 2.62359118e-01 4.62189653e-02
9.81734209e-04 -8.29172091e+02 6.80014664e+01 2.72355438e-01 4.82713858e-02
9.81216838e-04 -8.29169285e+02 6.94569240e+01 2.72939449e-01 4.65499966e-02
9.79863853e-04 -8.29168193e+02 6.92389704e+01 2.65413961e-01 4.69515472e-02
9.79702845e-04 -8.29162964e+02 6.93989947e+01 2.70228490e-01 4.60110781e-02
9.79822594e-04 -8.29161287e+02 6.83526048e+01 2.78122126e-01 4.78892598e-02
9.78377103e-04 -8.29159262e+02 6.97213658e+01 2.64645908e-01 4.58065393e-02
9.77989607e-04 -8.29155426e+02 6.94456345e+01 2.78378215e-01 4.61992931e-02
9.76617917e-04 -8.29155410e+02 6.97007337e+01 2.62709224e-01 4.58326419e-02
9.75002732e-04 -8.29152084e+02 6.92589413e+01 2.51841530e-01 4.64415415e-02
9.73592914e-04 -8.29151645e+02 6.81825494e+01 2.75155636e-01 4.81135626e-02
9.70708128e-04 -8.29151363e+02 6.88949650e+01 2.51619102e-01 4.67691794e-02
9.67979114e-04 -8.29150621e+02 6.81990736e+01 2.52921745e-01 4.78641537e-02
9.66169365e-04 -8.29148451e+02 6.79396612e+01 2.65742418e-01 4.83858072e-02
9.64427899e-04 -8.29147572e+02 6.84237878e+01 2.72461399e-01 4.72291761e-02
9.63179473e-04 -8.29144389e+02 6.86827074e+01 2.51960441e-01 4.75127609e-02
9.67820149e-04 -8.29131344e+02 6.85016131e+01 2.66415338e-01 4.70741667e-02
9.70912109e-04 -8.29131311e+02 6.80321986e+01 2.62027270e-01 4.83389956e-02
9.73276254e-04 -8.29119857e+02 6.96666862e+01 2.64601975e-01 4.58318678e-02
9.75708308e-04 -8.29119632e+02 6.83404056e+01 2.62996924e-01 4.80870820e-02
9.73360608e-04 -8.29118020e+02 6.79234259e+01 2.64529764e-01 4.81589100e-02
9.72692370e-04 -8.29114352e+02 6.87494537e+01 2.60301833e-01 4.75958899e-02
9.73353654e-04 -8.29110006e+02 6.93162521e+01 2.55273011e-01 4.66872865e-02
9.72372739e-04 -8.29109708e+02 6.80112047e+01 2.63913391e-01 4.79318024e-02
9.70331932e-04 -8.29107554e+02 6.85673550e+01 2.53387751e-01 4.71490132e-02
9.68466231e-04 -8.29106901e+02 6.88216563e+01 2.74439052e-01 4.74516456e-02
9.67089505e-04 -8.29103746e+02 6.87840008e+01 2.82365465e-01 4.71203715e-02
9.67338453e-04 -8.29099732e+02 6.94991079e+01 2.68870874e-01 4.59362511e-02
9.72898459e-04 -8.29085673e+02 6.79909297e+01 2.71836398e-01 4.81757444e-02
9.76720678e-04 -8.29085185e+02 6.82005372e+01 2.67286933e-01 4.75690842e-02
9.74877648e-04 -8.29082796e+02 6.80175773e+01 2.70329395e-01 4.82830213e-02
9.72923035e-04 -8.29082542e+02 6.96807465e+01 2.60605051e-01 4.59572478e-02
9.70308412e-04 -8.29081523e+02 6.91844734e+01 2.55814607e-01 4.63375507e-02
9.68714707e-04 -8.29079175e+02 6.91410786e+01 2.80877820e-01 4.65744604e-02
9.66659152e-04 -8.29079115e+02 6.94985046e+01 2.74524155e-01 4.60336431e-02
9.63915174e-04 -8.29078205e+02 6.93151419e+01 2.79689581e-01 4.64905223e-02
9.62342593e-04 -8.29075726e+02 6.90633813e+01 2.61971013e-01 4.63718365e-02
9.65201014e-04 -8.29065642e+02 6.94297186e+01 2.54368950e-01 4.63531439e-02
9.67062358e-04 -8.29065192e+02 6.90568766e+01 2.55032895e-01 4.70822436e-02
9.65619465e-04 -8.29061975e+02 6.82786188e+01 2.74943197e-01 4.75455726e-02
9.66455278e-04 -8.29056810e+02 6.83813381e+01 2.76118047e-01 4.78988957e-02
9.66419003e-04 -8.29055389e+02 6.91435860e+01 2.64559614e-01 4.70686514e-02
9.63945003e-04 -8.29055280e+02 6.95649027e+01 2.57134862e-01 4.61152260e-02
9.61243917e-04 -8.29054345e+02 6.85047786e+01 2.79113502e-01 4.76703275e-02
9.59575307e-04 -8.29052101e+02 6.80319340e+01 2.58027517e-01 4.81880819e-02
9.57678274e-04 -8.29051646e+02 6.95026942e+01 2.73766511e-01 4.60217368e-02
9.54963910e-04 -8.29051122e+02 6.88428748e+01 2.69031441e-01 4.74729832e-02
9.59036039e-04 -8.29036534e+02 6.93469748e+01 2.73290468e-01 4.66919311e-02
9.63504714e-04 -8.29035116e+02 6.93864436e+01 2.53944727e-01 4.63509194e-02
9.61842362e-04 -8.29033332e+02 6.79690009e+01 2.66661198e-01 4.80833629e-02
9.59561493e-04 -8.29033208e+02 6.87919162e+01 2.71324959e-01 4.67187921e-02
9.57136016e-04 -8.29031739e+02 6.96539708e+01 2.68971928e-01 4.58862905e-02
9.56564559e-04 -8.29027750e+02 6.92366585e+01 2.53632738e-01 4.67268388e-02
9.56228380e-04 -8.29025783e+02 6.82883325e+01 2.77165579e-01 4.79070746e-02
9.54120374e-04 -8.29025508e+02 6.85097763e+01 2.69237574e-01 4.70951102e-02
9.53400323e-04 -8.29020643e+02 6.82141855e+01 2.76913232e-01 4.78287777e-02
9.55368912e-04 -8.29014729e+02 6.90684080e+01 2.79894924e-01 4.69197326e-02
9.57763535e-04 -8.29008981e+02 6.82773566e+01 2.61869743e-01 4.74682820e-02
9.57529393e-04 -8.29008555e+02 6.96692252e+01 2.69471644e-01 4.61028212e-02
9.54958061e-04 -8.29007703e+02 6.96863335e+01 2.69039812e-01 4.60541488e-02
9.52950313e-04 -8.29006109e+02 6.81025730e+01 2.58028105e-01 4.78760768e-02
9.52452100e-04 -8.29002097e+02 6.84514746e+01 2.79734340e-01 4.74906072e-02
9.51924039e-04 -8.29000559e+02 6.81831419e+01 2.73864872e-01 4.80888265e-02
9.49560015e-04 -8.29000414e+02 6.88505432e+01 2.64772043e-01 4.66270669e-02
9.47016951e-04 -8.28999267e+02 6.89940867e+01 2.62118529e-01 4.64659376e-02
9.45580654e-04 -8.28996795e+02 6.91605838e+01 2.79115909e-01 4.68034125e-02
9.44775635e-04 -8.28994315e+02 6.94308571e+01 2.66569858e-01 4.66050854e-02
9.43042874e-04 -8.28993809e+02 6.89359681e+01 2.50597678e-01 4.69476442e-02
9.40521763e-04 -8.28993013e+02 6.80371139e+01 2.72047922e-01 4.80975151e-02
9.39868828e-04 -8.28988548e+02 6.96844088e+01 2.69517866e-01 4.59902943e-02
9.39325743e-04 -8.28987509e+02 6.90923602e+01 2.73022104e-01 4.63877809e-02
9.38759007e-04 -8.28983104e+02 6.95363620e+01 2.75149029e-01 4.61893643e-02
9.41024104e-04 -8.28976041e+02 6.93546673e+01 2.71734367e-01 4.61149246e-02
9.45083168e-04 -8.28967844e+02 6.84135788e+01 2.52054209e-01 4.75830326e-02
9.46924089e-04 -8.28965478e+02 6.96346864e+01 2.66133798e-01 4.59070237e-02
9.45864177e-04 -8.28963428e+02 6.94200508e+01 2.66971004e-01 4.66140091e-02
9.43799770e-04 -8.28963192e+02 6.92965293e+01 2.56619236e-01 4.67115255e-02
9.41357037e-04 -8.28961956e+02 6.89401527e+01 2.55870528e-01 4.72420391e-02
9.39571832e-04 -8.28960333e+02 6.88239317e+01 2.71722589e-01 4.74545032e-02
9.37968128e-04 -8.28958717e+02 6.82563932e+01 2.59697846e-01 4.80958265e-02
9.37290045e-04 -8.28955126e+02 6.82712062e+01 2.60411835e-01 4.75098683e-02
9.36270787e-04 -8.28954234e+02 6.94578514e+01 2.55922813e-01 4.62939619e-02
9.34280878e-04 -8.28952726e+02 6.94656565e+01 2.58401619e-01 4.60960315e-02
9.31952874e-04 -8.28952568e+02 6.89069590e+01 2.54048086e-01 4.72343186e-02
9.28988740e-04 -8.28952442e+02 6.89797145e+01 2.51716670e-01 4.67686094e-02
9.26476125e-04 -8.28951329e+02 6.96820283e+01 2.64459975e-01 4.60121241e-02
9.24028463e-04 -8.28951077e+02 6.84359196e+01 2.70437727e-01 4.72346970e-02
9.21858529e-04 -8.28949377e+02 6.84810817e+01 2.61360573e-01 4.78883112e-02
9.19699732e-04 -8.28949110e+02 6.84422891e+01 2.79368077e-01 4.75469554e-02
9.17514854e-04 -8.28947479e+02 6.82702796e+01 2.69398935e-01 4.80944309e-02
9.17878510e-04 -8.28941669e+02 6.96629360e+01 2.69527401e-01 4.60112088e-02
9.19338555e-04 -8.28937640e+02 6.90154932e+01 2.79289138e-01 4.69973047e-02
9.18835317e-04 -8.28936105e+02 6.91245314e+01 2.59057319e-01 4.70281488e-02
9.16744035e-04 -8.28935541e+02 6.94824625e+01 2.63737368e-01 4.64911883e-02
9.14088654e-04 -8.28935251e+02 6.80917027e+01 2.71565829e-01 4.81528093e-02
9.12441002e-04 -8.28932496e+02 6.87796022e+01 2.53111170e-01 4.69251383e-02
9.10939711e-04 -8.28931887e+02 6.80095356e+01 2.64945312e-01 4.80296943e-02
9.08812792e-04 -8.28930516e+02 6.87671808e+01 2.56347977e-01 4.68406406e-02
9.06733840e-04 -8.28929811e+02 6.87389375e+01 2.72303777e-01 4.68224113e-02
9.06702705e-04 -8.28923937e+02 6.85104559e+01 2.57078116e-01 4.77923555e-02
9.07350117e-04 -8.28921721e+02 6.86192775e+01 2.68682349e-01 4.77267049e-02
9.08171110e-04 -8.28915481e+02 6.90427729e+01 2.68614672e-01 4.64192789e-02
9.08969750e-04 -8.28913299e+02 6.93034568e+01 2.61803117e-01 4.67767231e-02
9.07136262e-04 -8.28912863e+02 6.80373505e+01 2.66901293e-01 4.79707646e-02
9.04574894e-04 -8.28912298e+02 6.84999183e+01 2.55900931e-01 4.72355239e-02
9.03174199e-04 -8.28909309e+02 6.80286291e+01 2.69032416e-01 4.81897687e-02
9.05570918e-04 -8.28900360e+02 6.93692230e+01 2.75242067e-01 4.65540442e-02
9.06936685e-04 -8.28899619e+02 6.83598436e+01 2.71352771e-01 4.73824905e-02
9.06816433e-04 -8.28893978e+02 6.84778880e+01 2.70879786e-01 4.78598855e-02
9.06701798e-04 -8.28893209e+02 6.84921045e+01 2.60904648e-01 4.78586852e-02
9.05610784e-04 -8.28889733e+02 6.86238271e+01 2.65387881e-01 4.69499214e-02
9.04786658e-04 -8.28888371e+02 6.82293649e+01 2.75795915e-01 4.78341570e-02
9.03012720e-04 -8.28887003e+02 6.86549930e+01 2.73968869e-01 4.76119899e-02
9.00971172e-04 -8.28886242e+02 6.93401786e+01 2.74585473e-01 4.66232973e-02
8.98735076e-04 -8.28885317e+02 6.95229953e+01 2.59180983e-01 4.62975634e-02
8.96294351e-04 -8.28885025e+02 6.92258812e+01 2.59095657e-01 4.68588716e-02
8.93825293e-04 -8.28884179e+02 6.95865417e+01 2.67934513e-01 4.62613355e-02
8.91348920e-04 -8.28883918e+02 6.90882830e+01 2.77724986e-01 4.69352362e-02
8.90153153e-04 -8.28880211e+02 6.83134663e+01 2.57305648e-01 4.79738733e-02
8.89116376e-04 -8.28879590e+02 6.93288578e+01 2.75985310e-01 4.65920517e-02
8.87767754e-04 -8.28876594e+02 6.96014543e+01 2.61452605e-01 4.60469776e-02
8.87139125e-04 -8.28874350e+02 6.91677057e+01 2.53819517e-01 4.67827315e-02
8.85640548e-04 -8.28873319e+02 6.93690893e+01 2.71758746e-01 4.61350531e-02
8.83892446e-04 -8.28871647e+02 6.85013142e+01 2.69101922e-01 4.71427487e-02
8.82446651e-04 -8.28869937e+02 6.81407043e+01 2.57120767e-01 4.79755113e-02
8.80726210e-04 -8.28868894e+02 6.90524422e+01 2.74425421e-01 4.64858939e-02
8.78605516e-04 -8.28868103e+02 6.92343480e+01 2.75710246e-01 4.63361612e-02
8.76116750e-04 -8.28867911e+02 6.87347236e+01 2.78800326e-01 4.73635700e-02
8.75481573e-04 -8.28862904e+02 6.92837095e+01 2.54930608e-01 4.63850279e-02
8.75196033e-04 -8.28861902e+02 6.89406698e+01 2.76060283e-01 4.66525481e-02
8.74300813e-04 -8.28858298e+02 6.83351615e+01 2.57700088e-01 4.79574007e-02
8.73874898e-04 -8.28856219e+02 6.81924317e+01 2.56132958e-01 4.79281279e-02
8.71946197e-04 -8.28856061e+02 6.83709519e+01 2.67624130e-01 4.79888191e-02
8.69544579e-04 -8.28855080e+02 6.82032709e+01 2.73991116e-01 4.77767203e-02
8.68487611e-04 -8.28851840e+02 6.88153491e+01 2.71946990e-01 4.67363107e-02
8.67331803e-04 -8.28851085e+02 6.87625232e+01 2.80310550e-01 4.71694694e-02
8.64884580e-04 -8.28850835e+02 6.93387512e+01 2.65953547e-01 4.61275952e-02
8.62840240e-04 -8.28849163e+02 6.80310847e+01 2.62248787e-01 4.81380195e-02
8.60997884e-04 -8.28848454e+02 6.86957633e+01 2.65363792e-01 4.76290555e-02
8.59016863e-04 -8.28847115e+02 6.95658466e+01 2.72137097e-01 4.61240993e-02
8.58869073e-04 -8.28842149e+02 6.92406274e+01 2.66682077e-01 4.62209220e-02
8.58230066e-04 -8.28841942e+02 6.80515666e+01 2.60987026e-01 4.81040814e-02
8.55647009e-04 -8.28841522e+02 6.81216743e+01 2.65328095e-01 4.77998151e-02
8.54048374e-04 -8.28839028e+02 6.83827580e+01 2.59092438e-01 4.79348229e-02
8.53189257e-04 -8.28836879e+02 6.80673869e+01 2.60456532e-01 4.81088080e-02
8.51338454e-04 -8.28836715e+02 6.91917606e+01 2.60456772e-01 4.63069729e-02
8.49291987e-04 -8.28835037e+02 6.90036203e+01 2.77987512e-01 4.66546132e-02
8.48711857e-04 -8.28831428e+02 6.82185221e+01 2.74193563e-01 4.79578700e-02
8.49764248e-04 -8.28825907e+02 6.80277412e+01 2.66174808e-01 4.81418528e-02
8.49910295e-04 -8.28824422e+02 6.94279641e+01 2.61624489e-01 4.60963119e-02
8.47766030e-04 -8.28824304e+02 6.91266062e+01 2.76174995e-01 4.69084905e-02
8.46795429e-04 -8.28820062e+02 6.94258340e+01 2.66856829e-01 4.65607469e-02
8.46233923e-04 -8.28818970e+02 6.87296508e+01 2.52088711e-01 4.71212134e-02
8.44534452e-04 -8.28817427e+02 6.93207755e+01 2.77026200e-01 4.63927028e-02
8.42751491e-04 -8.28816541e+02 6.83197548e+01 2.75561640e-01 4.78523040e-02
8.40960787e-04 -8.28815026e+02 6.81704606e+01 2.72927490e-01 4.78461848e-02
8.39155678e-04 -8.28814183e+02 6.96082015e+01 2.66236442e-01 4.61632444e-02
8.36879538e-04 -8.28813803e+02 6.87525772e+01 2.73737481e-01 4.74788692e-02
8.34994961e-04 -8.28812037e+02 6.92693808e+01 2.61821247e-01 4.62236505e-02
8.33576303e-04 -8.28810548e+02 6.84766825e+01 2.58300727e-01 4.72475742e-02
8.31668373e-04 -8.28809964e+02 6.85232074e+01 2.58974784e-01 4.71643718e-02
8.29157971e-04 -8.28809938e+02 6.86652469e+01 2.75655315e-01 4.70187458e-02
8.26434582e-04 -8.28809888e+02 6.94027382e+01 2.69245508e-01 4.61000768e-02
8.24037458e-04 -8.28809092e+02 6.84570016e+01 2.70301334e-01 4.72375961e-02
8.24605099e-04 -8.28801868e+02 6.85768908e+01 2.53369687e-01 4.72627188e-02
8.25553693e-04 -8.28800125e+02 6.81375305e+01 2.68827525e-01 4.81348083e-02
8.24486642e-04 -8.28797800e+02 6.92437027e+01 2.56948646e-01 4.67504301e-02
8.23539667e-04 -8.28795768e+02 6.89176216e+01 2.79623577e-01 4.70187177e-02
8.22455684e-04 -8.28793778e+02 6.81675719e+01 2.71047742e-01 4.80726730e-02
8.21067503e-04 -8.28792490e+02 6.91214407e+01 2.61756237e-01 4.63751652e-02
8.20816002e-04 -8.28787741e+02 6.86903625e+01 2.67746759e-01 4.68842865e-02
8.22433676e-04 -8.28781899e+02 6.87488890e+01 2.78691719e-01 4.73067923e-02
8.22495427e-04 -8.28780927e+02 6.92293121e+01 2.65763126e-01 4.62476326e-02
8.20766773e-04 -8.28779452e+02 6.88050514e+01 2.71955019e-01 4.74326331e-02
8.19639159e-04 -8.28777022e+02 6.84162882e+01 2.65189279e-01 4.79289620e-02
8.18950128e-04 -8.28774479e+02 6.93242574e+01 2.75472413e-01 4.63098618e-02
8.19210698e-04 -8.28769734e+02 6.81397985e+01 2.60218032e-01 4.78611980e-02
8.18436228e-04 -8.28769709e+02 6.88533579e+01 2.64245093e-01 4.66746592e-02
8.17299761e-04 -8.28765861e+02 6.87880245e+01 2.52472393e-01 4.70491238e-02
8.17378818e-04 -8.28762859e+02 6.84489453e+01 2.65737285e-01 4.72384830e-02
8.16014999e-04 -8.28762543e+02 6.91564906e+01 2.78132185e-01 4.65816147e-02
8.16473487e-04 -8.28755093e+02 6.91304641e+01 2.57266597e-01 4.64535072e-02
8.16928669e-04 -8.28754759e+02 6.95166482e+01 2.72092220e-01 4.61792151e-02
8.16757102e-04 -8.28748867e+02 6.85029682e+01 2.61098570e-01 4.71831390e-02
8.16846796e-04 -8.28747875e+02 6.88743132e+01 2.53320058e-01 4.68855010e-02
8.15382945e-04 -8.28745799e+02 6.89974667e+01 2.75791487e-01 4.70852355e-02
8.13617869e-04 -8.28745553e+02 6.85241928e+01 2.59561687e-01 4.77687619e-02
8.12308463e-04 -8.28742368e+02 6.93275381e+01 2.67526832e-01 4.67034716e-02
8.11746543e-04 -8.28740280e+02 6.85417971e+01 2.56150264e-01 4.76762059e-02
8.10305883e-04 -8.28739264e+02 6.87229782e+01 2.77377041e-01 4.70217732e-02
8.09151599e-04 -8.28736477e+02 6.92011973e+01 2.58147791e-01 4.63720103e-02
8.07640698e-04 -8.28736344e+02 6.91572197e+01 2.55692449e-01 4.68269784e-02
8.05814699e-04 -8.28734349e+02 6.80744200e+01 2.64573271e-01 4.80099490e-02
8.04039998e-04 -8.28734097e+02 6.81909753e+01 2.65314133e-01 4.81062985e-02
8.02585360e-04 -8.28731317e+02 6.95692901e+01 2.65901773e-01 4.62064939e-02
8.01114819e-04 -8.28731108e+02 6.92072062e+01 2.62136658e-01 4.63015586e-02
8.01772651e-04 -8.28723036e+02 6.82844756e+01 2.67925128e-01 4.80240483e-02
8.02385760e-04 -8.28722907e+02 6.90740788e+01 2.53899487e-01 4.66754103e-02
7.99836287e-04 -8.28722746e+02 6.85401300e+01 2.56747823e-01 4.76885607e-02
7.98016388e-04 -8.28720808e+02 6.85589523e+01 2.65207133e-01 4.77606324e-02
7.96266129e-04 -8.28720481e+02 6.81580349e+01 2.70718180e-01 4.80258380e-02
7.93874628e-04 -8.28720168e+02 6.86906722e+01 2.55757033e-01 4.70240345e-02
7.91933770e-04 -8.28718721e+02 6.90494710e+01 2.63744388e-01 4.71262215e-02
7.89944185e-04 -8.28718543e+02 6.86986074e+01 2.66127331e-01 4.68859314e-02
7.88374051e-04 -8.28716046e+02 6.85937404e+01 2.58129898e-01 4.76591151e-02
7.87113497e-04 -8.28715087e+02 6.86408582e+01 2.55857892e-01 4.75492827e-02
7.86620925e-04 -8.28710647e+02 6.83922646e+01 2.74519198e-01 4.77999831e-02
7.85933756e-04 -8.28710174e+02 6.89222758e+01 2.63431626e-01 4.73007468e-02
7.84101225e-04 -8.28708661e+02 6.92587737e+01 2.63969588e-01 4.62455202e-02
7.82354741e-04 -8.28707978e+02 6.82190936e+01 2.70407215e-01 4.77033664e-02
7.80296661e-04 -8.28707274e+02 6.94531170e+01 2.73201277e-01 4.62940078e-02
7.78037994e-04 -8.28707120e+02 6.86464221e+01 2.68574136e-01 4.69687390e-02
7.76505660e-04 -8.28704563e+02 6.86548533e+01 2.57725428e-01 4.70269552e-02
7.75912480e-04 -8.28701993e+02 6.89824364e+01 2.57364006e-01 4.66223600e-02
7.75055345e-04 -8.28700117e+02 6.84005464e+01 2.74655927e-01 4.74636622e-02
7.73911088e-04 -8.28698292e+02 6.83620435e+01 2.55180191e-01 4.77145839e-02
7.74243951e-04 -8.28692608e+02 6.91738278e+01 2.72919632e-01 4.63852507e-02
7.74221203e-04 -8.28691687e+02 6.88426140e+01 2.58541751e-01 4.67656345e-02
7.74359648e-04 -8.28685604e+02 6.85640481e+01 2.63078607e-01 4.70922306e-02
7.74517245e-04 -8.28684616e+02 6.92249062e+01 2.55287863e-01 4.65373323e-02
7.73178133e-04 -8.28682411e+02 6.81181559e+01 2.65409978e-01 4.80927937e-02
7.71707456e-04 -8.28681767e+02 6.83383282e+01 2.73160402e-01 4.75417658e-02
7.72586681e-04 -8.28673495e+02 6.94613479e+01 2.60008493e-01 4.62347050e-02
7.73467377e-04 -8.28672816e+02 6.87589523e+01 2.78683015e-01 4.71273418e-02
7.71412704e-04 -8.28672159e+02 6.93661489e+01 2.70563875e-01 4.61932652e-02
7.70072316e-04 -8.28669640e+02 6.83077539e+01 2.57159020e-01 4.76474147e-02
7.69437754e-04 -8.28667152e+02 6.84059889e+01 2.72000808e-01 4.78429949e-02
7.68886576e-04 -8.28664418e+02 6.91268645e+01 2.65886415e-01 4.70022973e-02
7.67417409e-04 -8.28664320e+02 6.87174495e+01 2.75463096e-01 4.74320467e-02
7.65335259e-04 -8.28663196e+02 6.84036914e+01 2.73002673e-01 4.78189018e-02
7.63897298e-04 -8.28661426e+02 6.95369540e+01 2.66480642e-01 4.61137111e-02
7.63323495e-04 -8.28658046e+02 6.94848694e+01 2.66742984e-01 4.63755934e-02
7.62601855e-04 -8.28656660e+02 6.91785327e+01 2.76354873e-01 4.65152724e-02
7.62023808e-04 -8.28652910e+02 6.85945490e+01 2.61317967e-01 4.76845360e-02
7.62641918e-04 -8.28648384e+02 6.86698621e+01 2.78206925e-01 4.72741540e-02
7.61864979e-04 -8.28648287e+02 6.84785700e+01 2.76737869e-01 4.75515816e-02
7.59446035e-04 -8.28648089e+02 6.82313265e+01 2.60106897e-01 4.79868784e-02
7.57287770e-04 -8.28647324e+02 6.89869784e+01 2.54294817e-01 4.69863599e-02
7.55220792e-04 -8.28646899e+02 6.94304437e+01 2.69459206e-01 4.61530925e-02
7.52873856e-04 -8.28646893e+02 6.91664045e+01 2.58904447e-01 4.64173367e-02
7.50501243e-04 -8.28646557e+02 6.82144967e+01 2.61037282e-01 4.77355616e-02
7.48268774e-04 -8.28646196e+02 6.90007633e+01 2.53830268e-01 4.69080800e-02
7.47265351e-04 -8.28642588e+02 6.84198526e+01 2.76039087e-01 4.75956709e-02
7.47182212e-04 -8.28639761e+02 6.83880529e+01 2.55870621e-01 4.77290542e-02
7.45828244e-04 -8.28639558e+02 6.91275109e+01 2.55232398e-01 4.67946287e-02
7.43551613e-04 -8.28639220e+02 6.90974285e+01 2.74812378e-01 4.65252943e-02
7.43620471e-04 -8.28632728e+02 6.93508549e+01 2.60772311e-01 4.62396371e-02
7.45230254e-04 -8.28628234e+02 6.95142026e+01 2.68846550e-01 4.62083418e-02
7.45334618e-04 -8.28625789e+02 6.90303420e+01 2.63409559e-01 4.65041670e-02
7.44307495e-04 -8.28624336e+02 6.85607829e+01 2.57297709e-01 4.72036966e-02
7.43076908e-04 -8.28622443e+02 6.94156418e+01 2.72380891e-01 4.62631013e-02
7.42481692e-04 -8.28619284e+02 6.94675449e+01 2.69292175e-01 4.61605477e-02
7.41593886e-04 -8.28618178e+02 6.90470947e+01 2.77712764e-01 4.67844290e-02
7.39639227e-04 -8.28617907e+02 6.88114534e+01 2.78104693e-01 4.70346552e-02
7.37658281e-04 -8.28616886e+02 6.92501250e+01 2.62908267e-01 4.62897669e-02
7.36150364e-04 -8.28615344e+02 6.88561454e+01 2.70727691e-01 4.67313806e-02
7.34565388e-04 -8.28614541e+02 6.82430664e+01 2.66448955e-01 4.76493309e-02
7.34176848e-04 -8.28609753e+02 6.91543681e+01 2.55234259e-01 4.66444460e-02
7.33847487e-04 -8.28608777e+02 6.86876475e+01 2.76377470e-01 4.70936695e-02
7.32037429e-04 -8.28608036e+02 6.84579747e+01 2.56651896e-01 4.74041638e-02
7.30273152e-04 -8.28606948e+02 6.86599830e+01 2.70867146e-01 4.69974116e-02
7.28575301e-04 -8.28606036e+02 6.88446803e+01 2.69084486e-01 4.67333415e-02
7.27714792e-04 -8.28602658e+02 6.88059557e+01 2.53562425e-01 4.71223854e-02
7.26653616e-04 -8.28602296e+02 6.92160483e+01 2.62663294e-01 4.63273090e-02
7.25175303e-04 -8.28600077e+02 6.83591523e+01 2.59535122e-01 4.74965427e-02
7.23995547e-04 -8.28598896e+02 6.86563263e+01 2.54595714e-01 4.74180841e-02
7.22618770e-04 -8.28597229e+02 6.90054740e+01 2.73465239e-01 4.70823820e-02
7.21807172e-04 -8.28594489e+02 6.87048931e+01 2.59578734e-01 4.69559208e-02
7.20610239e-04 -8.28593891e+02 6.81734742e+01 2.61699358e-01 4.79709484e-02
7.18891047e-04 -8.28592611e+02 6.87868813e+01 2.63552870e-01 4.74501742e-02
7.17650097e-04 -8.28590691e+02 6.87375377e+01 2.69992143e-01 4.68850137e-02
7.16550164e-04 -8.28589023e+02 6.90815577e+01 2.75181859e-01 4.65757918e-02
7.14958237e-04 -8.28588483e+02 6.89657788e+01 2.67659320e-01 4.72094275e-02
7.12988889e-04 -8.28587884e+02 6.89846831e+01 2.65988063e-01 4.71878321e-02
7.10952003e-04 -8.28587549e+02 6.82760377e+01 2.71456951e-01 4.76793081e-02
7.09005054e-04 -8.28586713e+02 6.83432271e+01 2.67777946e-01 4.79275410e-02
7.07672708e-04 -8.28584656e+02 6.82423079e+01 2.71097662e-01 4.77604269e-02
7.06230901e-04 -8.28584135e+02 6.94743132e+01 2.64421341e-01 4.61671218e-02
7.04405233e-04 -8.28583178e+02 6.81471886e+01 2.65471683e-01 4.79896959e-02
7.02460332e-04 -8.28583009e+02 6.83315397e+01 2.66765962e-01 4.79423343e-02
7.02294627e-04 -8.28577003e+02 6.82484424e+01 2.60379353e-01 4.77206294e-02
7.02195876e-04 -8.28576626e+02 6.85056428e+01 2.72677702e-01 4.77012720e-02
7.01063211e-04 -8.28573578e+02 6.89276870e+01 2.77514379e-01 4.70008768e-02
7.01051979e-04 -8.28570003e+02 6.82284726e+01 2.60128092e-01 4.79162455e-02
7.00245703e-04 -8.28569221e+02 6.84961015e+01 2.74975740e-01 4.76245888e-02
6.98890235e-04 -8.28567224e+02 6.84903211e+01 2.55325790e-01 4.74653605e-02
6.97766081e-04 -8.28565785e+02 6.93952744e+01 2.60964104e-01 4.64514742e-02
6.96179115e-04 -8.28565121e+02 6.88332177e+01 2.55990271e-01 4.68910344e-02
6.94624740e-04 -8.28563600e+02 6.84261786e+01 2.56003661e-01 4.75569292e-02
6.95267312e-04 -8.28556628e+02 6.86263560e+01 2.73775898e-01 4.75422348e-02
6.96204488e-04 -8.28554240e+02 6.94535861e+01 2.62295075e-01 4.62640049e-02
6.95343864e-04 -8.28552446e+02 6.92321836e+01 2.70133949e-01 4.63368155e-02
6.94300907e-04 -8.28550586e+02 6.86197647e+01 2.62265352e-01 4.76343270e-02
6.92882065e-04 -8.28549881e+02 6.89057880e+01 2.71552831e-01 4.66999464e-02
6.90849014e-04 -8.28549808e+02 6.83082574e+01 2.72222938e-01 4.76657114e-02
6.88741463e-04 -8.28549336e+02 6.86144405e+01 2.59585171e-01 4.70980570e-02
6.87262264e-04 -8.28547453e+02 6.86550462e+01 2.77024075e-01 4.72554267e-02
6.85777617e-04 -8.28547005e+02 6.82707674e+01 2.71675939e-01 4.78321086e-02
6.84049360e-04 -8.28545844e+02 6.92468618e+01 2.68829691e-01 4.67639327e-02
6.82367260e-04 -8.28545273e+02 6.88587599e+01 2.77298108e-01 4.70926466e-02
6.80410169e-04 -8.28544933e+02 6.82791959e+01 2.65527330e-01 4.79674163e-02
6.78424890e-04 -8.28544461e+02 6.87202525e+01 2.54342038e-01 4.71655243e-02
6.76539942e-04 -8.28543842e+02 6.83566070e+01 2.73107905e-01 4.77686027e-02
6.75280104e-04 -8.28541535e+02 6.85004156e+01 2.60090900e-01 4.77356232e-02
6.73862471e-04 -8.28541388e+02 6.83189179e+01 2.64805693e-01 4.79391014e-02
6.71867665e-04 -8.28540809e+02 6.82631300e+01 2.61353578e-01 4.76838811e-02
6.69907575e-04 -8.28540576e+02 6.92061870e+01 2.70491664e-01 4.63687363e-02
6.68262744e-04 -8.28539070e+02 6.87327523e+01 2.74276610e-01 4.69837719e-02
6.66896810e-04 -8.28538012e+02 6.94266813e+01 2.69408112e-01 4.62276885e-02
6.65102714e-04 -8.28537802e+02 6.91902418e+01 2.60780608e-01 4.63984831e-02
6.63311122e-04 -8.28536752e+02 6.94181821e+01 2.67806247e-01 4.62016404e-02
6.61619986e-04 -8.28536252e+02 6.82970022e+01 2.68690023e-01 4.79271176e-02
6.59828070e-04 -8.28535520e+02 6.87219902e+01 2.54276549e-01 4.71989298e-02
6.58020429e-04 -8.28535083e+02 6.82501490e+01 2.70093912e-01 4.79028169e-02
6.56209382e-04 -8.28534377e+02 6.84135552e+01 2.56834979e-01 4.76927706e-02
6.54714097e-04 -8.28532990e+02 6.85673177e+01 2.72211403e-01 4.71809850e-02
6.53149725e-04 -8.28532505e+02 6.90931102e+01 2.58831643e-01 4.65311909e-02
6.51433710e-04 -8.28531596e+02 6.86265447e+01 2.55268614e-01 4.72371131e-02
6.51042035e-04 -8.28527058e+02 6.87568893e+01 2.54805609e-01 4.70795308e-02
6.50551555e-04 -8.28526443e+02 6.84918087e+01 2.71004585e-01 4.77301919e-02
6.49148913e-04 -8.28524719e+02 6.88518138e+01 2.62660292e-01 4.67475624e-02
6.47690973e-04 -8.28524284e+02 6.86796019e+01 2.54781258e-01 4.73430007e-02
6.45801505e-04 -8.28523907e+02 6.94067169e+01 2.62157323e-01 4.62566826e-02
6.43996714e-04 -8.28523225e+02 6.88511279e+01 2.77295525e-01 4.70599470e-02
6.42199297e-04 -8.28522841e+02 6.84576184e+01 2.55998339e-01 4.75582010e-02
6.40646956e-04 -8.28521411e+02 6.93780820e+01 2.62110169e-01 4.64930988e-02
6.39170267e-04 -8.28520800e+02 6.89800076e+01 2.55499907e-01 4.69893234e-02
6.37334687e-04 -8.28520507e+02 6.82541000e+01 2.63129917e-01 4.76866217e-02
6.35978919e-04 -8.28518405e+02 6.83671825e+01 2.73398774e-01 4.76205482e-02
6.34688093e-04 -8.28517914e+02 6.87168284e+01 2.65834243e-01 4.69130594e-02
6.32940766e-04 -8.28517263e+02 6.88614200e+01 2.77185633e-01 4.69917980e-02
6.31055170e-04 -8.28517225e+02 6.88790946e+01 2.74933911e-01 4.68215495e-02
6.29462757e-04 -8.28515661e+02 6.88071967e+01 2.63858382e-01 4.74044195e-02
6.28496488e-04 -8.28513642e+02 6.86540103e+01 2.58544986e-01 4.75303770e-02
6.27164600e-04 -8.28513248e+02 6.92763425e+01 2.73853106e-01 4.65458991e-02
6.25282969e-04 -8.28512996e+02 6.82529569e+01 2.65070393e-01 4.76805182e-02
6.23315026e-04 -8.28512896e+02 6.83690815e+01 2.73024621e-01 4.77418748e-02
6.21331722e-04 -8.28512714e+02 6.89217188e+01 2.55312248e-01 4.70633865e-02
6.19411015e-04 -8.28512433e+02 6.82523635e+01 2.61493244e-01 4.77295751e-02
6.17715123e-04 -8.28511542e+02 6.84250440e+01 2.64258681e-01 4.78371467e-02
6.16045748e-04 -8.28511190e+02 6.93406646e+01 2.61846847e-01 4.65626481e-02
6.14177017e-04 -8.28510963e+02 6.87411325e+01 2.76461702e-01 4.70840698e-02
6.12869549e-04 -8.28508797e+02 6.92682391e+01 2.73044913e-01 4.64024543e-02
6.11634695e-04 -8.28508340e+02 6.93559343e+01 2.60281548e-01 4.63417286e-02
6.10763837e-04 -8.28504994e+02 6.88921212e+01 2.55113033e-01 4.70862652e-02
6.09783961e-04 -8.28504893e+02 6.92323785e+01 2.67109543e-01 4.67850004e-02
6.08293037e-04 -8.28503235e+02 6.90759781e+01 2.70783278e-01 4.69962321e-02
6.06960508e-04 -8.28502623e+02 6.94068162e+01 2.68651601e-01 4.64341713e-02
6.05179682e-04 -8.28502456e+02 6.94323710e+01 2.66365481e-01 4.63930448e-02
6.03472302e-04 -8.28501618e+02 6.92807221e+01 2.64944175e-01 4.62924643e-02
6.01814910e-04 -8.28501301e+02 6.82915421e+01 2.65069899e-01 4.76038974e-02
6.00128611e-04 -8.28500574e+02 6.82017476e+01 2.66796234e-01 4.79279349e-02
5.98822630e-04 -8.28499003e+02 6.94056853e+01 2.63401143e-01 4.64362023e-02
5.97598985e-04 -8.28498009e+02 6.83725046e+01 2.62117297e-01 4.74711022e-02
5.95929608e-04 -8.28497942e+02 6.91824984e+01 2.70790888e-01 4.64107318e-02
5.94477801e-04 -8.28496233e+02 6.82448548e+01 2.67969909e-01 4.79290334e-02
5.93128919e-04 -8.28495829e+02 6.83332508e+01 2.65439039e-01 4.75236951e-02
5.92206674e-04 -8.28492692e+02 6.93073837e+01 2.65171285e-01 4.62758651e-02
5.91700895e-04 -8.28490880e+02 6.93974612e+01 2.62387603e-01 4.62798122e-02
5.90501711e-04 -8.28490093e+02 6.86731655e+01 2.55289335e-01 4.73630942e-02
5.88837501e-04 -8.28489869e+02 6.88920188e+01 2.64011199e-01 4.66994371e-02
5.87023319e-04 -8.28489609e+02 6.88396291e+01 2.75570309e-01 4.69108282e-02
5.85238030e-04 -8.28489305e+02 6.89269210e+01 2.55004805e-01 4.69933551e-02
5.83542403e-04 -8.28488757e+02 6.89891538e+01 2.55199884e-01 4.68753992e-02
5.82586315e-04 -8.28485931e+02 6.92148128e+01 2.57408398e-01 4.66002390e-02
5.82428210e-04 -8.28482644e+02 6.84437133e+01 2.70738591e-01 4.77603635e-02
5.81645413e-04 -8.28481963e+02 6.85930143e+01 2.58917755e-01 4.71684235e-02
5.80160842e-04 -8.28481100e+02 6.83164124e+01 2.58927798e-01 4.77401188e-02
5.78521445e-04 -8.28480967e+02 6.82748779e+01 2.70372779e-01 4.77500762e-02
5.76679676e-04 -8.28480822e+02 6.90685882e+01 2.68136165e-01 4.70280699e-02
5.74887942e-04 -8.28480535e+02 6.85266802e+01 2.66553906e-01 4.72011904e-02
5.73236341e-04 -8.28479921e+02 6.89834836e+01 2.76000673e-01 4.69584699e-02
5.71620402e-04 -8.28479525e+02 6.83225822e+01 2.61025227e-01 4.78668787e-02
5.70998290e-04 -8.28475447e+02 6.85843307e+01 2.57246770e-01 4.75511638e-02
5.70553148e-04 -8.28474425e+02 6.93682726e+01 2.63029517e-01 4.62755076e-02
5.69573197e-04 -8.28472230e+02 6.82566472e+01 2.69644521e-01 4.78035767e-02
5.68330827e-04 -8.28472136e+02 6.86985074e+01 2.62016971e-01 4.69699161e-02
5.66903094e-04 -8.28470606e+02 6.93027759e+01 2.72774041e-01 4.64957493e-02
5.65512216e-04 -8.28470393e+02 6.89834994e+01 2.68360289e-01 4.65998948e-02
5.63735907e-04 -8.28470242e+02 6.85270663e+01 2.61610618e-01 4.72271281e-02
5.61908833e-04 -8.28470230e+02 6.85413851e+01 2.70541519e-01 4.76679361e-02
5.60532349e-04 -8.28468493e+02 6.92688409e+01 2.64115219e-01 4.67064503e-02
5.59420375e-04 -8.28467545e+02 6.94251182e+01 2.68289676e-01 4.63310805e-02
5.58179174e-04 -8.28466280e+02 6.83680879e+01 2.58439012e-01 4.76124913e-02
5.56776945e-04 -8.28465920e+02 6.83651360e+01 2.64853546e-01 4.78716022e-02
5.55652677e-04 -8.28463668e+02 6.93620057e+01 2.64028167e-01 4.62692065e-02
5.54453351e-04 -8.28463584e+02 6.89931929e+01 2.64427167e-01 4.71392239e-02
5.53163500e-04 -8.28461672e+02 6.85213274e+01 2.56540430e-01 4.75542722e-02
5.52330265e-04 -8.28459943e+02 6.91350355e+01 2.71910359e-01 4.64903286e-02
5.51516841e-04 -8.28457964e+02 6.82718425e+01 2.68095563e-01 4.76968263e-02
5.50603883e-04 -8.28456601e+02 6.90889226e+01 2.62469337e-01 4.65002349e-02
5.51092139e-04 -8.28449547e+02 6.84548111e+01 2.64722008e-01 4.77875622e-02
5.51402409e-04 -8.28448807e+02 6.93195307e+01 2.62704577e-01 4.65853625e-02
5.49866011e-04 -8.28448472e+02 6.91462618e+01 2.58301384e-01 4.67982415e-02
5.48144682e-04 -8.28448422e+02 6.93613517e+01 2.70644113e-01 4.63555069e-02
5.46349768e-04 -8.28448376e+02 6.85857345e+01 2.75507860e-01 4.73873145e-02
5.45278237e-04 -8.28445695e+02 6.85650054e+01 2.60218592e-01 4.76351882e-02
5.44477195e-04 -8.28444660e+02 6.87769597e+01 2.58323214e-01 4.69379076e-02
5.42972161e-04 -8.28444575e+02 6.91640608e+01 2.73965578e-01 4.67334197e-02
5.41430342e-04 -8.28443691e+02 6.90477687e+01 2.75626476e-01 4.68309340e-02
5.40409311e-04 -8.28441695e+02 6.83956240e+01 2.62159177e-01 4.74539221e-02
5.39176602e-04 -8.28441602e+02 6.83132712e+01 2.59787972e-01 4.77542833e-02
5.37784826e-04 -8.28440210e+02 6.89017183e+01 2.72398434e-01 4.71941796e-02
5.36435445e-04 -8.28439971e+02 6.84127652e+01 2.71718819e-01 4.77323849e-02
5.34766407e-04 -8.28439786e+02 6.84504043e+01 2.72950765e-01 4.74583641e-02
5.33594955e-04 -8.28437702e+02 6.85611947e+01 2.56790647e-01 4.75244300e-02
5.32413533e-04 -8.28437563e+02 6.85136790e+01 2.60395336e-01 4.72802729e-02
5.31922778e-04 -8.28432896e+02 6.83082124e+01 2.61409628e-01 4.76575827e-02
5.31553919e-04 -8.28432289e+02 6.87992736e+01 2.73391460e-01 4.73001593e-02
5.30004486e-04 -8.28432079e+02 6.86372815e+01 2.72612424e-01 4.71233698e-02
5.28701185e-04 -8.28430558e+02 6.91176550e+01 2.56964741e-01 4.66768022e-02
5.27830119e-04 -8.28428722e+02 6.86327446e+01 2.68116528e-01 4.75836225e-02
5.26635210e-04 -8.28428435e+02 6.92978825e+01 2.72036290e-01 4.65111849e-02
5.25530957e-04 -8.28426265e+02 6.86812964e+01 2.55884286e-01 4.71955166e-02
5.24434327e-04 -8.28425956e+02 6.90797048e+01 2.66983346e-01 4.69996756e-02
5.23010842e-04 -8.28425046e+02 6.86085856e+01 2.73732085e-01 4.72073099e-02
5.21601514e-04 -8.28424697e+02 6.88885473e+01 2.59000221e-01 4.67895294e-02
5.19968021e-04 -8.28424663e+02 6.85649704e+01 2.58350812e-01 4.72544322e-02
5.18283787e-04 -8.28424530e+02 6.83650717e+01 2.63675271e-01 4.78475952e-02
5.16631343e-04 -8.28424395e+02 6.88027503e+01 2.65318429e-01 4.73865629e-02
5.15121442e-04 -8.28423728e+02 6.87999725e+01 2.63013928e-01 4.68406602e-02
5.14018128e-04 -8.28422028e+02 6.85204773e+01 2.58220078e-01 4.73361223e-02
5.12762487e-04 -8.28421963e+02 6.82671016e+01 2.64866855e-01 4.78911526e-02
5.11144446e-04 -8.28421694e+02 6.86388429e+01 2.75148694e-01 4.72364995e-02
5.09735713e-04 -8.28420828e+02 6.84010818e+01 2.63865993e-01 4.78199790e-02
5.08507474e-04 -8.28419863e+02 6.91791062e+01 2.64977664e-01 4.68433728e-02
5.07072429e-04 -8.28419824e+02 6.90564914e+01 2.56936834e-01 4.67048861e-02
5.05492133e-04 -8.28419450e+02 6.84831719e+01 2.73495643e-01 4.75951082e-02
5.03972480e-04 -8.28419190e+02 6.92277410e+01 2.73422952e-01 4.65710353e-02
5.02856533e-04 -8.28417229e+02 6.87863528e+01 2.69141491e-01 4.68641765e-02
5.01966665e-04 -8.28416076e+02 6.82477956e+01 2.65831411e-01 4.77908913e-02
5.00687845e-04 -8.28415675e+02 6.87005118e+01 2.59991162e-01 4.70149990e-02
4.99849876e-04 -8.28412773e+02 6.88745402e+01 2.67561487e-01 4.67427484e-02
4.99132958e-04 -8.28411888e+02 6.86407709e+01 2.58442834e-01 4.74999633e-02
4.98021510e-04 -8.28410576e+02 6.85120913e+01 2.60769535e-01 4.76831409e-02
4.97039216e-04 -8.28409181e+02 6.89595392e+01 2.75118998e-01 4.69976040e-02
4.95755040e-04 -8.28409094e+02 6.84564393e+01 2.66123275e-01 4.77695121e-02
4.94598168e-04 -8.28407199e+02 6.88411253e+01 2.59405308e-01 4.72766792e-02
4.93660857e-04 -8.28406231e+02 6.89902970e+01 2.75642325e-01 4.68540615e-02
4.92414116e-04 -8.28405601e+02 6.91313478e+01 2.72805020e-01 4.68196679e-02
4.91140688e-04 -8.28404755e+02 6.88234331e+01 2.74494521e-01 4.72171210e-02
4.90047008e-04 -8.28403404e+02 6.88352294e+01 2.59728172e-01 4.68466941e-02
4.88922515e-04 -8.28402693e+02 6.88996202e+01 2.66834985e-01 4.72499224e-02
4.87492502e-04 -8.28402606e+02 6.92633990e+01 2.64610538e-01 4.66890709e-02
4.86087119e-04 -8.28401812e+02 6.87047966e+01 2.59800130e-01 4.70180836e-02
4.84780468e-04 -8.28401334e+02 6.93181933e+01 2.65659402e-01 4.65855774e-02
4.83926147e-04 -8.28398686e+02 6.91812840e+01 2.73755648e-01 4.66459091e-02
4.83186373e-04 -8.28397737e+02 6.85125182e+01 2.60094920e-01 4.73064816e-02
4.81863964e-04 -8.28397511e+02 6.84879295e+01 2.72764111e-01 4.76160233e-02
4.80427618e-04 -8.28397052e+02 6.91778964e+01 2.61747328e-01 4.68080059e-02
4.79092747e-04 -8.28396420e+02 6.91690522e+01 2.60923290e-01 4.68078015e-02
4.77873980e-04 -8.28395491e+02 6.88404715e+01 2.75872474e-01 4.70709881e-02
4.76677769e-04 -8.28394777e+02 6.88053742e+01 2.63267306e-01 4.73676831e-02
4.75878787e-04 -8.28392192e+02 6.89648723e+01 2.75588440e-01 4.68884584e-02
4.75212601e-04 -8.28390922e+02 6.83729607e+01 2.64939564e-01 4.74990261e-02
4.74152900e-04 -8.28390001e+02 6.84795819e+01 2.66183340e-01 4.73088454e-02
4.73179674e-04 -8.28388377e+02 6.90347285e+01 2.66948159e-01 4.65630667e-02
4.71991586e-04 -8.28388373e+02 6.91535372e+01 2.67133613e-01 4.64444684e-02
4.70594625e-04 -8.28387649e+02 6.86387526e+01 2.56947082e-01 4.72200439e-02
4.69301364e-04 -8.28387221e+02 6.88848781e+01 2.61818089e-01 4.72480868e-02
4.67995964e-04 -8.28386565e+02 6.91064469e+01 2.72729316e-01 4.68539723e-02
4.66670793e-04 -8.28386236e+02 6.87475792e+01 2.63060331e-01 4.69213177e-02
4.65301965e-04 -8.28385784e+02 6.85540629e+01 2.66971396e-01 4.76616210e-02
4.63867960e-04 -8.28385754e+02 6.90355353e+01 2.70557972e-01 4.70171299e-02
4.62666250e-04 -8.28384317e+02 6.91054260e+01 2.59394342e-01 4.68725303e-02
4.61820543e-04 -8.28382758e+02 6.93363290e+01 2.70021216e-01 4.64236464e-02
4.60779329e-04 -8.28382175e+02 6.83114590e+01 2.64988662e-01 4.76354893e-02
4.59613163e-04 -8.28381170e+02 6.87516894e+01 2.70235197e-01 4.74044230e-02
4.58411764e-04 -8.28380754e+02 6.89864372e+01 2.64650782e-01 4.71231560e-02
4.57695635e-04 -8.28377644e+02 6.83937440e+01 2.60865807e-01 4.75197706e-02
4.56934995e-04 -8.28377423e+02 6.90460335e+01 2.71280375e-01 4.65993364e-02
4.55522763e-04 -8.28377179e+02 6.90722799e+01 2.74720410e-01 4.67605505e-02
4.54230186e-04 -8.28376450e+02 6.90919346e+01 2.74248649e-01 4.66739158e-02
4.53378059e-04 -8.28374280e+02 6.93728331e+01 2.67392986e-01 4.63656987e-02
4.52541758e-04 -8.28373486e+02 6.89355022e+01 2.71275046e-01 4.67217794e-02
4.51617220e-04 -8.28371716e+02 6.87117580e+01 2.75348622e-01 4.72163902e-02
4.52302275e-04 -8.28363814e+02 6.83223693e+01 2.68265173e-01 4.78014757e-02
4.53106251e-04 -8.28361494e+02 6.85447620e+01 2.58697615e-01 4.75751755e-02
4.52276999e-04 -8.28360821e+02 6.93099387e+01 2.68981861e-01 4.65433942e-02
4.51070757e-04 -8.28360179e+02 6.88829740e+01 2.60255831e-01 4.67946454e-02
4.49845921e-04 -8.28359604e+02 6.85039934e+01 2.60738517e-01 4.73256612e-02
4.48698175e-04 -8.28358633e+02 6.84940674e+01 2.62556651e-01 4.77016360e-02
4.47702794e-04 -8.28357390e+02 6.87823568e+01 2.74315671e-01 4.72452468e-02
4.46636211e-04 -8.28356748e+02 6.90552542e+01 2.57710040e-01 4.68652212e-02
4.45306622e-04 -8.28356697e+02 6.83916418e+01 2.65774242e-01 4.77986234e-02
4.44422852e-04 -8.28354067e+02 6.92753150e+01 2.70964720e-01 4.64570703e-02
4.43544080e-04 -8.28353998e+02 6.85778732e+01 2.74135346e-01 4.74212116e-02
4.42402423e-04 -8.28352567e+02 6.88952689e+01 2.61791189e-01 4.72213360e-02
4.41288858e-04 -8.28352383e+02 6.87656930e+01 2.62315640e-01 4.69155437e-02
4.40380146e-04 -8.28350035e+02 6.90646921e+01 2.65135109e-01 4.65448412e-02
4.39951960e-04 -8.28347673e+02 6.84660614e+01 2.66669060e-01 4.77324789e-02
4.39157180e-04 -8.28346995e+02 6.83733284e+01 2.62334117e-01 4.77801832e-02
4.37853685e-04 -8.28346962e+02 6.87699722e+01 2.56401636e-01 4.71084551e-02
4.36428702e-04 -8.28346859e+02 6.85505815e+01 2.57971412e-01 4.75241178e-02
4.35203878e-04 -8.28345928e+02 6.85444462e+01 2.65303628e-01 4.72204459e-02
4.33960321e-04 -8.28345926e+02 6.88866747e+01 2.57727252e-01 4.68717702e-02
4.32530097e-04 -8.28345874e+02 6.84336968e+01 2.63575596e-01 4.77564003e-02
4.31263176e-04 -8.28345137e+02 6.83401146e+01 2.64558586e-01 4.78167657e-02
4.30172321e-04 -8.28344284e+02 6.92714570e+01 2.60855309e-01 4.65210399e-02
4.29052532e-04 -8.28343694e+02 6.84526717e+01 2.64441436e-01 4.73767735e-02
4.27819943e-04 -8.28343382e+02 6.87669512e+01 2.75158472e-01 4.71611039e-02
4.26891001e-04 -8.28341387e+02 6.87521789e+01 2.59572916e-01 4.73669221e-02
4.26188091e-04 -8.28340022e+02 6.84115822e+01 2.60123187e-01 4.75403677e-02
4.25150456e-04 -8.28339607e+02 6.88452679e+01 2.74758955e-01 4.71230555e-02
4.23846309e-04 -8.28339511e+02 6.92538923e+01 2.60900710e-01 4.65896410e-02
4.22478148e-04 -8.28339417e+02 6.84879780e+01 2.58610274e-01 4.75877912e-02
4.21279450e-04 -8.28338538e+02 6.87635436e+01 2.59711307e-01 4.73546912e-02
4.20178753e-04 -8.28337994e+02 6.91309361e+01 2.58770025e-01 4.66208796e-02
4.19006656e-04 -8.28337469e+02 6.85911949e+01 2.71902507e-01 4.72241443e-02
4.17939317e-04 -8.28336440e+02 6.91653802e+01 2.58845393e-01 4.66612528e-02
4.16803059e-04 -8.28336258e+02 6.86414597e+01 2.69922738e-01 4.75197160e-02
4.15848969e-04 -8.28334368e+02 6.86865846e+01 2.63252334e-01 4.74934262e-02
4.14957167e-04 -8.28333896e+02 6.86718311e+01 2.72130310e-01 4.71050227e-02
4.13726689e-04 -8.28333652e+02 6.87389932e+01 2.61734735e-01 4.69650985e-02
4.12411386e-04 -8.28333609e+02 6.83303462e+01 2.62392039e-01 4.76810224e-02
4.11108009e-04 -8.28333327e+02 6.92582022e+01 2.70792690e-01 4.65775931e-02
4.10552119e-04 -8.28329662e+02 6.88718000e+01 2.69516908e-01 4.72418797e-02
4.10237249e-04 -8.28328204e+02 6.90389750e+01 2.59805891e-01 4.66502253e-02
4.09182099e-04 -8.28328157e+02 6.87025817e+01 2.59838641e-01 4.74264113e-02
4.08757187e-04 -8.28323631e+02 6.89169744e+01 2.64313914e-01 4.72003435e-02
4.08336715e-04 -8.28323555e+02 6.92634929e+01 2.66531683e-01 4.66474359e-02
4.07567641e-04 -8.28320748e+02 6.91570670e+01 2.71682363e-01 4.65455737e-02
4.06914507e-04 -8.28320105e+02 6.93204620e+01 2.66478955e-01 4.63804156e-02
4.05920196e-04 -8.28318985e+02 6.83836572e+01 2.69833232e-01 4.75944621e-02
4.04834432e-04 -8.28318806e+02 6.91363377e+01 2.64674864e-01 4.64898112e-02
4.03565902e-04 -8.28318607e+02 6.85028899e+01 2.70539223e-01 4.73521751e-02
4.02361147e-04 -8.28318130e+02 6.90874622e+01 2.59566330e-01 4.66222060e-02
4.01353073e-04 -8.28316968e+02 6.85027518e+01 2.72673192e-01 4.74680607e-02
4.00623504e-04 -8.28315114e+02 6.88073705e+01 2.73234432e-01 4.72352625e-02
3.99691499e-04 -8.28314970e+02 6.91429333e+01 2.72812310e-01 4.66228967e-02
3.98474408e-04 -8.28314557e+02 6.91176079e+01 2.63769803e-01 4.65147036e-02
3.97234153e-04 -8.28314549e+02 6.88648789e+01 2.67422697e-01 4.72645056e-02
3.96014440e-04 -8.28314052e+02 6.88343254e+01 2.74852365e-01 4.70776198e-02
3.94948243e-04 -8.28313286e+02 6.91926385e+01 2.62287503e-01 4.67466506e-02
3.93843118e-04 -8.28313001e+02 6.91428137e+01 2.62689189e-01 4.65053699e-02
3.92628391e-04 -8.28312808e+02 6.89149219e+01 2.59411725e-01 4.71339372e-02
3.91386383e-04 -8.28312682e+02 6.84886056e+01 2.71877220e-01 4.75824865e-02
3.90287890e-04 -8.28311774e+02 6.92794224e+01 2.67244237e-01 4.66009641e-02
3.89182232e-04 -8.28311700e+02 6.92256849e+01 2.71483462e-01 4.65484232e-02
3.87925789e-04 -8.28311586e+02 6.83583895e+01 2.61722500e-01 4.76572816e-02
3.86666981e-04 -8.28311545e+02 6.85709219e+01 2.62081043e-01 4.72152256e-02
3.85410409e-04 -8.28311440e+02 6.85348171e+01 2.61579456e-01 4.72815889e-02
3.84429272e-04 -8.28309988e+02 6.88154294e+01 2.69693147e-01 4.73057305e-02
3.83482965e-04 -8.28309713e+02 6.88733359e+01 2.70157828e-01 4.72231376e-02
3.82287749e-04 -8.28309575e+02 6.89116228e+01 2.67566010e-01 4.71987605e-02
3.81189174e-04 -8.28308814e+02 6.91087366e+01 2.60944887e-01 4.68666708e-02
3.80097943e-04 -8.28308653e+02 6.86908728e+01 2.56970643e-01 4.72300550e-02
3.79165273e-04 -8.28307072e+02 6.84600557e+01 2.62117441e-01 4.76984406e-02
3.78305708e-04 -8.28306536e+02 6.90027409e+01 2.74247076e-01 4.68573362e-02
3.77324179e-04 -8.28305613e+02 6.85559984e+01 2.59476225e-01 4.73013617e-02
3.76337604e-04 -8.28305117e+02 6.85885271e+01 2.61580310e-01 4.75732178e-02
3.75237927e-04 -8.28304810e+02 6.84692198e+01 2.59624139e-01 4.74672622e-02
3.74117568e-04 -8.28304442e+02 6.92851510e+01 2.68052179e-01 4.64110179e-02
3.72964332e-04 -8.28304329e+02 6.89396768e+01 2.57162616e-01 4.69104089e-02
3.72254372e-04 -8.28301599e+02 6.88482097e+01 2.71056846e-01 4.68532426e-02
3.71679778e-04 -8.28300761e+02 6.89263064e+01 2.57098694e-01 4.69581865e-02
3.70816836e-04 -8.28299592e+02 6.88367879e+01 2.56884110e-01 4.70484671e-02
3.69989675e-04 -8.28298572e+02 6.87991522e+01 2.57668138e-01 4.70143055e-02
3.69011575e-04 -8.28298230e+02 6.87493420e+01 2.74488587e-01 4.71924838e-02
3.67879646e-04 -8.28298060e+02 6.86862790e+01 2.74243422e-01 4.72440510e-02
3.66712995e-04 -8.28297927e+02 6.90251514e+01 2.71061974e-01 4.66532080e-02
3.65566506e-04 -8.28297667e+02 6.89494524e+01 2.61779494e-01 4.71240112e-02
3.64613692e-04 -8.28296492e+02 6.91320621e+01 2.71873939e-01 4.65879952e-02
3.63913799e-04 -8.28294855e+02 6.92503844e+01 2.66668750e-01 4.64157551e-02
3.63317288e-04 -8.28293117e+02 6.83928263e+01 2.65118838e-01 4.77589444e-02
3.62562441e-04 -8.28292358e+02 6.85768729e+01 2.58146646e-01 4.73473138e-02
3.61803507e-04 -8.28290653e+02 6.90349947e+01 2.63453581e-01 4.66079728e-02
3.60952444e-04 -8.28290412e+02 6.87438841e+01 2.59687870e-01 4.73557918e-02
3.59961059e-04 -8.28289499e+02 6.86884064e+01 2.70247515e-01 4.74420900e-02
3.58982729e-04 -8.28289199e+02 6.92163795e+01 2.71230769e-01 4.65720702e-02
3.57882188e-04 -8.28288984e+02 6.88250185e+01 2.57471147e-01 4.70041410e-02
3.56901844e-04 -8.28288030e+02 6.87594581e+01 2.60219929e-01 4.73478871e-02
3.56318441e-04 -8.28285601e+02 6.83673475e+01 2.62130600e-01 4.76574740e-02
3.55984732e-04 -8.28283248e+02 6.84517191e+01 2.62895374e-01 4.77012142e-02
3.55388021e-04 -8.28282300e+02 6.87104392e+01 2.62196203e-01 4.74359949e-02
3.54478742e-04 -8.28281716e+02 6.89925261e+01 2.58217068e-01 4.69416350e-02
3.53444106e-04 -8.28281490e+02 6.85304932e+01 2.66446853e-01 4.76448874e-02
3.52531241e-04 -8.28280233e+02 6.91504290e+01 2.72297555e-01 4.66589032e-02
3.51822945e-04 -8.28278857e+02 6.88324553e+01 2.57149293e-01 4.70546637e-02
3.50984245e-04 -8.28278351e+02 6.86539435e+01 2.59449359e-01 4.74449386e-02
3.49926263e-04 -8.28278239e+02 6.92614810e+01 2.65374322e-01 4.66193330e-02
3.48794852e-04 -8.28278172e+02 6.87148520e+01 2.58542260e-01 4.73457955e-02
3.47975395e-04 -8.28276289e+02 6.84123147e+01 2.60827629e-01 4.76072958e-02
3.47200823e-04 -8.28275973e+02 6.83714937e+01 2.66500279e-01 4.77446208e-02
3.46142561e-04 -8.28275739e+02 6.83708982e+01 2.68314779e-01 4.76920801e-02
3.45259066e-04 -8.28274429e+02 6.91620120e+01 2.71718146e-01 4.65960945e-02
3.44552702e-04 -8.28273179e+02 6.89611472e+01 2.59594098e-01 4.67639990e-02
3.43678904e-04 -8.28272851e+02 6.84937720e+01 2.68676336e-01 4.73587060e-02
3.42870335e-04 -8.28271235e+02 6.87605111e+01 2.68993778e-01 4.73680076e-02
3.42168624e-04 -8.28270293e+02 6.84285495e+01 2.69603914e-01 4.76582556e-02
3.41231652e-04 -8.28270063e+02 6.92136938e+01 2.63533218e-01 4.64687324e-02
3.40143559e-04 -8.28270025e+02 6.90685392e+01 2.59224674e-01 4.68493800e-02
3.39155841e-04 -8.28269224e+02 6.86092789e+01 2.58995649e-01 4.74652519e-02
3.38195796e-04 -8.28269039e+02 6.86003372e+01 2.64489193e-01 4.75704691e-02
3.37105394e-04 -8.28269027e+02 6.91418590e+01 2.72220994e-01 4.66682708e-02
3.36208025e-04 -8.28267714e+02 6.85880415e+01 2.62643192e-01 4.72009286e-02
3.35413069e-04 -8.28267106e+02 6.91610043e+01 2.67326541e-01 4.64938840e-02
3.34421866e-04 -8.28266978e+02 6.90664899e+01 2.63204381e-01 4.65894441e-02
3.33334302e-04 -8.28266965e+02 6.85768003e+01 2.58842877e-01 4.73251034e-02
3.32229689e-04 -8.28266961e+02 6.91304800e+01 2.72186354e-01 4.67227185e-02
3.31191478e-04 -8.28266569e+02 6.85251409e+01 2.66701222e-01 4.76415026e-02
3.30309725e-04 -8.28265637e+02 6.84780362e+01 2.61746061e-01 4.74060613e-02
3.29516053e-04 -8.28264725e+02 6.84321876e+01 2.63640260e-01 4.77098546e-02
3.28620286e-04 -8.28264426e+02 6.88917760e+01 2.60431879e-01 4.68226082e-02
3.27603997e-04 -8.28264264e+02 6.86283674e+01 2.59421419e-01 4.74609753e-02
3.26642037e-04 -8.28263652e+02 6.84973558e+01 2.60071483e-01 4.75852031e-02
3.25832787e-04 -8.28262570e+02 6.91615624e+01 2.62720132e-01 4.65185363e-02
3.24995569e-04 -8.28262141e+02 6.85435214e+01 2.67109535e-01 4.72619103e-02
3.24072191e-04 -8.28261605e+02 6.84852223e+01 2.64485195e-01 4.73602558e-02
3.23217930e-04 -8.28260765e+02 6.92641840e+01 2.66801634e-01 4.64412516e-02
3.22397806e-04 -8.28260030e+02 6.89896380e+01 2.59851511e-01 4.67350526e-02
3.21470573e-04 -8.28259870e+02 6.86494007e+01 2.70415731e-01 4.74671129e-02
3.20569942e-04 -8.28258986e+02 6.91050843e+01 2.59547510e-01 4.67774977e-02
3.19722790e-04 -8.28258506e+02 6.86773621e+01 2.65421954e-01 4.70537098e-02
3.19026203e-04 -8.28256694e+02 6.86034931e+01 2.65309773e-01 4.75632432e-02
3.18338473e-04 -8.28256166e+02 6.85306571e+01 2.72022976e-01 4.74327678e-02
3.17368976e-04 -8.28256138e+02 6.83684940e+01 2.67352130e-01 4.76541132e-02
3.16539952e-04 -8.28254742e+02 6.83802525e+01 2.67536817e-01 4.76096181e-02
3.15731924e-04 -8.28254594e+02 6.86417111e+01 2.71425916e-01 4.74456616e-02
3.14948477e-04 -8.28253056e+02 6.84193007e+01 2.63381453e-01 4.77037064e-02
3.14169960e-04 -8.28252888e+02 6.91797684e+01 2.68848430e-01 4.67404811e-02
3.13514905e-04 -8.28250576e+02 6.88443207e+01 2.70787594e-01 4.68764489e-02
3.12989215e-04 -8.28249587e+02 6.85931208e+01 2.70194713e-01 4.75222634e-02
3.12120377e-04 -8.28249480e+02 6.85682032e+01 2.60981550e-01 4.72716484e-02
3.11213310e-04 -8.28248753e+02 6.89739844e+01 2.73566942e-01 4.68929146e-02
3.10552163e-04 -8.28247078e+02 6.85089653e+01 2.64102235e-01 4.76465054e-02
3.09902759e-04 -8.28246283e+02 6.83783486e+01 2.67500071e-01 4.76690173e-02
3.09059213e-04 -8.28245874e+02 6.92275029e+01 2.69396718e-01 4.66093807e-02
3.08151227e-04 -8.28245512e+02 6.87982042e+01 2.62236725e-01 4.73132495e-02
3.07304371e-04 -8.28244722e+02 6.84548829e+01 2.63557855e-01 4.74350501e-02
3.06433156e-04 -8.28244534e+02 6.89027457e+01 2.58823717e-01 4.68745584e-02
3.05539967e-04 -8.28243905e+02 6.86482917e+01 2.59113780e-01 4.72046381e-02
3.04714370e-04 -8.28243290e+02 6.84252798e+01 2.62695869e-01 4.76798802e-02
3.03897288e-04 -8.28242620e+02 6.90273986e+01 2.59688982e-01 4.67197353e-02
3.03319958e-04 -8.28240439e+02 6.92168851e+01 2.69027422e-01 4.65066042e-02
3.02672737e-04 -8.28240235e+02 6.88727844e+01 2.65381941e-01 4.68011280e-02
3.01730412e-04 -8.28240020e+02 6.92434267e+01 2.64406492e-01 4.64730500e-02
3.00765685e-04 -8.28239984e+02 6.86199914e+01 2.60683711e-01 4.71996162e-02
2.99852045e-04 -8.28239449e+02 6.90603716e+01 2.72339116e-01 4.68341021e-02
2.99041783e-04 -8.28238741e+02 6.88656267e+01 2.63493108e-01 4.72339651e-02
2.98157157e-04 -8.28238718e+02 6.88903756e+01 2.58527421e-01 4.70875228e-02
2.97237057e-04 -8.28238266e+02 6.91290738e+01 2.70497723e-01 4.67858846e-02
2.96336476e-04 -8.28238132e+02 6.84363146e+01 2.61161712e-01 4.75838872e-02
2.95502482e-04 -8.28237248e+02 6.84833455e+01 2.60183772e-01 4.74970728e-02
2.94727289e-04 -8.28236729e+02 6.88806769e+01 2.72681833e-01 4.68968752e-02
2.93843383e-04 -8.28236599e+02 6.84033915e+01 2.63470505e-01 4.75611047e-02
2.92907789e-04 -8.28236452e+02 6.91565892e+01 2.66929279e-01 4.65123397e-02
2.91972669e-04 -8.28236339e+02 6.90294008e+01 2.60126042e-01 4.67053115e-02
2.91111132e-04 -8.28235707e+02 6.91946373e+01 2.69559725e-01 4.65318088e-02
2.90307690e-04 -8.28235211e+02 6.90231402e+01 2.61005629e-01 4.66848962e-02
2.89428445e-04 -8.28235118e+02 6.88849197e+01 2.62213155e-01 4.68118837e-02
2.88490062e-04 -8.28235050e+02 6.91309330e+01 2.68953609e-01 4.68172105e-02
2.87658792e-04 -8.28234233e+02 6.85699206e+01 2.72140281e-01 4.74316257e-02
2.86860743e-04 -8.28233951e+02 6.91618896e+01 2.68625243e-01 4.67652642e-02
2.86308142e-04 -8.28231436e+02 6.85669430e+01 2.65310765e-01 4.72339821e-02
2.85805474e-04 -8.28230808e+02 6.84866365e+01 2.65730072e-01 4.73726717e-02
2.85012079e-04 -8.28230340e+02 6.90368247e+01 2.66429391e-01 4.69913639e-02
2.84198688e-04 -8.28229868e+02 6.86659027e+01 2.60650484e-01 4.71351129e-02
2.83347215e-04 -8.28229685e+02 6.84217591e+01 2.67871772e-01 4.76679941e-02
2.82551030e-04 -8.28228841e+02 6.92225916e+01 2.68816755e-01 4.65159101e-02
2.81765606e-04 -8.28228597e+02 6.86286157e+01 2.66534837e-01 4.75218278e-02
2.80930340e-04 -8.28228123e+02 6.87277171e+01 2.67598068e-01 4.70005833e-02
2.80120079e-04 -8.28227718e+02 6.84063314e+01 2.68188300e-01 4.76046250e-02
2.79283080e-04 -8.28227452e+02 6.90495077e+01 2.59252828e-01 4.68342662e-02
2.78615063e-04 -8.28225853e+02 6.91171526e+01 2.71679385e-01 4.66756465e-02
2.77911863e-04 -8.28225850e+02 6.87448264e+01 2.58157354e-01 4.72383324e-02
2.76990129e-04 -8.28225841e+02 6.92625590e+01 2.64827609e-01 4.65191972e-02
2.76086626e-04 -8.28225729e+02 6.86970775e+01 2.64847245e-01 4.70400833e-02
2.75357393e-04 -8.28224476e+02 6.88653284e+01 2.62255885e-01 4.68396112e-02
2.74723726e-04 -8.28223681e+02 6.87523654e+01 2.73373764e-01 4.71376234e-02
2.73972864e-04 -8.28223294e+02 6.87652787e+01 2.72377184e-01 4.70442956e-02
2.73234167e-04 -8.28222425e+02 6.91102538e+01 2.63852328e-01 4.68626451e-02
2.72490450e-04 -8.28222089e+02 6.88478968e+01 2.59698343e-01 4.71852722e-02
2.71653924e-04 -8.28221919e+02 6.89494625e+01 2.59844236e-01 4.70430466e-02
2.70868055e-04 -8.28221228e+02 6.91425935e+01 2.64012569e-01 4.65395422e-02
2.70264466e-04 -8.28219725e+02 6.88282694e+01 2.62537889e-01 4.72667198e-02
2.69601573e-04 -8.28219484e+02 6.86303912e+01 2.59264298e-01 4.72497447e-02
2.68739073e-04 -8.28219478e+02 6.84107572e+01 2.65296898e-01 4.75420158e-02
2.67977325e-04 -8.28218505e+02 6.85912571e+01 2.68393468e-01 4.75392527e-02
2.67230535e-04 -8.28218404e+02 6.87349785e+01 2.58984771e-01 4.72970125e-02
2.66536281e-04 -8.28217053e+02 6.88969983e+01 2.64747440e-01 4.71886631e-02
2.65859038e-04 -8.28216836e+02 6.89372840e+01 2.59370811e-01 4.70394112e-02
2.65070354e-04 -8.28216339e+02 6.85791657e+01 2.70959044e-01 4.74870699e-02
2.64360074e-04 -8.28215547e+02 6.91942238e+01 2.62067236e-01 4.66378765e-02
2.63653941e-04 -8.28215033e+02 6.91412897e+01 2.64071081e-01 4.65437729e-02
2.62856223e-04 -8.28214952e+02 6.85709861e+01 2.62339727e-01 4.75555228e-02
2.62004652e-04 -8.28214867e+02 6.91008739e+01 2.66655976e-01 4.68805761e-02
2.61258462e-04 -8.28214001e+02 6.83897733e+01 2.65830018e-01 4.76348823e-02
2.60615436e-04 -8.28213140e+02 6.90210712e+01 2.72531296e-01 4.68574378e-02
2.59946527e-04 -8.28212485e+02 6.92033817e+01 2.67970664e-01 4.65142060e-02
2.59301577e-04 -8.28211453e+02 6.92316170e+01 2.68039813e-01 4.65912515e-02
2.58654475e-04 -8.28210826e+02 6.85955904e+01 2.60197733e-01 4.74786024e-02
2.57908628e-04 -8.28210573e+02 6.91886003e+01 2.62090374e-01 4.65827823e-02
2.57140519e-04 -8.28210136e+02 6.89968547e+01 2.68672241e-01 4.66863788e-02
2.56367052e-04 -8.28209942e+02 6.86605749e+01 2.63208074e-01 4.74716656e-02
2.55565060e-04 -8.28209747e+02 6.92068199e+01 2.66136296e-01 4.66814633e-02
2.54767532e-04 -8.28209538e+02 6.86664883e+01 2.71328052e-01 4.71644206e-02
2.54097977e-04 -8.28208355e+02 6.85662537e+01 2.68411591e-01 4.72646532e-02
2.53637192e-04 -8.28206513e+02 6.86398414e+01 2.72370815e-01 4.72789557e-02
2.53045398e-04 -8.28206370e+02 6.88148978e+01 2.71492600e-01 4.69562163e-02
2.52239349e-04 -8.28206238e+02 6.84737258e+01 2.63606701e-01 4.76419848e-02
2.51663226e-04 -8.28204289e+02 6.84595145e+01 2.61597090e-01 4.75267501e-02
2.52007639e-04 -8.28203502e+02 6.89456234e+01 2.66739122e-01 4.67314915e-02
2.52157143e-04 -8.28203103e+02 6.86534706e+01 2.69437068e-01 4.71418854e-02
2.52241132e-04 -8.28202836e+02 6.87989225e+01 2.65230393e-01 4.69097695e-02
2.52278602e-04 -8.28202806e+02 6.91075150e+01 2.63501594e-01 4.65835932e-02
2.52295448e-04 -8.28202703e+02 6.92221269e+01 2.66599578e-01 4.65061749e-02
2.52501522e-04 -8.28201173e+02 6.91129137e+01 2.63398078e-01 4.65818690e-02
2.52730897e-04 -8.28200886e+02 6.90615541e+01 2.64639989e-01 4.66141568e-02
2.52857598e-04 -8.28200171e+02 6.91648966e+01 2.62086915e-01 4.67019204e-02
2.52975338e-04 -8.28199955e+02 6.87016822e+01 2.62541815e-01 4.70632300e-02
2.53061433e-04 -8.28199491e+02 6.87226434e+01 2.72565949e-01 4.72678473e-02
2.53144978e-04 -8.28199295e+02 6.91965649e+01 2.64094732e-01 4.65272273e-02
2.53300188e-04 -8.28198265e+02 6.91771820e+01 2.62672828e-01 4.66919889e-02
2.53440262e-04 -8.28198189e+02 6.84688049e+01 2.69034879e-01 4.74859886e-02
2.53460029e-04 -8.28198109e+02 6.89457162e+01 2.63117867e-01 4.67474050e-02
2.53497243e-04 -8.28197895e+02 6.91736685e+01 2.62838138e-01 4.65629110e-02
2.53551453e-04 -8.28197681e+02 6.90849462e+01 2.61490635e-01 4.66461859e-02
2.53742785e-04 -8.28196387e+02 6.84522894e+01 2.63567407e-01 4.76414754e-02
2.53925023e-04 -8.28196245e+02 6.86188171e+01 2.59586581e-01 4.72779021e-02
2.54150912e-04 -8.28194609e+02 6.86706415e+01 2.64106305e-01 4.74596412e-02
2.54444585e-04 -8.28193935e+02 6.85898975e+01 2.71696265e-01 4.73637132e-02
2.54758759e-04 -8.28192142e+02 6.86667981e+01 2.61504922e-01 4.74322939e-02
2.54994649e-04 -8.28192083e+02 6.84835720e+01 2.68116108e-01 4.74281392e-02
2.55005127e-04 -8.28192060e+02 6.85170105e+01 2.70046061e-01 4.74174808e-02
2.55073984e-04 -8.28191543e+02 6.90972217e+01 2.70604746e-01 4.66540488e-02
2.55219255e-04 -8.28190921e+02 6.90038165e+01 2.71212968e-01 4.67454279e-02
2.55303873e-04 -8.28190880e+02 6.89004539e+01 2.58811798e-01 4.69352743e-02
2.55370148e-04 -8.28190402e+02 6.85151864e+01 2.64121404e-01 4.73511373e-02
2.55471776e-04 -8.28190084e+02 6.89021577e+01 2.69952771e-01 4.71321957e-02
2.55517048e-04 -8.28190048e+02 6.90384313e+01 2.67419314e-01 4.69642218e-02
2.55671616e-04 -8.28188875e+02 6.87301930e+01 2.65579583e-01 4.73918500e-02
2.55928499e-04 -8.28188039e+02 6.87573462e+01 2.60397237e-01 4.70349602e-02
2.56071759e-04 -8.28187756e+02 6.91805063e+01 2.68070548e-01 4.65477263e-02
2.56249208e-04 -8.28186654e+02 6.89730692e+01 2.70243020e-01 4.70209857e-02
2.56395403e-04 -8.28186615e+02 6.85524133e+01 2.69682437e-01 4.73311928e-02
2.56414059e-04 -8.28186508e+02 6.86947706e+01 2.59948884e-01 4.71416164e-02
2.56647039e-04 -8.28184799e+02 6.90867809e+01 2.60383532e-01 4.67538847e-02
2.56870024e-04 -8.28184771e+02 6.90939622e+01 2.60885720e-01 4.67910333e-02
2.56946891e-04 -8.28184201e+02 6.89219262e+01 2.72600682e-01 4.69924663e-02
2.57189073e-04 -8.28182887e+02 6.90472517e+01 2.60248283e-01 4.68530905e-02
2.57426570e-04 -8.28182354e+02 6.91401327e+01 2.61830862e-01 4.67269291e-02
2.57535444e-04 -8.28182041e+02 6.84588358e+01 2.68100516e-01 4.75021400e-02
2.57590571e-04 -8.28181926e+02 6.91791805e+01 2.65635452e-01 4.67162151e-02
2.57684065e-04 -8.28181315e+02 6.87441158e+01 2.63926797e-01 4.73672801e-02
2.57904019e-04 -8.28180220e+02 6.88089094e+01 2.59010128e-01 4.70335719e-02
2.58165064e-04 -8.28179292e+02 6.87982783e+01 2.72284816e-01 4.70341956e-02
2.58294788e-04 -8.28179215e+02 6.90639448e+01 2.63954385e-01 4.69169619e-02
2.58331510e-04 -8.28179008e+02 6.89985234e+01 2.71614159e-01 4.69252710e-02
2.58400882e-04 -8.28178678e+02 6.90151657e+01 2.68066193e-01 4.66773240e-02
2.58468504e-04 -8.28178484e+02 6.89618200e+01 2.68790353e-01 4.70600959e-02
2.58528187e-04 -8.28178216e+02 6.84285073e+01 2.66233352e-01 4.75595464e-02
2.58563664e-04 -8.28178210e+02 6.91265224e+01 2.70517416e-01 4.66959282e-02
2.58705807e-04 -8.28177117e+02 6.88762481e+01 2.72047877e-01 4.69241579e-02
2.58924285e-04 -8.28176521e+02 6.85756293e+01 2.69513204e-01 4.72908411e-02
2.59224725e-04 -8.28174799e+02 6.86787395e+01 2.64665370e-01 4.70901952e-02
2.59489148e-04 -8.28174481e+02 6.85907197e+01 2.62750108e-01 4.75189092e-02
2.59571392e-04 -8.28174165e+02 6.87524296e+01 2.71636345e-01 4.70716030e-02
2.59666395e-04 -8.28173750e+02 6.84327323e+01 2.64107420e-01 4.76029100e-02
2.59741344e-04 -8.28173588e+02 6.85418922e+01 2.60669989e-01 4.74844568e-02
2.59767263e-04 -8.28173550e+02 6.89151856e+01 2.67682415e-01 4.71369013e-02
2.59901279e-04 -8.28172556e+02 6.89313447e+01 2.70451857e-01 4.68086285e-02
2.60055810e-04 -8.28172361e+02 6.85135574e+01 2.66762653e-01 4.73652358e-02
2.60104074e-04 -8.28172185e+02 6.91921981e+01 2.64731484e-01 4.66693792e-02
2.60367069e-04 -8.28170341e+02 6.87878402e+01 2.59104672e-01 4.71919350e-02
2.60620158e-04 -8.28170241e+02 6.90114460e+01 2.70270669e-01 4.67244339e-02
2.60742018e-04 -8.28169406e+02 6.89677883e+01 2.71824171e-01 4.68279664e-02
2.60908437e-04 -8.28168965e+02 6.88587188e+01 2.59480936e-01 4.71194905e-02
2.61081166e-04 -8.28168082e+02 6.87993366e+01 2.70791955e-01 4.69812853e-02
2.61268392e-04 -8.28167531e+02 6.84363362e+01 2.65248995e-01 4.76139515e-02
2.61398398e-04 -8.28167087e+02 6.89419480e+01 2.59204471e-01 4.69443626e-02
2.61573546e-04 -8.28166192e+02 6.86794662e+01 2.67054095e-01 4.74342492e-02
2.61832595e-04 -8.28165108e+02 6.85764636e+01 2.60281816e-01 4.73685976e-02
2.62387175e-04 -8.28161962e+02 6.90215013e+01 2.71196442e-01 4.68857630e-02
2.63100190e-04 -8.28159679e+02 6.89576231e+01 2.59716053e-01 4.69624259e-02
2.63577621e-04 -8.28158335e+02 6.87711212e+01 2.62874993e-01 4.69832072e-02
2.63811945e-04 -8.28157902e+02 6.90198103e+01 2.63086793e-01 4.69668261e-02
2.63882918e-04 -8.28157797e+02 6.90188477e+01 2.66345131e-01 4.69836978e-02
2.63907718e-04 -8.28157714e+02 6.86680537e+01 2.64984361e-01 4.71133753e-02
2.64008180e-04 -8.28157036e+02 6.91222095e+01 2.69710439e-01 4.67393826e-02
2.64202570e-04 -8.28156242e+02 6.91421010e+01 2.65336940e-01 4.65763118e-02
2.64332601e-04 -8.28156052e+02 6.90263405e+01 2.60181750e-01 4.68405789e-02
2.64391458e-04 -8.28155796e+02 6.90582891e+01 2.60737499e-01 4.68176845e-02
2.64584269e-04 -8.28154594e+02 6.85275032e+01 2.69635917e-01 4.74880416e-02
2.64755521e-04 -8.28154502e+02 6.89999345e+01 2.67135311e-01 4.66984691e-02
2.64856121e-04 -8.28153835e+02 6.90159505e+01 2.68216622e-01 4.66922866e-02
2.64978232e-04 -8.28153580e+02 6.84859911e+01 2.68364089e-01 4.74858175e-02
2.65042195e-04 -8.28153352e+02 6.84505197e+01 2.64181899e-01 4.75665842e-02
2.65074236e-04 -8.28153338e+02 6.88968734e+01 2.72155999e-01 4.70225468e-02
2.65131216e-04 -8.28152922e+02 6.89536988e+01 2.71760979e-01 4.69607824e-02
2.65220006e-04 -8.28152668e+02 6.87695906e+01 2.59066812e-01 4.71708016e-02
2.65287516e-04 -8.28152413e+02 6.90551660e+01 2.61617967e-01 4.67020626e-02
2.65334860e-04 -8.28152311e+02 6.89474728e+01 2.68596853e-01 4.67686134e-02
2.65396778e-04 -8.28151947e+02 6.87270114e+01 2.63585576e-01 4.70393472e-02
2.65481727e-04 -8.28151671e+02 6.86556976e+01 2.62264801e-01 4.74335367e-02
2.65565828e-04 -8.28151313e+02 6.86464074e+01 2.68092742e-01 4.74510582e-02
2.65653582e-04 -8.28151011e+02 6.86036909e+01 2.62962333e-01 4.74947987e-02
2.65803889e-04 -8.28150182e+02 6.91492937e+01 2.68060320e-01 4.67262492e-02
2.65945789e-04 -8.28149943e+02 6.85838616e+01 2.69450523e-01 4.72967563e-02
2.66073631e-04 -8.28149221e+02 6.91379848e+01 2.62714127e-01 4.67223652e-02
2.66299275e-04 -8.28148248e+02 6.89580481e+01 2.64413284e-01 4.70687200e-02
2.66513086e-04 -8.28147616e+02 6.87439339e+01 2.71137687e-01 4.72716251e-02
2.66660529e-04 -8.28147142e+02 6.86180097e+01 2.60474267e-01 4.74076243e-02
2.66729178e-04 -8.28147101e+02 6.91423761e+01 2.66847270e-01 4.67570839e-02
2.66814062e-04 -8.28146505e+02 6.91570313e+01 2.65285411e-01 4.67281176e-02
2.66941040e-04 -8.28146149e+02 6.85989425e+01 2.66617136e-01 4.75084924e-02
2.67031228e-04 -8.28145830e+02 6.87111954e+01 2.66129232e-01 4.73928006e-02
2.67091015e-04 -8.28145701e+02 6.86238260e+01 2.65678472e-01 4.74876811e-02
2.67247795e-04 -8.28144656e+02 6.89476992e+01 2.71916526e-01 4.69022797e-02
2.67391161e-04 -8.28144628e+02 6.85818188e+01 2.61944225e-01 4.72994116e-02
2.67419216e-04 -8.28144447e+02 6.89858962e+01 2.71237988e-01 4.68103157e-02
2.67616601e-04 -8.28143153e+02 6.89048652e+01 2.68356032e-01 4.71288332e-02
2.67817156e-04 -8.28142948e+02 6.85148972e+01 2.62884124e-01 4.75485369e-02
2.68473499e-04 -8.28138263e+02 6.84845946e+01 2.67806358e-01 4.75067642e-02
2.69138142e-04 -8.28137997e+02 6.90110729e+01 2.67170897e-01 4.66969254e-02
2.69264874e-04 -8.28137322e+02 6.88507995e+01 2.59904575e-01 4.69759460e-02
2.69388340e-04 -8.28137080e+02 6.88718282e+01 2.68318022e-01 4.71715142e-02
2.69533402e-04 -8.28136245e+02 6.91404902e+01 2.63867163e-01 4.66159742e-02
2.69806913e-04 -8.28135052e+02 6.88481755e+01 2.63038185e-01 4.68941084e-02
2.69982893e-04 -8.28134941e+02 6.89270377e+01 2.63010835e-01 4.70943734e-02
2.70016833e-04 -8.28134801e+02 6.91432388e+01 2.63215316e-01 4.66450268e-02
2.70324102e-04 -8.28132667e+02 6.88136266e+01 2.60677855e-01 4.69907409e-02
2.71042631e-04 -8.28129493e+02 6.91401378e+01 2.66161036e-01 4.66021954e-02
2.71492257e-04 -8.28129350e+02 6.89633786e+01 2.69921759e-01 4.70043076e-02
2.71514879e-04 -8.28129326e+02 6.88627661e+01 2.60995119e-01 4.71412049e-02
2.71565517e-04 -8.28128977e+02 6.89260057e+01 2.71595589e-01 4.69087503e-02
2.71639918e-04 -8.28128778e+02 6.88012386e+01 2.66707224e-01 4.69420218e-02
2.71695841e-04 -8.28128565e+02 6.90570453e+01 2.69599456e-01 4.68516104e-02
2.71752600e-04 -8.28128361e+02 6.86577393e+01 2.67158580e-01 4.74360032e-02
2.71959121e-04 -8.28127046e+02 6.86970566e+01 2.71016573e-01 4.72999475e-02
2.72328107e-04 -8.28125649e+02 6.86307624e+01 2.67070370e-01 4.74620832e-02
2.72520514e-04 -8.28125633e+02 6.88847831e+01 2.63186893e-01 4.68534033e-02
2.72621342e-04 -8.28124909e+02 6.84819197e+01 2.64086400e-01 4.75319392e-02
2.72732619e-04 -8.28124817e+02 6.89157518e+01 2.66939229e-01 4.71168367e-02
2.73001254e-04 -8.28122941e+02 6.90589230e+01 2.69983775e-01 4.67312698e-02
2.73304614e-04 -8.28122595e+02 6.91681776e+01 2.65555448e-01 4.66432260e-02
2.73551942e-04 -8.28121133e+02 6.87773297e+01 2.59837665e-01 4.71883550e-02
2.73882780e-04 -8.28120177e+02 6.88679763e+01 2.59690816e-01 4.70210741e-02
2.74047586e-04 -8.28119929e+02 6.90246066e+01 2.69491408e-01 4.69068604e-02
2.74096662e-04 -8.28119819e+02 6.88961135e+01 2.71628023e-01 4.69592443e-02
2.74112992e-04 -8.28119810e+02 6.88398959e+01 2.60405587e-01 4.71421011e-02
2.74128309e-04 -8.28119707e+02 6.88577659e+01 2.65846773e-01 4.68730763e-02
2.74427396e-04 -8.28117630e+02 6.88062831e+01 2.69524746e-01 4.69745190e-02
2.74802593e-04 -8.28116974e+02 6.87857267e+01 2.69227525e-01 4.69964643e-02
2.74957925e-04 -8.28116500e+02 6.90330064e+01 2.61726185e-01 4.67511979e-02
2.75231951e-04 -8.28114982e+02 6.89533088e+01 2.68031528e-01 4.67774058e-02
2.75514028e-04 -8.28114451e+02 6.86339424e+01 2.63411019e-01 4.74473471e-02
2.75801780e-04 -8.28112895e+02 6.88541733e+01 2.71516964e-01 4.70031142e-02
2.76128205e-04 -8.28112085e+02 6.90204048e+01 2.62323375e-01 4.67420339e-02
2.76332333e-04 -8.28111417e+02 6.90538956e+01 2.61898491e-01 4.68306350e-02
2.76478361e-04 -8.28111028e+02 6.87352375e+01 2.68415205e-01 4.70573363e-02
2.76584307e-04 -8.28110651e+02 6.89311264e+01 2.60264388e-01 4.69697029e-02
2.76881113e-04 -8.28108884e+02 6.87026497e+01 2.61079747e-01 4.73222818e-02
2.77179187e-04 -8.28108498e+02 6.89171499e+01 2.70474615e-01 4.68756541e-02
2.77240219e-04 -8.28108443e+02 6.91495096e+01 2.65271120e-01 4.66796170e-02
2.77287158e-04 -8.28108159e+02 6.85257546e+01 2.65147473e-01 4.75353093e-02
2.77333537e-04 -8.28108109e+02 6.89733399e+01 2.65646997e-01 4.70268407e-02
2.77440936e-04 -8.28107385e+02 6.89370139e+01 2.68279333e-01 4.68028037e-02
2.77571331e-04 -8.28107169e+02 6.89333750e+01 2.61154748e-01 4.68610285e-02
2.77826661e-04 -8.28105547e+02 6.88588129e+01 2.60101435e-01 4.70732938e-02
2.78065690e-04 -8.28105448e+02 6.85581876e+01 2.62941355e-01 4.73608088e-02
2.78975323e-04 -8.28099025e+02 6.86650266e+01 2.69965805e-01 4.72185519e-02
2.79959903e-04 -8.28098392e+02 6.88019151e+01 2.68601385e-01 4.69759865e-02
2.80182992e-04 -8.28097432e+02 6.86204231e+01 2.65033313e-01 4.74597709e-02
2.80336911e-04 -8.28097293e+02 6.85174632e+01 2.64353773e-01 4.75092319e-02
2.80525845e-04 -8.28096085e+02 6.87458630e+01 2.62458319e-01 4.73013227e-02
2.80805628e-04 -8.28095299e+02 6.86868565e+01 2.69115840e-01 4.71554799e-02
2.81058688e-04 -8.28094284e+02 6.89312527e+01 2.62513805e-01 4.68332205e-02
2.81262639e-04 -8.28093848e+02 6.86316438e+01 2.62558211e-01 4.72400016e-02
2.81529960e-04 -8.28092384e+02 6.89958642e+01 2.61631007e-01 4.68095180e-02
2.81769933e-04 -8.28092144e+02 6.90753352e+01 2.63675505e-01 4.66949058e-02
2.81806418e-04 -8.28092125e+02 6.89986904e+01 2.66639979e-01 4.69741534e-02
2.81903001e-04 -8.28091459e+02 6.90047545e+01 2.68982294e-01 4.67627321e-02
2.82053295e-04 -8.28091059e+02 6.90248156e+01 2.61741794e-01 4.68010373e-02
2.82296708e-04 -8.28089734e+02 6.85779998e+01 2.67872766e-01 4.74612199e-02
2.82564403e-04 -8.28089163e+02 6.87827534e+01 2.65218704e-01 4.72779524e-02
2.82669254e-04 -8.28088992e+02 6.88255196e+01 2.61925756e-01 4.69723368e-02
2.82726639e-04 -8.28088757e+02 6.89424599e+01 2.67932107e-01 4.70468058e-02
2.82787033e-04 -8.28088565e+02 6.87187851e+01 2.63663482e-01 4.70870455e-02
2.83015896e-04 -8.28087140e+02 6.90565968e+01 2.67945496e-01 4.68533160e-02
2.83435088e-04 -8.28085604e+02 6.88279238e+01 2.61321757e-01 4.69912562e-02
2.83672701e-04 -8.28085463e+02 6.89441856e+01 2.69814765e-01 4.68478719e-02
2.83896783e-04 -8.28084026e+02 6.88065396e+01 2.71026092e-01 4.70867197e-02
2.84337184e-04 -8.28082363e+02 6.89157769e+01 2.65556104e-01 4.68260992e-02
2.84628936e-04 -8.28081974e+02 6.87882464e+01 2.65704059e-01 4.69829379e-02
2.84887350e-04 -8.28080549e+02 6.91134009e+01 2.65489215e-01 4.66822677e-02
2.85149520e-04 -8.28080134e+02 6.90830701e+01 2.67786822e-01 4.67047505e-02
2.85254620e-04 -8.28079812e+02 6.89193405e+01 2.61634903e-01 4.68841437e-02
2.85494439e-04 -8.28078454e+02 6.90663460e+01 2.65883530e-01 4.68469103e-02
2.85700451e-04 -8.28078369e+02 6.87753430e+01 2.69481627e-01 4.70460665e-02
2.85747077e-04 -8.28078127e+02 6.89037930e+01 2.70330230e-01 4.70283595e-02
2.86014074e-04 -8.28076501e+02 6.89315442e+01 2.60975186e-01 4.69564403e-02
2.86373049e-04 -8.28075618e+02 6.85734441e+01 2.62871826e-01 4.73850432e-02
2.86501577e-04 -8.28075604e+02 6.85826553e+01 2.62549450e-01 4.74003044e-02
2.86552057e-04 -8.28075266e+02 6.89881347e+01 2.69856140e-01 4.68360608e-02
2.86631785e-04 -8.28075047e+02 6.90759451e+01 2.68079158e-01 4.67266501e-02
2.86757052e-04 -8.28074392e+02 6.87696890e+01 2.67729665e-01 4.72718358e-02
2.86873823e-04 -8.28074233e+02 6.86168756e+01 2.64579819e-01 4.72518420e-02
2.87064414e-04 -8.28073064e+02 6.88373688e+01 2.65598620e-01 4.69248023e-02
2.87268003e-04 -8.28072815e+02 6.87715773e+01 2.65789804e-01 4.72817618e-02
2.87437117e-04 -8.28071887e+02 6.86049843e+01 2.63184765e-01 4.72985887e-02
2.87598438e-04 -8.28071692e+02 6.90430451e+01 2.62757572e-01 4.68271222e-02
2.87712059e-04 -8.28071097e+02 6.86920771e+01 2.67078200e-01 4.71331648e-02
2.87827512e-04 -8.28070890e+02 6.86039997e+01 2.68810457e-01 4.73704128e-02
2.88036249e-04 -8.28069648e+02 6.86421480e+01 2.61653887e-01 4.73240730e-02
2.88225409e-04 -8.28069577e+02 6.88522882e+01 2.67009331e-01 4.71714061e-02
2.88254026e-04 -8.28069449e+02 6.90876934e+01 2.67377016e-01 4.67621574e-02
2.88526062e-04 -8.28067691e+02 6.87199814e+01 2.61686512e-01 4.71474493e-02
2.88918017e-04 -8.28066734e+02 6.87875471e+01 2.61432059e-01 4.71969149e-02
2.89245695e-04 -8.28065424e+02 6.87261044e+01 2.60988161e-01 4.72175719e-02
2.89467750e-04 -8.28065198e+02 6.89233344e+01 2.69488677e-01 4.68789156e-02
2.89568841e-04 -8.28064726e+02 6.89223987e+01 2.67365210e-01 4.68373864e-02
2.89658307e-04 -8.28064580e+02 6.87861620e+01 2.67217564e-01 4.70027559e-02
2.89770960e-04 -8.28063948e+02 6.86046684e+01 2.66450406e-01 4.72834882e-02
2.90045110e-04 -8.28062689e+02 6.89713945e+01 2.63912368e-01 4.67939637e-02
2.90303715e-04 -8.28062165e+02 6.90534280e+01 2.67382902e-01 4.67300025e-02
2.90460113e-04 -8.28061612e+02 6.87919548e+01 2.60907883e-01 4.71438862e-02
2.90631541e-04 -8.28060985e+02 6.90781444e+01 2.67381423e-01 4.67419424e-02
2.91159368e-04 -8.28057985e+02 6.85648714e+01 2.66829836e-01 4.74225815e-02
2.91701557e-04 -8.28057262e+02 6.89810784e+01 2.67740941e-01 4.67900634e-02
2.91813119e-04 -8.28057221e+02 6.90425694e+01 2.63686056e-01 4.67579825e-02
2.91928296e-04 -8.28056473e+02 6.86192941e+01 2.63373163e-01 4.74036549e-02
2.92196085e-04 -8.28055387e+02 6.89308501e+01 2.65338151e-01 4.68283945e-02
2.92356669e-04 -8.28055374e+02 6.89285114e+01 2.61489134e-01 4.69356828e-02
2.92591120e-04 -8.28053784e+02 6.89128249e+01 2.62954097e-01 4.70565588e-02
2.92875782e-04 -8.28053429e+02 6.87263940e+01 2.62086617e-01 4.72746597e-02
2.92962495e-04 -8.28053192e+02 6.89880239e+01 2.63848142e-01 4.67896090e-02
2.93007794e-04 -8.28053119e+02 6.88390490e+01 2.66149533e-01 4.69359908e-02
2.93387501e-04 -8.28050604e+02 6.87643778e+01 2.63733901e-01 4.72655064e-02
2.93839224e-04 -8.28050041e+02 6.90567274e+01 2.66187428e-01 4.67333727e-02
2.94155427e-04 -8.28048453e+02 6.86146884e+01 2.63778259e-01 4.72969079e-02
2.94399567e-04 -8.28048381e+02 6.85962507e+01 2.65658576e-01 4.74297855e-02
2.94411428e-04 -8.28048373e+02 6.90733815e+01 2.65837050e-01 4.67431804e-02
2.94622120e-04 -8.28046951e+02 6.87687934e+01 2.65770275e-01 4.72677432e-02
2.95104726e-04 -8.28045100e+02 6.87454105e+01 2.61515871e-01 4.72084596e-02
2.95505810e-04 -8.28044234e+02 6.89833566e+01 2.68679210e-01 4.68298248e-02
2.95646147e-04 -8.28044150e+02 6.86443000e+01 2.66263778e-01 4.72294841e-02
2.95700491e-04 -8.28043866e+02 6.86103012e+01 2.63225608e-01 4.73527372e-02
2.96079093e-04 -8.28041592e+02 6.90228549e+01 2.66252176e-01 4.67600222e-02
2.96526241e-04 -8.28040847e+02 6.87703640e+01 2.66961702e-01 4.72549901e-02
2.96649410e-04 -8.28040761e+02 6.89028081e+01 2.68771678e-01 4.69045469e-02
2.96876124e-04 -8.28039319e+02 6.87735676e+01 2.61990669e-01 4.70907995e-02
2.97272872e-04 -8.28038090e+02 6.85847615e+01 2.65118330e-01 4.73773565e-02
2.97607371e-04 -8.28037070e+02 6.88539444e+01 2.62758749e-01 4.71216834e-02
2.98127814e-04 -8.28034597e+02 6.86952157e+01 2.63302026e-01 4.71752073e-02
2.98603381e-04 -8.28033881e+02 6.87742922e+01 2.69123566e-01 4.70860883e-02
2.98760228e-04 -8.28033547e+02 6.86088825e+01 2.66200406e-01 4.73966738e-02
2.98824022e-04 -8.28033454e+02 6.89199644e+01 2.63208597e-01 4.68844200e-02
2.98939490e-04 -8.28032774e+02 6.90433722e+01 2.65019822e-01 4.68187494e-02
2.99129356e-04 -8.28032184e+02 6.86970360e+01 2.66850715e-01 4.71562753e-02
2.99230046e-04 -8.28032101e+02 6.88673599e+01 2.64707789e-01 4.71273857e-02
2.99251230e-04 -8.28032042e+02 6.87222080e+01 2.64503126e-01 4.71164540e-02
2.99526152e-04 -8.28030265e+02 6.89248278e+01 2.65995370e-01 4.70446835e-02
2.99846226e-04 -8.28029905e+02 6.90208707e+01 2.64610729e-01 4.67889627e-02
2.99927711e-04 -8.28029722e+02 6.87562527e+01 2.69367100e-01 4.71406963e-02
3.00553894e-04 -8.28025738e+02 6.86617761e+01 2.67469003e-01 4.73372034e-02
3.01164374e-04 -8.28025659e+02 6.87682012e+01 2.69163004e-01 4.71131982e-02
3.01220970e-04 -8.28025362e+02 6.88093592e+01 2.61824653e-01 4.70894302e-02
3.01444596e-04 -8.28024175e+02 6.89031913e+01 2.67904594e-01 4.70507912e-02
3.01764498e-04 -8.28023241e+02 6.89005522e+01 2.64605293e-01 4.68915596e-02
3.02077765e-04 -8.28022100e+02 6.88196818e+01 2.69138493e-01 4.71224443e-02
3.02341431e-04 -8.28021496e+02 6.87828473e+01 2.65944140e-01 4.72305875e-02
3.02505569e-04 -8.28021015e+02 6.88117456e+01 2.62026496e-01 4.70750356e-02
3.02766824e-04 -8.28019770e+02 6.89437561e+01 2.68686543e-01 4.69370448e-02
3.03036968e-04 -8.28019231e+02 6.89020927e+01 2.67440411e-01 4.70557447e-02
3.03323246e-04 -8.28017881e+02 6.87003825e+01 2.68484484e-01 4.72225813e-02
3.03585239e-04 -8.28017504e+02 6.86441036e+01 2.66002936e-01 4.72639429e-02
3.03859811e-04 -8.28016074e+02 6.89074254e+01 2.63912116e-01 4.69013191e-02
3.04085155e-04 -8.28016021e+02 6.88941439e+01 2.62645274e-01 4.70249009e-02
3.04166558e-04 -8.28015539e+02 6.88905228e+01 2.68563684e-01 4.70383978e-02
3.04715593e-04 -8.28012416e+02 6.88822621e+01 2.63256165e-01 4.70638604e-02
3.05201093e-04 -8.28012352e+02 6.86487454e+01 2.66335983e-01 4.72673201e-02
3.05480642e-04 -8.28010586e+02 6.88264631e+01 2.67944324e-01 4.71419980e-02
3.05951688e-04 -8.28009270e+02 6.87439848e+01 2.65548450e-01 4.72642220e-02
3.06183665e-04 -8.28009070e+02 6.87793135e+01 2.63550198e-01 4.72048651e-02
3.06274781e-04 -8.28008675e+02 6.88203191e+01 2.68150516e-01 4.70232042e-02
3.06359859e-04 -8.28008514e+02 6.90064071e+01 2.65893361e-01 4.68566649e-02
3.06441126e-04 -8.28008145e+02 6.87465452e+01 2.67710453e-01 4.71187257e-02
3.06621275e-04 -8.28007339e+02 6.87833496e+01 2.68628313e-01 4.71614566e-02
3.06763724e-04 -8.28007216e+02 6.87810224e+01 2.68155003e-01 4.71859266e-02
3.07130306e-04 -8.28004951e+02 6.88559512e+01 2.64792949e-01 4.71188564e-02
3.07566868e-04 -8.28004374e+02 6.87887360e+01 2.63158447e-01 4.71762714e-02
3.07981512e-04 -8.28002258e+02 6.87827163e+01 2.62705170e-01 4.71517514e-02
3.08411498e-04 -8.28001582e+02 6.88745620e+01 2.63100295e-01 4.69806822e-02
3.08534841e-04 -8.28001458e+02 6.89489811e+01 2.67718810e-01 4.69036312e-02
3.08738567e-04 -8.28000262e+02 6.89381940e+01 2.65153726e-01 4.68767835e-02
3.08927819e-04 -8.28000232e+02 6.88657145e+01 2.63241577e-01 4.70683409e-02
3.09686163e-04 -8.27995365e+02 6.88423342e+01 2.65113940e-01 4.71290033e-02
3.11624381e-04 -8.27987762e+02 6.88425980e+01 2.66297160e-01 4.71181489e-02
3.12822483e-04 -8.27987676e+02 6.86915111e+01 2.65094979e-01 4.72707043e-02
3.13517213e-04 -8.27983330e+02 6.88638479e+01 2.67657476e-01 4.70056541e-02
3.14281889e-04 -8.27982799e+02 6.88403155e+01 2.67015732e-01 4.70106546e-02
3.14563301e-04 -8.27981541e+02 6.87881362e+01 2.64836537e-01 4.70741045e-02
3.15296818e-04 -8.27978143e+02 6.88472100e+01 2.64504173e-01 4.70901821e-02
3.15928383e-04 -8.27977536e+02 6.87956555e+01 2.67308317e-01 4.70913569e-02
3.16025380e-04 -8.27977529e+02 6.88270726e+01 2.67466316e-01 4.70922389e-02
3.16207046e-04 -8.27976387e+02 6.87978652e+01 2.64499508e-01 4.71509402e-02
3.16476989e-04 -8.27975822e+02 6.87808201e+01 2.67163348e-01 4.71522023e-02
3.17715194e-04 -8.27968590e+02 6.88653557e+01 2.66674623e-01 4.70276039e-02
3.19070434e-04 -8.27967297e+02 6.87933879e+01 2.65117022e-01 4.70948222e-02
3.19367945e-04 -8.27966726e+02 6.88298533e+01 2.65052869e-01 4.70483280e-02
