0.00000000e+00 -2.24680824e+05 4.06988705e+01 3.19017153e-01 4.73038567e-02 -1.80195492e+01
0.00000000e+00 -2.03466486e+05 4.20165405e+01 1.01113651e-01 3.23837362e-02 -1.81645054e+01
0.00000000e+00 -1.73695020e+05 4.49703561e+01 4.69573382e-01 2.47149029e-02 -1.80882266e+01
0.00000000e+00 -1.58452290e+05 8.87311740e+01 4.09295359e-01 4.57582589e-02 -2.08892510e+01
0.00000000e+00 -1.56084386e+05 8.78292033e+01 2.18558855e-01 6.67409701e-02 -2.08291501e+01
0.00000000e+00 -1.55162306e+05 4.69536665e+01 3.21055029e-01 5.28791233e-02 -1.81248595e+01
0.00000000e+00 -1.48511152e+05 4.49729485e+01 3.91808977e-01 4.84287690e-02 -1.82525243e+01
0.00000000e+00 -1.47235794e+05 4.33913531e+01 2.72856482e-01 6.81915512e-02 -1.83607479e+01
0.00000000e+00 -1.43203663e+05 8.50866132e+01 2.40939905e-01 2.93934953e-02 -2.09645658e+01
0.00000000e+00 -1.43163051e+05 8.49865210e+01 1.77804368e-01 2.69070124e-02 -2.09875852e+01
0.00000000e+00 -1.40851241e+05 4.84527898e+01 3.01491199e-01 3.59940245e-02 -1.81814646e+01
0.00000000e+00 -1.40832279e+05 8.70467712e+01 2.13060974e-01 5.36475588e-02 -2.08389663e+01
0.00000000e+00 -1.40322520e+05 8.31913602e+01 2.86857059e-01 5.63844602e-02 -2.09194581e+01
0.00000000e+00 -1.40185843e+05 8.27715753e+01 4.82279147e-01 6.56333811e-02 -2.08238257e+01
0.00000000e+00 -1.35302315e+05 8.67550918e+01 4.42451159e-01 5.95485777e-02 -2.06987968e+01
0.00000000e+00 -1.33353111e+05 5.15846652e+01 4.94259593e-01 7.22960212e-02 -1.80021350e+01
0.00000000e+00 -1.29488857e+05 8.96754391e+01 2.94617669e-01 3.39911654e-02 -2.07270791e+01
0.00000000e+00 -1.27760019e+05 5.17578761e+01 4.93834794e-01 6.59323417e-02 -1.80400464e+01
0.00000000e+00 -1.27749939e+05 4.56297767e+01 4.50681758e-01 2.68784249e-02 -1.83842748e+01
0.00000000e+00 -1.27296661e+05 4.53117289e+01 3.94212217e-01 4.63988943e-02 -1.83929229e+01
0.00000000e+00 -1.24974609e+05 4.65954355e+01 1.90334089e-01 7.50018657e-02 -1.83838852e+01
0.00000000e+00 -1.24689937e+05 4.70441443e+01 4.68378806e-01 6.85857259e-02 -1.82842569e+01
0.00000000e+00 -1.19608497e+05 7.63832188e+01 1.74954875e-01 7.42268989e-02 -2.09438224e+01
0.00000000e+00 -1.19275027e+05 8.90885290e+01 4.36139213e-01 2.91251749e-02 -2.06251933e+01
0.00000000e+00 -1.09581640e+05 4.63413954e+01 4.58610399e-01 7.35309898e-02 -1.84369565e+01
0.00000000e+00 -1.08414562e+05 5.40389104e+01 1.95140704e-01 6.13162342e-02 -1.81885518e+01
0.00000000e+00 -1.06480170e+05 7.94234971e+01 3.78207449e-01 2.36214643e-02 -2.07801747e+01
0.00000000e+00 -1.05057121e+05 7.66640722e+01 1.52113843e-01 6.00839929e-02 -2.08855023e+01
0.00000000e+00 -1.03456250e+05 5.35555301e+01 3.68221050e-01 4.77223425e-02 -1.82087375e+01
0.00000000e+00 -1.02619422e+05 5.69186124e+01 2.44047121e-01 5.08449622e-02 -1.81126325e+01
0.00000000e+00 -9.83254032e+04 8.64645570e+01 3.49153316e-01 3.25735775e-02 -2.05447850e+01
0.00000000e+00 -9.80623991e+04 7.59615635e+01 4.77973009e-01 5.14561638e-02 -2.07707544e+01
0.00000000e+00 -9.79290371e+04 4.12922487e+01 2.42158376e-01 3.52258079e-02 -1.89086876e+01
0.00000000e+00 -9.76705255e+04 7.65756975e+01 2.59537061e-01 7.71558317e-02 -2.07003915e+01
0.00000000e+00 -9.62056903e+04 8.32047431e+01 2.78386283e-01 7.96243921e-02 -2.03624740e+01
0.00000000e+00 -9.58774936e+04 4.51441143e+01 4.09212418e-01 2.44273780e-02 -1.86901310e+01
0.00000000e+00 -9.57819560e+04 6.13862464e+01 2.40209020e-01 2.99541034e-02 -1.80342721e+01
0.00000000e+00 -9.50389981e+04 5.61333753e+01 4.67824872e-01 4.14192246e-02 -1.81543116e+01
0.00000000e+00 -9.12405904e+04 7.38925055e+01 1.02609488e-01 6.79941539e-02 -2.08469293e+01
0.00000000e+00 -9.09437544e+04 5.19391710e+01 3.92097715e-01 6.34986589e-02 -1.83636461e+01
0.00000000e+00 -8.95677349e+04 7.72800725e+01 4.00038827e-01 3.00615791e-02 -2.06941840e+01
0.00000000e+00 -8.84709672e+04 5.61300053e+01 4.70822261e-01 7.64777173e-02 -1.81864686e+01
0.00000000e+00 -8.75968843e+04 8.79229963e+01 3.19426689e-01 4.42077078e-02 -2.03885907e+01
0.00000000e+00 -8.69394778e+04 5.53680517e+01 2.30066735e-01 4.82592513e-02 -1.83209919e+01
0.00000000e+00 -8.50335573e+04 8.77059032e+01 1.95793551e-01 6.17878880e-02 -2.02814801e+01
0.00000000e+00 -8.48351955e+04 5.97237779e+01 3.92737194e-01 3.92816587e-02 -1.81299558e+01
0.00000000e+00 -8.31351211e+04 4.85807122e+01 1.14563287e-01 5.79682480e-02 -1.86853844e+01
0.00000000e+00 -8.27965474e+04 6.04289993e+01 2.03296575e-01 6.50168990e-02 -1.81605137e+01
0.00000000e+00 -8.19132161e+04 5.41080530e+01 4.68294643e-01 7.80972420e-02 -1.83269722e+01
0.00000000e+00 -8.18463741e+04 8.52811842e+01 1.77285784e-01 5.83878186e-02 -2.03769737e+01
0.00000000e+00 -8.11649662e+04 5.74212792e+01 2.75720413e-01 7.08031979e-02 -1.82619115e+01
0.00000000e+00 -8.05819105e+04 8.12208581e+01 1.06345380e-01 3.84630714e-02 -2.06000592e+01
0.00000000e+00 -8.05235054e+04 6.85356065e+01 3.29307284e-01 7.87219613e-02 -2.08303554e+01
0.00000000e+00 -8.00332559e+04 7.67114492e+01 4.07355992e-01 5.28312341e-02 -2.06002399e+01
0.00000000e+00 -7.96931524e+04 7.09531872e+01 3.69388621e-01 2.79772055e-02 -2.07867057e+01
0.00000000e+00 -7.84047188e+04 5.47856263e+01 1.61640589e-01 7.37721325e-02 -1.84281625e+01
0.00000000e+00 -7.80213696e+04 6.86035390e+01 2.54660611e-01 7.41396199e-02 -2.08429228e+01
0.00000000e+00 -7.77981102e+04 4.81364108e+01 2.07727488e-01 5.65497994e-02 -1.87259986e+01
0.00000000e+00 -7.70547215e+04 5.18552198e+01 1.28479954e-01 7.87143502e-02 -1.85727060e+01
0.00000000e+00 -7.45567276e+04 6.57268759e+01 2.53615635e-01 4.89379336e-02 -1.80440268e+01
0.00000000e+00 -7.45559431e+04 6.33373906e+01 1.03526915e-01 3.73524790e-02 -1.81969377e+01
0.00000000e+00 -7.45420910e+04 4.84220213e+01 3.69316597e-01 6.43350029e-02 -1.86845079e+01
0.00000000e+00 -7.38482742e+04 6.00231797e+01 3.73327230e-01 7.44644941e-02 -1.82104246e+01
0.00000000e+00 -7.26543954e+04 4.52253376e+01 2.13407642e-01 4.16008008e-02 -1.89421820e+01
0.00000000e+00 -7.18904684e+04 8.79895909e+01 4.33524186e-01 7.47573632e-02 -1.98550160e+01
0.00000000e+00 -7.18010144e+04 4.43989839e+01 3.78457744e-01 4.02094686e-02 -1.89431302e+01
0.00000000e+00 -7.16394411e+04 6.91601058e+01 1.82144709e-01 5.78448822e-02 -2.08248360e+01
0.00000000e+00 -7.11282159e+04 8.40619722e+01 1.01724769e-01 6.88674684e-02 -2.02356633e+01
0.00000000e+00 -7.07958637e+04 6.93190276e+01 1.37138781e-01 2.71650649e-02 -2.08215270e+01
0.00000000e+00 -6.98400602e+04 8.89312721e+01 2.34223049e-01 2.83461221e-02 -2.02567915e+01
0.00000000e+00 -6.76432638e+04 5.26435799e+01 1.77207364e-01 4.67175627e-02 -1.86470488e+01
0.00000000e+00 -6.62580448e+04 6.70317297e+01 4.19418129e-01 6.88778684e-02 -2.07459413e+01
0.00000000e+00 -6.59420204e+04 5.86182890e+01 4.18268114e-01 4.36856632e-02 -1.83454728e+01
0.00000000e+00 -6.53240629e+04 4.51616166e+01 2.69863664e-01 2.20389317e-02 -1.90439323e+01
0.00000000e+00 -6.52557234e+04 4.16569280e+01 1.14059909e-01 2.15564035e-02 -1.92863692e+01
0.00000000e+00 -6.37094101e+04 6.98819107e+01 3.62331230e-01 7.55165904e-02 -1.80396717e+01
0.00000000e+00 -6.24040551e+04 7.10230113e+01 4.37485609e-01 3.62073369e-02 -2.05994021e+01
0.00000000e+00 -6.12240760e+04 6.73626776e+01 4.77910248e-01 4.57670658e-02 -2.06913153e+01
0.00000000e+00 -6.03085316e+04 8.94144086e+01 1.93132181e-01 2.02330303e-02 -2.01473625e+01
0.00000000e+00 -6.01819735e+04 7.08138560e+01 3.52364096e-01 5.85871644e-02 -2.05914477e+01
0.00000000e+00 -6.00264792e+04 6.16859456e+01 2.58327914e-01 4.65948406e-02 -1.83375524e+01
0.00000000e+00 -5.93805535e+04 5.53892119e+01 3.28533010e-01 5.32700909e-02 -1.85596579e+01
0.00000000e+00 -5.91766958e+04 4.77263811e+01 4.86782899e-01 3.43015585e-02 -1.88952131e+01
0.00000000e+00 -5.90967623e+04 8.75240268e+01 1.11101422e-01 7.89553270e-02 -1.96916312e+01
0.00000000e+00 -5.90838905e+04 6.58834823e+01 1.30267516e-01 5.34252176e-02 -1.82423027e+01
0.00000000e+00 -5.88690304e+04 6.77494746e+01 2.45743593e-01 2.66309583e-02 -1.81817422e+01
0.00000000e+00 -5.79963895e+04 8.97323209e+01 1.87101360e-01 5.09751984e-02 -2.00176968e+01
0.00000000e+00 -5.75680609e+04 6.40803120e+01 1.07650837e-01 5.29385648e-02 -1.83285352e+01
0.00000000e+00 -5.72832219e+04 8.36387432e+01 2.64409344e-01 2.62357759e-02 -2.02420452e+01
0.00000000e+00 -5.69552229e+04 6.70306882e+01 2.92718705e-01 5.34758764e-02 -2.07082402e+01
0.00000000e+00 -5.66295784e+04 4.82165540e+01 1.66537722e-01 3.96920106e-02 -1.89906459e+01
0.00000000e+00 -5.63988293e+04 6.73805921e+01 4.14094665e-01 2.17159112e-02 -2.06158129e+01
0.00000000e+00 -5.62635246e+04 7.07102746e+01 1.52206486e-01 7.76196880e-02 -1.81852899e+01
0.00000000e+00 -5.61284745e+04 6.71425928e+01 4.18554920e-01 3.32578286e-02 -1.81621274e+01
0.00000000e+00 -5.56730772e+04 8.87425616e+01 1.26300612e-01 4.16786329e-02 -2.01104449e+01
0.00000000e+00 -5.55164076e+04 5.69058698e+01 1.91682128e-01 2.60427385e-02 -1.86448776e+01
0.00000000e+00 -5.43599598e+04 8.84754288e+01 4.99577090e-01 7.73043910e-02 -1.94522718e+01
0.00000000e+00 -5.42694965e+04 4.59106311e+01 1.03000698e-01 2.83221883e-02 -1.91839479e+01
0.00000000e+00 -5.35626506e+04 8.91656936e+01 3.62156328e-01 7.58939160e-02 -1.94671843e+01
0.00000000e+00 -5.34963498e+04 7.11531078e+01 3.89036285e-01 7.31405214e-02 -1.81141981e+01
0.00000000e+00 -5.33101944e+04 7.10011105e+01 2.01057376e-01 7.77661521e-02 -1.81999009e+01
0.00000000e+00 -5.32126616e+04 4.72396996e+01 1.22017819e-01 4.08291604e-02 -1.90941504e+01
0.00000000e+00 -5.32059893e+04 8.17121064e+01 4.67366372e-01 3.77192342e-02 -2.01834371e+01
0.00000000e+00 -5.30601149e+04 4.27573918e+01 1.46323867e-01 3.64699145e-02 -1.93276658e+01
0.00000000e+00 -5.26956888e+04 6.62682687e+01 3.66001309e-01 5.48111556e-02 -1.82242817e+01
0.00000000e+00 -5.10501432e+04 7.86008557e+01 1.77709881e-01 7.48746728e-02 -1.81153734e+01
0.00000000e+00 -5.07154179e+04 7.64318822e+01 2.28520506e-01 6.87617426e-02 -1.80770710e+01
0.00000000e+00 -4.92839931e+04 7.43411876e+01 2.38891386e-01 6.59016301e-02 -2.03445672e+01
0.00000000e+00 -4.84984737e+04 6.96551273e+01 1.44032796e-01 6.44546658e-02 -1.82605313e+01
0.00000000e+00 -4.82586288e+04 4.65685332e+01 2.04894074e-01 2.12680734e-02 -1.92078904e+01
0.00000000e+00 -4.75345344e+04 7.36331419e+01 1.64169776e-01 2.59786407e-02 -2.04221011e+01
0.00000000e+00 -4.72788162e+04 7.26073145e+01 2.21632603e-01 5.68837166e-02 -2.04246027e+01
0.00000000e+00 -4.72373428e+04 8.69703590e+01 1.54225028e-01 7.51793747e-02 -1.95910420e+01
0.00000000e+00 -4.70967463e+04 6.13788319e+01 1.89011865e-01 7.90243270e-02 -2.07885788e+01
0.00000000e+00 -4.67774437e+04 8.64260833e+01 2.06364153e-01 6.74488757e-02 -1.80508316e+01
0.00000000e+00 -4.64359548e+04 5.83227247e+01 4.89807853e-01 2.93257634e-02 -2.07842043e+01
0.00000000e+00 -4.63669907e+04 6.88019839e+01 1.84177999e-01 2.21763028e-02 -1.83367761e+01
0.00000000e+00 -4.55840812e+04 6.55259822e+01 3.78049262e-01 3.48989557e-02 -2.05845009e+01
0.00000000e+00 -4.54595257e+04 5.20758641e+01 2.04147296e-01 4.87571594e-02 -1.89171207e+01
0.00000000e+00 -4.53649732e+04 5.54380380e+01 3.26758675e-01 6.36595596e-02 -1.87143415e+01
0.00000000e+00 -4.49786263e+04 8.51513957e+01 3.23051378e-01 7.78578032e-02 -1.82601566e+01
0.00000000e+00 -4.48692191e+04 4.81169307e+01 3.50368712e-01 7.72530346e-02 -1.90268369e+01
0.00000000e+00 -4.45031775e+04 6.34484785e+01 1.38028289e-01 7.47256488e-02 -1.85078068e+01
0.00000000e+00 -4.41241704e+04 4.86600750e+01 2.40084549e-01 4.42228469e-02 -1.90910396e+01
0.00000000e+00 -4.39235980e+04 6.00655187e+01 2.48007100e-01 5.30734063e-02 -1.85855167e+01
0.00000000e+00 -4.31401565e+04 8.59005585e+01 4.43471176e-01 5.66098707e-02 -1.98221721e+01
0.00000000e+00 -4.30604633e+04 6.52850721e+01 2.27430017e-01 6.05221388e-02 -2.06128903e+01
0.00000000e+00 -4.29611449e+04 7.49840899e+01 4.76787422e-01 7.51832267e-02 -2.00925131e+01
0.00000000e+00 -4.29496094e+04 7.09558292e+01 4.39327772e-01 6.84564930e-02 -1.82211848e+01
0.00000000e+00 -4.15235214e+04 5.31220860e+01 3.92316439e-01 3.47026909e-02 -1.88950048e+01
0.00000000e+00 -4.14524904e+04 7.13921271e+01 4.22795010e-01 2.36988152e-02 -1.82329669e+01
0.00000000e+00 -4.12784169e+04 6.45144121e+01 4.57585613e-01 5.08984967e-02 -2.05509362e+01
0.00000000e+00 -4.09361261e+04 6.68918990e+01 2.72700416e-01 6.86297115e-02 -2.04941480e+01
0.00000000e+00 -4.08481610e+04 6.43709196e+01 2.72789300e-01 2.59402477e-02 -1.85195986e+01
0.00000000e+00 -3.94833604e+04 6.43843902e+01 3.32232851e-01 7.94992080e-02 -2.05182534e+01
0.00000000e+00 -3.93385506e+04 4.97614780e+01 1.25454756e-01 3.11447184e-02 -1.91806702e+01
0.00000000e+00 -3.89008214e+04 7.57420770e+01 2.57833945e-01 6.78236084e-02 -1.82378254e+01
0.00000000e+00 -3.86679951e+04 7.64480883e+01 1.17242023e-01 5.30421666e-02 -1.82018390e+01
0.00000000e+00 -3.85227833e+04 7.76472903e+01 3.25229639e-01 5.40621743e-02 -1.81089491e+01
0.00000000e+00 -3.80359779e+04 6.29262105e+01 1.27651871e-01 3.72558880e-02 -2.06514365e+01
0.00000000e+00 -3.78068644e+04 7.57458925e+01 1.66703738e-01 4.03518434e-02 -1.81934223e+01
0.00000000e+00 -3.76152442e+04 8.14660226e+01 4.62682504e-01 5.42319901e-02 -1.80094398e+01
0.00000000e+00 -3.75038481e+04 7.09912568e+01 3.27757839e-01 7.63978084e-02 -1.83712937e+01
0.00000000e+00 -3.71906787e+04 5.77632165e+01 2.24937299e-01 4.28044540e-02 -2.07873284e+01
0.00000000e+00 -3.60056530e+04 8.24358589e+01 3.04891975e-01 2.36459626e-02 -1.80118213e+01
0.00000000e+00 -3.56947072e+04 8.55208715e+01 4.42712123e-01 6.00494827e-02 -1.96750501e+01
0.00000000e+00 -3.56144391e+04 4.76132905e+01 4.12976005e-01 2.20660630e-02 -1.92733585e+01
0.00000000e+00 -3.55428430e+04 8.17451693e+01 3.95840090e-01 5.42153897e-02 -1.99015620e+01
0.00000000e+00 -3.50761284e+04 8.74012029e+01 2.92796878e-01 7.70337582e-02 -1.87673208e+01
0.00000000e+00 -3.49278381e+04 7.29333614e+01 1.06489040e-01 7.65932448e-02 -1.84602018e+01
0.00000000e+00 -3.49004467e+04 4.81359621e+01 4.91344169e-01 2.26718900e-02 -1.92358044e+01
0.00000000e+00 -3.48443250e+04 8.95533117e+01 1.71327399e-01 5.70771868e-02 -1.80944782e+01
0.00000000e+00 -3.47428408e+04 5.66372106e+01 4.89449479e-01 4.78024020e-02 -1.87836316e+01
0.00000000e+00 -3.46150015e+04 5.97883593e+01 2.38846682e-01 6.81172479e-02 -1.87207985e+01
0.00000000e+00 -3.42965632e+04 6.59184620e+01 2.35074040e-01 5.40162986e-02 -2.04749751e+01
0.00000000e+00 -3.42284705e+04 5.76829456e+01 4.85496157e-01 7.14603948e-02 -1.87311875e+01
0.00000000e+00 -3.38942448e+04 5.66482275e+01 2.82983881e-01 4.13662875e-02 -1.88700458e+01
0.00000000e+00 -3.34359341e+04 4.65946481e+01 4.86959397e-01 3.87472125e-02 -1.92887736e+01
0.00000000e+00 -3.32642171e+04 6.87388375e+01 2.87345050e-01 4.79371123e-02 -1.84243304e+01
0.00000000e+00 -3.30155236e+04 8.65681960e+01 2.93741194e-01 6.95545634e-02 -1.83557075e+01
0.00000000e+00 -3.26742132e+04 8.15396287e+01 3.22774841e-01 5.50740460e-02 -1.98793646e+01
0.00000000e+00 -3.25765641e+04 7.82806596e+01 4.75997635e-01 2.83471826e-02 -1.81158823e+01
0.00000000e+00 -3.20981723e+04 4.42432341e+01 2.22553148e-01 2.24159263e-02 -1.95619613e+01
0.00000000e+00 -3.20804063e+04 8.11258952e+01 4.82305395e-01 2.86284935e-02 -1.80399429e+01
0.00000000e+00 -3.18825209e+04 7.20701464e+01 3.04296176e-01 2.91445789e-02 -1.83646956e+01
0.00000000e+00 -3.14721022e+04 5.15854741e+01 3.08023227e-01 2.32405973e-02 -1.91830761e+01
0.00000000e+00 -3.13374018e+04 8.58651831e+01 1.07023743e-01 5.26167811e-02 -1.97868944e+01
0.00000000e+00 -3.12762398e+04 7.53626605e+01 2.77408543e-01 6.13412198e-02 -1.83169080e+01
0.00000000e+00 -3.06412643e+04 5.63883623e+01 3.76008345e-01 5.23874329e-02 -1.88801324e+01
0.00000000e+00 -3.05538271e+04 7.36048308e+01 4.27678761e-01 4.77436058e-02 -1.82805712e+01
0.00000000e+00 -3.05492132e+04 4.40723997e+01 4.28364591e-01 4.64178704e-02 -1.94676208e+01
0.00000000e+00 -3.05383897e+04 5.47168149e+01 4.14193078e-01 7.46111159e-02 -1.89211006e+01
0.00000000e+00 -3.01947538e+04 8.49967325e+01 4.00817620e-01 7.54122844e-02 -1.85929605e+01
0.00000000e+00 -2.99141534e+04 8.32203250e+01 2.61754916e-01 5.70947333e-02 -1.81933568e+01
0.00000000e+00 -2.98513151e+04 8.96480411e+01 1.79381665e-01 6.83293921e-02 -1.86043213e+01
0.00000000e+00 -2.97387786e+04 8.97630568e+01 2.79114202e-01 5.88079940e-02 -1.82008835e+01
0.00000000e+00 -2.94543505e+04 6.49866153e+01 2.56357795e-01 5.83085945e-02 -2.04220113e+01
0.00000000e+00 -2.93419050e+04 8.10801395e+01 1.80783816e-01 4.45620019e-02 -1.81840941e+01
0.00000000e+00 -2.93175089e+04 5.83950707e+01 1.39102706e-01 3.60905430e-02 -1.89367618e+01
0.00000000e+00 -2.92002121e+04 4.21171799e+01 4.91420472e-01 2.75896523e-02 -1.96308202e+01
0.00000000e+00 -2.90893223e+04 7.46017602e+01 2.18034969e-01 2.55130664e-02 -1.83718549e+01
0.00000000e+00 -2.90566981e+04 5.88843287e+01 4.33132152e-01 6.16124571e-02 -1.87803155e+01
0.00000000e+00 -2.89402022e+04 5.98935129e+01 1.05389025e-01 3.79488874e-02 -1.88910672e+01
0.00000000e+00 -2.86111679e+04 4.58086507e+01 4.41959222e-01 2.46916039e-02 -1.94676029e+01
0.00000000e+00 -2.85665580e+04 4.13741052e+01 3.47959115e-01 3.04438659e-02 -1.97175169e+01
0.00000000e+00 -2.85375126e+04 4.00834377e+01 3.45291394e-01 5.98043535e-02 -1.97306063e+01
0.00000000e+00 -2.84766833e+04 6.05141568e+01 2.35653510e-01 3.38259146e-02 -2.05378257e+01
0.00000000e+00 -2.80389955e+04 4.04894866e+01 4.08373051e-01 7.27232748e-02 -1.96755848e+01
0.00000000e+00 -2.73961696e+04 8.56531708e+01 3.62138711e-01 7.44339842e-02 -1.88619636e+01
0.00000000e+00 -2.73944002e+04 5.58155600e+01 2.44107965e-01 6.93562779e-02 -1.89799391e+01
0.00000000e+00 -2.73715516e+04 7.36078981e+01 2.60048977e-01 7.23301185e-02 -1.84976111e+01
0.00000000e+00 -2.72869757e+04 5.11074568e+01 4.99270135e-01 5.19940388e-02 -2.08036850e+01
0.00000000e+00 -2.70579755e+04 5.01140148e+01 2.36562707e-01 3.99799999e-02 -2.08954615e+01
0.00000000e+00 -2.70458759e+04 6.29178014e+01 3.47359836e-01 5.86963778e-02 -1.86932454e+01
0.00000000e+00 -2.70413012e+04 6.73301386e+01 2.39076093e-01 4.25380961e-02 -2.03160633e+01
0.00000000e+00 -2.70386611e+04 6.10039405e+01 2.38931579e-01 2.71547360e-02 -2.04737462e+01
0.00000000e+00 -2.69849920e+04 6.33175339e+01 3.96702696e-01 3.74722803e-02 -1.86936042e+01
0.00000000e+00 -2.69637659e+04 4.41685793e+01 3.12838940e-01 7.35742881e-02 -1.95093469e+01
0.00000000e+00 -2.69611005e+04 7.39363803e+01 2.87293657e-01 2.38444038e-02 -1.84132828e+01
0.00000000e+00 -2.69271846e+04 6.29533992e+01 2.33977304e-01 6.90058116e-02 -1.87377308e+01
0.00000000e+00 -2.68648104e+04 7.23113697e+01 4.82574661e-01 5.98460984e-02 -2.00462465e+01
0.00000000e+00 -2.68150118e+04 6.26737985e+01 2.31716708e-01 2.18399175e-02 -1.88386589e+01
0.00000000e+00 -2.67208352e+04 8.53439956e+01 4.70072436e-01 7.30879714e-02 -1.90633170e+01
0.00000000e+00 -2.66089754e+04 8.96346069e+01 1.64320897e-01 6.54971574e-02 -1.85869588e+01
0.00000000e+00 -2.65874744e+04 8.64185562e+01 4.66428417e-01 5.62359745e-02 -1.95093702e+01
0.00000000e+00 -2.64494402e+04 7.93744890e+01 1.34886972e-01 5.45647889e-02 -1.83347094e+01
0.00000000e+00 -2.63748119e+04 7.57213645e+01 2.33907826e-01 3.92885560e-02 -2.00556888e+01
0.00000000e+00 -2.63175067e+04 7.21433184e+01 3.92849160e-01 3.14733610e-02 -1.84183448e+01
0.00000000e+00 -2.61670414e+04 7.63286326e+01 2.21335644e-01 7.50630321e-02 -1.98010757e+01
0.00000000e+00 -2.61372965e+04 5.93091050e+01 1.40021353e-01 3.72953052e-02 -1.89496959e+01
0.00000000e+00 -2.60661056e+04 6.09660522e+01 2.10589719e-01 6.67957661e-02 -2.05153448e+01
0.00000000e+00 -2.60600728e+04 8.22850500e+01 2.87423968e-01 3.49532056e-02 -1.81548316e+01
0.00000000e+00 -2.58894814e+04 5.59014137e+01 1.49963603e-01 6.39391703e-02 -2.07210964e+01
0.00000000e+00 -2.58431397e+04 7.91903995e+01 4.75132774e-01 5.60008248e-02 -1.97955963e+01
0.00000000e+00 -2.58029174e+04 8.91088455e+01 1.20830986e-01 4.40624231e-02 -1.96543023e+01
0.00000000e+00 -2.55496406e+04 6.11276344e+01 2.07596268e-01 3.98934587e-02 -2.04921008e+01
0.00000000e+00 -2.54174205e+04 6.49645437e+01 1.06963384e-01 2.47427644e-02 -2.03542412e+01
0.00000000e+00 -2.53632550e+04 8.26308712e+01 2.30081376e-01 7.68260614e-02 -1.92025312e+01
0.00000000e+00 -2.52518256e+04 7.23535335e+01 3.58282403e-01 5.05800973e-02 -2.00851645e+01
0.00000000e+00 -2.51906904e+04 8.81446072e+01 1.71729802e-01 5.97882301e-02 -1.94065425e+01
0.00000000e+00 -2.51323158e+04 6.83694164e+01 2.88649097e-01 2.36276892e-02 -2.01843281e+01
0.00000000e+00 -2.50794584e+04 4.93934548e+01 2.50889298e-01 4.45829058e-02 -1.93474268e+01
0.00000000e+00 -2.50003781e+04 6.93089428e+01 1.56298104e-01 5.52537437e-02 -1.85884194e+01
0.00000000e+00 -2.49880898e+04 8.67522218e+01 3.25111188e-01 7.02668543e-02 -1.87596452e+01
0.00000000e+00 -2.43261228e+04 5.01510542e+01 1.87454862e-01 5.51489826e-02 -1.93207182e+01
0.00000000e+00 -2.41405155e+04 7.74416612e+01 1.19251519e-01 2.54945515e-02 -1.99848982e+01
0.00000000e+00 -2.41321633e+04 8.01549160e+01 4.28323332e-01 6.19292057e-02 -1.83422767e+01
0.00000000e+00 -2.40285409e+04 6.69162538e+01 1.18911835e-01 4.48699973e-02 -1.86946781e+01
0.00000000e+00 -2.40048527e+04 6.17448369e+01 2.72355262e-01 2.04956716e-02 -2.03502176e+01
0.00000000e+00 -2.38218095e+04 8.61292513e+01 4.41707090e-01 3.86733335e-02 -1.96458358e+01
0.00000000e+00 -2.38187282e+04 8.55572469e+01 3.04243115e-01 5.29674889e-02 -1.95866475e+01
0.00000000e+00 -2.36140206e+04 6.32277211e+01 2.11276933e-01 6.24416262e-02 -1.87863878e+01
0.00000000e+00 -2.35631351e+04 7.39907580e+01 3.56624781e-01 5.22567278e-02 -1.84167306e+01
0.00000000e+00 -2.32459376e+04 5.97426968e+01 3.07934632e-01 3.77478404e-02 -2.04573780e+01
0.00000000e+00 -2.31677102e+04 4.55370847e+01 2.68578611e-01 6.52818880e-02 -1.95305049e+01
0.00000000e+00 -2.30450860e+04 5.11938551e+01 1.34641932e-01 2.23511781e-02 -2.07523637e+01
0.00000000e+00 -2.30255856e+04 7.58388148e+01 4.49307431e-01 7.54365918e-02 -1.85622306e+01
0.00000000e+00 -2.29474565e+04 8.96804544e+01 4.45755999e-01 6.06295558e-02 -1.91085128e+01
0.00000000e+00 -2.28651601e+04 7.71125540e+01 1.37156311e-01 5.87030647e-02 -1.84689594e+01
0.00000000e+00 -2.27850395e+04 8.90869280e+01 4.30560284e-01 2.80303499e-02 -1.80024375e+01
0.00000000e+00 -2.27679156e+04 7.64148825e+01 3.24622621e-01 6.16730305e-02 -1.84411355e+01
0.00000000e+00 -2.27384760e+04 5.99867932e+01 2.09102816e-01 2.51995878e-02 -2.04263905e+01
0.00000000e+00 -2.26953349e+04 8.74156256e+01 1.20347634e-01 2.01811037e-02 -1.96905878e+01
0.00000000e+00 -2.23743030e+04 7.45539694e+01 1.34265451e-01 5.94762106e-02 -1.85309859e+01
0.00000000e+00 -2.22280201e+04 8.33185916e+01 4.22521755e-01 2.03006586e-02 -1.96803134e+01
0.00000000e+00 -2.21446577e+04 7.78619589e+01 1.58178844e-01 7.39818954e-02 -1.96440892e+01
0.00000000e+00 -2.20074208e+04 5.31517974e+01 2.74533635e-01 5.16823224e-02 -2.06998570e+01
0.00000000e+00 -2.18359155e+04 5.93480079e+01 3.22411921e-01 6.38939357e-02 -1.89180312e+01
0.00000000e+00 -2.15938812e+04 5.58127094e+01 3.08677177e-01 5.25945347e-02 -1.90797182e+01
0.00000000e+00 -2.15713488e+04 5.80027559e+01 2.67844703e-01 5.96689441e-02 -2.05281616e+01
0.00000000e+00 -2.14707554e+04 6.20434614e+01 4.34074118e-01 3.28420912e-02 -2.02956840e+01
0.00000000e+00 -2.14361272e+04 4.36441068e+01 4.74071435e-01 6.71639960e-02 -1.96049679e+01
0.00000000e+00 -2.11149678e+04 6.40537608e+01 2.03733466e-01 7.74207103e-02 -2.02768817e+01
0.00000000e+00 -2.10086301e+04 5.05999413e+01 1.99010648e-01 2.38420846e-02 -2.07155309e+01
0.00000000e+00 -2.09963231e+04 5.38889897e+01 4.65829575e-01 5.52085815e-02 -2.06003893e+01
0.00000000e+00 -2.09114316e+04 6.86431751e+01 3.85557355e-01 2.54015244e-02 -2.00727132e+01
0.00000000e+00 -2.08931359e+04 4.76301899e+01 1.94644531e-01 5.60327325e-02 -2.09200908e+01
0.00000000e+00 -2.08464816e+04 7.31318189e+01 1.33997606e-01 3.56031927e-02 -2.00622739e+01
0.00000000e+00 -2.06631203e+04 8.20043136e+01 3.79083003e-01 7.19722803e-02 -1.92395280e+01
0.00000000e+00 -2.06522441e+04 6.13176572e+01 3.73550085e-01 6.15642077e-02 -2.03592870e+01
0.00000000e+00 -2.06145109e+04 7.00126429e+01 3.72531953e-01 5.95293410e-02 -1.85892954e+01
0.00000000e+00 -2.02953003e+04 5.18842147e+01 1.14288462e-01 2.20781514e-02 -2.06686523e+01
0.00000000e+00 -2.02433277e+04 7.14142337e+01 4.91027355e-01 5.34669300e-02 -1.85114323e+01
0.00000000e+00 -2.02096071e+04 7.29878427e+01 2.88375103e-01 7.86045119e-02 -1.97748875e+01
0.00000000e+00 -2.01234743e+04 6.08964246e+01 3.66556928e-01 7.73239500e-02 -2.03391106e+01
0.00000000e+00 -1.98086509e+04 4.79599276e+01 2.54000540e-01 5.01677484e-02 -2.08544256e+01
0.00000000e+00 -1.97160152e+04 5.06404328e+01 4.60389459e-01 3.88927671e-02 -1.93489193e+01
0.00000000e+00 -1.96694065e+04 4.24560736e+01 3.24523725e-01 4.27256610e-02 -1.98124129e+01
0.00000000e+00 -1.91674135e+04 7.81822569e+01 3.21702473e-01 2.00213141e-02 -1.97727294e+01
0.00000000e+00 -1.91340917e+04 8.93402502e+01 3.50048594e-01 5.86111238e-02 -1.90931480e+01
0.00000000e+00 -1.90762083e+04 8.47266358e+01 4.90369079e-01 5.03617461e-02 -1.94907753e+01
0.00000000e+00 -1.90289356e+04 8.41008220e+01 2.18595031e-01 2.75465420e-02 -1.82677139e+01
0.00000000e+00 -1.90075984e+04 8.55271502e+01 3.61414520e-01 6.43184178e-02 -1.86131080e+01
0.00000000e+00 -1.89484789e+04 6.00557621e+01 3.25532621e-01 7.94843410e-02 -2.03566520e+01
0.00000000e+00 -1.87385637e+04 5.84290419e+01 4.42388864e-01 3.48813428e-02 -1.90396612e+01
0.00000000e+00 -1.87052464e+04 8.78459858e+01 3.78087363e-01 4.77171469e-02 -1.94263172e+01
0.00000000e+00 -1.86777240e+04 5.37401666e+01 4.58909819e-01 2.57604017e-02 -1.92866425e+01
0.00000000e+00 -1.86036412e+04 8.88050537e+01 3.52168728e-01 2.42386273e-02 -1.81201301e+01
0.00000000e+00 -1.85868189e+04 4.32981940e+01 4.83834991e-01 5.83479559e-02 -2.09625577e+01
0.00000000e+00 -1.85174848e+04 6.89991638e+01 2.16880095e-01 6.37536070e-02 -2.00781327e+01
0.00000000e+00 -1.84509120e+04 4.66419789e+01 3.57000496e-01 7.82656227e-02 -2.08819669e+01
0.00000000e+00 -1.84448389e+04 4.59320480e+01 4.78253133e-01 6.64383885e-02 -2.08645707e+01
0.00000000e+00 -1.81199568e+04 4.41761450e+01 4.97752516e-01 5.98238093e-02 -1.96539769e+01
0.00000000e+00 -1.79618723e+04 6.82933637e+01 1.69208185e-01 4.10187473e-02 -2.01419575e+01
0.00000000e+00 -1.78427235e+04 5.35316289e+01 3.61828590e-01 3.71143936e-02 -1.92885298e+01
0.00000000e+00 -1.78213043e+04 7.72643243e+01 1.92066710e-01 7.97078456e-02 -1.93042627e+01
0.00000000e+00 -1.77740121e+04 4.85943607e+01 2.45427934e-01 4.02016924e-02 -2.07622942e+01
0.00000000e+00 -1.76582005e+04 8.34025162e+01 1.40484424e-01 4.52441271e-02 -1.83736183e+01
0.00000000e+00 -1.75421751e+04 7.70841326e+01 2.46090209e-01 6.81069438e-02 -1.86570542e+01
0.00000000e+00 -1.75142937e+04 5.38072544e+01 4.26487952e-01 2.72631041e-02 -2.04575149e+01
0.00000000e+00 -1.74967196e+04 6.10878878e+01 1.29157045e-01 4.32511523e-02 -2.03719660e+01
0.00000000e+00 -1.72673014e+04 8.67374207e+01 3.89514621e-01 4.70472226e-02 -1.82663649e+01
0.00000000e+00 -1.71688442e+04 4.29071503e+01 4.63818232e-01 5.73455063e-02 -2.09497477e+01
0.00000000e+00 -1.71212247e+04 8.34215243e+01 3.87965064e-01 2.87237815e-02 -1.82682957e+01
0.00000000e+00 -1.70952141e+04 8.47273622e+01 1.70074783e-01 5.68847531e-02 -1.94367202e+01
0.00000000e+00 -1.70746262e+04 7.62448330e+01 1.58748007e-01 5.88911059e-02 -1.98065184e+01
0.00000000e+00 -1.69310193e+04 5.51860585e+01 2.26375917e-01 2.68414773e-02 -2.04573471e+01
0.00000000e+00 -1.68952553e+04 5.06339299e+01 2.10678959e-01 3.54254940e-02 -1.95053684e+01
0.00000000e+00 -1.67754320e+04 8.69782797e+01 3.31727690e-01 5.89905904e-02 -1.91680968e+01
0.00000000e+00 -1.66335435e+04 8.32344392e+01 1.42201633e-01 4.57786510e-02 -1.96457609e+01
0.00000000e+00 -1.66283458e+04 7.12170130e+01 3.80141175e-01 3.51588414e-02 -1.99498711e+01
0.00000000e+00 -1.65892018e+04 4.54641162e+01 1.44718310e-01 7.09126037e-02 -2.09511699e+01
0.00000000e+00 -1.64354748e+04 4.88106703e+01 2.32310641e-01 2.46460876e-02 -2.06612054e+01
0.00000000e+00 -1.63887961e+04 5.99540044e+01 1.97642087e-01 4.32442530e-02 -2.03613433e+01
0.00000000e+00 -1.63531274e+04 4.96560494e+01 3.78905189e-01 5.18071786e-02 -1.94552226e+01
0.00000000e+00 -1.62966687e+04 6.20403932e+01 2.38214925e-01 5.59270101e-02 -2.02915620e+01
0.00000000e+00 -1.62740386e+04 7.93071307e+01 4.75607199e-01 7.44240401e-02 -1.89592252e+01
0.00000000e+00 -1.62581114e+04 6.25853266e+01 2.27640480e-01 6.03048228e-02 -2.02727211e+01
0.00000000e+00 -1.60177446e+04 4.20690443e+01 2.91989222e-01 2.66175638e-02 -2.00033720e+01
0.00000000e+00 -1.60100401e+04 7.66819228e+01 4.68243823e-01 3.78324700e-02 -1.84430878e+01
0.00000000e+00 -1.58719691e+04 5.66032466e+01 4.01605113e-01 5.28366442e-02 -2.04139064e+01
0.00000000e+00 -1.58517349e+04 4.51687626e+01 3.32838393e-01 5.03937242e-02 -2.08483700e+01
0.00000000e+00 -1.57768213e+04 4.44503563e+01 4.67876494e-01 3.28766606e-02 -2.07794525e+01
0.00000000e+00 -1.56561105e+04 4.33195804e+01 2.79107377e-01 2.85846060e-02 -1.99367999e+01
0.00000000e+00 -1.55650322e+04 4.52550132e+01 4.28910271e-01 7.45220654e-02 -2.08505704e+01
0.00000000e+00 -1.53667824e+04 4.27504840e+01 3.40387210e-01 2.88675510e-02 -2.08619800e+01
0.00000000e+00 -1.53663215e+04 4.03449369e+01 4.82066779e-01 6.40842119e-02 -1.99467650e+01
0.00000000e+00 -1.53438432e+04 7.87999534e+01 3.44949475e-01 7.26753461e-02 -1.88743315e+01
0.00000000e+00 -1.53360138e+04 5.68510227e+01 1.64192101e-01 2.13631619e-02 -2.03440734e+01
0.00000000e+00 -1.52792989e+04 5.88491065e+01 4.70906513e-01 5.18433198e-02 -1.90393802e+01
0.00000000e+00 -1.52330709e+04 4.62225537e+01 4.64281498e-01 3.51355963e-02 -2.07022458e+01
0.00000000e+00 -1.51256398e+04 5.36907348e+01 4.56356845e-01 4.05200620e-02 -2.04487845e+01
0.00000000e+00 -1.50937003e+04 6.62058086e+01 3.81274580e-01 2.29202456e-02 -1.89046376e+01
0.00000000e+00 -1.49342947e+04 5.17964945e+01 2.18815497e-01 4.30363491e-02 -2.05930376e+01
0.00000000e+00 -1.49015867e+04 7.56129815e+01 3.51622284e-01 3.31321503e-02 -1.85391938e+01
0.00000000e+00 -1.48873330e+04 7.40338019e+01 4.97775246e-01 2.36161350e-02 -1.97477952e+01
0.00000000e+00 -1.48651575e+04 6.45008749e+01 3.72859102e-01 6.00205832e-02 -2.01278654e+01
0.00000000e+00 -1.48493277e+04 7.63492400e+01 3.61164894e-01 3.61943809e-02 -1.85093823e+01
0.00000000e+00 -1.48112424e+04 4.41632977e+01 1.46925967e-01 3.56980359e-02 -1.99287411e+01
0.00000000e+00 -1.46857035e+04 5.37927678e+01 3.22295318e-01 5.70417170e-02 -2.05154350e+01
0.00000000e+00 -1.45586469e+04 5.61899969e+01 3.64459784e-01 5.38492630e-02 -1.91919940e+01
0.00000000e+00 -1.45368299e+04 7.78500865e+01 3.41735048e-01 6.06179930e-02 -1.86055899e+01
0.00000000e+00 -1.45310748e+04 6.88620918e+01 2.81682907e-01 6.38570253e-02 -1.99720592e+01
0.00000000e+00 -1.43220067e+04 5.40003555e+01 1.09071464e-01 4.27027434e-02 -2.05364055e+01
0.00000000e+00 -1.43180178e+04 5.20358536e+01 4.83758615e-01 7.58296824e-02 -1.93184351e+01
0.00000000e+00 -1.42836043e+04 7.54201801e+01 2.31667721e-01 7.96814983e-02 -1.91844924e+01
0.00000000e+00 -1.42508001e+04 5.13689148e+01 1.01525060e-01 2.82035696e-02 -2.05627865e+01
0.00000000e+00 -1.41840332e+04 5.19257501e+01 3.96113508e-01 4.71175485e-02 -1.94057508e+01
0.00000000e+00 -1.39646457e+04 4.89963875e+01 3.36438835e-01 6.46302693e-02 -1.95279795e+01
0.00000000e+00 -1.37719239e+04 5.14792390e+01 3.91506005e-01 4.24411753e-02 -2.05166542e+01
0.00000000e+00 -1.37325188e+04 4.44334482e+01 3.41970273e-01 6.10932587e-02 -2.08427974e+01
0.00000000e+00 -1.36657698e+04 5.78924415e+01 1.81658864e-01 6.82779368e-02 -1.91877918e+01
0.00000000e+00 -1.36033908e+04 4.17425718e+01 4.44736028e-01 6.93893685e-02 -2.09335906e+01
0.00000000e+00 -1.35556048e+04 7.27583494e+01 3.92304517e-01 7.23688945e-02 -1.96484390e+01
0.00000000e+00 -1.34988978e+04 6.22913344e+01 4.48729985e-01 5.55918081e-02 -1.89509773e+01
0.00000000e+00 -1.34488053e+04 7.35102204e+01 4.71261121e-01 4.83069286e-02 -1.85964792e+01
0.00000000e+00 -1.34452605e+04 7.63296819e+01 1.64774999e-01 7.45458132e-02 -1.90013234e+01
0.00000000e+00 -1.32082534e+04 6.48538294e+01 3.08494409e-01 5.48358421e-02 -2.01036422e+01
0.00000000e+00 -1.32049406e+04 4.37602286e+01 3.17416360e-01 4.54799236e-02 -1.99010308e+01
0.00000000e+00 -1.31728710e+04 4.81956467e+01 4.42543043e-01 2.73377232e-02 -2.05302222e+01
0.00000000e+00 -1.31519813e+04 4.61900956e+01 4.75412854e-01 5.04730404e-02 -2.06929817e+01
0.00000000e+00 -1.31253774e+04 4.82198698e+01 3.40163726e-01 2.39516207e-02 -1.97621708e+01
0.00000000e+00 -1.30681689e+04 6.51693355e+01 4.37875507e-01 6.51692699e-02 -1.88818027e+01
0.00000000e+00 -1.30374864e+04 8.70049686e+01 4.03776086e-01 5.71695217e-02 -1.90082856e+01
0.00000000e+00 -1.29962364e+04 7.67893080e+01 3.47373378e-01 6.79566780e-02 -1.94705083e+01
0.00000000e+00 -1.29529651e+04 4.00954067e+01 3.53600973e-01 3.28639542e-02 -2.09058028e+01
0.00000000e+00 -1.29010048e+04 7.43634572e+01 4.23132111e-01 7.67235105e-02 -1.89458305e+01
0.00000000e+00 -1.28567898e+04 8.24441458e+01 4.29517986e-01 2.91845639e-02 -1.95344856e+01
0.00000000e+00 -1.28345123e+04 8.77480948e+01 3.62816961e-01 3.03896384e-02 -1.94210430e+01
0.00000000e+00 -1.28298407e+04 6.25575897e+01 1.90907532e-01 5.44725612e-02 -2.02105425e+01
0.00000000e+00 -1.27120235e+04 8.89547351e+01 2.98914245e-01 2.90559508e-02 -1.82550613e+01
0.00000000e+00 -1.26990666e+04 5.42840639e+01 2.43217420e-01 6.61230432e-02 -1.93373279e+01
0.00000000e+00 -1.26152976e+04 5.43758197e+01 1.05110712e-01 7.02069782e-02 -1.93816277e+01
0.00000000e+00 -1.26081986e+04 5.92147554e+01 3.96338418e-01 3.08862032e-02 -1.91918222e+01
0.00000000e+00 -1.25998612e+04 4.11986142e+01 3.11072690e-01 6.60789929e-02 -2.00151903e+01
0.00000000e+00 -1.25499105e+04 6.93847985e+01 1.23900747e-01 4.86165690e-02 -2.00036227e+01
0.00000000e+00 -1.24759802e+04 7.38825364e+01 2.73969755e-01 2.65301036e-02 -1.97795640e+01
0.00000000e+00 -1.24404404e+04 4.56203306e+01 1.80845759e-01 3.72188386e-02 -2.07373961e+01
0.00000000e+00 -1.23728795e+04 4.37885839e+01 2.17345898e-01 4.42477952e-02 -1.99640565e+01
0.00000000e+00 -1.23664039e+04 8.46363671e+01 2.64398008e-01 6.08632699e-02 -1.88968474e+01
0.00000000e+00 -1.22565903e+04 7.92202948e+01 2.09617459e-01 6.01383883e-02 -1.87077700e+01
0.00000000e+00 -1.22506643e+04 7.62975176e+01 4.81011753e-01 5.74497122e-02 -1.95885235e+01
0.00000000e+00 -1.22331343e+04 5.48838637e+01 1.01817273e-01 3.75363158e-02 -2.04319922e+01
0.00000000e+00 -1.22170230e+04 4.15870319e+01 1.22616127e-01 2.60497216e-02 -2.02435125e+01
0.00000000e+00 -1.22050729e+04 8.16947805e+01 4.92625917e-01 6.43370309e-02 -1.88309798e+01
0.00000000e+00 -1.22010012e+04 6.89794491e+01 3.77731616e-01 7.60917276e-02 -1.89167238e+01
0.00000000e+00 -1.21307593e+04 7.14454052e+01 3.95005329e-01 2.67901437e-02 -1.97955068e+01
0.00000000e+00 -1.19557978e+04 4.67985894e+01 2.97438617e-01 4.00721978e-02 -2.06512516e+01
0.00000000e+00 -1.19416599e+04 6.32266372e+01 2.98917262e-01 6.02554674e-02 -1.90005325e+01
0.00000000e+00 -1.19020366e+04 8.09561850e+01 2.85194542e-01 6.59167953e-02 -1.89955288e+01
0.00000000e+00 -1.17905366e+04 8.11830979e+01 4.14682823e-01 4.48651193e-02 -1.95144039e+01
0.00000000e+00 -1.17870446e+04 8.14848122e+01 3.87789573e-01 3.45154819e-02 -1.84357076e+01
0.00000000e+00 -1.16940737e+04 8.82310347e+01 4.68079045e-01 3.87096765e-02 -1.93064464e+01
0.00000000e+00 -1.16438665e+04 5.48635070e+01 1.53078609e-01 2.09255594e-02 -1.95859978e+01
0.00000000e+00 -1.16110330e+04 7.71104804e+01 2.71101960e-01 7.20472538e-02 -1.90785229e+01
0.00000000e+00 -1.15676043e+04 6.45681618e+01 3.67049824e-01 5.44289032e-02 -1.89429468e+01
0.00000000e+00 -1.14714827e+04 6.42712847e+01 3.02031686e-01 3.05391677e-02 -2.00245882e+01
0.00000000e+00 -1.14614444e+04 8.03824125e+01 3.55315732e-01 6.36654526e-02 -1.88055414e+01
0.00000000e+00 -1.14580953e+04 8.01597468e+01 2.95483195e-01 4.70146290e-02 -1.95638372e+01
0.00000000e+00 -1.14397366e+04 6.60282893e+01 4.75637866e-01 2.25592069e-02 -1.89962766e+01
0.00000000e+00 -1.13869079e+04 7.92942991e+01 4.27773941e-01 2.49817673e-02 -1.95562139e+01
0.00000000e+00 -1.13853047e+04 7.77474595e+01 2.86055085e-01 2.59965283e-02 -1.96458831e+01
0.00000000e+00 -1.13461744e+04 4.70321675e+01 3.92641108e-01 6.45183254e-02 -2.06669761e+01
0.00000000e+00 -1.13390520e+04 8.32657461e+01 1.73250690e-01 5.32574999e-02 -1.86273367e+01
0.00000000e+00 -1.11866595e+04 7.35920623e+01 2.99690976e-01 3.01014909e-02 -1.87235279e+01
0.00000000e+00 -1.11508889e+04 8.24939198e+01 3.96388382e-01 5.06417932e-02 -1.93927013e+01
0.00000000e+00 -1.10989263e+04 7.08483352e+01 1.17621900e-01 4.85445607e-02 -1.99210983e+01
0.00000000e+00 -1.10942866e+04 7.76292919e+01 1.56395650e-01 4.20760300e-02 -1.86362510e+01
0.00000000e+00 -1.10940200e+04 4.38448768e+01 1.96360737e-01 5.64053253e-02 -1.99639721e+01
0.00000000e+00 -1.10745317e+04 5.62001948e+01 1.66480858e-01 2.65787276e-02 -1.94840342e+01
0.00000000e+00 -1.10715096e+04 5.13810114e+01 3.36063311e-01 4.51814820e-02 -1.95447474e+01
0.00000000e+00 -1.10275756e+04 4.06717825e+01 4.67682183e-01 4.01936934e-02 -2.01550965e+01
0.00000000e+00 -1.09953401e+04 7.85314119e+01 3.22987872e-01 5.54350555e-02 -1.95231436e+01
0.00000000e+00 -1.09603944e+04 4.09360772e+01 1.56383111e-01 4.17516610e-02 -2.08912048e+01
0.00000000e+00 -1.09337493e+04 5.21706351e+01 3.56730917e-01 6.00972607e-02 -1.94552239e+01
0.00000000e+00 -1.08980734e+04 6.95623799e+01 1.23715813e-01 6.79004561e-02 -1.89577340e+01
0.00000000e+00 -1.08870822e+04 6.00311585e+01 4.52965503e-01 5.26713770e-02 -2.01608886e+01
0.00000000e+00 -1.08644463e+04 4.18900115e+01 1.49428731e-01 6.72966709e-02 -2.00770936e+01
0.00000000e+00 -1.08475434e+04 8.57159703e+01 3.09510482e-01 5.13224826e-02 -1.85631113e+01
0.00000000e+00 -1.08438087e+04 4.23645715e+01 2.24534052e-01 6.31630315e-02 -2.00329484e+01
0.00000000e+00 -1.07670680e+04 7.32827747e+01 4.71249971e-01 3.55714388e-02 -1.97236940e+01
0.00000000e+00 -1.07355418e+04 5.45577296e+01 2.04539880e-01 2.74511855e-02 -1.95511626e+01
0.00000000e+00 -1.06313213e+04 8.74479337e+01 1.34573135e-01 5.03990077e-02 -1.92120815e+01
0.00000000e+00 -1.05953598e+04 4.22937219e+01 3.34365208e-01 3.45617520e-02 -2.07276364e+01
0.00000000e+00 -1.05522055e+04 4.33281860e+01 1.68669878e-01 2.39397445e-02 -2.06570503e+01
0.00000000e+00 -1.05387410e+04 6.42095390e+01 2.36852272e-01 2.63703235e-02 -1.99897864e+01
0.00000000e+00 -1.04662421e+04 7.13161873e+01 1.55249974e-01 6.84810580e-02 -1.89437553e+01
0.00000000e+00 -1.04615310e+04 8.25327313e+01 3.95663812e-01 6.13003922e-02 -1.89275048e+01
0.00000000e+00 -1.04167257e+04 6.81786879e+01 2.76854666e-01 5.43615147e-02 -1.88879713e+01
0.00000000e+00 -1.03835721e+04 5.93307059e+01 1.13422473e-01 5.43558123e-02 -2.02806463e+01
0.00000000e+00 -1.02991022e+04 8.98050087e+01 4.09107306e-01 2.41801528e-02 -1.92813009e+01
0.00000000e+00 -1.02971139e+04 7.67045163e+01 4.58831627e-01 6.29419956e-02 -1.94317170e+01
0.00000000e+00 -1.02884822e+04 8.12298508e+01 4.15929831e-01 3.62381498e-02 -1.95071866e+01
0.00000000e+00 -1.02810699e+04 5.16279579e+01 2.77028441e-01 2.89253555e-02 -2.03643274e+01
0.00000000e+00 -1.02705775e+04 6.69016898e+01 4.75879464e-01 7.97317760e-02 -1.97522209e+01
0.00000000e+00 -1.02425109e+04 7.11816553e+01 1.15853078e-01 2.18496685e-02 -1.97906617e+01
0.00000000e+00 -1.02047730e+04 8.34031560e+01 3.98861742e-01 5.95849776e-02 -1.88888998e+01
0.00000000e+00 -1.01389969e+04 5.52258236e+01 3.90805795e-01 5.59269329e-02 -1.93366068e+01
0.00000000e+00 -1.01055808e+04 6.92485031e+01 3.79970507e-01 7.95709523e-02 -1.96203050e+01
0.00000000e+00 -9.97472266e+03 5.85031878e+01 4.74631069e-01 3.14077930e-02 -1.92821652e+01
0.00000000e+00 -9.83989408e+03 6.85343114e+01 2.96005180e-01 2.67944052e-02 -1.98348439e+01
0.00000000e+00 -9.79161379e+03 7.85028406e+01 1.79586757e-01 4.42463880e-02 -1.96277766e+01
0.00000000e+00 -9.78526179e+03 8.19824736e+01 4.18590020e-01 5.21071752e-02 -1.93379299e+01
0.00000000e+00 -9.73002734e+03 5.01428903e+01 4.50807984e-01 5.58817761e-02 -1.95775508e+01
0.00000000e+00 -9.69432793e+03 5.68677920e+01 2.92537699e-01 7.38844379e-02 -1.92951333e+01
0.00000000e+00 -9.63228811e+03 4.65087515e+01 4.52389454e-01 2.54327816e-02 -1.99779182e+01
0.00000000e+00 -9.61776974e+03 6.98022278e+01 3.32276413e-01 6.88886154e-02 -1.89351753e+01
0.00000000e+00 -9.46991661e+03 4.12009824e+01 3.80836869e-01 2.79995468e-02 -2.06243035e+01
0.00000000e+00 -9.39428114e+03 7.10413368e+01 4.27541488e-01 7.51241552e-02 -1.95258914e+01
0.00000000e+00 -9.32913535e+03 6.61210308e+01 1.57271630e-01 7.29175703e-02 -1.99279839e+01
0.00000000e+00 -9.29968533e+03 4.82446080e+01 4.98301047e-01 7.95917058e-02 -2.05489033e+01
0.00000000e+00 -9.29215367e+03 5.74722267e+01 4.52083037e-01 5.49585092e-02 -2.02038897e+01
0.00000000e+00 -9.28089722e+03 8.25322903e+01 2.34206297e-01 4.19441785e-02 -1.85493551e+01
0.00000000e+00 -9.25660897e+03 4.68855835e+01 2.69022564e-01 3.39903010e-02 -2.05154115e+01
0.00000000e+00 -9.24496571e+03 5.34446022e+01 3.23477689e-01 5.92975543e-02 -1.94564174e+01
0.00000000e+00 -9.22849098e+03 5.54194321e+01 2.76599799e-01 6.07110455e-02 -1.93792058e+01
0.00000000e+00 -9.21457927e+03 8.83354917e+01 3.97297672e-01 4.15914324e-02 -1.92153728e+01
0.00000000e+00 -9.21301615e+03 7.36926009e+01 2.58769438e-01 4.90890565e-02 -1.97260218e+01
0.00000000e+00 -9.08425598e+03 8.29850282e+01 1.57786526e-01 5.69163367e-02 -1.91923715e+01
0.00000000e+00 -9.05451305e+03 7.60165766e+01 2.52015063e-01 6.91830925e-02 -1.90741497e+01
0.00000000e+00 -9.04955877e+03 5.08598130e+01 4.57977637e-01 5.14339182e-02 -2.04055451e+01
0.00000000e+00 -9.03134953e+03 6.46240430e+01 1.21672939e-01 3.67506744e-02 -1.91394041e+01
0.00000000e+00 -9.01656864e+03 4.04876516e+01 2.37859186e-01 5.02677596e-02 -2.08274365e+01
0.00000000e+00 -8.95963056e+03 8.98044802e+01 3.42869229e-01 4.66616100e-02 -1.85465044e+01
0.00000000e+00 -8.95378885e+03 7.13613771e+01 1.84628921e-01 3.57633274e-02 -1.98170074e+01
0.00000000e+00 -8.94326325e+03 8.63936010e+01 4.80390560e-01 4.95397265e-02 -1.91043741e+01
0.00000000e+00 -8.93703435e+03 6.02611897e+01 1.81511445e-01 3.59639258e-02 -1.93003697e+01
0.00000000e+00 -8.93325155e+03 6.72452601e+01 3.60457837e-01 7.23021906e-02 -1.90160146e+01
0.00000000e+00 -8.91239784e+03 5.84027547e+01 3.93039897e-01 3.13268775e-02 -1.93482138e+01
0.00000000e+00 -8.88418812e+03 6.97827206e+01 3.48880025e-01 7.22305745e-02 -1.89979611e+01
0.00000000e+00 -8.86372319e+03 6.17874098e+01 2.53542787e-01 7.57588865e-02 -1.91809232e+01
0.00000000e+00 -8.85037090e+03 4.01465170e+01 4.63803317e-01 2.94679702e-02 -2.04773043e+01
0.00000000e+00 -8.83534913e+03 4.38926458e+01 3.58788569e-01 6.01452145e-02 -2.06980920e+01
0.00000000e+00 -8.81153628e+03 7.08213990e+01 4.48566196e-01 4.71712953e-02 -1.97537188e+01
0.00000000e+00 -8.78449886e+03 5.45511297e+01 2.71569653e-01 6.12807553e-02 -2.03525816e+01
0.00000000e+00 -8.70016628e+03 7.96954542e+01 1.43986317e-01 2.07090135e-02 -1.87391021e+01
0.00000000e+00 -8.68386933e+03 5.66839576e+01 4.00526883e-01 6.84432210e-02 -1.92988004e+01
0.00000000e+00 -8.65153585e+03 5.77695802e+01 4.64761056e-01 3.01747232e-02 -2.00586984e+01
0.00000000e+00 -8.64725956e+03 7.08498755e+01 3.43416179e-01 2.93954666e-02 -1.97387314e+01
0.00000000e+00 -8.63883238e+03 4.53664311e+01 3.53229777e-01 7.63098610e-02 -1.98497584e+01
0.00000000e+00 -8.61042860e+03 4.72532017e+01 4.65509854e-01 2.57931665e-02 -2.03104304e+01
0.00000000e+00 -8.57585438e+03 8.37563505e+01 4.78960005e-01 4.12367261e-02 -1.84737076e+01
0.00000000e+00 -8.56216805e+03 6.32573237e+01 1.98450149e-01 5.87863405e-02 -2.00661374e+01
0.00000000e+00 -8.54591887e+03 4.58695598e+01 2.75131980e-01 7.58904879e-02 -1.98488090e+01
0.00000000e+00 -8.54532852e+03 5.96934891e+01 1.07605339e-01 4.06422642e-02 -2.01787293e+01
0.00000000e+00 -8.43327373e+03 6.11103652e+01 3.32935807e-01 6.45436850e-02 -2.00885133e+01
0.00000000e+00 -8.42878803e+03 8.65460793e+01 4.99531055e-01 4.75484369e-02 -1.85356245e+01
0.00000000e+00 -8.42019175e+03 4.49366604e+01 2.60023326e-01 5.20081913e-02 -1.99941230e+01
0.00000000e+00 -8.27241337e+03 4.93133254e+01 1.36942093e-01 5.65824075e-02 -1.97693178e+01
0.00000000e+00 -8.26539909e+03 7.34504668e+01 2.22359356e-01 4.13904482e-02 -1.97328588e+01
0.00000000e+00 -8.26453154e+03 7.05961848e+01 2.81110667e-01 4.76374996e-02 -1.97968260e+01
0.00000000e+00 -8.15808778e+03 6.01272587e+01 3.51295867e-01 2.33988873e-02 -1.99341945e+01
0.00000000e+00 -8.14894957e+03 4.61990189e+01 1.24864944e-01 3.33013178e-02 -2.01189382e+01
0.00000000e+00 -8.14135273e+03 5.43192482e+01 1.76930754e-01 2.37032573e-02 -1.97479744e+01
0.00000000e+00 -8.05947735e+03 5.00222057e+01 4.96720694e-01 7.00088429e-02 -1.95901353e+01
0.00000000e+00 -8.05009794e+03 6.04708422e+01 3.66342553e-01 3.96028476e-02 -2.00513701e+01
0.00000000e+00 -8.00524611e+03 7.61204905e+01 4.65354079e-01 6.29157255e-02 -1.88668350e+01
0.00000000e+00 -7.99555852e+03 8.60897915e+01 3.21364252e-01 5.22120253e-02 -1.87875538e+01
0.00000000e+00 -7.97576568e+03 4.46083003e+01 4.65968664e-01 3.22228538e-02 -2.01437170e+01
0.00000000e+00 -7.97206176e+03 8.20058099e+01 3.07548023e-01 4.19724881e-02 -1.94253016e+01
0.00000000e+00 -7.97067726e+03 4.97785908e+01 3.52636630e-01 2.75209448e-02 -1.98969320e+01
0.00000000e+00 -7.87612618e+03 7.46182681e+01 4.86358201e-01 5.24569253e-02 -1.95590277e+01
0.00000000e+00 -7.82211257e+03 6.29212761e+01 2.11242712e-01 4.04313900e-02 -1.91918925e+01
0.00000000e+00 -7.81357700e+03 8.48058397e+01 2.42541540e-01 3.42392881e-02 -1.85127598e+01
0.00000000e+00 -7.75452616e+03 4.06903772e+01 2.21416988e-01 7.94308103e-02 -2.08606930e+01
0.00000000e+00 -7.74906548e+03 5.75357990e+01 2.52040693e-01 6.14977142e-02 -1.93427714e+01
0.00000000e+00 -7.73696116e+03 5.70856726e+01 4.40752724e-01 2.05581287e-02 -1.96150592e+01
0.00000000e+00 -7.71855290e+03 6.94900732e+01 4.61014338e-01 7.91377086e-02 -1.92036245e+01
0.00000000e+00 -7.70536106e+03 8.54756474e+01 1.64235333e-01 5.17133295e-02 -1.88069889e+01
0.00000000e+00 -7.69789729e+03 5.39344123e+01 3.69218015e-01 2.77174085e-02 -2.01233443e+01
0.00000000e+00 -7.69287822e+03 4.76157960e+01 3.36702678e-01 7.93241914e-02 -1.97566524e+01
0.00000000e+00 -7.59711641e+03 8.03540777e+01 1.42613115e-01 5.27831366e-02 -1.87929415e+01
0.00000000e+00 -7.59415486e+03 5.93793959e+01 3.34853546e-01 4.43796678e-02 -2.00978722e+01
0.00000000e+00 -7.57074125e+03 5.82331166e+01 2.98758524e-01 2.26428825e-02 -1.95572417e+01
0.00000000e+00 -7.47465034e+03 5.49134633e+01 3.65211849e-01 4.88056853e-02 -2.02371344e+01
0.00000000e+00 -7.42006453e+03 6.88318664e+01 2.57702297e-01 3.27698663e-02 -1.90047855e+01
0.00000000e+00 -7.41441999e+03 6.87050134e+01 4.46557633e-01 6.20638037e-02 -1.89474631e+01
0.00000000e+00 -7.41324991e+03 5.24726708e+01 3.93027584e-01 2.73996472e-02 -2.01278694e+01
0.00000000e+00 -7.41225315e+03 7.38763194e+01 4.86236508e-01 6.48088070e-02 -1.89174638e+01
0.00000000e+00 -7.37765270e+03 6.54952411e+01 2.22715052e-01 7.94646157e-02 -1.97959818e+01
0.00000000e+00 -7.37174528e+03 4.69592563e+01 3.79359061e-01 4.54919726e-02 -2.04589707e+01
0.00000000e+00 -7.37170533e+03 5.69570228e+01 3.26621618e-01 6.88193626e-02 -1.93512114e+01
0.00000000e+00 -7.36916795e+03 6.86883211e+01 4.05671369e-01 7.17803652e-02 -1.96467433e+01
0.00000000e+00 -7.30956750e+03 5.26253383e+01 3.61169042e-01 2.98327401e-02 -2.01624087e+01
0.00000000e+00 -7.26513306e+03 6.19384275e+01 1.16335033e-01 6.14024836e-02 -1.92440690e+01
0.00000000e+00 -7.20509240e+03 5.56095159e+01 1.72497005e-01 6.09238111e-02 -2.02963405e+01
0.00000000e+00 -7.19211125e+03 6.36891994e+01 1.46174451e-01 6.07245343e-02 -1.91765787e+01
0.00000000e+00 -7.15252556e+03 6.35656977e+01 3.98313157e-01 7.26407646e-02 -1.98957179e+01
0.00000000e+00 -7.10128340e+03 6.48269038e+01 1.96258948e-01 4.44836446e-02 -1.91326118e+01
0.00000000e+00 -7.07808920e+03 7.27418825e+01 4.94822004e-01 7.14332304e-02 -1.92476216e+01
0.00000000e+00 -7.07110687e+03 4.35115973e+01 1.58917567e-01 6.23044586e-02 -2.07037887e+01
0.00000000e+00 -7.07078025e+03 6.53348948e+01 1.23200190e-01 5.83638538e-02 -1.99687133e+01
0.00000000e+00 -7.06890588e+03 5.23150694e+01 2.00632598e-01 2.55764461e-02 -2.01190098e+01
0.00000000e+00 -7.03861007e+03 5.81240649e+01 2.57882818e-01 3.37864272e-02 -1.94604787e+01
0.00000000e+00 -7.02221271e+03 4.81995777e+01 3.28372214e-01 3.98721425e-02 -1.99214681e+01
0.00000000e+00 -7.00060935e+03 8.42561939e+01 1.39397803e-01 4.86741153e-02 -1.87406976e+01
0.00000000e+00 -7.00015902e+03 7.83620184e+01 4.26979128e-01 3.25574982e-02 -1.86551305e+01
0.00000000e+00 -6.94242164e+03 6.33654396e+01 1.88128349e-01 7.84723173e-02 -1.92563528e+01
0.00000000e+00 -6.91167201e+03 6.45133540e+01 2.62608522e-01 2.77769568e-02 -1.98444903e+01
0.00000000e+00 -6.86792902e+03 6.53449910e+01 3.38009100e-01 4.00435819e-02 -1.90910135e+01
0.00000000e+00 -6.84123689e+03 6.21256332e+01 4.30610879e-01 5.18106776e-02 -1.91538531e+01
0.00000000e+00 -6.79369262e+03 4.75649155e+01 4.90615678e-01 6.25823300e-02 -2.04561624e+01
0.00000000e+00 -6.78907297e+03 4.38549002e+01 1.86457888e-01 7.73260638e-02 -2.00647747e+01
0.00000000e+00 -6.75218610e+03 7.92804515e+01 1.61292445e-01 4.62060586e-02 -1.87528151e+01
0.00000000e+00 -6.75181378e+03 8.58145006e+01 3.63837295e-01 3.49809022e-02 -1.92844161e+01
0.00000000e+00 -6.72518376e+03 6.46918923e+01 1.60630666e-01 4.17106962e-02 -1.91748338e+01
0.00000000e+00 -6.70844330e+03 4.43270385e+01 4.46868409e-01 3.77887431e-02 -2.03481480e+01
0.00000000e+00 -6.68098277e+03 5.28966657e+01 1.10779345e-01 5.29020203e-02 -2.03660391e+01
0.00000000e+00 -6.64907129e+03 4.07442710e+01 4.21002752e-01 7.60528638e-02 -2.02166235e+01
0.00000000e+00 -6.64835518e+03 5.25750794e+01 4.27048630e-01 7.37875806e-02 -2.03133381e+01
0.00000000e+00 -6.60336003e+03 5.23177659e+01 3.44815149e-01 2.71778326e-02 -2.00543296e+01
0.00000000e+00 -6.60105436e+03 7.53353782e+01 4.82365449e-01 4.51433540e-02 -1.95286628e+01
0.00000000e+00 -6.59717969e+03 8.14322431e+01 1.78601863e-01 2.59744112e-02 -1.86931164e+01
0.00000000e+00 -6.56749653e+03 6.88996184e+01 2.95108961e-01 2.54575665e-02 -1.96849551e+01
0.00000000e+00 -6.54287267e+03 5.66734899e+01 2.30116969e-01 4.85089100e-02 -2.01896264e+01
0.00000000e+00 -6.52313113e+03 5.94457909e+01 3.99853582e-01 6.35394129e-02 -1.92647997e+01
0.00000000e+00 -6.51856466e+03 7.37963817e+01 3.26158935e-01 4.72873858e-02 -1.96192821e+01
0.00000000e+00 -6.51151271e+03 7.68730240e+01 1.92433684e-01 4.62954613e-02 -1.95607177e+01
0.00000000e+00 -6.49823436e+03 4.37800293e+01 4.82302104e-01 7.51636636e-02 -1.99988651e+01
0.00000000e+00 -6.46994655e+03 5.22494670e+01 2.13975647e-01 3.72344248e-02 -1.97775596e+01
0.00000000e+00 -6.46456905e+03 5.98983402e+01 4.91872227e-01 2.80337105e-02 -1.98600104e+01
0.00000000e+00 -6.45774033e+03 4.64272238e+01 2.49724652e-01 5.81016468e-02 -2.05344685e+01
0.00000000e+00 -6.44281590e+03 6.10975247e+01 2.22502163e-01 4.37109987e-02 -2.00385160e+01
0.00000000e+00 -6.38865494e+03 5.26482871e+01 2.50388268e-01 3.98310533e-02 -2.02437609e+01
0.00000000e+00 -6.36779443e+03 7.54499701e+01 2.46354895e-01 3.03559398e-02 -1.88331379e+01
0.00000000e+00 -6.36080820e+03 5.28875148e+01 2.17666949e-01 4.54663977e-02 -1.96807189e+01
0.00000000e+00 -6.34601070e+03 7.58948203e+01 2.24682779e-01 6.30971493e-02 -1.90591648e+01
0.00000000e+00 -6.32089755e+03 5.14086209e+01 4.62438406e-01 5.82756928e-02 -1.96245662e+01
0.00000000e+00 -6.29933963e+03 4.95623367e+01 2.53859600e-01 6.35946520e-02 -1.97666247e+01
0.00000000e+00 -6.25325249e+03 7.84620611e+01 1.20944299e-01 5.99061106e-02 -1.91307785e+01
0.00000000e+00 -6.21976791e+03 4.58291763e+01 3.46870724e-01 7.83943442e-02 -2.05705152e+01
0.00000000e+00 -6.16787666e+03 5.52898543e+01 1.13638917e-01 2.69155602e-02 -2.00050349e+01
0.00000000e+00 -6.14709719e+03 5.69171624e+01 4.29641006e-01 6.82996175e-02 -2.01336513e+01
0.00000000e+00 -6.09490965e+03 7.88504391e+01 1.62759619e-01 5.88822889e-02 -1.90714005e+01
0.00000000e+00 -6.08911571e+03 8.06744614e+01 1.36828200e-01 4.33547292e-02 -1.87436768e+01
0.00000000e+00 -6.08490461e+03 4.81600700e+01 3.17515105e-01 3.51536921e-02 -2.02268090e+01
0.00000000e+00 -6.07352643e+03 6.10108603e+01 2.82618615e-01 2.89910806e-02 -1.98930792e+01
0.00000000e+00 -6.02803036e+03 4.40011996e+01 2.46607857e-01 4.35210886e-02 -2.03281975e+01
0.00000000e+00 -6.02801109e+03 4.48015410e+01 2.59358721e-01 7.23823320e-02 -2.00296959e+01
0.00000000e+00 -6.02261680e+03 7.25930236e+01 1.32601954e-01 4.46357086e-02 -1.97092639e+01
0.00000000e+00 -6.01519567e+03 7.38552011e+01 4.02866119e-01 5.72195860e-02 -1.94990432e+01
0.00000000e+00 -5.98798309e+03 6.93589398e+01 2.32266216e-01 5.92164652e-02 -1.90342313e+01
0.00000000e+00 -5.97976887e+03 5.78475598e+01 2.41926872e-01 2.49180573e-02 -1.98730292e+01
0.00000000e+00 -5.89325846e+03 7.46605312e+01 1.32036013e-01 5.01121629e-02 -1.96119982e+01
0.00000000e+00 -5.88914099e+03 5.82410609e+01 3.56923805e-01 7.10963365e-02 -2.00923505e+01
0.00000000e+00 -5.88659689e+03 4.20221693e+01 1.65894189e-01 6.66268673e-02 -2.02908768e+01
0.00000000e+00 -5.87533148e+03 7.55630119e+01 2.64280083e-01 2.89464250e-02 -1.95421276e+01
0.00000000e+00 -5.85117599e+03 7.38283528e+01 1.97420511e-01 3.72622134e-02 -1.88913053e+01
0.00000000e+00 -5.80464764e+03 6.40590023e+01 1.09161165e-01 4.23093502e-02 -1.92553866e+01
0.00000000e+00 -5.80161274e+03 8.20764334e+01 2.40256700e-01 4.04936996e-02 -1.86691908e+01
0.00000000e+00 -5.77782459e+03 5.22842409e+01 2.42243058e-01 5.14169312e-02 -1.96974435e+01
0.00000000e+00 -5.76099075e+03 5.53235239e+01 4.64025749e-01 7.62465882e-02 -2.01622927e+01
0.00000000e+00 -5.74522024e+03 8.04054791e+01 2.99719859e-01 2.63222645e-02 -1.93918316e+01
0.00000000e+00 -5.72002108e+03 6.49906795e+01 4.38372683e-01 2.05020849e-02 -1.94567928e+01
0.00000000e+00 -5.71297903e+03 7.24770185e+01 3.65636234e-01 6.89255101e-02 -1.92325178e+01
0.00000000e+00 -5.71093588e+03 8.84916145e+01 3.27623008e-01 4.02269439e-02 -1.85550607e+01
0.00000000e+00 -5.65738130e+03 4.82760871e+01 1.43871119e-01 4.44159311e-02 -2.03789478e+01
0.00000000e+00 -5.65671780e+03 5.30746396e+01 3.61917994e-01 7.12287614e-02 -1.95660634e+01
0.00000000e+00 -5.62567805e+03 4.37902145e+01 2.19972789e-01 5.39705938e-02 -2.02448134e+01
0.00000000e+00 -5.56498993e+03 5.08865893e+01 2.74204950e-01 4.67322078e-02 -2.02879811e+01
0.00000000e+00 -5.46891557e+03 4.19198209e+01 2.65346695e-01 7.64294780e-02 -2.02449518e+01
0.00000000e+00 -5.46633929e+03 5.75066570e+01 2.98599495e-01 6.75609436e-02 -1.94075260e+01
0.00000000e+00 -5.45465149e+03 5.66150630e+01 2.61502782e-01 2.91649249e-02 -1.99400115e+01
0.00000000e+00 -5.43641944e+03 4.80034048e+01 2.74956896e-01 4.11956080e-02 -2.00723403e+01
0.00000000e+00 -5.42899661e+03 4.80026652e+01 1.63750641e-01 4.94662682e-02 -2.04076273e+01
0.00000000e+00 -5.37432635e+03 4.29362945e+01 2.17458907e-01 6.93142443e-02 -2.02235691e+01
0.00000000e+00 -5.33701717e+03 7.73269926e+01 3.08184087e-01 5.63906538e-02 -1.89326414e+01
0.00000000e+00 -5.33152947e+03 4.80990605e+01 1.47285918e-01 7.06960079e-02 -2.05009044e+01
0.00000000e+00 -5.32854504e+03 7.30602223e+01 3.51710010e-01 2.92884637e-02 -1.89338304e+01
0.00000000e+00 -5.29468710e+03 6.92234231e+01 1.51425554e-01 7.34354644e-02 -1.93288098e+01
0.00000000e+00 -5.29210582e+03 5.55065972e+01 3.75059784e-01 4.38619569e-02 -2.00966462e+01
0.00000000e+00 -5.26268667e+03 4.23004211e+01 1.96800623e-01 7.68749073e-02 -2.02511404e+01
0.00000000e+00 -5.25384255e+03 6.41244071e+01 3.06775561e-01 2.43677916e-02 -1.96727585e+01
0.00000000e+00 -5.24460785e+03 5.74125205e+01 3.32371423e-01 2.73980267e-02 -1.97468801e+01
0.00000000e+00 -5.23919622e+03 7.43858261e+01 3.26790337e-01 3.06561076e-02 -1.95348092e+01
0.00000000e+00 -5.23250235e+03 5.08482520e+01 1.98841907e-01 7.71571698e-02 -1.97339560e+01
0.00000000e+00 -5.23191632e+03 7.34241168e+01 1.65711000e-01 6.58905837e-02 -1.92593425e+01
0.00000000e+00 -5.23085725e+03 6.71801199e+01 3.29277477e-01 4.46519623e-02 -1.97814460e+01
0.00000000e+00 -5.22881495e+03 5.59637501e+01 3.12318211e-01 3.41161964e-02 -2.00069407e+01
0.00000000e+00 -5.22591681e+03 5.50097616e+01 4.82055132e-01 3.04480353e-02 -1.98579481e+01
0.00000000e+00 -5.18746647e+03 7.00668727e+01 2.96605506e-01 2.47508358e-02 -1.91327652e+01
0.00000000e+00 -5.18223444e+03 5.80225407e+01 4.98506049e-01 7.54354787e-02 -2.00194940e+01
0.00000000e+00 -5.17885414e+03 6.19014165e+01 3.84624762e-01 5.19099112e-02 -1.99342482e+01
0.00000000e+00 -5.17675610e+03 4.86338231e+01 2.84253029e-01 5.12591745e-02 -2.03499273e+01
0.00000000e+00 -5.17535222e+03 6.70658831e+01 2.95669896e-01 7.46277089e-02 -1.96102029e+01
0.00000000e+00 -5.16843678e+03 7.01653282e+01 2.72320374e-01 5.60254783e-02 -1.90200526e+01
0.00000000e+00 -5.16233874e+03 5.77844221e+01 2.14389712e-01 6.21616944e-02 -2.01325821e+01
0.00000000e+00 -5.12143642e+03 4.97255512e+01 2.06799879e-01 5.82179089e-02 -1.98508530e+01
0.00000000e+00 -5.12041919e+03 7.03773897e+01 3.66775148e-01 2.58356881e-02 -1.95553149e+01
0.00000000e+00 -5.10747880e+03 4.06769555e+01 4.39988234e-01 7.99669363e-02 -2.06443319e+01
0.00000000e+00 -5.07437807e+03 7.86477983e+01 3.09786064e-01 5.64004422e-02 -1.89937181e+01
0.00000000e+00 -5.07079370e+03 6.12732792e+01 3.41940232e-01 3.15062461e-02 -1.98369174e+01
0.00000000e+00 -5.05240121e+03 8.77160738e+01 2.24129446e-01 3.45299803e-02 -1.92075671e+01
0.00000000e+00 -5.03325184e+03 7.02610246e+01 4.19074602e-01 6.46102290e-02 -1.90650115e+01
0.00000000e+00 -4.99631496e+03 6.53532378e+01 3.04352345e-01 7.94631828e-02 -1.96207763e+01
0.00000000e+00 -4.97250554e+03 6.25830439e+01 1.79906888e-01 2.83318778e-02 -1.94696791e+01
0.00000000e+00 -4.96473137e+03 4.08030413e+01 4.48452982e-01 7.97421317e-02 -2.03028259e+01
0.00000000e+00 -4.94984840e+03 5.97679055e+01 3.58732790e-01 7.46492950e-02 -1.99788486e+01
0.00000000e+00 -4.94255407e+03 7.26246909e+01 2.55248534e-01 4.18471017e-02 -1.89354019e+01
0.00000000e+00 -4.93216130e+03 7.02076667e+01 4.38589566e-01 2.02716537e-02 -1.92907995e+01
0.00000000e+00 -4.91501576e+03 7.39411768e+01 1.62882759e-01 4.66112648e-02 -1.89402679e+01
0.00000000e+00 -4.90654995e+03 6.13894055e+01 2.38118576e-01 6.07794654e-02 -1.99885502e+01
0.00000000e+00 -4.89850624e+03 8.22715719e+01 3.14078033e-01 2.86341145e-02 -1.93221981e+01
0.00000000e+00 -4.87807369e+03 6.91910716e+01 4.44347734e-01 5.40640622e-02 -1.89984077e+01
0.00000000e+00 -4.86941580e+03 8.97468493e+01 2.88571342e-01 4.19614688e-02 -1.89448731e+01
0.00000000e+00 -4.85338720e+03 7.86827197e+01 4.94320313e-01 2.46244426e-02 -1.87773090e+01
0.00000000e+00 -4.85180913e+03 8.67450134e+01 2.09982744e-01 2.06773021e-02 -1.91805567e+01
0.00000000e+00 -4.84527075e+03 5.76729858e+01 1.41328771e-01 4.39975893e-02 -1.95534580e+01
0.00000000e+00 -4.83781653e+03 6.34722065e+01 4.50040306e-01 3.42026865e-02 -1.92674550e+01
0.00000000e+00 -4.83528721e+03 7.65547790e+01 4.41693747e-01 5.12873830e-02 -1.88409921e+01
0.00000000e+00 -4.83008584e+03 4.12937805e+01 3.73204394e-01 6.58877157e-02 -2.04228498e+01
0.00000000e+00 -4.82968369e+03 7.67547436e+01 4.94918746e-01 2.51461854e-02 -1.93509434e+01
0.00000000e+00 -4.82348849e+03 4.06028803e+01 1.04103959e-01 6.99933925e-02 -2.05572540e+01
0.00000000e+00 -4.80942756e+03 4.15450507e+01 1.30635121e-01 7.26382994e-02 -2.06551819e+01
0.00000000e+00 -4.80903513e+03 6.50705663e+01 2.41332797e-01 2.73027058e-02 -1.97064369e+01
0.00000000e+00 -4.79861909e+03 4.94987504e+01 2.44205393e-01 4.29291197e-02 -2.00131390e+01
0.00000000e+00 -4.78965857e+03 8.47261499e+01 1.74173386e-01 4.52561333e-02 -1.87813582e+01
0.00000000e+00 -4.78386914e+03 4.61265424e+01 3.63152212e-01 4.84586348e-02 -2.01909791e+01
0.00000000e+00 -4.78378568e+03 8.56931760e+01 2.21056605e-01 2.58562008e-02 -1.92516528e+01
0.00000000e+00 -4.77154402e+03 7.33993070e+01 2.56631953e-01 5.45477350e-02 -1.95366979e+01
0.00000000e+00 -4.75416086e+03 4.53116788e+01 3.01773488e-01 5.94478198e-02 -2.01274532e+01
0.00000000e+00 -4.71883361e+03 8.96447094e+01 1.88896275e-01 2.68195880e-02 -1.85357569e+01
0.00000000e+00 -4.71742097e+03 7.76848116e+01 3.66292497e-01 2.39811640e-02 -1.88603654e+01
0.00000000e+00 -4.71473941e+03 5.65581008e+01 2.61077842e-01 3.58391853e-02 -1.99943563e+01
0.00000000e+00 -4.69904604e+03 4.74284591e+01 4.89580938e-01 6.25456219e-02 -2.03519959e+01
0.00000000e+00 -4.69384463e+03 6.93020561e+01 3.30860674e-01 3.28148706e-02 -1.96471977e+01
0.00000000e+00 -4.67180909e+03 4.51257777e+01 3.37555160e-01 6.45573399e-02 -2.04644351e+01
0.00000000e+00 -4.67073516e+03 7.27270311e+01 2.58756762e-01 2.14517309e-02 -1.94179891e+01
0.00000000e+00 -4.65795184e+03 6.30233434e+01 1.97079788e-01 6.83498502e-02 -1.99039133e+01
0.00000000e+00 -4.65634270e+03 7.12589570e+01 4.99096295e-01 2.20666681e-02 -1.93661043e+01
0.00000000e+00 -4.65253787e+03 6.45368783e+01 2.87863822e-01 4.41094703e-02 -1.98458729e+01
0.00000000e+00 -4.64111693e+03 7.22738605e+01 1.06780668e-01 2.16061500e-02 -1.94396063e+01
0.00000000e+00 -4.64067061e+03 6.72189740e+01 2.66495593e-01 3.54003084e-02 -1.91610342e+01
0.00000000e+00 -4.62915275e+03 6.96312387e+01 3.19918749e-01 7.12863313e-02 -1.93574471e+01
0.00000000e+00 -4.61367728e+03 7.15041418e+01 1.57412629e-01 3.60211594e-02 -1.90405249e+01
0.00000000e+00 -4.57467336e+03 5.21617254e+01 1.05802539e-01 6.03989864e-02 -2.03196125e+01
0.00000000e+00 -4.57186541e+03 7.98121283e+01 2.69777564e-01 5.13286991e-02 -1.88937320e+01
0.00000000e+00 -4.52564561e+03 7.81099294e+01 1.21943183e-01 2.20880249e-02 -1.93666256e+01
0.00000000e+00 -4.52486398e+03 7.98426913e+01 3.39781123e-01 5.08196294e-02 -1.92297639e+01
0.00000000e+00 -4.52370777e+03 5.69727557e+01 1.39781033e-01 5.10017700e-02 -1.95628939e+01
0.00000000e+00 -4.51973178e+03 4.41986842e+01 2.48947241e-01 7.87130994e-02 -2.05645612e+01
0.00000000e+00 -4.51733452e+03 7.14990019e+01 4.54943611e-01 4.84494102e-02 -1.95724833e+01
0.00000000e+00 -4.50107571e+03 8.44602884e+01 3.16829065e-01 3.86627875e-02 -1.86464467e+01
0.00000000e+00 -4.49272235e+03 7.84561991e+01 2.76190633e-01 5.24460754e-02 -1.92916999e+01
0.00000000e+00 -4.48262777e+03 7.54914443e+01 4.18567551e-01 2.69307679e-02 -1.88971855e+01
0.00000000e+00 -4.48258126e+03 7.67768153e+01 2.68304602e-01 4.30084834e-02 -1.94732344e+01
0.00000000e+00 -4.48217370e+03 4.21399202e+01 3.99426437e-01 6.76367345e-02 -2.04788750e+01
0.00000000e+00 -4.46754757e+03 6.72511152e+01 4.89731375e-01 7.40974133e-02 -1.94690733e+01
0.00000000e+00 -4.45174872e+03 7.47507276e+01 2.93967715e-01 6.11153015e-02 -1.92663749e+01
0.00000000e+00 -4.43330061e+03 4.90389743e+01 3.52601197e-01 7.35669386e-02 -2.03656508e+01
0.00000000e+00 -4.41704425e+03 5.75410498e+01 4.60829210e-01 7.71860177e-02 -2.00109107e+01
0.00000000e+00 -4.41537663e+03 5.14313754e+01 2.98575861e-01 7.11932164e-02 -1.97190098e+01
0.00000000e+00 -4.40915518e+03 8.26572149e+01 1.25591437e-01 3.47841075e-02 -1.87420267e+01
0.00000000e+00 -4.39929449e+03 5.42502229e+01 3.79953453e-01 3.52341059e-02 -1.98613875e+01
0.00000000e+00 -4.38870196e+03 4.85900621e+01 2.02166971e-01 5.09648783e-02 -2.00300276e+01
0.00000000e+00 -4.37579542e+03 6.56660442e+01 1.72108266e-01 3.15035361e-02 -1.97492667e+01
0.00000000e+00 -4.37337971e+03 4.31520154e+01 3.14586065e-01 6.44832204e-02 -2.04581627e+01
0.00000000e+00 -4.36107506e+03 6.40430418e+01 4.52446663e-01 4.35928063e-02 -1.91983768e+01
0.00000000e+00 -4.35374166e+03 6.92270502e+01 3.00345330e-01 4.79651838e-02 -1.90478542e+01
0.00000000e+00 -4.33806687e+03 8.01517922e+01 2.19912041e-01 4.69281033e-02 -1.93180345e+01
0.00000000e+00 -4.33504617e+03 5.97772946e+01 2.96781648e-01 4.00723771e-02 -1.99307665e+01
0.00000000e+00 -4.33296995e+03 8.58457726e+01 2.00081091e-01 4.60708528e-02 -1.88987548e+01
0.00000000e+00 -4.31208724e+03 7.78225368e+01 2.25148330e-01 5.53608705e-02 -1.90341502e+01
0.00000000e+00 -4.30874956e+03 6.63630682e+01 2.42401184e-01 3.51152000e-02 -1.97458757e+01
0.00000000e+00 -4.30672807e+03 8.34222632e+01 3.44068774e-01 3.00611210e-02 -1.92628698e+01
0.00000000e+00 -4.30304455e+03 8.31109146e+01 4.38831931e-01 3.52502099e-02 -1.86312566e+01
0.00000000e+00 -4.29522675e+03 5.28762077e+01 2.14905773e-01 5.89123191e-02 -2.02438531e+01
0.00000000e+00 -4.28826426e+03 4.46500345e+01 1.75807504e-01 5.76470265e-02 -2.03433386e+01
0.00000000e+00 -4.26832037e+03 6.28116065e+01 4.96031865e-01 6.77424336e-02 -1.92332710e+01
0.00000000e+00 -4.26009419e+03 6.69209976e+01 2.46621047e-01 3.57819566e-02 -1.97336173e+01
0.00000000e+00 -4.25396699e+03 6.19552745e+01 2.72568534e-01 5.41644280e-02 -1.93045003e+01
0.00000000e+00 -4.19042575e+03 5.60580789e+01 4.26953785e-01 5.77061577e-02 -1.95030154e+01
0.00000000e+00 -4.18725067e+03 6.94741513e+01 2.12769324e-01 4.12205360e-02 -1.97007457e+01
0.00000000e+00 -4.17881075e+03 4.57257023e+01 1.91107271e-01 7.43512439e-02 -2.00914544e+01
0.00000000e+00 -4.15156460e+03 6.94323367e+01 3.90360047e-01 6.99609025e-02 -1.93439601e+01
0.00000000e+00 -4.14799067e+03 5.40457612e+01 4.03460375e-01 7.02095710e-02 -1.95782041e+01
0.00000000e+00 -4.14354887e+03 5.61127878e+01 1.92004262e-01 3.41990398e-02 -1.98660032e+01
0.00000000e+00 -4.12833671e+03 4.68985789e+01 2.94335728e-01 7.43180998e-02 -1.99834939e+01
0.00000000e+00 -4.12659887e+03 8.30216689e+01 3.61612574e-01 2.64493148e-02 -1.92379100e+01
0.00000000e+00 -4.12338987e+03 4.84210462e+01 3.65939929e-01 6.93890737e-02 -1.98861639e+01
0.00000000e+00 -4.11938853e+03 6.36925319e+01 1.41436049e-01 3.98290501e-02 -1.93484244e+01
0.00000000e+00 -4.11364487e+03 8.09872609e+01 1.67828037e-01 2.94074633e-02 -1.93663308e+01
0.00000000e+00 -4.09116361e+03 6.18422857e+01 2.14881407e-01 2.89459199e-02 -1.97072719e+01
0.00000000e+00 -4.08865900e+03 8.40431378e+01 2.98381273e-01 3.73109654e-02 -1.86697250e+01
0.00000000e+00 -4.08300793e+03 5.42041636e+01 1.65957866e-01 7.94362722e-02 -2.02211804e+01
0.00000000e+00 -4.05058769e+03 6.44846059e+01 4.96942518e-01 3.27964525e-02 -1.96618903e+01
0.00000000e+00 -4.04179649e+03 7.29208885e+01 2.42005323e-01 6.24693448e-02 -1.91819010e+01
0.00000000e+00 -4.04074625e+03 7.48529005e+01 2.25643526e-01 4.08223455e-02 -1.89209635e+01
0.00000000e+00 -4.03265947e+03 5.74381628e+01 4.97639048e-01 5.33434345e-02 -1.94450923e+01
0.00000000e+00 -3.99949879e+03 6.27245228e+01 2.29363213e-01 6.39091061e-02 -1.98937108e+01
0.00000000e+00 -3.97465079e+03 7.17074324e+01 3.17321069e-01 2.22759012e-02 -1.93186603e+01
0.00000000e+00 -3.95000152e+03 7.96830177e+01 1.10157200e-01 3.79449514e-02 -1.88481255e+01
0.00000000e+00 -3.94752655e+03 7.80408294e+01 1.53132855e-01 4.15681669e-02 -1.88751943e+01
0.00000000e+00 -3.94710375e+03 5.08384059e+01 2.66583275e-01 4.37899244e-02 -2.00765676e+01
0.00000000e+00 -3.94379581e+03 6.21118916e+01 1.03180875e-01 5.81239318e-02 -1.93748292e+01
0.00000000e+00 -3.93937479e+03 8.76426351e+01 2.24393977e-01 2.36260997e-02 -1.91470015e+01
0.00000000e+00 -3.93905155e+03 7.79900684e+01 2.94898019e-01 5.39320507e-02 -1.90039782e+01
0.00000000e+00 -3.92708316e+03 6.89874916e+01 2.97593386e-01 4.35163310e-02 -1.90797728e+01
0.00000000e+00 -3.92400480e+03 7.52525820e+01 4.28857989e-01 5.60620787e-02 -1.89908904e+01
0.00000000e+00 -3.91976582e+03 7.66481184e+01 2.37803233e-01 5.49010541e-02 -1.93058831e+01
0.00000000e+00 -3.88978121e+03 6.39554186e+01 4.94636677e-01 7.66989076e-02 -1.93241775e+01
0.00000000e+00 -3.88904131e+03 4.98177196e+01 4.19411766e-01 7.87480931e-02 -1.97818233e+01
0.00000000e+00 -3.87871312e+03 8.31257399e+01 1.88931892e-01 4.27419277e-02 -1.92326204e+01
0.00000000e+00 -3.85853326e+03 4.15608198e+01 3.85404763e-01 7.84313833e-02 -2.04657154e+01
0.00000000e+00 -3.85158452e+03 5.52159916e+01 2.35858760e-01 4.64125074e-02 -2.00793913e+01
0.00000000e+00 -3.84938855e+03 6.44580998e+01 4.16719121e-01 3.93674739e-02 -1.97418608e+01
0.00000000e+00 -3.84258940e+03 5.30635823e+01 1.69968533e-01 6.97572108e-02 -1.97136227e+01
0.00000000e+00 -3.83448062e+03 4.40088279e+01 3.83138444e-01 7.17312644e-02 -2.04351553e+01
0.00000000e+00 -3.83021280e+03 7.22290057e+01 3.20933001e-01 6.07572251e-02 -1.94226077e+01
0.00000000e+00 -3.82716543e+03 5.55493210e+01 1.48420798e-01 3.70404028e-02 -1.99008497e+01
0.00000000e+00 -3.82330788e+03 6.41263475e+01 2.37182747e-01 7.77729278e-02 -1.96714506e+01
0.00000000e+00 -3.81363180e+03 7.11520534e+01 4.15693186e-01 6.51407686e-02 -1.92154194e+01
0.00000000e+00 -3.80773507e+03 7.32924247e+01 1.98371332e-01 5.61098272e-02 -1.90688335e+01
0.00000000e+00 -3.80176720e+03 4.62726539e+01 1.95550353e-01 6.36388050e-02 -2.01462757e+01
0.00000000e+00 -3.79582717e+03 4.72812992e+01 1.46941398e-01 6.27475160e-02 -2.00950924e+01
0.00000000e+00 -3.78014847e+03 5.64132622e+01 4.97605480e-01 6.76147935e-02 -1.94721361e+01
0.00000000e+00 -3.76884130e+03 8.17038943e+01 4.47128476e-01 4.93983531e-02 -1.89851073e+01
0.00000000e+00 -3.74018312e+03 4.53376952e+01 4.08200097e-01 7.29922413e-02 -2.00919020e+01
0.00000000e+00 -3.73500682e+03 7.06938970e+01 3.99445195e-01 2.82528936e-02 -1.91184929e+01
0.00000000e+00 -3.72733477e+03 8.06483718e+01 4.54924542e-01 4.03906092e-02 -1.92575425e+01
0.00000000e+00 -3.72267982e+03 4.91213779e+01 3.96885905e-01 6.30481868e-02 -1.98907723e+01
0.00000000e+00 -3.71684396e+03 5.40393557e+01 3.73903755e-01 6.02534776e-02 -1.96319532e+01
0.00000000e+00 -3.70726733e+03 8.29019121e+01 3.63513966e-01 4.79354654e-02 -1.89799598e+01
0.00000000e+00 -3.70440553e+03 6.82674869e+01 4.09944969e-01 3.01592790e-02 -1.95524932e+01
0.00000000e+00 -3.69432760e+03 5.16754978e+01 4.42673309e-01 5.16499144e-02 -1.98022753e+01
0.00000000e+00 -3.69290449e+03 8.31566341e+01 1.51954004e-01 3.16358808e-02 -1.87526719e+01
0.00000000e+00 -3.69167983e+03 7.01041800e+01 2.79038156e-01 5.27248401e-02 -1.96228616e+01
0.00000000e+00 -3.68974309e+03 4.59500372e+01 4.89766549e-01 7.75099512e-02 -2.03824296e+01
0.00000000e+00 -3.68950130e+03 4.80514067e+01 3.17578232e-01 7.37685886e-02 -2.03638129e+01
0.00000000e+00 -3.68320658e+03 7.33378914e+01 4.88172423e-01 3.66996430e-02 -1.89182937e+01
0.00000000e+00 -3.67471172e+03 4.98537325e+01 1.42029755e-01 6.73365863e-02 -1.99117596e+01
0.00000000e+00 -3.64749054e+03 5.94812959e+01 1.21801284e-01 5.53688044e-02 -2.00290033e+01
0.00000000e+00 -3.63522267e+03 5.88070945e+01 3.52678502e-01 3.37513862e-02 -1.97384826e+01
0.00000000e+00 -3.62776271e+03 8.67644562e+01 2.99723566e-01 3.64126211e-02 -1.91255649e+01
0.00000000e+00 -3.59515715e+03 7.45893127e+01 3.60781668e-01 2.26939382e-02 -1.91223283e+01
0.00000000e+00 -3.59426552e+03 4.95163027e+01 1.92632828e-01 4.97343922e-02 -2.01127723e+01
0.00000000e+00 -3.58281141e+03 7.41058900e+01 4.19426529e-01 4.75061875e-02 -1.94497241e+01
0.00000000e+00 -3.57933265e+03 7.40648128e+01 2.21301222e-01 3.58326635e-02 -1.95264822e+01
0.00000000e+00 -3.57138610e+03 8.04156287e+01 3.50310493e-01 5.06995185e-02 -1.90337011e+01
0.00000000e+00 -3.56784681e+03 5.75084832e+01 1.87221786e-01 4.09582340e-02 -1.96570411e+01
0.00000000e+00 -3.53453063e+03 7.21786402e+01 3.82866635e-01 6.13389283e-02 -1.93557138e+01
0.00000000e+00 -3.50581135e+03 6.19510693e+01 2.29507066e-01 4.91659780e-02 -1.93683967e+01
0.00000000e+00 -3.49521094e+03 8.23292619e+01 1.58181730e-01 3.64748869e-02 -1.87830867e+01
0.00000000e+00 -3.49511449e+03 6.52618347e+01 4.00000072e-01 7.40578549e-02 -1.95709117e+01
0.00000000e+00 -3.49480113e+03 8.95278060e+01 1.41350157e-01 3.49242336e-02 -1.86579688e+01
0.00000000e+00 -3.48343282e+03 4.72060309e+01 3.05851881e-01 7.99594610e-02 -2.03933522e+01
0.00000000e+00 -3.48046669e+03 6.67267024e+01 3.83585820e-01 2.72309227e-02 -1.94163667e+01
0.00000000e+00 -3.45173703e+03 6.79529171e+01 4.07677612e-01 2.65662583e-02 -1.93653251e+01
0.00000000e+00 -3.45093757e+03 6.50036842e+01 2.59197032e-01 4.89262185e-02 -1.97954669e+01
0.00000000e+00 -3.42854504e+03 7.67504500e+01 4.62818441e-01 2.54962285e-02 -1.92738778e+01
0.00000000e+00 -3.42679994e+03 5.37130703e+01 4.80783608e-01 4.74751592e-02 -1.97330208e+01
0.00000000e+00 -3.41312550e+03 5.98803535e+01 2.19418272e-01 6.63019679e-02 -1.99711469e+01
0.00000000e+00 -3.39482473e+03 6.53685827e+01 4.15664518e-01 2.97945487e-02 -1.93810950e+01
0.00000000e+00 -3.39458410e+03 7.98398753e+01 4.84814126e-01 4.91398314e-02 -1.91184167e+01
0.00000000e+00 -3.38971669e+03 6.75413947e+01 1.91221646e-01 3.49788478e-02 -1.92507567e+01
0.00000000e+00 -3.38919443e+03 5.64872693e+01 3.82672327e-01 5.84371029e-02 -2.00307545e+01
0.00000000e+00 -3.38592724e+03 8.09770568e+01 1.50943963e-01 3.17935897e-02 -1.88281445e+01
0.00000000e+00 -3.38126364e+03 6.14639272e+01 1.07132605e-01 6.75483991e-02 -1.94383159e+01
0.00000000e+00 -3.37080743e+03 5.70922730e+01 2.25753043e-01 6.24963390e-02 -1.95476990e+01
0.00000000e+00 -3.37020153e+03 6.45791697e+01 3.59747902e-01 3.33559062e-02 -1.93534063e+01
0.00000000e+00 -3.36044425e+03 5.92416398e+01 1.45254637e-01 4.32754808e-02 -1.95725153e+01
0.00000000e+00 -3.35459131e+03 7.14716004e+01 3.03676263e-01 3.16676424e-02 -1.90907272e+01
0.00000000e+00 -3.35457158e+03 8.02053331e+01 2.63759093e-01 4.24017352e-02 -1.88280690e+01
0.00000000e+00 -3.34534739e+03 8.18433467e+01 1.46117207e-01 3.28431053e-02 -1.93222196e+01
0.00000000e+00 -3.33157890e+03 4.65383979e+01 1.84340382e-01 7.07298550e-02 -2.01248082e+01
0.00000000e+00 -3.33055309e+03 6.22298406e+01 4.10525070e-01 6.04314669e-02 -1.92992536e+01
0.00000000e+00 -3.32014220e+03 7.47026309e+01 2.94703294e-01 5.79319477e-02 -1.91712064e+01
0.00000000e+00 -3.30279937e+03 7.63473879e+01 2.29060585e-01 5.30961236e-02 -1.93177831e+01
0.00000000e+00 -3.29965929e+03 4.78629683e+01 2.95022837e-01 6.82206476e-02 -2.03242126e+01
0.00000000e+00 -3.29771014e+03 5.60249828e+01 4.28281745e-01 4.54492870e-02 -1.96381423e+01
0.00000000e+00 -3.29292500e+03 5.79543984e+01 1.21798669e-01 4.09163253e-02 -1.96922028e+01
0.00000000e+00 -3.29204639e+03 4.71336575e+01 2.31862343e-01 6.08116991e-02 -2.01677361e+01
0.00000000e+00 -3.27878673e+03 8.45467361e+01 1.26054264e-01 3.52516703e-02 -1.87608792e+01
0.00000000e+00 -3.26108475e+03 7.23278951e+01 1.68502702e-01 4.03307203e-02 -1.95854108e+01
0.00000000e+00 -3.25360186e+03 8.01620994e+01 1.75420909e-01 4.46204007e-02 -1.92951840e+01
0.00000000e+00 -3.25088850e+03 8.48846179e+01 1.06286081e-01 2.02680135e-02 -1.89398221e+01
0.00000000e+00 -3.24964689e+03 8.10709112e+01 4.83724120e-01 2.29319321e-02 -1.91202497e+01
0.00000000e+00 -3.24570971e+03 6.84338162e+01 4.53931492e-01 2.73242524e-02 -1.93872988e+01
0.00000000e+00 -3.24336419e+03 8.81823455e+01 4.43176990e-01 2.83354645e-02 -1.85636764e+01
0.00000000e+00 -3.23109954e+03 4.95930225e+01 2.86746945e-01 5.46586971e-02 -2.01735926e+01
0.00000000e+00 -3.22468531e+03 5.23142080e+01 3.46771788e-01 5.02198285e-02 -1.98486470e+01
0.00000000e+00 -3.21742003e+03 6.84777456e+01 2.56123835e-01 4.85980171e-02 -1.91402254e+01
0.00000000e+00 -3.21689599e+03 5.43727811e+01 1.35595482e-01 6.42130438e-02 -1.97116531e+01
0.00000000e+00 -3.19547352e+03 4.64524106e+01 1.33180985e-01 6.46456643e-02 -2.02432125e+01
0.00000000e+00 -3.19390197e+03 8.16986566e+01 3.30661013e-01 3.85355877e-02 -1.92460757e+01
0.00000000e+00 -3.18360622e+03 8.96002038e+01 4.79793588e-01 3.70280682e-02 -1.89016115e+01
0.00000000e+00 -3.18246978e+03 6.60216284e+01 1.80650743e-01 7.28267088e-02 -1.95483784e+01
0.00000000e+00 -3.18139990e+03 5.60299806e+01 4.27651856e-01 5.42737101e-02 -1.95765209e+01
0.00000000e+00 -3.18090092e+03 6.90926602e+01 2.55166921e-01 5.02635025e-02 -1.91262189e+01
0.00000000e+00 -3.17439035e+03 6.51103351e+01 3.00481454e-01 2.96685988e-02 -1.94958764e+01
0.00000000e+00 -3.16986712e+03 5.71699143e+01 2.98168149e-01 7.28755499e-02 -1.95331242e+01
0.00000000e+00 -3.15190896e+03 6.84776005e+01 3.47340535e-01 2.91841252e-02 -1.94982209e+01
0.00000000e+00 -3.15102210e+03 8.12239399e+01 3.14330437e-01 2.37065609e-02 -1.91902509e+01
0.00000000e+00 -3.15038906e+03 8.43138725e+01 1.00033648e-01 3.64466521e-02 -1.92349165e+01
0.00000000e+00 -3.13823055e+03 6.96698448e+01 4.08676360e-01 3.86802877e-02 -1.95671732e+01
0.00000000e+00 -3.12292293e+03 6.22373044e+01 2.19795625e-01 5.88297959e-02 -1.93659486e+01
0.00000000e+00 -3.12111146e+03 6.66100135e+01 1.15590825e-01 5.04624675e-02 -1.97715879e+01
0.00000000e+00 -3.10753733e+03 8.16416407e+01 1.16343792e-01 2.13897718e-02 -1.90545601e+01
0.00000000e+00 -3.10750164e+03 5.02884731e+01 3.50101636e-01 5.61173139e-02 -1.99386124e+01
0.00000000e+00 -3.10638137e+03 7.52097759e+01 3.37227086e-01 5.62233019e-02 -1.91312605e+01
0.00000000e+00 -3.09994434e+03 4.47666661e+01 3.86893500e-01 7.24737205e-02 -2.03029017e+01
0.00000000e+00 -3.09889174e+03 6.91451897e+01 3.58000811e-01 6.59010477e-02 -1.94156273e+01
0.00000000e+00 -3.08836681e+03 5.50761116e+01 4.07497469e-01 5.49583083e-02 -1.96340305e+01
0.00000000e+00 -3.08259748e+03 4.59118682e+01 3.67463745e-01 6.72731728e-02 -2.02566507e+01
0.00000000e+00 -3.07806678e+03 5.33250405e+01 2.98588276e-01 4.70732250e-02 -1.98591693e+01
0.00000000e+00 -3.07611813e+03 5.87793738e+01 2.80628726e-01 4.16534904e-02 -1.98799189e+01
0.00000000e+00 -3.06483443e+03 6.90954349e+01 1.11580602e-01 4.70287898e-02 -1.96906620e+01
0.00000000e+00 -3.04777398e+03 4.78637200e+01 1.25634964e-01 6.14854861e-02 -2.01768315e+01
0.00000000e+00 -3.03849124e+03 5.25004260e+01 1.37209848e-01 5.88305109e-02 -1.98480212e+01
0.00000000e+00 -3.02871569e+03 5.81403600e+01 3.55256022e-01 7.13163028e-02 -1.94878277e+01
0.00000000e+00 -3.02008455e+03 5.32667036e+01 2.29116625e-01 5.92910602e-02 -1.97668735e+01
0.00000000e+00 -3.01824811e+03 6.61907021e+01 4.17691495e-01 5.32343769e-02 -1.96814687e+01
0.00000000e+00 -3.01438115e+03 8.57481600e+01 2.65808535e-01 3.42959667e-02 -1.86893432e+01
0.00000000e+00 -3.01330374e+03 5.74061076e+01 2.08254816e-01 7.37622863e-02 -1.95651759e+01
0.00000000e+00 -3.01152381e+03 6.09940779e+01 4.10638598e-01 3.67231636e-02 -1.97141990e+01
0.00000000e+00 -3.00703335e+03 4.72082474e+01 4.50358387e-01 6.33907100e-02 -2.01239082e+01
0.00000000e+00 -3.00408220e+03 5.54892681e+01 2.58671193e-01 6.74093351e-02 -1.96213673e+01
0.00000000e+00 -2.99686652e+03 4.39995757e+01 4.33177809e-01 7.84537752e-02 -2.02968267e+01
0.00000000e+00 -2.98858690e+03 8.72687748e+01 1.99750085e-01 2.98080025e-02 -1.91411256e+01
0.00000000e+00 -2.98718591e+03 6.10633193e+01 1.24093927e-01 3.87776237e-02 -1.98342182e+01
0.00000000e+00 -2.98296695e+03 5.08958888e+01 3.08569927e-01 5.37540080e-02 -1.99536513e+01
0.00000000e+00 -2.97990563e+03 8.40240104e+01 3.44854127e-01 3.36156792e-02 -1.91786058e+01
0.00000000e+00 -2.97521068e+03 5.26511347e+01 3.33280347e-01 6.89183098e-02 -1.97333074e+01
0.00000000e+00 -2.96646395e+03 6.87215556e+01 2.48411395e-01 3.46939035e-02 -1.92122787e+01
0.00000000e+00 -2.96360007e+03 8.67489611e+01 4.03522237e-01 3.55044475e-02 -1.86463646e+01
0.00000000e+00 -2.95942472e+03 5.12677105e+01 3.10399581e-01 5.13898023e-02 -2.00577600e+01
0.00000000e+00 -2.95678420e+03 6.98356675e+01 1.23651410e-01 3.09716096e-02 -1.92789093e+01
0.00000000e+00 -2.93703551e+03 7.87807811e+01 1.38905638e-01 2.41779163e-02 -1.92588918e+01
0.00000000e+00 -2.93695232e+03 8.69740753e+01 4.21199032e-01 4.11502574e-02 -1.88191678e+01
0.00000000e+00 -2.93117431e+03 6.42661370e+01 1.46979867e-01 7.48300612e-02 -1.95095299e+01
0.00000000e+00 -2.92728842e+03 6.51704414e+01 4.29169284e-01 3.11356388e-02 -1.94473150e+01
0.00000000e+00 -2.92589697e+03 6.69620789e+01 1.89424950e-01 3.17923841e-02 -1.96019327e+01
0.00000000e+00 -2.92100135e+03 6.21934895e+01 1.33070163e-01 4.81648707e-02 -1.94353730e+01
0.00000000e+00 -2.92095797e+03 8.29385440e+01 4.39097933e-01 3.65158363e-02 -1.91638454e+01
0.00000000e+00 -2.90883774e+03 5.32326160e+01 3.01980354e-01 6.97417064e-02 -1.97159068e+01
0.00000000e+00 -2.89382660e+03 5.39094179e+01 1.29156802e-01 5.79651380e-02 -2.01479242e+01
0.00000000e+00 -2.88872004e+03 6.11631333e+01 4.49734705e-01 7.76841623e-02 -1.97286858e+01
0.00000000e+00 -2.88785288e+03 6.96748167e+01 2.45478995e-01 6.21637313e-02 -1.92416074e+01
0.00000000e+00 -2.87340839e+03 8.79812823e+01 4.76218097e-01 2.52111334e-02 -1.86036320e+01
0.00000000e+00 -2.86579375e+03 6.56479260e+01 4.37498517e-01 5.98316078e-02 -1.92180760e+01
0.00000000e+00 -2.86114771e+03 7.68715211e+01 4.12670858e-01 5.30016980e-02 -1.90996818e+01
0.00000000e+00 -2.84794618e+03 7.76459565e+01 1.22491524e-01 2.42670799e-02 -1.92499433e+01
0.00000000e+00 -2.84436520e+03 5.07471500e+01 3.21080269e-01 5.94033864e-02 -2.01587848e+01
0.00000000e+00 -2.84301831e+03 5.63714525e+01 3.52531329e-01 4.74189954e-02 -1.96579836e+01
0.00000000e+00 -2.83809436e+03 8.25753674e+01 3.24180421e-01 2.38097841e-02 -1.88360956e+01
0.00000000e+00 -2.83785336e+03 4.69921654e+01 4.72332265e-01 7.20317905e-02 -2.00506577e+01
0.00000000e+00 -2.83122163e+03 5.78990846e+01 1.16496756e-01 7.25383017e-02 -2.00314923e+01
0.00000000e+00 -2.82143519e+03 5.95034022e+01 3.89918190e-01 6.58132282e-02 -1.98978540e+01
0.00000000e+00 -2.82070834e+03 5.59704789e+01 3.19042627e-01 5.87999590e-02 -2.00318229e+01
0.00000000e+00 -2.81255593e+03 8.97955640e+01 4.42597630e-01 3.59355038e-02 -1.86323303e+01
0.00000000e+00 -2.80689483e+03 5.70662560e+01 2.34301376e-01 4.25780522e-02 -1.98952657e+01
0.00000000e+00 -2.80461692e+03 5.02729468e+01 3.53008428e-01 7.64773064e-02 -2.02303000e+01
0.00000000e+00 -2.80300116e+03 8.11701018e+01 3.52289952e-01 3.78492933e-02 -1.87861636e+01
0.00000000e+00 -2.78642677e+03 8.45141883e+01 3.89043096e-01 4.12522216e-02 -1.90421231e+01
0.00000000e+00 -2.78176645e+03 8.66557521e+01 3.60882518e-01 3.35751593e-02 -1.90809269e+01
0.00000000e+00 -2.77013591e+03 7.05481047e+01 4.47311032e-01 4.15006152e-02 -1.90540555e+01
0.00000000e+00 -2.77010563e+03 4.65180075e+01 2.33222257e-01 7.55663338e-02 -2.03492272e+01
0.00000000e+00 -2.76536968e+03 5.70584201e+01 1.66103432e-01 4.29943452e-02 -1.99136287e+01
0.00000000e+00 -2.76489465e+03 6.27923218e+01 1.28892240e-01 3.46549609e-02 -1.96300042e+01
0.00000000e+00 -2.75995958e+03 6.54440480e+01 4.24090578e-01 5.35845103e-02 -1.96894422e+01
0.00000000e+00 -2.72383362e+03 6.40785979e+01 3.60303873e-01 3.36821165e-02 -1.95881414e+01
0.00000000e+00 -2.71557254e+03 8.23704942e+01 4.88735738e-01 4.39312866e-02 -1.88373002e+01
0.00000000e+00 -2.70838120e+03 5.48893539e+01 4.79622935e-01 5.16675412e-02 -1.96855683e+01
0.00000000e+00 -2.70819668e+03 5.91289492e+01 3.19447238e-01 6.40542142e-02 -1.94729327e+01
0.00000000e+00 -2.70678176e+03 7.48416747e+01 2.78517418e-01 2.77191707e-02 -1.90778115e+01
0.00000000e+00 -2.69890512e+03 8.78077629e+01 4.41921298e-01 2.41680027e-02 -1.89942877e+01
0.00000000e+00 -2.69746199e+03 4.74572240e+01 1.67673022e-01 6.62342500e-02 -2.02302051e+01
0.00000000e+00 -2.68848987e+03 6.83780101e+01 3.18379089e-01 6.62187440e-02 -1.93809972e+01
0.00000000e+00 -2.68632356e+03 5.60464913e+01 4.27571099e-01 7.96446050e-02 -1.95845973e+01
0.00000000e+00 -2.68417272e+03 6.31903615e+01 4.10026195e-01 3.41891212e-02 -1.95265940e+01
0.00000000e+00 -2.68258761e+03 4.89259888e+01 4.83637227e-01 7.53321323e-02 -2.02161196e+01
0.00000000e+00 -2.67982404e+03 6.05303179e+01 3.63436532e-01 3.90345817e-02 -1.95505425e+01
0.00000000e+00 -2.66551974e+03 7.36501272e+01 2.67057025e-01 3.59050977e-02 -1.94697724e+01
0.00000000e+00 -2.66422158e+03 5.27450406e+01 1.58573527e-01 7.34066491e-02 -1.97995016e+01
0.00000000e+00 -2.65536555e+03 6.77995479e+01 2.65361171e-01 4.67913721e-02 -1.91919695e+01
0.00000000e+00 -2.65287053e+03 4.57929967e+01 2.18011937e-01 7.46416175e-02 -2.02817673e+01
0.00000000e+00 -2.64930303e+03 5.85306826e+01 3.73248049e-01 5.17903979e-02 -1.99038934e+01
0.00000000e+00 -2.64688355e+03 7.49380356e+01 1.53916021e-01 4.66765144e-02 -1.94523192e+01
0.00000000e+00 -2.63459559e+03 5.95765224e+01 3.44909978e-01 4.06868173e-02 -1.95883981e+01
0.00000000e+00 -2.63066072e+03 5.28563888e+01 4.81754827e-01 5.07916374e-02 -1.98997018e+01
0.00000000e+00 -2.62281479e+03 7.96690556e+01 4.83460966e-01 3.09180352e-02 -1.92162787e+01
0.00000000e+00 -2.61760299e+03 4.64074751e+01 2.18468037e-01 7.89651404e-02 -2.03536284e+01
0.00000000e+00 -2.61486671e+03 7.30372409e+01 3.22043171e-01 3.94104539e-02 -1.90214563e+01
0.00000000e+00 -2.61240019e+03 8.32574197e+01 2.96070427e-01 4.33540426e-02 -1.90609093e+01
0.00000000e+00 -2.60071281e+03 6.44890100e+01 1.39378886e-01 5.83906628e-02 -1.97938255e+01
0.00000000e+00 -2.59125002e+03 5.14054375e+01 3.82658581e-01 6.60814106e-02 -2.01429748e+01
0.00000000e+00 -2.58745662e+03 6.72999949e+01 2.64420248e-01 4.60416812e-02 -1.96716745e+01
0.00000000e+00 -2.58353772e+03 6.81572229e+01 3.52177105e-01 4.32998750e-02 -1.91668699e+01
0.00000000e+00 -2.58276838e+03 5.58687353e+01 2.60660620e-01 6.93277557e-02 -2.00528578e+01
0.00000000e+00 -2.58104075e+03 7.25211365e+01 4.32316823e-01 5.29069451e-02 -1.93981749e+01
0.00000000e+00 -2.57778861e+03 7.61165298e+01 3.58457181e-01 3.30208724e-02 -1.89455592e+01
0.00000000e+00 -2.57193858e+03 6.35329529e+01 3.57090750e-01 4.81085171e-02 -1.97533975e+01
0.00000000e+00 -2.56946680e+03 7.84328371e+01 1.79572670e-01 4.88825185e-02 -1.92252065e+01
0.00000000e+00 -2.56906340e+03 5.86855743e+01 3.16863934e-01 7.58184891e-02 -1.98998967e+01
0.00000000e+00 -2.56071733e+03 5.36444084e+01 2.59722517e-01 4.93123888e-02 -1.99062847e+01
0.00000000e+00 -2.55828711e+03 7.32562469e+01 2.59917220e-01 5.04165230e-02 -1.94496953e+01
0.00000000e+00 -2.54942954e+03 6.66744970e+01 3.16573031e-01 6.77697815e-02 -1.93667853e+01
0.00000000e+00 -2.54367219e+03 8.88405396e+01 3.07436554e-01 2.42035442e-02 -1.86571368e+01
0.00000000e+00 -2.53107175e+03 6.53012063e+01 2.05683575e-01 6.12243869e-02 -1.93243067e+01
0.00000000e+00 -2.52517914e+03 8.32587102e+01 4.89070815e-01 3.35240788e-02 -1.91215766e+01
0.00000000e+00 -2.51893365e+03 5.51625338e+01 4.05028301e-01 7.82050005e-02 -1.96289543e+01
0.00000000e+00 -2.50897551e+03 5.59480472e+01 2.49192726e-01 4.67005509e-02 -1.99273141e+01
0.00000000e+00 -2.50887059e+03 8.81078094e+01 1.28187126e-01 2.48801540e-02 -1.87519659e+01
0.00000000e+00 -2.50808230e+03 7.48421844e+01 2.00946021e-01 4.99845822e-02 -1.90681257e+01
0.00000000e+00 -2.50034559e+03 6.99544997e+01 1.41481233e-01 3.07889993e-02 -1.93227958e+01
0.00000000e+00 -2.48784065e+03 8.55164354e+01 2.37254001e-01 2.59452939e-02 -1.91171809e+01
0.00000000e+00 -2.48110811e+03 5.20841913e+01 2.48259978e-01 5.35630065e-02 -1.99896608e+01
0.00000000e+00 -2.47919701e+03 6.02901766e+01 2.18892087e-01 3.91170080e-02 -1.97490189e+01
0.00000000e+00 -2.47272024e+03 7.40944869e+01 2.12116566e-01 5.01621063e-02 -1.94236538e+01
0.00000000e+00 -2.47251706e+03 5.18634841e+01 3.08484995e-01 7.16213879e-02 -1.98123734e+01
0.00000000e+00 -2.45762917e+03 4.67543089e+01 4.78076990e-01 7.46395043e-02 -2.01195952e+01
0.00000000e+00 -2.45711383e+03 8.94912392e+01 3.58101259e-01 3.11055781e-02 -1.86128058e+01
0.00000000e+00 -2.45692898e+03 7.06748575e+01 3.52324679e-01 4.31505082e-02 -1.95308301e+01
0.00000000e+00 -2.44384764e+03 6.02635362e+01 2.68460593e-01 4.19278305e-02 -1.95705147e+01
0.00000000e+00 -2.43730651e+03 5.67853969e+01 1.88969144e-01 4.43549454e-02 -1.98606626e+01
0.00000000e+00 -2.43715172e+03 4.74247473e+01 1.03120019e-01 7.91994236e-02 -2.01434836e+01
0.00000000e+00 -2.43224984e+03 6.62965112e+01 3.08568181e-01 4.34416981e-02 -1.92588399e+01
0.00000000e+00 -2.43130550e+03 4.91533074e+01 4.35111841e-01 6.79952992e-02 -1.99753355e+01
0.00000000e+00 -2.42312494e+03 7.52885363e+01 3.50112480e-01 5.34331261e-02 -1.91308616e+01
0.00000000e+00 -2.41857104e+03 5.49233691e+01 3.00002642e-01 5.41694725e-02 -1.97356253e+01
0.00000000e+00 -2.41795495e+03 6.22872134e+01 2.49450104e-01 7.42938450e-02 -1.94957486e+01
0.00000000e+00 -2.41553965e+03 5.43089709e+01 2.67675179e-01 7.05615990e-02 -2.00922692e+01
0.00000000e+00 -2.41414267e+03 6.11810213e+01 2.99611749e-01 6.41988287e-02 -1.94267164e+01
0.00000000e+00 -2.40555378e+03 6.78997099e+01 2.18031727e-01 6.40931762e-02 -1.95266519e+01
0.00000000e+00 -2.40250105e+03 8.85167428e+01 3.05389426e-01 3.74434581e-02 -1.89165904e+01
0.00000000e+00 -2.40217145e+03 4.73608440e+01 4.22495877e-01 7.13712836e-02 -2.01644813e+01
0.00000000e+00 -2.40203877e+03 7.60205859e+01 2.65603823e-01 5.05374061e-02 -1.92922944e+01
0.00000000e+00 -2.40037504e+03 6.37131633e+01 2.08397076e-01 4.42948120e-02 -1.93968554e+01
0.00000000e+00 -2.39346941e+03 6.64274787e+01 2.03582394e-01 6.81087347e-02 -1.94429261e+01
0.00000000e+00 -2.39320686e+03 6.46425950e+01 4.86578529e-01 3.47738118e-02 -1.94898657e+01
0.00000000e+00 -2.38874838e+03 5.47787000e+01 4.85179539e-01 6.01588328e-02 -1.99824907e+01
0.00000000e+00 -2.37811125e+03 5.20471781e+01 4.23668967e-01 6.15730257e-02 -2.00686024e+01
0.00000000e+00 -2.36529550e+03 7.45201485e+01 4.21078096e-01 5.18911422e-02 -1.90529233e+01
0.00000000e+00 -2.35539207e+03 6.96996666e+01 2.42869726e-01 4.45260647e-02 -1.95906652e+01
0.00000000e+00 -2.35270594e+03 8.11132823e+01 1.46389540e-01 3.76755103e-02 -1.92717831e+01
0.00000000e+00 -2.34986824e+03 7.69954607e+01 3.76616548e-01 3.34024999e-02 -1.89255765e+01
0.00000000e+00 -2.34669763e+03 6.15800504e+01 1.67757200e-01 7.46417249e-02 -1.95405155e+01
0.00000000e+00 -2.34550934e+03 7.29371534e+01 3.30376236e-01 5.65278819e-02 -1.91984702e+01
0.00000000e+00 -2.34102852e+03 5.53969259e+01 1.45670865e-01 7.94630808e-02 -1.97201419e+01
0.00000000e+00 -2.34034105e+03 7.22005663e+01 1.37901721e-01 4.81146279e-02 -1.91379248e+01
0.00000000e+00 -2.33760779e+03 7.11710150e+01 2.34701573e-01 5.97001325e-02 -1.93154220e+01
0.00000000e+00 -2.33313477e+03 8.54830739e+01 2.18588084e-01 2.64294246e-02 -1.91161148e+01
0.00000000e+00 -2.33309306e+03 8.84805627e+01 2.93625544e-01 2.05828469e-02 -1.88109010e+01
0.00000000e+00 -2.32480041e+03 7.05540052e+01 1.90740102e-01 2.96211380e-02 -1.93486719e+01
0.00000000e+00 -2.32367104e+03 7.95120209e+01 3.52338330e-01 2.75541732e-02 -1.89140271e+01
0.00000000e+00 -2.31775121e+03 6.17403986e+01 4.85464878e-01 7.64258450e-02 -1.96143987e+01
0.00000000e+00 -2.31591574e+03 7.83403282e+01 3.26838172e-01 4.88971793e-02 -1.90548121e+01
0.00000000e+00 -2.30323008e+03 8.34437082e+01 1.91659560e-01 2.57612043e-02 -1.88655523e+01
0.00000000e+00 -2.30133539e+03 6.89962423e+01 3.76703732e-01 3.14466912e-02 -1.92991754e+01
0.00000000e+00 -2.29713984e+03 7.91167506e+01 3.01390709e-01 4.20982997e-02 -1.89040904e+01
0.00000000e+00 -2.28761748e+03 7.36854827e+01 2.75969356e-01 5.34853427e-02 -1.91314663e+01
0.00000000e+00 -2.27652265e+03 6.60782913e+01 4.65613654e-01 5.71110749e-02 -1.96096784e+01
0.00000000e+00 -2.26900794e+03 7.00099570e+01 4.45859577e-01 3.29335309e-02 -1.91930088e+01
0.00000000e+00 -2.26770262e+03 5.28792959e+01 1.94089625e-01 5.55888053e-02 -2.00531361e+01
0.00000000e+00 -2.25953499e+03 7.60718338e+01 4.93609185e-01 4.24856881e-02 -1.92982833e+01
0.00000000e+00 -2.25627034e+03 5.70877294e+01 1.02105914e-01 6.81768305e-02 -1.96634431e+01
0.00000000e+00 -2.24542813e+03 8.50611197e+01 4.78118687e-01 3.45193520e-02 -1.87030206e+01
0.00000000e+00 -2.24291769e+03 7.11951715e+01 3.73313900e-01 3.15755619e-02 -1.91836791e+01
0.00000000e+00 -2.24117429e+03 5.72569935e+01 3.84260682e-01 4.54529618e-02 -1.97954178e+01
0.00000000e+00 -2.24090266e+03 6.78951639e+01 3.72582192e-01 4.23686151e-02 -1.95843020e+01
0.00000000e+00 -2.23283589e+03 6.79368129e+01 2.74557514e-01 6.02564365e-02 -1.95580775e+01
0.00000000e+00 -2.23203528e+03 6.66586432e+01 3.85833020e-01 6.60187083e-02 -1.93544499e+01
0.00000000e+00 -2.22716441e+03 7.80701522e+01 1.83475569e-01 2.84218716e-02 -1.92878492e+01
0.00000000e+00 -2.20883772e+03 6.03625161e+01 1.02404180e-01 4.18315109e-02 -1.97714740e+01
0.00000000e+00 -2.19372513e+03 7.35241259e+01 2.20425259e-01 5.50014824e-02 -1.92192571e+01
0.00000000e+00 -2.19103831e+03 8.86256884e+01 2.23570216e-01 2.61840975e-02 -1.86998352e+01
0.00000000e+00 -2.18946197e+03 5.18844992e+01 1.60563865e-01 6.06693839e-02 -2.01184820e+01
0.00000000e+00 -2.17748815e+03 7.78444393e+01 2.07637647e-01 3.80511676e-02 -1.93455675e+01
0.00000000e+00 -2.17421739e+03 5.94729880e+01 4.17643635e-01 5.77433041e-02 -1.98479798e+01
0.00000000e+00 -2.17364565e+03 7.05102265e+01 2.95119030e-01 4.18465273e-02 -1.95331219e+01
0.00000000e+00 -2.17262497e+03 5.13643001e+01 4.71761827e-01 7.38093748e-02 -1.98173091e+01
0.00000000e+00 -2.17106549e+03 8.14983091e+01 2.05140918e-01 2.93137356e-02 -1.92213209e+01
0.00000000e+00 -2.17054887e+03 5.41775040e+01 3.48496017e-01 6.63952230e-02 -1.97181765e+01
0.00000000e+00 -2.16904045e+03 5.41604427e+01 4.76217648e-01 5.99792702e-02 -1.97175072e+01
0.00000000e+00 -2.16192415e+03 7.85492955e+01 4.39649500e-01 4.68885604e-02 -1.91314299e+01
0.00000000e+00 -2.15967810e+03 5.84338418e+01 4.61208305e-01 6.09349114e-02 -1.95032358e+01
0.00000000e+00 -2.15545215e+03 6.98708759e+01 4.63715136e-01 3.73373039e-02 -1.91441181e+01
0.00000000e+00 -2.15300058e+03 4.87966415e+01 4.10818803e-01 7.48861403e-02 -1.99989387e+01
0.00000000e+00 -2.15042567e+03 7.64817739e+01 1.95009853e-01 4.88257399e-02 -1.90805103e+01
0.00000000e+00 -2.14890378e+03 5.42471969e+01 4.01891771e-01 7.88647635e-02 -1.96957677e+01
0.00000000e+00 -2.14403864e+03 6.86063783e+01 1.95532118e-01 4.69069503e-02 -1.96253306e+01
0.00000000e+00 -2.13992678e+03 7.16829089e+01 2.30175803e-01 5.76589026e-02 -1.92759448e+01
0.00000000e+00 -2.13772971e+03 5.56231943e+01 3.42528910e-01 5.42042046e-02 -1.99480077e+01
0.00000000e+00 -2.13182630e+03 5.71495815e+01 4.03685559e-01 4.74207345e-02 -1.96936838e+01
0.00000000e+00 -2.12845700e+03 5.27464718e+01 3.64492148e-01 6.40216749e-02 -2.00623351e+01
0.00000000e+00 -2.12683699e+03 5.92601457e+01 3.90637349e-01 4.76137781e-02 -1.98045261e+01
0.00000000e+00 -2.12024522e+03 6.72645634e+01 4.39881678e-01 5.69555766e-02 -1.92182363e+01
0.00000000e+00 -2.11469908e+03 5.56652940e+01 3.64086672e-01 5.91448025e-02 -1.99704871e+01
0.00000000e+00 -2.11153051e+03 6.80899616e+01 2.83119020e-01 5.42566228e-02 -1.92256994e+01
0.00000000e+00 -2.10965910e+03 5.19476790e+01 2.34245923e-01 6.12258358e-02 -2.00904421e+01
0.00000000e+00 -2.10570476e+03 8.37122558e+01 2.98962426e-01 3.57924251e-02 -1.91328718e+01
0.00000000e+00 -2.10327845e+03 7.07326008e+01 3.93519483e-01 4.07963074e-02 -1.94850798e+01
0.00000000e+00 -2.09994667e+03 5.64754525e+01 1.34000786e-01 4.83142999e-02 -1.98896189e+01
0.00000000e+00 -2.09603574e+03 7.34551255e+01 3.60009853e-01 4.00306037e-02 -1.90315596e+01
0.00000000e+00 -2.08628138e+03 5.87075096e+01 4.64953805e-01 7.90434074e-02 -1.95659518e+01
0.00000000e+00 -2.07885111e+03 6.19567825e+01 3.09171719e-01 6.81784182e-02 -1.94474666e+01
0.00000000e+00 -2.06098814e+03 5.59041104e+01 3.60273844e-01 5.28061174e-02 -1.99134708e+01
0.00000000e+00 -2.05622644e+03 7.12010039e+01 4.22666614e-01 3.16208135e-02 -1.93511158e+01
0.00000000e+00 -2.04746963e+03 5.81860732e+01 4.62243377e-01 6.08925591e-02 -1.95228116e+01
0.00000000e+00 -2.04525052e+03 8.27363506e+01 3.60128341e-01 3.17627150e-02 -1.91452138e+01
0.00000000e+00 -2.03942929e+03 5.73338259e+01 1.17462963e-01 4.78592927e-02 -1.98043636e+01
0.00000000e+00 -2.03940958e+03 7.26194983e+01 4.82663054e-01 3.00965912e-02 -1.91839937e+01
0.00000000e+00 -2.03719455e+03 8.01925592e+01 3.44531912e-01 4.49865335e-02 -1.90985964e+01
0.00000000e+00 -2.03666081e+03 5.68655179e+01 2.43770798e-01 4.73712563e-02 -1.98315188e+01
0.00000000e+00 -2.03202774e+03 5.79894842e+01 4.88945157e-01 7.82518683e-02 -1.98118399e+01
0.00000000e+00 -2.02273271e+03 6.06419905e+01 2.34231548e-01 6.37664475e-02 -1.98542585e+01
0.00000000e+00 -2.01952992e+03 5.16277591e+01 2.67588823e-01 6.04517005e-02 -2.00307039e+01
0.00000000e+00 -2.01398981e+03 7.85739113e+01 1.65065449e-01 2.87038016e-02 -1.92633866e+01
0.00000000e+00 -2.01318678e+03 5.16115016e+01 2.07221089e-01 6.81919518e-02 -2.01428623e+01
0.00000000e+00 -2.00070360e+03 7.79999068e+01 1.84910590e-01 2.76346954e-02 -1.92400423e+01
0.00000000e+00 -1.99816572e+03 5.71609414e+01 3.55121980e-01 5.63397648e-02 -1.96201795e+01
0.00000000e+00 -1.99375372e+03 6.99306166e+01 4.15648990e-01 3.44158815e-02 -1.94256636e+01
0.00000000e+00 -1.99337829e+03 7.34132922e+01 1.80311463e-01 3.17352722e-02 -1.94000331e+01
0.00000000e+00 -1.98821534e+03 5.28946248e+01 4.62159250e-01 6.13250275e-02 -1.99883769e+01
0.00000000e+00 -1.98340285e+03 8.83407756e+01 4.01756606e-01 2.99294703e-02 -1.89712979e+01
0.00000000e+00 -1.98167390e+03 6.27509301e+01 2.61134386e-01 5.96898619e-02 -1.94101157e+01
0.00000000e+00 -1.97938457e+03 6.59357056e+01 3.25680208e-01 3.94554381e-02 -1.93417531e+01
0.00000000e+00 -1.97842297e+03 7.35034919e+01 3.26224220e-01 3.44364183e-02 -1.93902475e+01
0.00000000e+00 -1.97649311e+03 7.16533652e+01 1.41226790e-01 3.13777807e-02 -1.93095641e+01
0.00000000e+00 -1.96243164e+03 6.89727821e+01 4.76831486e-01 3.32387156e-02 -1.93534692e+01
0.00000000e+00 -1.95964845e+03 5.83183579e+01 3.20766229e-01 7.55307547e-02 -1.98645310e+01
0.00000000e+00 -1.95879926e+03 6.09762890e+01 4.73012653e-01 7.35429198e-02 -1.94917477e+01
0.00000000e+00 -1.95835540e+03 7.61377193e+01 2.05847472e-01 4.60883754e-02 -1.90523290e+01
0.00000000e+00 -1.95389969e+03 8.97929752e+01 1.80528089e-01 2.73961328e-02 -1.87040888e+01
0.00000000e+00 -1.95250762e+03 7.44551024e+01 2.75743144e-01 3.42340169e-02 -1.93822612e+01
0.00000000e+00 -1.95157931e+03 8.84991823e+01 4.52532478e-01 3.09272661e-02 -1.86516388e+01
0.00000000e+00 -1.95081730e+03 5.49986771e+01 4.68272700e-01 6.06331393e-02 -1.96902828e+01
0.00000000e+00 -1.94985564e+03 6.04930990e+01 3.42025079e-01 6.59757675e-02 -1.98118677e+01
0.00000000e+00 -1.94728025e+03 7.89175312e+01 3.22871942e-01 2.91197985e-02 -1.92127595e+01
0.00000000e+00 -1.94378156e+03 5.63629292e+01 1.26745411e-01 7.79097070e-02 -1.97268457e+01
0.00000000e+00 -1.94162583e+03 8.41796108e+01 1.87294257e-01 3.30582598e-02 -1.88240692e+01
0.00000000e+00 -1.93882537e+03 8.59256013e+01 1.62561278e-01 3.13412074e-02 -1.87964608e+01
0.00000000e+00 -1.93583286e+03 4.85333869e+01 4.27317660e-01 7.49535895e-02 -2.00876395e+01
0.00000000e+00 -1.93547228e+03 6.89981595e+01 2.99449100e-01 4.04837728e-02 -1.92125880e+01
0.00000000e+00 -1.93292811e+03 4.93544420e+01 4.33295993e-01 7.80352051e-02 -2.01433565e+01
0.00000000e+00 -1.92667432e+03 6.22944552e+01 4.99459624e-01 4.82761573e-02 -1.93930595e+01
0.00000000e+00 -1.91721545e+03 5.58686046e+01 1.06532186e-01 5.81680137e-02 -2.00167621e+01
0.00000000e+00 -1.91574080e+03 8.63861891e+01 2.43297490e-01 3.49605475e-02 -1.90452263e+01
0.00000000e+00 -1.91414530e+03 6.07768634e+01 4.40070703e-01 5.97888792e-02 -1.97795079e+01
0.00000000e+00 -1.90504452e+03 6.40867460e+01 4.42989131e-01 4.82047730e-02 -1.93297875e+01
0.00000000e+00 -1.90269625e+03 7.55925140e+01 2.83852196e-01 3.05648704e-02 -1.93036593e+01
0.00000000e+00 -1.90236585e+03 6.49957303e+01 2.11393545e-01 6.07689216e-02 -1.96864292e+01
0.00000000e+00 -1.89424232e+03 5.70105551e+01 2.65533258e-01 4.87234246e-02 -1.97693819e+01
0.00000000e+00 -1.87963273e+03 8.77442053e+01 3.35698536e-01 2.27928864e-02 -1.88978981e+01
0.00000000e+00 -1.87279088e+03 6.91002069e+01 2.56951152e-01 3.28994443e-02 -1.94002123e+01
0.00000000e+00 -1.87221829e+03 5.29806694e+01 4.94378758e-01 6.10479801e-02 -1.99501725e+01
0.00000000e+00 -1.87077268e+03 6.88190751e+01 3.89726691e-01 4.77069165e-02 -1.91770408e+01
0.00000000e+00 -1.86758175e+03 6.89337651e+01 1.06948347e-01 3.70444290e-02 -1.95525856e+01
0.00000000e+00 -1.86690864e+03 8.44412048e+01 3.13782382e-01 4.00002973e-02 -1.89075021e+01
0.00000000e+00 -1.86651895e+03 7.72418852e+01 2.91702340e-01 3.34015576e-02 -1.92986768e+01
0.00000000e+00 -1.86553597e+03 6.67261543e+01 1.76194310e-01 4.58397950e-02 -1.96631535e+01
0.00000000e+00 -1.86502018e+03 6.20987796e+01 1.69035129e-01 5.59210238e-02 -1.98199426e+01
0.00000000e+00 -1.86440524e+03 6.17084850e+01 4.68769821e-01 6.36979097e-02 -1.97219346e+01
0.00000000e+00 -1.86359862e+03 8.36659195e+01 2.02461024e-01 3.06854277e-02 -1.88401164e+01
0.00000000e+00 -1.86206854e+03 8.24355046e+01 1.69834127e-01 3.14853113e-02 -1.91955049e+01
0.00000000e+00 -1.86155617e+03 6.14852732e+01 3.27592783e-01 4.18367395e-02 -1.95790581e+01
0.00000000e+00 -1.85849374e+03 8.14404857e+01 2.09194594e-01 4.33353164e-02 -1.90542691e+01
0.00000000e+00 -1.84898455e+03 6.17161972e+01 3.05878606e-01 6.98884007e-02 -1.97293350e+01
0.00000000e+00 -1.84812689e+03 5.12711244e+01 2.47773463e-01 6.85203197e-02 -1.99517133e+01
0.00000000e+00 -1.84459900e+03 7.43633189e+01 4.93509938e-01 5.02126633e-02 -1.90745348e+01
0.00000000e+00 -1.84421343e+03 5.92225177e+01 1.46491789e-01 6.38994024e-02 -1.99180417e+01
0.00000000e+00 -1.84254111e+03 6.97584870e+01 4.73826478e-01 5.29527254e-02 -1.94436720e+01
0.00000000e+00 -1.84239138e+03 4.93339668e+01 4.78839029e-01 7.60497586e-02 -1.99913279e+01
0.00000000e+00 -1.83733167e+03 7.74328071e+01 2.68368525e-01 3.41763079e-02 -1.89787026e+01
0.00000000e+00 -1.83426125e+03 5.34125079e+01 3.26925778e-01 6.92341695e-02 -2.00471140e+01
0.00000000e+00 -1.83260213e+03 6.02248474e+01 2.33841556e-01 4.43612401e-02 -1.97516908e+01
0.00000000e+00 -1.83217922e+03 7.09438889e+01 3.19726697e-01 3.17851554e-02 -1.93416443e+01
0.00000000e+00 -1.82534960e+03 6.90928370e+01 2.47877537e-01 4.19953049e-02 -1.95602046e+01
0.00000000e+00 -1.82434004e+03 8.29765904e+01 4.31270856e-01 2.59887883e-02 -1.88674133e+01
0.00000000e+00 -1.82203662e+03 6.80912854e+01 2.75429576e-01 5.02257080e-02 -1.95889561e+01
0.00000000e+00 -1.81452172e+03 6.96848466e+01 3.66736628e-01 5.18609542e-02 -1.94905489e+01
0.00000000e+00 -1.81272296e+03 6.30774447e+01 2.78084425e-01 6.72903347e-02 -1.96885294e+01
0.00000000e+00 -1.81197034e+03 5.98011488e+01 4.91320220e-01 7.39505188e-02 -1.97235660e+01
0.00000000e+00 -1.80979514e+03 7.66560688e+01 1.37356281e-01 4.79439358e-02 -1.91483584e+01
0.00000000e+00 -1.80972592e+03 6.80479745e+01 3.92035123e-01 6.18071720e-02 -1.93745340e+01
0.00000000e+00 -1.80870138e+03 7.19680755e+01 3.53283143e-01 5.55251521e-02 -1.92774584e+01
0.00000000e+00 -1.80755377e+03 6.40305009e+01 3.75244470e-01 6.92354310e-02 -1.95155763e+01
0.00000000e+00 -1.80439263e+03 6.07003683e+01 3.51332613e-01 4.31323503e-02 -1.96212937e+01
0.00000000e+00 -1.80354955e+03 5.47295185e+01 3.67835089e-01 6.61862753e-02 -1.97201615e+01
0.00000000e+00 -1.80034023e+03 5.89107791e+01 3.88404094e-01 6.99238037e-02 -1.95415277e+01
0.00000000e+00 -1.79824834e+03 5.98917744e+01 1.55074251e-01 4.77731201e-02 -1.96390058e+01
0.00000000e+00 -1.79658071e+03 6.67143597e+01 4.73782466e-01 4.51451073e-02 -1.92426636e+01
0.00000000e+00 -1.79603742e+03 5.53283078e+01 4.03496158e-01 6.68673157e-02 -1.96795885e+01
0.00000000e+00 -1.79456983e+03 5.79010133e+01 2.96578982e-01 4.82625551e-02 -1.98009795e+01
0.00000000e+00 -1.78670539e+03 7.54951096e+01 4.42019306e-01 4.97037012e-02 -1.91774216e+01
0.00000000e+00 -1.78647998e+03 7.58495617e+01 3.01694510e-01 3.73907307e-02 -1.93423311e+01
0.00000000e+00 -1.77657283e+03 7.16700141e+01 1.79904519e-01 5.20414758e-02 -1.92096550e+01
0.00000000e+00 -1.77350946e+03 8.03165072e+01 2.83250434e-01 3.22986587e-02 -1.92120610e+01
0.00000000e+00 -1.76739792e+03 6.67005839e+01 1.10744743e-01 3.79699549e-02 -1.95781443e+01
0.00000000e+00 -1.75796890e+03 5.14054238e+01 1.25927936e-01 6.75935720e-02 -2.01140418e+01
0.00000000e+00 -1.75250237e+03 7.81180352e+01 4.19492076e-01 3.34134197e-02 -1.89298502e+01
0.00000000e+00 -1.75205060e+03 5.07431959e+01 1.15501202e-01 7.05535177e-02 -2.00574843e+01
0.00000000e+00 -1.75017065e+03 7.51038419e+01 3.55869610e-01 3.60704317e-02 -1.90243066e+01
0.00000000e+00 -1.74817737e+03 6.72910664e+01 2.37849700e-01 5.81231896e-02 -1.95790296e+01
0.00000000e+00 -1.74633762e+03 5.95637256e+01 1.25720845e-01 7.10748736e-02 -1.96225496e+01
0.00000000e+00 -1.74479326e+03 6.61682738e+01 3.65608155e-01 3.96463482e-02 -1.95545656e+01
0.00000000e+00 -1.74449630e+03 6.70932618e+01 1.37987446e-01 6.12909803e-02 -1.95673474e+01
0.00000000e+00 -1.74229830e+03 8.83676817e+01 2.64074384e-01 3.56862570e-02 -1.88367350e+01
0.00000000e+00 -1.74087661e+03 6.73134579e+01 2.26144973e-01 5.72338995e-02 -1.93139304e+01
0.00000000e+00 -1.73850404e+03 7.17009809e+01 4.44362654e-01 4.99037181e-02 -1.93867986e+01
0.00000000e+00 -1.73745106e+03 8.09547722e+01 1.61260018e-01 3.85304215e-02 -1.92137781e+01
0.00000000e+00 -1.73442686e+03 7.47802762e+01 2.34912282e-01 4.90246386e-02 -1.93225751e+01
0.00000000e+00 -1.73288589e+03 8.15615959e+01 3.05502473e-01 3.93510134e-02 -1.88923063e+01
0.00000000e+00 -1.73242323e+03 8.11280395e+01 4.15028581e-01 4.13511014e-02 -1.89080482e+01
0.00000000e+00 -1.73036482e+03 8.00535640e+01 2.17953608e-01 2.79531343e-02 -1.90014125e+01
0.00000000e+00 -1.72633991e+03 6.93397192e+01 1.94861472e-01 4.83738564e-02 -1.92345337e+01
0.00000000e+00 -1.72129923e+03 5.18977355e+01 4.00941858e-01 6.90337066e-02 -2.00373746e+01
0.00000000e+00 -1.72020205e+03 8.46932386e+01 1.07085559e-01 3.08623502e-02 -1.91237252e+01
0.00000000e+00 -1.71869321e+03 8.40735483e+01 1.68615374e-01 3.95485938e-02 -1.90026909e+01
0.00000000e+00 -1.71720180e+03 6.72588275e+01 4.46211640e-01 4.02519800e-02 -1.95097290e+01
0.00000000e+00 -1.71341245e+03 5.33024498e+01 2.05122509e-01 6.34147623e-02 -2.00429976e+01
0.00000000e+00 -1.70623219e+03 5.22247933e+01 3.35717822e-01 7.72582688e-02 -2.00733639e+01
0.00000000e+00 -1.70622706e+03 5.68855537e+01 2.31637789e-01 6.88162315e-02 -1.96671598e+01
0.00000000e+00 -1.70469422e+03 4.92351804e+01 1.30586148e-01 7.83635081e-02 -2.01715798e+01
0.00000000e+00 -1.70250572e+03 6.68639621e+01 4.55774123e-01 6.13317545e-02 -1.93199178e+01
0.00000000e+00 -1.70209075e+03 5.63138115e+01 3.39532842e-01 6.23531128e-02 -1.96700009e+01
0.00000000e+00 -1.70152195e+03 6.01848757e+01 1.57787964e-01 5.49831657e-02 -1.98631297e+01
0.00000000e+00 -1.70088916e+03 8.70854912e+01 3.02017785e-01 2.40856699e-02 -1.88202389e+01
0.00000000e+00 -1.69887895e+03 5.57443152e+01 2.46102223e-01 6.20010080e-02 -1.99763092e+01
0.00000000e+00 -1.69665656e+03 5.60135019e+01 2.46124839e-01 7.96761270e-02 -1.99432734e+01
0.00000000e+00 -1.69542746e+03 8.23610877e+01 1.33189239e-01 3.39806961e-02 -1.91906702e+01
0.00000000e+00 -1.69517041e+03 4.99279244e+01 2.70660753e-01 7.76543509e-02 -2.01417993e+01
0.00000000e+00 -1.69203086e+03 4.92442643e+01 3.03168628e-01 7.72292070e-02 -2.01021962e+01
0.00000000e+00 -1.69163252e+03 7.91421511e+01 3.34053696e-01 3.65919353e-02 -1.92278139e+01
0.00000000e+00 -1.69083016e+03 5.92514086e+01 2.50013497e-01 4.97710536e-02 -1.98200631e+01
0.00000000e+00 -1.68705909e+03 8.72635371e+01 1.92273782e-01 2.92382556e-02 -1.90410093e+01
0.00000000e+00 -1.68173082e+03 7.70327922e+01 2.25433669e-01 2.83764092e-02 -1.91737849e+01
0.00000000e+00 -1.67960233e+03 6.66955152e+01 2.18561966e-01 5.69817872e-02 -1.96159272e+01
0.00000000e+00 -1.67797205e+03 6.64787665e+01 1.50865563e-01 6.27040632e-02 -1.95626246e+01
0.00000000e+00 -1.67710499e+03 7.98978996e+01 1.27226640e-01 2.78177225e-02 -1.91157293e+01
0.00000000e+00 -1.67600966e+03 6.58515358e+01 3.17742480e-01 6.28881536e-02 -1.95553129e+01
0.00000000e+00 -1.67513677e+03 6.06824365e+01 1.23947316e-01 6.11046765e-02 -1.98603461e+01
0.00000000e+00 -1.67382168e+03 7.33974053e+01 1.47575348e-01 4.69706618e-02 -1.94312043e+01
0.00000000e+00 -1.67082025e+03 5.33956367e+01 3.70364668e-01 6.32867921e-02 -1.99795556e+01
0.00000000e+00 -1.67030497e+03 8.33571770e+01 3.74075739e-01 3.76797032e-02 -1.88410388e+01
0.00000000e+00 -1.66816059e+03 4.91549289e+01 3.26240697e-01 7.87728516e-02 -2.00901418e+01
0.00000000e+00 -1.66379577e+03 5.06575740e+01 1.80624144e-01 7.77090994e-02 -2.01538020e+01
0.00000000e+00 -1.66290003e+03 6.07129689e+01 4.15387285e-01 4.79451179e-02 -1.97160553e+01
0.00000000e+00 -1.65652635e+03 8.58479198e+01 3.85377866e-01 2.47437035e-02 -1.89269799e+01
0.00000000e+00 -1.65508896e+03 5.97007429e+01 4.79735799e-01 5.42556666e-02 -1.95106237e+01
0.00000000e+00 -1.65484112e+03 7.41177117e+01 4.20706165e-01 3.07214830e-02 -1.91986719e+01
0.00000000e+00 -1.65305135e+03 6.28494113e+01 2.42254879e-01 4.45221165e-02 -1.97017652e+01
0.00000000e+00 -1.65281256e+03 6.89001806e+01 2.17046810e-01 4.30689909e-02 -1.95640530e+01
0.00000000e+00 -1.65253747e+03 7.30114976e+01 2.26758489e-01 5.14159566e-02 -1.93649932e+01
0.00000000e+00 -1.65186992e+03 7.39171435e+01 3.40357364e-01 4.26992889e-02 -1.90589196e+01
0.00000000e+00 -1.64897247e+03 6.70883321e+01 3.56640172e-01 4.34620964e-02 -1.92783464e+01
0.00000000e+00 -1.64801151e+03 7.00049896e+01 4.79911503e-01 3.56228637e-02 -1.92228363e+01
0.00000000e+00 -1.64773596e+03 5.45536077e+01 2.58250381e-01 6.05286453e-02 -1.98153796e+01
0.00000000e+00 -1.64308885e+03 6.01428502e+01 3.48950885e-01 7.09444680e-02 -1.97633564e+01
0.00000000e+00 -1.64197428e+03 7.75439353e+01 4.62428216e-01 4.38241147e-02 -1.89742637e+01
0.00000000e+00 -1.64177024e+03 8.82099272e+01 4.30912044e-01 2.48751744e-02 -1.88817284e+01
0.00000000e+00 -1.63770416e+03 6.46831002e+01 2.80009718e-01 4.50737496e-02 -1.96578756e+01
0.00000000e+00 -1.63626191e+03 6.08016957e+01 4.52556539e-01 4.84216410e-02 -1.97022529e+01
0.00000000e+00 -1.62818614e+03 6.35885158e+01 2.18880889e-01 6.30617323e-02 -1.94488972e+01
0.00000000e+00 -1.62718179e+03 5.89516290e+01 2.86695237e-01 7.28168871e-02 -1.96037471e+01
0.00000000e+00 -1.62476368e+03 8.08218870e+01 3.68581313e-01 2.88986140e-02 -1.89193044e+01
0.00000000e+00 -1.62422293e+03 5.41049715e+01 3.91649220e-01 6.14493103e-02 -1.98065450e+01
0.00000000e+00 -1.62009260e+03 5.98511317e+01 4.92446860e-01 4.77419471e-02 -1.96773526e+01
0.00000000e+00 -1.61949381e+03 5.76864778e+01 1.30838314e-01 6.57651583e-02 -1.96821647e+01
0.00000000e+00 -1.61708648e+03 6.00218651e+01 1.98978757e-01 6.22078869e-02 -1.95609065e+01
0.00000000e+00 -1.61548592e+03 6.82887240e+01 3.52160659e-01 5.05163744e-02 -1.95374447e+01
0.00000000e+00 -1.61259752e+03 5.41256908e+01 1.72327403e-01 5.94444768e-02 -1.99729622e+01
0.00000000e+00 -1.61174857e+03 5.67420605e+01 2.43537966e-01 6.78164876e-02 -1.96785347e+01
0.00000000e+00 -1.61086444e+03 6.03331341e+01 2.44014080e-01 5.08540660e-02 -1.98028692e+01
0.00000000e+00 -1.61050651e+03 8.75169648e+01 3.81740459e-01 2.54128127e-02 -1.89234231e+01
0.00000000e+00 -1.60965333e+03 7.17584682e+01 4.76279817e-01 5.40989516e-02 -1.92408948e+01
0.00000000e+00 -1.60630691e+03 7.38402825e+01 4.97638429e-01 3.37579035e-02 -1.90851797e+01
0.00000000e+00 -1.60595026e+03 7.28992883e+01 1.25727116e-01 3.26606406e-02 -1.93004962e+01
0.00000000e+00 -1.60411064e+03 7.57865949e+01 3.54229341e-01 4.88928888e-02 -1.91533273e+01
0.00000000e+00 -1.60218375e+03 5.94548532e+01 2.20732863e-01 6.30561382e-02 -1.95763380e+01
0.00000000e+00 -1.59769237e+03 6.10353036e+01 2.18797852e-01 4.51839905e-02 -1.96189446e+01
0.00000000e+00 -1.59712454e+03 6.08945620e+01 4.33935018e-01 7.09516221e-02 -1.96835430e+01
0.00000000e+00 -1.59579511e+03 6.32206556e+01 2.74331837e-01 6.68775844e-02 -1.96564780e+01
0.00000000e+00 -1.59555322e+03 7.26886110e+01 3.52827483e-01 4.85278639e-02 -1.91197978e+01
0.00000000e+00 -1.58905357e+03 6.45835932e+01 2.67147950e-01 5.79247707e-02 -1.96737206e+01
0.00000000e+00 -1.58636273e+03 5.69118501e+01 2.14847318e-01 7.07281894e-02 -1.99444204e+01
0.00000000e+00 -1.58456197e+03 7.78670685e+01 4.05993962e-01 2.89906569e-02 -1.90501155e+01
0.00000000e+00 -1.58016325e+03 6.06741763e+01 4.66531065e-01 7.12563320e-02 -1.96777243e+01
0.00000000e+00 -1.58006367e+03 5.65826944e+01 2.80134650e-01 5.95707183e-02 -1.99206555e+01
0.00000000e+00 -1.57783634e+03 5.54603565e+01 2.02561148e-01 7.45316153e-02 -1.99922523e+01
0.00000000e+00 -1.57532290e+03 7.38111803e+01 1.16220770e-01 4.38671887e-02 -1.91613943e+01
0.00000000e+00 -1.57243579e+03 5.01992973e+01 4.55023699e-01 7.64421940e-02 -2.00206628e+01
0.00000000e+00 -1.57190851e+03 7.33967990e+01 1.74762866e-01 4.07847857e-02 -1.94368234e+01
0.00000000e+00 -1.57044894e+03 8.50162840e+01 1.62197487e-01 2.59402681e-02 -1.89339169e+01
0.00000000e+00 -1.56996288e+03 5.18570383e+01 3.31930853e-01 7.37537150e-02 -2.00574311e+01
0.00000000e+00 -1.56845426e+03 8.76925983e+01 4.72627901e-01 3.46257708e-02 -1.87871006e+01
0.00000000e+00 -1.56372489e+03 8.94637128e+01 4.82863969e-01 2.79586157e-02 -1.86685375e+01
0.00000000e+00 -1.56013056e+03 6.95171561e+01 1.23720621e-01 5.72989175e-02 -1.94064143e+01
0.00000000e+00 -1.55943218e+03 5.78398403e+01 2.43729472e-01 6.88465148e-02 -1.99021151e+01
0.00000000e+00 -1.55930056e+03 5.84418628e+01 1.02690287e-01 6.14936603e-02 -1.99258490e+01
0.00000000e+00 -1.55537939e+03 8.03932795e+01 3.17265498e-01 3.63440779e-02 -1.91824081e+01
0.00000000e+00 -1.55536310e+03 6.71792590e+01 1.64643722e-01 5.95433110e-02 -1.93930422e+01
0.00000000e+00 -1.55383372e+03 7.15192785e+01 2.37941741e-01 5.45517284e-02 -1.93499027e+01
0.00000000e+00 -1.55290197e+03 5.37146892e+01 4.93955249e-01 7.84122742e-02 -1.99499582e+01
0.00000000e+00 -1.55041517e+03 5.33018232e+01 1.32775711e-01 6.70967636e-02 -1.99166315e+01
0.00000000e+00 -1.54944732e+03 5.79237205e+01 3.94878444e-01 6.83751271e-02 -1.98494055e+01
0.00000000e+00 -1.54803788e+03 6.11501285e+01 3.09361163e-01 5.09424289e-02 -1.95139372e+01
0.00000000e+00 -1.54559070e+03 7.30703660e+01 2.48834018e-01 5.20354424e-02 -1.92246774e+01
0.00000000e+00 -1.54538962e+03 6.27499925e+01 1.81763719e-01 6.96738328e-02 -1.96238122e+01
0.00000000e+00 -1.54324722e+03 6.35585154e+01 3.08102230e-01 4.22093129e-02 -1.94958079e+01
0.00000000e+00 -1.54310892e+03 7.16277281e+01 2.93586462e-01 3.64125895e-02 -1.91880145e+01
0.00000000e+00 -1.53626509e+03 7.76068457e+01 3.09741662e-01 3.89463064e-02 -1.92643097e+01
0.00000000e+00 -1.53504361e+03 6.31605604e+01 4.92118221e-01 4.63036947e-02 -1.94156519e+01
0.00000000e+00 -1.53479616e+03 7.86825258e+01 3.59070818e-01 3.60699840e-02 -1.92173759e+01
0.00000000e+00 -1.53318779e+03 5.64420521e+01 2.74136492e-01 7.74429294e-02 -1.97177341e+01
0.00000000e+00 -1.53091762e+03 5.62263254e+01 4.14192787e-01 7.01366088e-02 -1.96621117e+01
0.00000000e+00 -1.53036267e+03 6.21431590e+01 2.61021102e-01 4.43436218e-02 -1.96777877e+01
0.00000000e+00 -1.53014037e+03 7.34569823e+01 2.67207249e-01 4.51334907e-02 -1.93939678e+01
0.00000000e+00 -1.53002896e+03 8.23801581e+01 3.12006535e-01 4.04623722e-02 -1.90187866e+01
0.00000000e+00 -1.52957691e+03 5.80093527e+01 4.90265463e-01 7.33408145e-02 -1.97869384e+01
0.00000000e+00 -1.52860561e+03 8.18976131e+01 4.41751671e-01 2.71593154e-02 -1.89510382e+01
0.00000000e+00 -1.52776890e+03 5.37368883e+01 3.85654552e-01 6.69660400e-02 -1.98054972e+01
0.00000000e+00 -1.52687219e+03 6.60485807e+01 1.14672253e-01 4.96946892e-02 -1.93964721e+01
0.00000000e+00 -1.51969747e+03 7.16467416e+01 3.72261289e-01 3.87171777e-02 -1.91455792e+01
0.00000000e+00 -1.51728613e+03 7.06384038e+01 3.67605598e-01 5.26169598e-02 -1.94071712e+01
0.00000000e+00 -1.51722635e+03 6.32050761e+01 3.93296903e-01 4.24319620e-02 -1.95104999e+01
0.00000000e+00 -1.50932328e+03 6.30995783e+01 3.59021033e-01 5.83775202e-02 -1.96900685e+01
0.00000000e+00 -1.50905381e+03 5.56536821e+01 3.78232947e-01 6.48940716e-02 -1.99216601e+01
0.00000000e+00 -1.50862260e+03 7.17607546e+01 3.07143275e-01 4.58741016e-02 -1.91448699e+01
0.00000000e+00 -1.50655058e+03 6.65916689e+01 3.53790319e-01 6.18226520e-02 -1.93932684e+01
0.00000000e+00 -1.50379536e+03 7.22064853e+01 2.86840661e-01 4.29766421e-02 -1.94332615e+01
0.00000000e+00 -1.50116179e+03 5.58929202e+01 2.65509453e-01 5.99165486e-02 -1.99288336e+01
0.00000000e+00 -1.49603658e+03 8.97447096e+01 2.88654800e-01 3.29162673e-02 -1.87813139e+01
0.00000000e+00 -1.49217338e+03 7.21704535e+01 3.61167630e-01 3.71434509e-02 -1.91458519e+01
0.00000000e+00 -1.48118317e+03 6.78686235e+01 3.97398947e-01 4.34288459e-02 -1.95142100e+01
0.00000000e+00 -1.48015560e+03 7.60831735e+01 2.63935297e-01 3.69029112e-02 -1.93185961e+01
0.00000000e+00 -1.47924460e+03 7.21772850e+01 1.90262591e-01 3.31577197e-02 -1.93373668e+01
0.00000000e+00 -1.47524581e+03 7.52793197e+01 2.93692087e-01 3.53058589e-02 -1.93188729e+01
0.00000000e+00 -1.47506484e+03 8.94423229e+01 2.50297729e-01 2.91982929e-02 -1.89390238e+01
0.00000000e+00 -1.47038395e+03 6.07049102e+01 1.24747357e-01 5.45638543e-02 -1.95954950e+01
0.00000000e+00 -1.46952763e+03 7.55498460e+01 2.24120892e-01 3.51403123e-02 -1.93326254e+01
0.00000000e+00 -1.46883373e+03 6.78196572e+01 3.19305745e-01 4.57279343e-02 -1.92671251e+01
0.00000000e+00 -1.46689426e+03 8.70765165e+01 2.47449543e-01 3.42080434e-02 -1.88213696e+01
0.00000000e+00 -1.46591504e+03 6.76218651e+01 4.03835118e-01 5.76987619e-02 -1.94719642e+01
0.00000000e+00 -1.46344116e+03 7.59368788e+01 4.32403644e-01 3.44227235e-02 -1.90234809e+01
4.94065646e-324 -1.46267437e+03 7.09910518e+01 2.70362315e-01 4.20368408e-02 -1.94689788e+01
2.47032823e-323 -1.46122599e+03 8.96490580e+01 3.59991653e-01 2.64747807e-02 -1.88835800e+01
1.03753786e-322 -1.45979541e+03 5.16937348e+01 4.25452307e-01 7.18423976e-02 -1.99435514e+01
1.92685602e-322 -1.45950463e+03 7.77817531e+01 2.47677648e-01 4.29564096e-02 -1.90351045e+01
1.26974871e-321 -1.45715687e+03 6.21545899e+01 3.86043724e-01 5.10863177e-02 -1.96971535e+01
1.54197888e-320 -1.45464354e+03 8.96479358e+01 2.79563120e-01 2.40184346e-02 -1.88432823e+01
4.34086076e-320 -1.45392415e+03 6.99673923e+01 1.38469269e-01 5.59655011e-02 -1.93916802e+01
1.66668599e-318 -1.44989370e+03 8.31288064e+01 4.84480459e-01 3.73008530e-02 -1.88551961e+01
3.31115039e-317 -1.44693426e+03 5.84308062e+01 4.95624425e-01 6.15207569e-02 -1.97899860e+01
7.72175939e-317 -1.44655505e+03 6.17371720e+01 3.42838442e-01 4.60524799e-02 -1.95457879e+01
9.27554096e-316 -1.44359490e+03 8.09654963e+01 2.20786690e-01 2.97582779e-02 -1.89705871e+01
9.01562414e-315 -1.44136947e+03 8.07919845e+01 4.95650075e-01 2.85997672e-02 -1.89707870e+01
5.05368088e-314 -1.43971474e+03 7.63650152e+01 4.21051208e-01 3.09083320e-02 -1.91613282e+01
8.78782106e-314 -1.43963947e+03 8.24645010e+01 3.62161233e-01 3.15081030e-02 -1.88607621e+01
2.25395261e-313 -1.43826317e+03 5.42800203e+01 1.17753685e-01 6.44671316e-02 -2.00065119e+01
6.60045203e-313 -1.43727733e+03 8.53095691e+01 2.99575400e-01 3.66701101e-02 -1.89594849e+01
1.50655107e-312 -1.43651437e+03 5.12018071e+01 2.55336071e-01 7.43240936e-02 -2.00285586e+01
3.80594935e-312 -1.43551500e+03 5.52786733e+01 1.09222428e-01 5.96824100e-02 -1.99084765e+01
2.17202683e-311 -1.43359313e+03 8.97236173e+01 2.52040504e-01 3.26141087e-02 -1.88538790e+01
4.83882060e-311 -1.43314697e+03 5.17217237e+01 4.64279559e-01 7.28146338e-02 -1.99485925e+01
2.03836394e-310 -1.43136662e+03 6.81879433e+01 2.12299953e-01 3.68697811e-02 -1.94236821e+01
6.76111047e-310 -1.43030570e+03 7.66011071e+01 1.52214658e-01 3.58172571e-02 -1.90858386e+01
3.58322787e-309 -1.42848795e+03 5.68817197e+01 3.91297029e-01 6.17662983e-02 -1.96632714e+01
6.91761044e-309 -1.42826358e+03 6.20363608e+01 4.80204778e-01 4.54054097e-02 -1.95369476e+01
5.58076942e-308 -1.42565632e+03 8.49449852e+01 3.55180331e-01 3.21485092e-02 -1.90241775e+01
9.21863789e-307 -1.42283519e+03 5.85950420e+01 1.52838399e-01 5.54270448e-02 -1.96884590e+01
4.63454706e-305 -1.41887544e+03 8.30688639e+01 2.42779186e-01 2.79155871e-02 -1.90703407e+01
1.23142717e-304 -1.41833500e+03 6.74132459e+01 3.78415694e-01 4.90249528e-02 -1.95414877e+01
1.15478549e-303 -1.41570387e+03 8.90596564e+01 4.21035548e-01 2.51316953e-02 -1.88214483e+01
8.09632835e-303 -1.41382579e+03 7.09823107e+01 3.78546041e-01 3.65720815e-02 -1.92113060e+01
1.22597150e-301 -1.41102149e+03 5.98162648e+01 1.75865073e-01 6.95602720e-02 -1.98155659e+01
2.85907149e-301 -1.41062841e+03 7.02984137e+01 3.42446338e-01 5.53251663e-02 -1.92948420e+01
5.29577519e-301 -1.40988037e+03 8.62154083e+01 1.81001016e-01 3.25556370e-02 -1.90317261e+01
2.04148647e-300 -1.40833315e+03 6.44965009e+01 1.91436345e-01 4.14924827e-02 -1.95381656e+01
3.58045239e-300 -1.40820721e+03 5.31380658e+01 4.02993232e-01 6.66393898e-02 -1.98877868e+01
7.45758601e-300 -1.40713142e+03 8.63589895e+01 4.65362426e-01 2.73590157e-02 -1.89076702e+01
1.38362042e-298 -1.40395489e+03 6.27899881e+01 2.79484650e-01 6.81301080e-02 -1.95537350e+01
8.63764040e-298 -1.40224562e+03 6.37738272e+01 3.13531461e-01 5.22139445e-02 -1.96763986e+01
1.91286347e-297 -1.40176065e+03 7.63572330e+01 2.55514818e-01 4.41625169e-02 -1.90719199e+01
2.70114957e-297 -1.40150666e+03 5.85973993e+01 4.58760264e-01 6.74865715e-02 -1.97862868e+01
1.24479453e-294 -1.39479731e+03 7.14022463e+01 1.86893683e-01 4.30559649e-02 -1.94771650e+01
5.80010674e-293 -1.39097287e+03 8.56173398e+01 3.84244519e-01 3.61050421e-02 -1.88926245e+01
1.05807747e-291 -1.38809915e+03 7.99175928e+01 1.67678207e-01 3.88428066e-02 -1.92072579e+01
8.49831440e-291 -1.38608240e+03 8.00775687e+01 3.20896476e-01 3.78465435e-02 -1.91650839e+01
2.45255910e-288 -1.38029216e+03 6.58751382e+01 3.71185791e-01 6.21109839e-02 -1.94223962e+01
6.53414442e-288 -1.37977261e+03 6.54800641e+01 3.83073293e-01 5.23290195e-02 -1.95965127e+01
1.97257345e-287 -1.37842962e+03 5.89023079e+01 4.10806860e-01 6.32349258e-02 -1.95679843e+01
9.03408460e-287 -1.37686210e+03 8.11121583e+01 1.12043791e-01 3.19253585e-02 -1.91729808e+01
2.82161104e-286 -1.37583703e+03 6.89685629e+01 3.44356552e-01 5.32370173e-02 -1.94703398e+01
3.89350705e-284 -1.37060528e+03 6.73616786e+01 3.22271112e-01 4.39275776e-02 -1.95438229e+01
1.54083831e-283 -1.36950938e+03 5.24194478e+01 2.41000636e-01 7.55858296e-02 -2.00396943e+01
3.15096137e-283 -1.36895690e+03 5.47003368e+01 3.52934527e-01 6.83781845e-02 -1.99416555e+01
9.77387592e-283 -1.36759506e+03 7.46061416e+01 4.44164631e-01 3.28130895e-02 -1.92063191e+01
4.69360947e-282 -1.36597516e+03 6.08939006e+01 1.78271201e-01 5.59101117e-02 -1.95679393e+01
1.96029384e-281 -1.36458393e+03 6.67014988e+01 1.71571972e-01 4.66318417e-02 -1.96193859e+01
5.54813815e-281 -1.36364936e+03 7.61839292e+01 4.35068142e-01 4.64107810e-02 -1.91260640e+01
2.41261278e-278 -1.35724139e+03 8.71028259e+01 2.51581234e-01 2.57181947e-02 -1.89266348e+01
1.38120407e-277 -1.35568252e+03 5.51303795e+01 3.97170426e-01 7.04978911e-02 -1.99159851e+01
2.88404382e-277 -1.35525349e+03 6.67090008e+01 4.10792709e-01 4.36912059e-02 -1.93138209e+01
2.54544403e-276 -1.35264184e+03 5.85417887e+01 4.64138383e-01 7.45777100e-02 -1.97092721e+01
7.13875088e-276 -1.35193852e+03 5.28740601e+01 3.80342513e-01 6.88247049e-02 -1.99279535e+01
1.49675843e-275 -1.35117546e+03 5.55605255e+01 4.46773516e-01 7.07255337e-02 -1.98848534e+01
2.21225249e-275 -1.35101473e+03 7.11615001e+01 2.27726712e-01 3.46461935e-02 -1.93372689e+01
9.33954924e-274 -1.34666540e+03 5.42748920e+01 1.19350046e-01 7.53637902e-02 -1.98803064e+01
2.53012971e-273 -1.34610396e+03 6.60410598e+01 1.02524044e-01 4.30789170e-02 -1.94801823e+01
1.03258446e-272 -1.34441196e+03 5.46891594e+01 4.88746881e-01 6.35599762e-02 -1.98472574e+01
2.58948729e-272 -1.34372912e+03 6.59931932e+01 3.12470256e-01 5.87342310e-02 -1.93723892e+01
5.38520534e-271 -1.34031446e+03 8.13134783e+01 1.12196220e-01 2.99834444e-02 -1.91069106e+01
2.33241262e-270 -1.33906499e+03 8.09958247e+01 1.09482396e-01 3.93051355e-02 -1.90767342e+01
9.48323415e-270 -1.33761835e+03 7.33937404e+01 3.60555553e-01 4.60512180e-02 -1.93353747e+01
3.28049270e-269 -1.33642817e+03 6.48809413e+01 2.83927255e-01 4.32049315e-02 -1.95913560e+01
1.75142897e-265 -1.32757664e+03 5.61043213e+01 2.40421110e-01 5.90409835e-02 -1.98892971e+01
6.52529651e-264 -1.32398245e+03 7.55554595e+01 3.78043437e-01 4.24206973e-02 -1.92704497e+01
3.45113589e-263 -1.32248902e+03 5.63760101e+01 1.11490378e-01 6.12720120e-02 -1.98163781e+01
5.55702115e-260 -1.31489947e+03 6.63791257e+01 4.81269459e-01 4.18588981e-02 -1.94666501e+01
2.53152307e-258 -1.31109882e+03 7.16521461e+01 4.17958968e-01 4.95714721e-02 -1.91694586e+01
6.31791410e-258 -1.31065413e+03 8.49857851e+01 2.86640361e-01 3.61065487e-02 -1.89719479e+01
8.24512032e-258 -1.31051546e+03 7.06218376e+01 3.33245557e-01 3.89498905e-02 -1.94193595e+01
9.43381313e-258 -1.31037803e+03 8.72204458e+01 1.23364315e-01 2.81205532e-02 -1.89140423e+01
1.04389025e-257 -1.31030302e+03 8.14846980e+01 2.52829243e-01 2.83320564e-02 -1.90657216e+01
3.38967922e-257 -1.30863900e+03 7.13216142e+01 1.77755482e-01 5.23714490e-02 -1.92951952e+01
9.35774524e-257 -1.30780852e+03 6.31445362e+01 4.20594763e-01 5.81961765e-02 -1.94158080e+01
2.03953222e-256 -1.30704778e+03 6.35408291e+01 1.82482155e-01 4.64157373e-02 -1.96771086e+01
4.30043653e-256 -1.30630384e+03 5.53656783e+01 1.89752472e-01 6.77398982e-02 -1.98039908e+01
6.33731985e-256 -1.30613729e+03 5.56520239e+01 3.56334824e-01 6.27042841e-02 -1.98846838e+01
6.07711014e-255 -1.30331790e+03 5.91962787e+01 4.86110209e-01 5.66688693e-02 -1.95682891e+01
1.07092355e-253 -1.30044233e+03 7.00049355e+01 2.23331721e-01 4.31402538e-02 -1.92481593e+01
2.73008100e-253 -1.29991053e+03 6.52050237e+01 3.43275810e-01 4.36462530e-02 -1.95658222e+01
4.38007758e-253 -1.29946872e+03 8.43443730e+01 3.71197534e-01 3.68141208e-02 -1.89194432e+01
2.04975390e-252 -1.29756455e+03 7.60457826e+01 3.49987556e-01 3.50308584e-02 -1.92564850e+01
4.80784719e-252 -1.29703162e+03 6.15831894e+01 3.74825746e-01 6.72753371e-02 -1.95301958e+01
7.46538417e-252 -1.29664483e+03 7.41007640e+01 1.76592413e-01 3.68830897e-02 -1.93699882e+01
1.30432632e-251 -1.29598025e+03 7.47923005e+01 2.47499620e-01 4.78310581e-02 -1.91756565e+01
2.32371962e-251 -1.29544544e+03 7.42997978e+01 2.30679756e-01 3.27633851e-02 -1.92189165e+01
8.78982602e-251 -1.29383232e+03 6.97973284e+01 1.36601935e-01 3.73568066e-02 -1.94283751e+01
2.76382320e-250 -1.29280862e+03 6.98126287e+01 3.74076153e-01 5.05510750e-02 -1.92205016e+01
5.79866561e-250 -1.29218733e+03 6.91530323e+01 3.01121372e-01 4.37253876e-02 -1.94957269e+01
2.62654541e-247 -1.28563964e+03 8.84058760e+01 2.53351894e-01 3.28036061e-02 -1.88787718e+01
7.05903323e-247 -1.28510878e+03 8.48054761e+01 1.56292234e-01 3.21526685e-02 -1.90631566e+01
1.88878928e-245 -1.28137985e+03 6.11916060e+01 2.71716939e-01 6.57002767e-02 -1.95497677e+01
5.15008108e-245 -1.28079126e+03 7.44861294e+01 4.03914754e-01 4.77449882e-02 -1.92188509e+01
1.21690699e-244 -1.27980291e+03 6.77819138e+01 4.39626238e-01 5.42980670e-02 -1.92789703e+01
2.50607443e-243 -1.27649409e+03 5.40625817e+01 3.96055040e-01 6.65655040e-02 -1.98935357e+01
5.18456465e-243 -1.27635295e+03 5.85625001e+01 4.70200343e-01 6.55775848e-02 -1.97710055e+01
6.44232268e-243 -1.27606825e+03 5.49483459e+01 1.86743858e-01 6.48148146e-02 -1.98536240e+01
1.66763525e-242 -1.27480105e+03 7.75908168e+01 1.46657652e-01 4.36386185e-02 -1.92068279e+01
2.71758681e-242 -1.27470984e+03 7.25083334e+01 3.08746469e-01 5.12610471e-02 -1.92577204e+01
7.58522839e-242 -1.27323810e+03 6.87061690e+01 3.04222068e-01 5.57393060e-02 -1.93211774e+01
3.54536744e-241 -1.27167659e+03 5.39847730e+01 3.65717514e-01 6.71410891e-02 -1.99120748e+01
1.13093869e-240 -1.27062156e+03 6.75590186e+01 1.89995706e-01 4.17658660e-02 -1.93755382e+01
1.97668844e-240 -1.27031096e+03 7.83353877e+01 4.38675253e-01 3.09448559e-02 -1.90396756e+01
4.42659156e-240 -1.26924838e+03 6.06835906e+01 2.79574486e-01 5.28169907e-02 -1.97520104e+01
6.66004843e-240 -1.26921763e+03 8.20608591e+01 3.02383758e-01 3.78833361e-02 -1.90716957e+01
9.46998122e-239 -1.26591806e+03 5.33603615e+01 2.43502393e-01 7.82451296e-02 -1.98993369e+01
5.94645789e-238 -1.26420739e+03 5.80354777e+01 3.37627117e-01 6.58249147e-02 -1.96377369e+01
2.48465750e-236 -1.26032582e+03 7.01099436e+01 2.94090367e-01 5.46725617e-02 -1.93299946e+01
9.84005736e-236 -1.25920889e+03 7.32049428e+01 4.30140544e-01 3.78153976e-02 -1.91165887e+01
1.54870364e-235 -1.25911727e+03 6.86351865e+01 2.29924086e-01 5.30021922e-02 -1.95106968e+01
1.97159487e-235 -1.25875069e+03 5.44995028e+01 1.91260528e-01 6.53617711e-02 -1.98901726e+01
6.47401300e-235 -1.25722942e+03 7.28038815e+01 3.54087102e-01 4.35829885e-02 -1.93634482e+01
1.30535716e-234 -1.25684762e+03 7.42774506e+01 3.02887290e-01 3.75818439e-02 -1.93294912e+01
1.70112007e-234 -1.25666522e+03 8.49124818e+01 4.11191960e-01 3.24746627e-02 -1.88191748e+01
1.95419107e-234 -1.25655814e+03 6.22972401e+01 1.30650915e-01 5.01214129e-02 -1.97353457e+01
2.21014971e-234 -1.25641467e+03 5.45210861e+01 2.70080670e-01 6.43296674e-02 -1.99077262e+01
4.17593073e-234 -1.25548326e+03 8.12601387e+01 1.02617502e-01 3.54221572e-02 -1.90366786e+01
7.59630275e-234 -1.25504874e+03 6.18659779e+01 1.23740521e-01 6.31665197e-02 -1.95807003e+01
2.18507434e-233 -1.25372564e+03 7.91677609e+01 1.93112629e-01 3.03660348e-02 -1.90867957e+01
9.41823164e-233 -1.25222684e+03 7.28484662e+01 3.78513965e-01 4.88056773e-02 -1.93039728e+01
2.65231619e-232 -1.25132800e+03 7.06184463e+01 3.65715436e-01 5.28571270e-02 -1.93545533e+01
4.53385910e-232 -1.25098213e+03 7.96891108e+01 4.55673918e-01 3.27523424e-02 -1.91010927e+01
1.33761306e-231 -1.24958225e+03 5.58634412e+01 1.34796413e-01 7.22003052e-02 -1.99526825e+01
4.11064437e-231 -1.24853711e+03 8.83174712e+01 2.77996866e-01 2.84717580e-02 -1.89257537e+01
6.16031605e-231 -1.24850527e+03 5.36925843e+01 3.51623276e-01 7.87475296e-02 -1.99331165e+01
9.18963477e-231 -1.24783922e+03 8.01600005e+01 3.55625134e-01 4.03362510e-02 -1.89859770e+01
1.57673044e-230 -1.24736555e+03 8.92352451e+01 3.17197501e-01 2.71281327e-02 -1.87639562e+01
2.47746991e-230 -1.24692201e+03 5.39473594e+01 4.29301575e-01 6.79869886e-02 -1.98650410e+01
6.47099714e-230 -1.24572734e+03 8.16978382e+01 2.85479356e-01 3.92029884e-02 -1.90527563e+01
2.05845909e-229 -1.24457737e+03 6.07450114e+01 2.76861448e-01 5.14415564e-02 -1.97357654e+01
3.40086127e-229 -1.24440971e+03 6.32642038e+01 3.57681304e-01 5.40006724e-02 -1.96603478e+01
6.44479240e-229 -1.24348973e+03 7.61685155e+01 1.97292898e-01 4.21901690e-02 -1.92981277e+01
9.19810811e-229 -1.24348708e+03 6.25237147e+01 1.91267703e-01 6.11904425e-02 -1.95209973e+01
1.09816301e-228 -1.24315591e+03 7.31885946e+01 1.44009220e-01 3.47693612e-02 -1.92930056e+01
1.71587429e-228 -1.24262914e+03 5.46385641e+01 1.31055543e-01 7.91814977e-02 -1.99369503e+01
2.36996409e-228 -1.24244338e+03 7.61453432e+01 1.28174806e-01 4.05093178e-02 -1.91302540e+01
7.06642940e-228 -1.24094464e+03 8.20095542e+01 1.70092422e-01 3.35269435e-02 -1.89610684e+01
1.50484158e-227 -1.24046592e+03 5.72097723e+01 3.40078096e-01 7.06457073e-02 -1.96837779e+01
1.49555513e-226 -1.23774795e+03 5.88244757e+01 3.10735392e-01 7.30046007e-02 -1.97477384e+01
4.53224499e-226 -1.23694091e+03 5.80470649e+01 4.53482135e-01 6.24870103e-02 -1.96177210e+01
6.90739569e-225 -1.23389097e+03 6.21475784e+01 2.66045894e-01 6.73991659e-02 -1.96377702e+01
6.35332116e-222 -1.22701826e+03 7.57956996e+01 2.35716647e-01 3.98821333e-02 -1.90833372e+01
1.93247464e-221 -1.22629800e+03 7.91105273e+01 1.02635032e-01 3.43667080e-02 -1.90968751e+01
3.17512465e-221 -1.22592594e+03 7.52889847e+01 3.46003387e-01 3.69948468e-02 -1.90725543e+01
4.74889013e-221 -1.22549738e+03 6.07713096e+01 4.05940543e-01 6.81685938e-02 -1.96669963e+01
8.49465769e-221 -1.22482245e+03 5.50085804e+01 3.18623541e-01 7.51198349e-02 -1.99129462e+01
1.34274556e-220 -1.22449061e+03 6.74970889e+01 2.11335380e-01 5.78954447e-02 -1.94105539e+01
4.45473003e-220 -1.22293936e+03 6.72131515e+01 2.55624467e-01 4.41684764e-02 -1.95524844e+01
1.85090174e-219 -1.22154003e+03 5.54347993e+01 1.00257654e-01 6.62440672e-02 -1.99531797e+01
4.80765008e-219 -1.22072945e+03 6.43028118e+01 4.61875641e-01 6.24049520e-02 -1.95125991e+01
6.65308819e-219 -1.22072369e+03 8.05891956e+01 2.07706956e-01 4.02523237e-02 -1.91002363e+01
2.27902025e-217 -1.21651095e+03 6.37725439e+01 4.50531024e-01 5.91619424e-02 -1.94087493e+01
4.53193269e-217 -1.21648654e+03 7.11879819e+01 4.85748978e-01 4.73786573e-02 -1.91603279e+01
5.36950777e-217 -1.21618728e+03 6.47312902e+01 1.14666074e-01 5.36003258e-02 -1.96796914e+01
1.15719258e-216 -1.21517011e+03 7.73882496e+01 1.83473295e-01 3.27370442e-02 -1.91098788e+01
2.45191521e-216 -1.21453106e+03 6.25994336e+01 3.29946740e-01 6.33074899e-02 -1.94936410e+01
1.22000866e-214 -1.21020995e+03 6.25449726e+01 4.55362978e-01 4.68821831e-02 -1.95342901e+01
2.41900394e-214 -1.21019426e+03 7.65602737e+01 2.63605788e-01 4.30060094e-02 -1.92483765e+01
4.52446567e-214 -1.20919215e+03 6.29205931e+01 4.69853040e-01 6.50982509e-02 -1.95257557e+01
6.60989161e-214 -1.20918827e+03 5.87752541e+01 1.23603636e-01 7.23123052e-02 -1.97574786e+01
6.88088254e-214 -1.20910679e+03 7.17563426e+01 4.46948430e-01 4.47644512e-02 -1.93544006e+01
3.86600934e-212 -1.20443085e+03 5.63113253e+01 1.85732689e-01 7.32945911e-02 -1.97860019e+01
1.75626707e-211 -1.20314979e+03 6.71071209e+01 2.84727943e-01 5.01198376e-02 -1.93243202e+01
3.60913212e-211 -1.20265844e+03 5.70167053e+01 2.09695812e-01 6.67517428e-02 -1.97323423e+01
9.75738720e-210 -1.19890376e+03 8.61907574e+01 4.27195230e-01 3.17560756e-02 -1.88067456e+01
1.93818626e-209 -1.19886487e+03 8.95743179e+01 3.08824111e-01 3.08480289e-02 -1.88128710e+01
2.14126295e-209 -1.19870391e+03 6.65016036e+01 1.09277196e-01 4.36195194e-02 -1.95765239e+01
3.45399162e-209 -1.19801264e+03 5.91069406e+01 1.73841000e-01 6.53430467e-02 -1.98387934e+01
4.92120853e-209 -1.19787667e+03 7.62596362e+01 4.63237743e-01 4.14017663e-02 -1.91984225e+01
2.99158014e-207 -1.19314724e+03 5.40299366e+01 1.62588056e-01 7.12331797e-02 -1.99188487e+01
1.10244630e-206 -1.19214290e+03 7.00037699e+01 2.11548757e-01 5.19571468e-02 -1.92952989e+01
1.66229946e-206 -1.19207806e+03 6.20346879e+01 2.50907484e-01 5.20421923e-02 -1.95291994e+01
4.19539287e-206 -1.19071567e+03 6.59522106e+01 4.48807310e-01 4.34420362e-02 -1.94860546e+01
1.65600181e-205 -1.18933580e+03 5.39886232e+01 1.95622028e-01 7.54446438e-02 -1.99687372e+01
2.88187160e-205 -1.18916573e+03 6.61260304e+01 1.92745284e-01 4.95029190e-02 -1.96164642e+01
4.42331862e-205 -1.18855643e+03 7.19539719e+01 2.11127447e-01 4.36184697e-02 -1.92034179e+01
6.38351345e-205 -1.18834514e+03 5.70599616e+01 2.80102808e-01 7.53975796e-02 -1.98123874e+01
1.06205881e-204 -1.18764172e+03 8.76228907e+01 2.80857039e-01 2.80733204e-02 -1.88162971e+01
6.59063242e-204 -1.18552456e+03 6.45066494e+01 4.76478016e-01 4.47721395e-02 -1.94436689e+01
2.84989698e-203 -1.18417368e+03 5.93297264e+01 4.91356160e-01 5.92006871e-02 -1.95684831e+01
4.54703707e-203 -1.18415834e+03 7.48424961e+01 1.55197262e-01 3.89359734e-02 -1.91546279e+01
1.67029518e-201 -1.17987957e+03 7.05377428e+01 1.67139421e-01 4.29660853e-02 -1.94806223e+01
1.07252875e-200 -1.17816904e+03 5.53156109e+01 3.15567906e-01 6.82131508e-02 -1.99022136e+01
2.92104408e-200 -1.17736859e+03 7.71160405e+01 3.25135630e-01 4.33482952e-02 -1.91837682e+01
5.03212298e-200 -1.17695996e+03 6.33598438e+01 4.01936523e-01 5.99743075e-02 -1.96157033e+01
4.32089972e-199 -1.17436915e+03 6.12757070e+01 3.46251663e-01 4.87209405e-02 -1.96312059e+01
1.54608382e-198 -1.17331861e+03 5.60606765e+01 3.14890112e-01 6.67373309e-02 -1.98829117e+01
1.78431757e-197 -1.17063559e+03 6.18538110e+01 4.64385505e-01 6.26165891e-02 -1.94848505e+01
3.41019158e-197 -1.17058808e+03 6.14707969e+01 1.85677143e-01 6.50569554e-02 -1.95885443e+01
4.21682102e-197 -1.17023478e+03 6.08601710e+01 4.11708012e-01 6.28067581e-02 -1.96987580e+01
7.24759321e-197 -1.16957433e+03 7.37223322e+01 3.44383783e-01 4.45486991e-02 -1.91238497e+01
1.02329806e-196 -1.16943590e+03 5.63064930e+01 3.28771883e-01 6.20803764e-02 -1.98486204e+01
1.27186691e-196 -1.16914855e+03 8.91321047e+01 1.88624928e-01 2.76482151e-02 -1.88478186e+01
1.85970666e-196 -1.16869893e+03 7.06303992e+01 1.95109716e-01 5.29744864e-02 -1.93685344e+01
3.72890314e-196 -1.16786818e+03 5.99462190e+01 2.00685883e-01 7.06069350e-02 -1.97000431e+01
6.69418581e-196 -1.16740695e+03 6.96665796e+01 3.34463239e-01 4.02945171e-02 -1.94300937e+01
1.44645147e-195 -1.16647680e+03 7.44617856e+01 2.78370551e-01 3.34697223e-02 -1.92338920e+01
5.02385393e-195 -1.16512625e+03 5.48239760e+01 3.35398189e-01 7.33494530e-02 -1.98123776e+01
1.08212721e-194 -1.16458328e+03 6.58132957e+01 3.89452644e-01 4.30082832e-02 -1.94099153e+01
3.89378878e-194 -1.16303404e+03 7.09549536e+01 3.79496225e-01 5.00494048e-02 -1.92163317e+01
7.44640962e-194 -1.16275163e+03 7.51132663e+01 3.86229863e-01 3.34858475e-02 -1.91528739e+01
1.56485194e-193 -1.16175904e+03 6.55257397e+01 2.77543734e-01 4.61527222e-02 -1.94062472e+01
3.32998190e-193 -1.16110340e+03 5.75040670e+01 2.33875724e-01 5.73809194e-02 -1.97649973e+01
4.60478244e-193 -1.16100115e+03 6.66809818e+01 3.83814567e-01 5.12612579e-02 -1.95310866e+01
1.36503654e-192 -1.15946225e+03 7.39159456e+01 2.07571139e-01 3.47679565e-02 -1.93079869e+01
5.49006526e-192 -1.15810092e+03 6.56777103e+01 1.05935359e-01 5.21887489e-02 -1.94583285e+01
1.21032947e-191 -1.15752493e+03 5.44617394e+01 1.40253858e-01 7.45067100e-02 -1.99168005e+01
1.63241637e-191 -1.15741702e+03 6.25284981e+01 4.46677217e-01 6.52288886e-02 -1.95332041e+01
1.88738403e-191 -1.15723351e+03 5.87376477e+01 3.53444053e-01 6.56343375e-02 -1.97874258e+01
6.41440921e-191 -1.15557564e+03 7.38052577e+01 1.03452091e-01 4.66890753e-02 -1.92869358e+01
3.78674725e-190 -1.15377529e+03 5.94529328e+01 3.98813776e-01 5.90967977e-02 -1.97491003e+01
8.05169829e-190 -1.15337927e+03 8.04390815e+01 2.74097454e-01 3.84248574e-02 -1.89856206e+01
1.11251336e-189 -1.15310217e+03 7.46574019e+01 1.29310623e-01 3.51402198e-02 -1.92965749e+01
1.54593497e-189 -1.15272991e+03 7.06101194e+01 2.76462857e-01 3.69758576e-02 -1.93658689e+01
9.29555947e-189 -1.15051172e+03 5.50015110e+01 3.52263992e-01 6.81522126e-02 -1.98107073e+01
6.68435513e-188 -1.14856582e+03 7.75736752e+01 1.83008765e-01 3.69842497e-02 -1.90723821e+01
2.38214283e-187 -1.14743880e+03 6.86472855e+01 3.98142498e-01 5.53377728e-02 -1.93747610e+01
6.50686706e-187 -1.14647236e+03 6.05341471e+01 3.91914844e-01 5.54444868e-02 -1.95515877e+01
1.06023855e-186 -1.14624379e+03 8.34822316e+01 2.18778751e-01 2.94866082e-02 -1.89506033e+01
1.84907229e-186 -1.14548199e+03 7.44430497e+01 1.78232568e-01 4.00514458e-02 -1.91558124e+01
2.54315067e-186 -1.14545813e+03 5.69324239e+01 3.81378945e-01 7.46264714e-02 -1.97584826e+01
6.58558958e-186 -1.14403862e+03 5.85990961e+01 4.09059206e-01 6.39212249e-02 -1.97726119e+01
1.19989478e-185 -1.14379948e+03 6.60662110e+01 2.00987518e-01 5.91169182e-02 -1.94562870e+01
1.28727143e-184 -1.14089595e+03 5.46288673e+01 2.09935745e-01 6.80381668e-02 -1.98977022e+01
3.34296924e-184 -1.14033721e+03 5.47275226e+01 3.40848379e-01 7.02848456e-02 -1.98945309e+01
5.50122474e-184 -1.13987008e+03 7.88492088e+01 4.66279014e-01 3.21706272e-02 -1.90174390e+01
7.74791693e-184 -1.13960863e+03 5.65720458e+01 1.93974278e-01 6.08518087e-02 -1.98153292e+01
9.75914820e-184 -1.13939609e+03 6.75057972e+01 1.33848703e-01 5.03583898e-02 -1.93839186e+01
1.51448301e-183 -1.13879949e+03 7.62902107e+01 2.00085763e-01 3.81003408e-02 -1.92931219e+01
6.35779382e-183 -1.13708904e+03 7.32969722e+01 1.19653591e-01 4.05293067e-02 -1.93924960e+01
1.34775579e-182 -1.13667599e+03 6.86555702e+01 1.57823342e-01 4.70793694e-02 -1.93337818e+01
2.52526277e-182 -1.13592281e+03 5.56682943e+01 2.49903011e-01 6.46021420e-02 -1.98202009e+01
1.39655566e-181 -1.13395409e+03 5.57973135e+01 4.14650897e-01 7.41902720e-02 -1.97696542e+01
8.86943802e-181 -1.13211961e+03 7.30682725e+01 1.36592731e-01 4.07097155e-02 -1.92225343e+01
2.42105095e-180 -1.13134206e+03 5.78666213e+01 3.19638239e-01 5.66068779e-02 -1.97487340e+01
4.68871131e-180 -1.13073447e+03 6.93931588e+01 4.91426937e-01 4.90135809e-02 -1.93937106e+01
6.80765112e-180 -1.13051116e+03 7.74913101e+01 4.78339835e-01 3.69740947e-02 -1.89982879e+01
1.15266348e-179 -1.12978958e+03 7.55263122e+01 3.46951501e-01 4.57824423e-02 -1.91770870e+01
2.52009672e-179 -1.12897436e+03 5.98473393e+01 3.79157583e-01 6.84240853e-02 -1.96087305e+01
3.80015845e-178 -1.12593820e+03 5.68649959e+01 4.52726144e-01 6.12574061e-02 -1.97647480e+01
7.55552452e-178 -1.12585144e+03 7.38783299e+01 1.76310320e-01 3.67573231e-02 -1.92029957e+01
9.82678273e-178 -1.12544501e+03 7.73987387e+01 1.45400198e-01 3.98791971e-02 -1.92564728e+01
5.86225123e-177 -1.12325091e+03 7.09556001e+01 4.02932084e-01 3.98539687e-02 -1.92099570e+01
1.12171627e-176 -1.12312532e+03 7.02076029e+01 1.73848328e-01 4.99338499e-02 -1.92984027e+01
5.02468069e-176 -1.12111599e+03 8.84211783e+01 2.53321570e-01 3.10626201e-02 -1.88574897e+01
6.47674818e-175 -1.11850102e+03 7.28587064e+01 1.60699543e-01 4.89032299e-02 -1.92893474e+01
1.46577723e-174 -1.11813858e+03 7.59018627e+01 4.07042357e-01 4.48159173e-02 -1.91499787e+01
2.82515594e-174 -1.11731452e+03 5.90366955e+01 4.07063974e-01 5.46186604e-02 -1.96823289e+01
1.34126712e-173 -1.11554758e+03 6.60277331e+01 2.63232477e-01 4.91660463e-02 -1.95880598e+01
2.28474090e-173 -1.11554648e+03 7.64784241e+01 3.27166603e-01 4.06611021e-02 -1.92374989e+01
2.33299060e-173 -1.11549968e+03 6.89797991e+01 1.04176917e-01 4.22245257e-02 -1.94973683e+01
4.14293191e-173 -1.11459062e+03 7.44584876e+01 4.18624887e-01 4.19828462e-02 -1.90880320e+01
9.88896217e-173 -1.11373204e+03 6.29485020e+01 1.75556158e-01 4.88498076e-02 -1.95576665e+01
1.53647988e-172 -1.11353358e+03 6.80384892e+01 2.29774398e-01 5.65131396e-02 -1.94333503e+01
1.78783185e-172 -1.11341599e+03 6.20707415e+01 3.46587789e-01 5.40358193e-02 -1.96795591e+01
2.71066377e-172 -1.11278808e+03 5.56871034e+01 4.85675955e-01 6.86251291e-02 -1.97607311e+01
4.43296593e-172 -1.11237164e+03 7.85557749e+01 1.19969505e-01 3.78343012e-02 -1.91043201e+01
8.03202877e-172 -1.11167020e+03 8.15418576e+01 3.21386990e-01 3.69692928e-02 -1.90713408e+01
6.98956240e-171 -1.10918025e+03 6.38285219e+01 2.25509039e-01 4.85722420e-02 -1.94919215e+01
3.23354879e-169 -1.10528303e+03 5.59133650e+01 3.20200421e-01 7.47613686e-02 -1.98320851e+01
1.14831897e-168 -1.10431399e+03 7.03669420e+01 3.37215479e-01 4.82250555e-02 -1.94171896e+01
1.71715432e-168 -1.10424666e+03 8.26561880e+01 2.19780178e-01 3.37156282e-02 -1.90879688e+01
2.51048496e-168 -1.10363785e+03 5.91392779e+01 2.40047019e-01 7.09541913e-02 -1.97148345e+01
9.30738713e-168 -1.10208111e+03 5.77461989e+01 2.63085553e-01 5.92769866e-02 -1.98180430e+01
1.59529333e-167 -1.10200205e+03 6.21947215e+01 3.03727497e-01 6.54315185e-02 -1.95660539e+01
5.25817379e-167 -1.10032258e+03 7.19199648e+01 3.09952059e-01 4.22593539e-02 -1.91842020e+01
1.79692670e-165 -1.09664169e+03 5.81429435e+01 4.66514911e-01 6.03173577e-02 -1.96512471e+01
8.94603665e-165 -1.09522560e+03 5.88092907e+01 4.68120811e-01 6.83023398e-02 -1.97105820e+01
3.03367519e-164 -1.09405373e+03 7.60340235e+01 1.84513970e-01 3.34298603e-02 -1.92105470e+01
4.91557146e-164 -1.09393207e+03 7.02943986e+01 4.54102580e-01 5.17549924e-02 -1.92667623e+01
3.23721261e-163 -1.09149336e+03 8.49574178e+01 1.56142165e-01 3.03796567e-02 -1.89904386e+01
9.62810788e-163 -1.09068486e+03 6.45165811e+01 3.58530312e-01 5.29679113e-02 -1.94066920e+01
3.06170606e-162 -1.08940059e+03 7.07875196e+01 3.04102407e-01 3.93981632e-02 -1.93956783e+01
4.85178281e-162 -1.08937090e+03 5.66781030e+01 2.76193974e-01 6.64175482e-02 -1.97499157e+01
5.12723461e-162 -1.08928511e+03 7.33398318e+01 2.18983710e-01 3.51315349e-02 -1.92805793e+01
5.37953879e-162 -1.08926642e+03 7.44825507e+01 4.37424490e-01 4.14490659e-02 -1.90871265e+01
6.15527924e-162 -1.08902365e+03 6.40219227e+01 3.31410534e-01 5.73203689e-02 -1.96162149e+01
3.74086752e-161 -1.08673302e+03 5.84705373e+01 2.53899505e-01 5.67381578e-02 -1.97141983e+01
9.50921270e-161 -1.08614049e+03 8.36878109e+01 2.88171104e-01 3.27383695e-02 -1.90326218e+01
1.49568350e-160 -1.08576844e+03 6.48852378e+01 1.46973086e-01 6.02238374e-02 -1.95877445e+01
2.76543772e-160 -1.08501050e+03 5.79944824e+01 4.40915422e-01 5.85769814e-02 -1.96978092e+01
2.04126032e-159 -1.08272033e+03 6.08175935e+01 1.03973167e-01 6.54259626e-02 -1.97460953e+01
3.96091819e-159 -1.08258579e+03 8.73722513e+01 2.21966612e-01 3.10468459e-02 -1.88758513e+01
4.60844931e-159 -1.08241372e+03 5.57823564e+01 2.45550068e-01 7.01332646e-02 -1.98087154e+01
1.88931952e-158 -1.08053022e+03 7.35041434e+01 4.41568361e-01 3.60117603e-02 -1.91791892e+01
3.38117323e-158 -1.08046385e+03 7.37286412e+01 1.74858072e-01 4.24027202e-02 -1.93673201e+01
6.28062308e-158 -1.07950536e+03 6.66743364e+01 2.10685164e-01 4.68690936e-02 -1.95737588e+01
1.16353164e-157 -1.07905331e+03 6.76666275e+01 1.35431114e-01 5.54378426e-02 -1.95045047e+01
1.39713871e-156 -1.07612404e+03 6.04885355e+01 3.29062568e-01 5.72262884e-02 -1.95725227e+01
3.05463847e-156 -1.07585335e+03 6.66883739e+01 3.60428938e-01 5.39630320e-02 -1.95147877e+01
3.73766636e-156 -1.07570129e+03 8.74764323e+01 2.66192013e-01 2.92504054e-02 -1.89102223e+01
4.17437715e-156 -1.07562151e+03 6.46690868e+01 2.76643539e-01 5.53694949e-02 -1.94289763e+01
5.01324650e-156 -1.07534576e+03 5.61565073e+01 1.99518119e-01 6.37660339e-02 -1.98468431e+01
8.02169407e-156 -1.07474475e+03 7.28661746e+01 2.35145659e-01 3.90612928e-02 -1.93690945e+01
2.26421219e-155 -1.07352548e+03 5.55811592e+01 3.95280730e-01 6.86028549e-02 -1.98274420e+01
3.64191752e-155 -1.07343872e+03 7.35203796e+01 1.07138010e-01 4.51745791e-02 -1.93490200e+01
4.65515565e-155 -1.07306140e+03 5.73700198e+01 2.92466066e-01 5.97649194e-02 -1.97999300e+01
5.95340306e-155 -1.07291040e+03 6.50004879e+01 2.57614049e-01 6.08952404e-02 -1.95073168e+01
1.62565860e-154 -1.07150051e+03 5.67815025e+01 3.86895898e-01 6.20405692e-02 -1.97741929e+01
4.59914512e-154 -1.07057166e+03 6.99666044e+01 3.51835949e-01 5.03816664e-02 -1.92561480e+01
8.29878001e-154 -1.07014929e+03 6.99598621e+01 1.24305947e-01 4.96947082e-02 -1.94709905e+01
1.01903606e-153 -1.07011044e+03 7.68324177e+01 3.19174048e-01 4.19917721e-02 -1.90752886e+01
1.05525189e-153 -1.07007277e+03 6.97272000e+01 4.44345015e-01 5.00440866e-02 -1.92405423e+01
1.41831037e-153 -1.06957369e+03 6.35598859e+01 2.44145102e-01 6.28371168e-02 -1.95972935e+01
2.15833378e-152 -1.06641509e+03 6.15932370e+01 2.42400010e-01 5.12514582e-02 -1.96954909e+01
3.65038658e-151 -1.06360026e+03 6.15675283e+01 1.08885784e-01 5.54001484e-02 -1.96265329e+01
2.95036479e-150 -1.06157275e+03 5.69851604e+01 1.84970200e-01 6.24457817e-02 -1.97957332e+01
5.37649844e-150 -1.06150592e+03 5.91519175e+01 4.12755320e-01 6.10227301e-02 -1.97377937e+01
6.15976801e-150 -1.06130323e+03 7.94563953e+01 3.96247293e-01 3.26358673e-02 -1.90032323e+01
8.21783982e-150 -1.06094448e+03 8.06589786e+01 2.26794664e-01 3.89968328e-02 -1.90629459e+01
9.93287088e-150 -1.06088633e+03 7.25949912e+01 2.69425005e-01 4.90840938e-02 -1.92516332e+01
1.06289223e-149 -1.06080324e+03 7.73747222e+01 3.19095187e-01 4.25195536e-02 -1.90911388e+01
1.18205065e-149 -1.06066988e+03 6.06180745e+01 2.51001241e-01 5.83196036e-02 -1.95892266e+01
1.30489262e-149 -1.06059578e+03 7.09959640e+01 2.93942988e-01 5.09782491e-02 -1.93540428e+01
2.71607036e-149 -1.05948800e+03 5.68471115e+01 2.03300106e-01 6.93442022e-02 -1.98675484e+01
6.21996685e-149 -1.05876694e+03 7.10064242e+01 1.04400363e-01 4.93898040e-02 -1.93620679e+01
1.05515612e-148 -1.05834190e+03 7.75949763e+01 2.21331293e-01 3.24949949e-02 -1.91451665e+01
1.99386690e-148 -1.05758325e+03 8.69185923e+01 3.20783677e-01 2.92006549e-02 -1.88559024e+01
4.80207562e-148 -1.05664791e+03 8.13381003e+01 4.94219696e-01 3.43986167e-02 -1.89335440e+01
1.67613811e-147 -1.05529298e+03 5.61740109e+01 4.10596471e-01 7.09696520e-02 -1.97978924e+01
2.79498354e-147 -1.05519344e+03 5.76037756e+01 4.31017874e-01 6.63256398e-02 -1.96778240e+01
3.08273038e-147 -1.05509052e+03 6.72417630e+01 3.03562342e-01 4.19268353e-02 -1.93956227e+01
7.05848195e-147 -1.05387562e+03 6.18265077e+01 2.48048479e-01 6.09396938e-02 -1.97072737e+01
2.80590268e-146 -1.05244722e+03 6.32615847e+01 4.75231679e-01 4.83707825e-02 -1.94975526e+01
1.23370962e-145 -1.05095008e+03 7.27077490e+01 3.00811958e-01 4.13793255e-02 -1.91716020e+01
2.33719773e-145 -1.05066784e+03 8.41501457e+01 2.10520682e-01 3.42507894e-02 -1.89530056e+01
9.16520973e-145 -1.04889263e+03 6.01177195e+01 1.71396011e-01 6.14833441e-02 -1.96420452e+01
1.86226133e-144 -1.04856758e+03 5.70425708e+01 2.27956621e-01 6.39798851e-02 -1.98524176e+01
3.36436464e-144 -1.04781511e+03 5.84152038e+01 3.96660564e-01 6.19416491e-02 -1.96500738e+01
4.93404618e-144 -1.04766256e+03 5.61800747e+01 2.28469854e-01 6.58941782e-02 -1.98673505e+01
1.66052594e-143 -1.04599947e+03 7.42657077e+01 1.44726027e-01 3.70295781e-02 -1.92259675e+01
7.72562161e-143 -1.04448372e+03 8.33378488e+01 1.57934948e-01 3.43174247e-02 -1.90176325e+01
1.47217115e-142 -1.04419714e+03 7.06856464e+01 4.02729783e-01 4.82222325e-02 -1.92184838e+01
2.08973951e-142 -1.04379597e+03 6.65396790e+01 1.65628808e-01 4.88179028e-02 -1.95886756e+01
3.10924473e-142 -1.04339564e+03 7.78831832e+01 4.31687107e-01 3.69539176e-02 -1.90104452e+01
4.78312327e-142 -1.04293963e+03 6.50446712e+01 3.22326280e-01 4.76292252e-02 -1.95733458e+01
4.69152566e-141 -1.04022635e+03 7.77544888e+01 1.02440699e-01 3.76259180e-02 -1.92032169e+01
9.40539824e-141 -1.04009108e+03 6.68468039e+01 4.23604882e-01 5.06628767e-02 -1.94933379e+01
1.09669200e-140 -1.03991561e+03 7.24308276e+01 4.64063028e-01 4.21502364e-02 -1.93014182e+01
1.22692833e-140 -1.03985328e+03 7.17917819e+01 1.93564994e-01 4.83627973e-02 -1.93867302e+01
1.48492945e-140 -1.03954929e+03 6.88099902e+01 1.64144855e-01 4.44870831e-02 -1.95117296e+01
1.92477466e-140 -1.03931806e+03 6.06894464e+01 1.55311501e-01 6.64979298e-02 -1.97192180e+01
2.79978195e-140 -1.03883711e+03 6.58468923e+01 3.13236660e-01 4.75480413e-02 -1.93913953e+01
4.42731287e-140 -1.03838770e+03 7.71469784e+01 3.80624603e-01 3.62521711e-02 -1.90418803e+01
5.61270941e-140 -1.03830751e+03 6.57364918e+01 1.17176288e-01 4.72403016e-02 -1.94906599e+01
7.23074760e-140 -1.03791173e+03 8.63425940e+01 2.53363445e-01 3.13060485e-02 -1.89373778e+01
9.62937673e-140 -1.03770016e+03 7.45563752e+01 3.81009773e-01 4.39184702e-02 -1.92504508e+01
1.08744994e-139 -1.03765130e+03 6.50286750e+01 3.76860347e-01 4.56150604e-02 -1.95236954e+01
1.61446572e-139 -1.03700517e+03 5.80314328e+01 4.48829425e-01 6.93782572e-02 -1.96917796e+01
4.79886793e-139 -1.03573956e+03 7.35347115e+01 1.94784542e-01 4.27482139e-02 -1.91893178e+01
1.25749168e-138 -1.03487637e+03 6.71517219e+01 3.65891120e-01 4.21248515e-02 -1.94377001e+01
1.77302113e-138 -1.03486504e+03 6.77633066e+01 4.84902283e-01 4.98280433e-02 -1.94371285e+01
2.24245140e-138 -1.03444392e+03 5.71996537e+01 4.67074271e-01 6.45657948e-02 -1.97120912e+01
2.80813335e-138 -1.03436599e+03 7.86881118e+01 2.75398168e-01 3.98081138e-02 -1.90471890e+01
7.50196166e-138 -1.03294050e+03 8.23110307e+01 3.73077808e-01 3.07519352e-02 -1.89870555e+01
1.33879790e-137 -1.03274085e+03 5.69562838e+01 1.92375521e-01 6.65592689e-02 -1.97820764e+01
1.51686047e-137 -1.03267523e+03 5.69078278e+01 1.55714220e-01 6.62050217e-02 -1.98693271e+01
1.84887908e-137 -1.03236172e+03 6.11466528e+01 2.73200016e-01 5.34905839e-02 -1.97064472e+01
9.21405670e-137 -1.03032640e+03 7.91805115e+01 1.14076845e-01 3.63407137e-02 -1.91351634e+01
1.71333049e-136 -1.03022257e+03 8.33704130e+01 2.91955823e-01 2.99039884e-02 -1.89653179e+01
2.95522508e-136 -1.02939379e+03 6.10763293e+01 1.10690827e-01 6.21879235e-02 -1.96513554e+01
4.21758350e-136 -1.02933830e+03 6.96648467e+01 1.06670185e-01 4.92328027e-02 -1.93690503e+01
1.61584688e-135 -1.02746951e+03 6.20230742e+01 1.62103119e-01 5.93790136e-02 -1.97245261e+01
4.14516182e-135 -1.02679094e+03 8.21620122e+01 3.15558528e-01 3.14570861e-02 -1.90420646e+01
5.62432959e-135 -1.02674020e+03 7.31418268e+01 1.46767368e-01 4.42084210e-02 -1.92336388e+01
7.38428484e-135 -1.02628950e+03 7.36593261e+01 2.60391175e-01 3.54397774e-02 -1.92653598e+01
7.69362942e-134 -1.02350978e+03 7.91153930e+01 3.82250619e-01 3.56566016e-02 -1.89930381e+01
1.74365853e-133 -1.02316263e+03 7.98166265e+01 4.15873335e-01 3.25143384e-02 -1.90109992e+01
2.40157127e-133 -1.02285625e+03 6.22331410e+01 3.62007030e-01 6.37058566e-02 -1.96087960e+01
4.12216819e-133 -1.02216818e+03 6.35370666e+01 1.54569979e-01 5.82864323e-02 -1.95320709e+01
7.10015796e-133 -1.02170026e+03 6.38617532e+01 4.59927646e-01 5.27739390e-02 -1.94238350e+01
1.35714300e-132 -1.02094935e+03 6.21881029e+01 1.95949830e-01 5.31544451e-02 -1.95659426e+01
1.85352512e-132 -1.02093249e+03 6.65671920e+01 1.60641002e-01 4.33189036e-02 -1.95139256e+01
2.02203002e-132 -1.02077481e+03 6.97357393e+01 1.05803612e-01 4.22626431e-02 -1.94572793e+01
6.23594400e-132 -1.01921937e+03 8.22360072e+01 1.51646707e-01 3.49669856e-02 -1.90522283e+01
2.00218780e-130 -1.01558140e+03 6.95712409e+01 2.66876339e-01 3.93549401e-02 -1.93954141e+01
8.09863044e-130 -1.01442921e+03 7.61821095e+01 4.66136036e-01 3.50419945e-02 -1.91147901e+01
1.41191966e-129 -1.01416540e+03 8.09580223e+01 2.07782268e-01 3.45030154e-02 -1.90053314e+01
1.81227439e-129 -1.01392085e+03 5.80497225e+01 3.88462474e-01 5.97438192e-02 -1.97299667e+01
2.34866775e-129 -1.01364436e+03 5.88555196e+01 1.49937024e-01 6.61116576e-02 -1.97230853e+01
2.78353732e-129 -1.01355729e+03 7.30877915e+01 3.02144795e-01 4.75164342e-02 -1.92147488e+01
5.52805778e-129 -1.01252089e+03 8.56725008e+01 3.55211200e-01 3.11806451e-02 -1.88971301e+01
1.62524124e-128 -1.01142356e+03 6.31163134e+01 2.09558214e-01 5.93369858e-02 -1.96674515e+01
3.41729787e-128 -1.01082815e+03 7.68823653e+01 3.21455628e-01 3.82162102e-02 -1.90603335e+01
6.48867185e-128 -1.01015753e+03 8.46379485e+01 3.10233834e-01 3.29393804e-02 -1.89634932e+01
1.63189425e-127 -1.00912299e+03 6.87851463e+01 2.49964153e-01 5.42344165e-02 -1.94006878e+01
2.47561435e-127 -1.00906189e+03 7.25956225e+01 3.33370400e-01 3.68577004e-02 -1.92333830e+01
5.32741956e-127 -1.00790178e+03 6.61538894e+01 1.60962201e-01 5.62908803e-02 -1.95628299e+01
8.48616468e-127 -1.00780720e+03 8.39288613e+01 4.12619298e-01 3.23907325e-02 -1.89269093e+01
1.00829169e-126 -1.00756295e+03 7.21455965e+01 3.39742075e-01 4.91186393e-02 -1.92759996e+01
1.41258958e-126 -1.00715304e+03 7.68893471e+01 3.83256324e-01 3.52233396e-02 -1.91730692e+01
3.08307473e-126 -1.00618103e+03 7.22659020e+01 4.97421842e-01 4.47719417e-02 -1.91597765e+01
4.76838840e-126 -1.00605100e+03 6.30639427e+01 2.93991558e-01 4.87576542e-02 -1.96140693e+01
5.89787049e-126 -1.00576532e+03 6.76879815e+01 4.50203308e-01 5.40954740e-02 -1.93371398e+01
1.33022504e-125 -1.00467892e+03 7.48373280e+01 1.78096403e-01 3.61296557e-02 -1.92034877e+01
2.73430732e-125 -1.00411459e+03 6.80719497e+01 3.34750184e-01 4.17246875e-02 -1.93600839e+01
4.31114352e-125 -1.00372143e+03 5.82926114e+01 2.31625607e-01 6.97701458e-02 -1.97685281e+01
5.52166269e-125 -1.00357961e+03 8.08205339e+01 4.42752747e-01 3.56570227e-02 -1.89618939e+01
1.10522049e-124 -1.00256764e+03 6.18506556e+01 2.15517969e-01 6.29971867e-02 -1.95859420e+01
1.70765565e-124 -1.00245991e+03 5.63469208e+01 2.21067340e-01 6.87640506e-02 -1.98237193e+01
3.04991471e-124 -1.00158405e+03 7.33652819e+01 2.36952673e-01 4.13977265e-02 -1.91805317e+01
5.85256283e-124 -1.00103753e+03 8.09775184e+01 4.35524097e-01 3.53712918e-02 -1.90264288e+01
7.45787882e-124 -1.00101894e+03 5.94006122e+01 1.68187355e-01 6.26883137e-02 -1.97980707e+01
8.54291338e-124 -1.00077408e+03 5.74167250e+01 2.70726496e-01 6.72510656e-02 -1.97397040e+01
1.24614776e-123 -1.00029831e+03 5.99279843e+01 3.87199113e-01 5.58564644e-02 -1.96207261e+01
1.63511790e-123 -1.00017203e+03 7.93106859e+01 2.69789292e-01 3.99467130e-02 -1.90989383e+01
3.90273929e-123 -9.98917708e+02 6.20491868e+01 3.84057496e-01 6.39833948e-02 -1.95710266e+01
7.66832224e-123 -9.98489967e+02 6.63593976e+01 4.43179660e-01 4.57859201e-02 -1.94709263e+01
1.98330312e-122 -9.97300036e+02 5.90712888e+01 1.94542549e-01 5.94907125e-02 -1.96971882e+01
3.57033743e-122 -9.96995703e+02 7.41374241e+01 1.17081219e-01 4.45239630e-02 -1.92834259e+01
6.18310054e-122 -9.96292988e+02 7.13190394e+01 4.19259376e-01 3.92596214e-02 -1.92319731e+01
9.57395002e-122 -9.96013121e+02 5.89278397e+01 4.63136578e-01 6.69785872e-02 -1.96649153e+01
1.85496483e-121 -9.95132089e+02 8.00446236e+01 2.83302105e-01 3.19986590e-02 -1.90917934e+01
2.87964556e-121 -9.94947302e+02 7.08232048e+01 2.59312724e-01 3.82967621e-02 -1.93552013e+01
3.75825487e-121 -9.94612266e+02 7.20236380e+01 1.86915920e-01 4.37380536e-02 -1.94053357e+01
5.44290062e-121 -9.94211823e+02 6.42685711e+01 1.99358162e-01 6.08157021e-02 -1.95511913e+01
3.69432470e-120 -9.91872624e+02 6.72279267e+01 2.92140449e-01 5.45884098e-02 -1.94919477e+01
9.89165690e-120 -9.91207136e+02 5.79088674e+01 1.83845587e-01 6.81733105e-02 -1.98167915e+01
1.69888927e-119 -9.90731524e+02 6.98446013e+01 2.32262783e-01 4.16710340e-02 -1.94435655e+01
2.23109346e-119 -9.90603513e+02 7.80612628e+01 1.90386681e-01 3.59413485e-02 -1.90879348e+01
2.67058084e-119 -9.90374275e+02 6.39882718e+01 1.96541226e-01 4.97146048e-02 -1.95098717e+01
4.75136224e-119 -9.89583790e+02 6.83368978e+01 3.38551101e-01 4.24058205e-02 -1.93346189e+01
9.44901117e-119 -9.88941698e+02 7.07367707e+01 4.25340098e-01 5.02690468e-02 -1.92815554e+01
1.47174205e-118 -9.88615954e+02 6.72616017e+01 1.42900694e-01 5.12083068e-02 -1.95564374e+01
4.82967273e-118 -9.87074854e+02 6.23795121e+01 4.69519305e-01 5.78053893e-02 -1.96020203e+01
9.72892953e-118 -9.86700580e+02 7.63385709e+01 4.19301749e-01 4.14977493e-02 -1.90787640e+01
1.18360333e-117 -9.86642145e+02 6.09899304e+01 1.49770530e-01 6.11165782e-02 -1.97488199e+01
1.54792814e-117 -9.86203981e+02 6.05239679e+01 1.77231504e-01 6.37536486e-02 -1.97473062e+01
2.11829655e-117 -9.85973709e+02 8.48198689e+01 2.29968108e-01 3.12636866e-02 -1.89755870e+01
2.72773181e-117 -9.85697407e+02 7.36413908e+01 3.15147872e-01 4.63339776e-02 -1.91936768e+01
3.33338154e-117 -9.85552257e+02 6.79663349e+01 4.21722719e-01 5.41959558e-02 -1.93875925e+01
3.64460910e-117 -9.85507467e+02 7.39485017e+01 3.42140870e-01 3.94925299e-02 -1.91402862e+01
4.09948301e-117 -9.85318765e+02 5.87179910e+01 2.51415194e-01 6.65337815e-02 -1.97807269e+01
7.94267352e-117 -9.84381266e+02 6.98036423e+01 3.57439074e-01 4.38366352e-02 -1.92561845e+01
1.17219259e-116 -9.84322431e+02 7.75236844e+01 1.28676933e-01 3.56855478e-02 -1.91800322e+01
1.40951619e-116 -9.84026777e+02 5.98817207e+01 3.56562621e-01 5.65899591e-02 -1.97045401e+01
2.50066195e-116 -9.83282712e+02 6.45022378e+01 1.71082200e-01 5.35972219e-02 -1.94873166e+01
4.02397289e-116 -9.82959387e+02 6.23073449e+01 2.34786726e-01 4.96691158e-02 -1.96332845e+01
9.36203231e-116 -9.81852887e+02 6.06097948e+01 2.66317510e-01 6.58058381e-02 -1.96355602e+01
1.45960922e-115 -9.81774448e+02 7.14813975e+01 2.52478512e-01 4.99610269e-02 -1.93061220e+01
1.58934468e-115 -9.81676772e+02 7.91386108e+01 2.61777803e-01 3.34689161e-02 -1.90489267e+01
1.84845414e-115 -9.81473650e+02 6.21375330e+01 4.34063197e-01 5.12346630e-02 -1.95474346e+01
6.64915079e-115 -9.79758982e+02 6.03491200e+01 1.33204246e-01 6.46933826e-02 -1.97450267e+01
1.45714429e-114 -9.79292352e+02 6.72392210e+01 2.40314516e-01 5.30856835e-02 -1.93791316e+01
5.13539579e-114 -9.77733466e+02 8.16647762e+01 2.13205532e-01 3.65470349e-02 -1.90533678e+01
8.76538954e-114 -9.77663179e+02 6.30860088e+01 1.77549576e-01 5.33088028e-02 -1.96801995e+01
1.07504799e-113 -9.77342841e+02 6.44335634e+01 1.19430133e-01 4.81177779e-02 -1.95851068e+01
3.49632047e-113 -9.75809901e+02 7.34193367e+01 1.41501146e-01 3.97550907e-02 -1.92439317e+01
1.02396332e-112 -9.74864882e+02 7.26135959e+01 3.14749630e-01 3.70349778e-02 -1.92844483e+01
1.50437551e-112 -9.74818958e+02 6.22285422e+01 1.62748291e-01 6.23606506e-02 -1.96070356e+01
1.55890452e-112 -9.74786748e+02 7.24767479e+01 1.98955355e-01 4.70304335e-02 -1.92530236e+01
2.66288284e-112 -9.73922418e+02 6.48075468e+01 3.95505642e-01 5.78745475e-02 -1.95266121e+01
5.69917135e-112 -9.73203547e+02 6.24504592e+01 3.64975893e-01 5.08281705e-02 -1.96095374e+01
9.00527237e-112 -9.72897591e+02 7.69575128e+01 1.96217711e-01 3.45112103e-02 -1.91487045e+01
1.04028383e-111 -9.72885082e+02 5.96820991e+01 1.44440710e-01 6.23702233e-02 -1.96939646e+01
1.19515062e-111 -9.72629611e+02 7.71826967e+01 4.83823050e-01 3.56589426e-02 -1.90962933e+01
1.49599085e-111 -9.72423702e+02 6.14251203e+01 2.63940647e-01 6.50095384e-02 -1.96427123e+01
2.11914252e-111 -9.71967511e+02 7.97306747e+01 3.46408855e-01 3.42886720e-02 -1.91041303e+01
2.68053668e-111 -9.71896706e+02 6.79335819e+01 4.89360673e-01 4.88147555e-02 -1.94187352e+01
3.54167056e-111 -9.71451572e+02 7.23107478e+01 2.13833955e-01 4.78358329e-02 -1.92630040e+01
4.73997612e-111 -9.71266593e+02 7.98507182e+01 2.55502265e-01 3.85211815e-02 -1.90474635e+01
5.48826764e-111 -9.71146799e+02 7.83743677e+01 2.68467294e-01 4.07225722e-02 -1.91259547e+01
6.02434814e-111 -9.71071380e+02 6.31247330e+01 4.73207304e-01 5.25447661e-02 -1.94676608e+01
9.22084888e-111 -9.70398519e+02 5.78450908e+01 3.33469269e-01 6.82439064e-02 -1.97272521e+01
1.59908167e-110 -9.69911287e+02 7.46209743e+01 2.13716667e-01 4.26879984e-02 -1.93053759e+01
2.59868502e-110 -9.69421357e+02 7.49116387e+01 3.56572273e-01 3.64545217e-02 -1.91382035e+01
1.76370977e-109 -9.67120618e+02 5.92064016e+01 2.19094713e-01 5.83265744e-02 -1.96971574e+01
3.85879603e-109 -9.66773416e+02 8.29145010e+01 1.80513276e-01 3.30887245e-02 -1.90248936e+01
1.37590355e-108 -9.65143076e+02 6.99314185e+01 1.50031274e-01 4.70739764e-02 -1.93292733e+01
2.61249861e-108 -9.64897611e+02 5.85165564e+01 1.59215286e-01 6.67005119e-02 -1.97555772e+01
3.50644879e-108 -9.64560996e+02 5.91931555e+01 3.77370150e-01 5.79274980e-02 -1.96678937e+01
4.83533748e-108 -9.64244937e+02 7.07132673e+01 1.35787581e-01 4.67997891e-02 -1.94400775e+01
6.74418518e-108 -9.63894548e+02 8.06031930e+01 1.60947018e-01 3.55229973e-02 -1.91155689e+01
7.98140646e-108 -9.63871015e+02 6.97687680e+01 3.55452181e-01 4.96020712e-02 -1.93984957e+01
1.08248457e-107 -9.63346341e+02 7.78938230e+01 3.06391062e-01 3.32935184e-02 -1.91091536e+01
1.46048611e-107 -9.63202464e+02 6.33979847e+01 3.94296385e-01 5.15433908e-02 -1.95893910e+01
1.67479894e-107 -9.63065363e+02 6.60759700e+01 4.12409607e-01 4.59287964e-02 -1.93943684e+01
2.65904358e-107 -9.62381329e+02 6.35433231e+01 3.91194757e-01 5.31784595e-02 -1.95942622e+01
4.54561492e-107 -9.61923501e+02 6.17357893e+01 4.95741105e-01 5.42811968e-02 -1.95321292e+01
6.25981464e-107 -9.61695694e+02 7.05653959e+01 2.82907475e-01 4.10098457e-02 -1.92718317e+01
7.85564225e-107 -9.61463217e+02 7.02967867e+01 2.67904155e-01 4.81649106e-02 -1.94208845e+01
1.08476469e-106 -9.61068772e+02 6.93619559e+01 4.68467858e-01 4.15530569e-02 -1.93074060e+01
2.95006245e-106 -9.59796814e+02 7.67142707e+01 1.74624083e-01 4.04387557e-02 -1.91415111e+01
4.91556301e-106 -9.59665443e+02 7.86236932e+01 1.77031082e-01 3.61056538e-02 -1.91887393e+01
5.36958069e-106 -9.59609930e+02 6.54609621e+01 4.11690568e-01 5.58753040e-02 -1.95075589e+01
1.20311338e-105 -9.58393606e+02 5.98807109e+01 1.22710439e-01 5.78300622e-02 -1.97382510e+01
1.91672560e-105 -9.58323990e+02 6.35993788e+01 1.90808846e-01 6.11806127e-02 -1.95756278e+01
2.00231075e-105 -9.58298534e+02 6.83760360e+01 4.14383311e-01 4.20077821e-02 -1.93728075e+01
3.03468206e-105 -9.57603856e+02 6.71417251e+01 1.66976745e-01 5.37887163e-02 -1.94261942e+01
4.12056107e-105 -9.57562252e+02 6.38550065e+01 3.63199009e-01 4.78436729e-02 -1.95418178e+01
4.28165029e-105 -9.57520505e+02 5.90786363e+01 3.88466347e-01 6.63011953e-02 -1.96998448e+01
4.42483229e-105 -9.57489611e+02 6.54588999e+01 1.93287944e-01 5.09445038e-02 -1.96027154e+01
4.71269712e-105 -9.57390033e+02 5.87297105e+01 3.49862256e-01 6.54348900e-02 -1.96717046e+01
8.49954878e-105 -9.56494926e+02 7.05470892e+01 4.73786279e-01 4.88088938e-02 -1.93097315e+01
1.24465438e-104 -9.56427694e+02 6.71855291e+01 3.28083064e-01 4.27652309e-02 -1.94195720e+01
1.60145866e-104 -9.56023579e+02 6.74461092e+01 2.86685393e-01 4.77581740e-02 -1.95123929e+01
4.89490815e-104 -9.54609193e+02 6.54096272e+01 2.10782801e-01 5.78929141e-02 -1.94855751e+01
2.00500142e-103 -9.53196080e+02 7.00733637e+01 3.24915052e-01 5.03585833e-02 -1.93821674e+01
3.80409932e-103 -9.52883503e+02 7.96735030e+01 3.70284367e-01 3.31237644e-02 -1.90638765e+01
4.98223757e-103 -9.52640253e+02 7.41374357e+01 2.19211898e-01 4.01766810e-02 -1.93241789e+01
5.81831327e-103 -9.52553700e+02 7.69534472e+01 1.91906624e-01 3.92533128e-02 -1.91200876e+01
6.34844677e-103 -9.52459542e+02 7.09626601e+01 1.81397374e-01 3.91182975e-02 -1.93679013e+01
1.51320032e-102 -9.51187498e+02 8.16452557e+01 2.19461478e-01 3.61519924e-02 -1.90517376e+01
2.38721709e-102 -9.51161381e+02 7.79474936e+01 3.05355255e-01 3.47791184e-02 -1.91639634e+01
2.75061615e-102 -9.50912700e+02 6.33967052e+01 2.78477092e-01 6.12114796e-02 -1.95371948e+01
3.35167138e-102 -9.50750598e+02 7.52717792e+01 2.88910267e-01 3.66242790e-02 -1.91406159e+01
5.09228148e-102 -9.50151397e+02 7.99544919e+01 4.33479713e-01 3.64361064e-02 -1.90377482e+01
1.02689549e-101 -9.49393123e+02 6.17281150e+01 1.74304645e-01 6.36644026e-02 -1.96531894e+01
1.63355621e-101 -9.49097626e+02 6.31262454e+01 4.84502734e-01 6.00941180e-02 -1.95106239e+01
2.02326484e-101 -9.48942798e+02 7.88333528e+01 3.33818221e-01 3.31790957e-02 -1.90693291e+01
5.39730198e-101 -9.47564256e+02 7.17894051e+01 2.21099066e-01 3.99210059e-02 -1.93793413e+01
9.36846329e-101 -9.47398461e+02 6.19519560e+01 1.49163930e-01 6.15874595e-02 -1.96937695e+01
1.26678590e-100 -9.46988936e+02 6.47745586e+01 4.45789181e-01 5.11812086e-02 -1.94098736e+01
1.55382444e-100 -9.46942240e+02 7.45953727e+01 2.23265961e-01 4.37653198e-02 -1.91817366e+01
1.59668670e-100 -9.46927368e+02 6.19475617e+01 2.35154208e-01 5.61607216e-02 -1.95634389e+01
2.32006850e-100 -9.46288535e+02 7.05379856e+01 4.85487560e-01 4.54328186e-02 -1.93316882e+01
3.17838497e-100 -9.46193098e+02 6.09918139e+01 1.79271619e-01 6.46711269e-02 -1.96802682e+01
6.41394252e-100 -9.45140484e+02 6.11976415e+01 1.73280884e-01 5.97690341e-02 -1.97318753e+01
1.16772916e-99 -9.44759151e+02 5.82309214e+01 4.02224823e-01 6.53951058e-02 -1.97028967e+01
1.58206532e-99 -9.44506294e+02 6.17018308e+01 4.43287482e-01 6.08745376e-02 -1.95348649e+01
4.24165914e-99 -9.43176823e+02 7.74691836e+01 4.44290832e-01 3.60813009e-02 -1.90553263e+01
6.84714060e-99 -9.43129724e+02 6.65290846e+01 2.88256636e-01 5.62822585e-02 -1.94863182e+01
7.36967337e-99 -9.43025255e+02 6.72621985e+01 3.80379844e-01 4.42238498e-02 -1.94504371e+01
1.35251764e-98 -9.42108935e+02 5.93178774e+01 4.75805853e-01 6.16095238e-02 -1.96559513e+01
3.15858986e-98 -9.41284607e+02 6.36143867e+01 2.70408196e-01 5.91525310e-02 -1.95068837e+01
4.85723705e-98 -9.41086146e+02 6.86462783e+01 1.74345718e-01 4.94605826e-02 -1.94986457e+01
9.77617028e-98 -9.40102080e+02 6.53188427e+01 2.62013664e-01 5.30910305e-02 -1.94305052e+01
2.18868014e-97 -9.39366891e+02 6.29593977e+01 2.19317377e-01 5.56323559e-02 -1.95304911e+01
3.70771130e-97 -9.38951778e+02 6.50671352e+01 2.34554145e-01 4.62406626e-02 -1.95554351e+01
8.39213860e-97 -9.37932780e+02 6.53161611e+01 1.27083222e-01 4.83438762e-02 -1.95193842e+01
1.38108103e-96 -9.37711903e+02 6.31197317e+01 3.46422152e-01 5.62767408e-02 -1.96200366e+01
1.87947998e-96 -9.37333315e+02 7.66178028e+01 4.84247080e-01 3.70027976e-02 -1.90815799e+01
2.61238086e-96 -9.37033484e+02 6.23059002e+01 4.88479154e-01 5.28363164e-02 -1.95347270e+01
3.04520325e-96 -9.36997973e+02 7.42040909e+01 2.43424996e-01 4.56468001e-02 -1.92276490e+01
3.87500767e-96 -9.36586571e+02 7.09867285e+01 2.14532924e-01 4.61449166e-02 -1.92709456e+01
4.69408543e-96 -9.36565895e+02 6.65394136e+01 1.77152960e-01 5.53484829e-02 -1.95326864e+01
7.98950690e-96 -9.35698595e+02 6.48558148e+01 2.97380358e-01 4.99933956e-02 -1.95804925e+01
1.29131723e-95 -9.35434014e+02 6.14981639e+01 2.26052132e-01 6.12275222e-02 -1.96997081e+01
1.51439831e-95 -9.35357251e+02 5.80668464e+01 2.66994685e-01 6.20140773e-02 -1.97469757e+01
1.70811047e-95 -9.35191968e+02 6.39689526e+01 1.95573515e-01 5.40331916e-02 -1.96440301e+01
1.84760042e-95 -9.35186781e+02 6.27378496e+01 4.22390938e-01 5.42533052e-02 -1.95981435e+01
1.87263137e-95 -9.35158591e+02 7.74142621e+01 3.60063032e-01 3.72819577e-02 -1.91678757e+01
2.21420660e-95 -9.34866134e+02 7.18135705e+01 2.72039228e-01 4.59040000e-02 -1.93694785e+01
4.19491324e-95 -9.34024690e+02 7.63255219e+01 2.98268158e-01 4.16135871e-02 -1.92077837e+01
6.02140521e-95 -9.33965441e+02 7.42510472e+01 4.31231583e-01 3.83868116e-02 -1.92233795e+01
1.04839647e-94 -9.33092750e+02 7.18732526e+01 4.10104289e-01 3.87771647e-02 -1.92559519e+01
1.48452082e-94 -9.33078530e+02 6.96074075e+01 1.10734022e-01 4.51416320e-02 -1.93835857e+01
1.80263424e-94 -9.32728249e+02 6.88334425e+01 4.27533574e-01 4.98673671e-02 -1.92881988e+01
2.88229666e-94 -9.32177556e+02 7.59292392e+01 1.85298388e-01 3.61773551e-02 -1.91760116e+01
3.81977400e-94 -9.32085621e+02 7.75325699e+01 2.87633475e-01 3.87738235e-02 -1.90724313e+01
4.53376996e-94 -9.31840987e+02 7.63713420e+01 3.80394239e-01 3.67809570e-02 -1.90873483e+01
5.09896294e-94 -9.31829110e+02 7.79362657e+01 2.33150049e-01 3.37598867e-02 -1.91485661e+01
6.06508335e-94 -9.31512267e+02 6.57393063e+01 2.96101923e-01 5.33793406e-02 -1.94099282e+01
7.87985698e-94 -9.31286638e+02 7.21063076e+01 2.00666761e-01 4.82443531e-02 -1.93067737e+01
1.05139967e-93 -9.30945132e+02 7.59989875e+01 4.88779280e-01 3.72399344e-02 -1.91137351e+01
1.31522108e-93 -9.30807906e+02 6.84355609e+01 2.17041860e-01 5.23791354e-02 -1.94680911e+01
1.41388673e-93 -9.30789185e+02 5.90798596e+01 1.84865880e-01 6.50046770e-02 -1.97203518e+01
1.54941154e-93 -9.30624842e+02 7.08947524e+01 3.12936824e-01 4.90069728e-02 -1.93589044e+01
1.69736721e-93 -9.30593622e+02 6.15486374e+01 1.13851519e-01 6.10104454e-02 -1.97026147e+01
1.92641030e-93 -9.30376541e+02 6.36650919e+01 3.04799723e-01 4.81264609e-02 -1.95522367e+01
2.54004609e-93 -9.30048881e+02 6.27274213e+01 1.01459690e-01 5.51556816e-02 -1.96226910e+01
3.57175483e-93 -9.29692925e+02 6.13877926e+01 2.97379529e-01 5.33728310e-02 -1.96627036e+01
4.44635390e-93 -9.29576072e+02 6.75285005e+01 4.91634149e-01 5.18750878e-02 -1.93286036e+01
7.64316980e-93 -9.28761061e+02 6.03698537e+01 4.82073385e-01 5.80781015e-02 -1.96083151e+01
1.07891298e-92 -9.28718752e+02 7.81881468e+01 3.53071129e-01 3.38998022e-02 -1.90979187e+01
1.15254513e-92 -9.28624156e+02 7.44829014e+01 1.96361658e-01 3.70828160e-02 -1.92872141e+01
1.25778026e-92 -9.28537007e+02 6.53822726e+01 2.07464295e-01 5.42910778e-02 -1.94548067e+01
2.02147123e-92 -9.27799613e+02 7.24855349e+01 2.91434188e-01 3.79383355e-02 -1.92460699e+01
7.31915255e-92 -9.26324725e+02 6.08850332e+01 4.67130258e-01 6.13334797e-02 -1.96194357e+01
1.32688667e-91 -9.26113556e+02 7.07940636e+01 3.13207619e-01 4.64759619e-02 -1.92463332e+01
1.71182272e-91 -9.25819095e+02 6.60864187e+01 2.96804832e-01 5.51102506e-02 -1.95246370e+01
2.38504964e-91 -9.25454948e+02 5.91631221e+01 3.50411204e-01 5.90367780e-02 -1.96808022e+01
2.84392321e-91 -9.25427726e+02 7.60685174e+01 4.83026314e-01 3.94874591e-02 -1.90865996e+01
2.94529008e-91 -9.25378664e+02 6.30122664e+01 2.73975176e-01 6.17398514e-02 -1.95847137e+01
3.05997671e-91 -9.25344363e+02 7.57628276e+01 3.26150029e-01 4.27416596e-02 -1.92008422e+01
4.29341850e-91 -9.24774479e+02 6.03932551e+01 3.28448832e-01 5.69143815e-02 -1.96161919e+01
9.14868765e-91 -9.23921264e+02 6.00898137e+01 3.13223793e-01 6.53475840e-02 -1.96566588e+01
1.33570538e-90 -9.23836042e+02 6.99768988e+01 4.09839245e-01 4.87706851e-02 -1.93639327e+01
1.47664084e-90 -9.23715786e+02 7.54839403e+01 1.46886537e-01 3.97558252e-02 -1.91935597e+01
1.76240436e-90 -9.23485216e+02 7.76895289e+01 4.75849981e-01 3.68909250e-02 -1.90691610e+01
2.25345502e-90 -9.23221619e+02 8.15671012e+01 1.97537775e-01 3.49625306e-02 -1.90613338e+01
2.78019929e-90 -9.23048599e+02 6.65409855e+01 4.53314008e-01 4.84211819e-02 -1.93552474e+01
3.07804235e-90 -9.23004434e+02 6.10428631e+01 1.56378440e-01 6.24434800e-02 -1.97167095e+01
3.44222980e-90 -9.22825773e+02 7.15626750e+01 2.01692300e-01 4.52281863e-02 -1.94005404e+01
4.19985892e-90 -9.22604195e+02 6.50440773e+01 4.13773306e-01 5.48273219e-02 -1.94134971e+01
5.71692063e-90 -9.22225711e+02 6.82616545e+01 4.71383316e-01 4.37572646e-02 -1.93706924e+01
6.83203337e-90 -9.22205655e+02 8.17256299e+01 2.62747676e-01 3.27421366e-02 -1.90499998e+01
1.10897499e-89 -9.21405951e+02 7.26524509e+01 2.83650675e-01 4.62764411e-02 -1.93202855e+01
1.72145835e-89 -9.21176829e+02 6.82691771e+01 3.94587246e-01 5.30800565e-02 -1.93591102e+01
3.38172455e-89 -9.20245294e+02 6.18085988e+01 4.95749554e-01 5.83934018e-02 -1.95267055e+01
6.59977637e-89 -9.19697462e+02 6.29248700e+01 4.76908388e-01 5.96345802e-02 -1.95284617e+01
1.01676309e-88 -9.19333176e+02 7.29363393e+01 4.35757841e-01 4.43945653e-02 -1.92619179e+01
1.40398441e-88 -9.19034632e+02 7.59873253e+01 2.06125425e-01 4.08244549e-02 -1.91473589e+01
1.67965295e-88 -9.18947664e+02 6.19168146e+01 1.33316093e-01 5.46815301e-02 -1.96367127e+01
2.19992803e-88 -9.18529759e+02 7.32747031e+01 3.68631265e-01 4.38720386e-02 -1.91689244e+01
3.89162758e-88 -9.17865269e+02 5.94237768e+01 3.59010443e-01 5.86733005e-02 -1.96678898e+01
6.77350387e-88 -9.17367598e+02 6.03854231e+01 1.87040974e-01 6.47095947e-02 -1.96994597e+01
9.33986668e-88 -9.17165018e+02 6.14262234e+01 1.35512698e-01 5.85961655e-02 -1.96420904e+01
1.89251504e-87 -9.16174271e+02 6.67435351e+01 1.16248102e-01 4.67457956e-02 -1.95338292e+01
3.14655920e-87 -9.15921516e+02 7.77291384e+01 2.12601819e-01 3.92715102e-02 -1.91934715e+01
3.83880658e-87 -9.15760460e+02 6.49931125e+01 2.93889171e-01 4.81604486e-02 -1.94569212e+01
4.17683010e-87 -9.15739708e+02 6.20286935e+01 1.46246422e-01 6.17841543e-02 -1.96469092e+01
5.11625368e-87 -9.15380112e+02 6.79518580e+01 1.65655034e-01 4.39717731e-02 -1.94941889e+01
6.02993998e-87 -9.15372284e+02 7.01226672e+01 3.56787317e-01 5.06622260e-02 -1.93159617e+01
6.27373066e-87 -9.15295641e+02 6.44391328e+01 4.20088381e-01 5.70012447e-02 -1.94468156e+01
6.71012610e-87 -9.15230721e+02 7.47586170e+01 1.81094959e-01 3.76466105e-02 -1.92876676e+01
7.39656641e-87 -9.15097565e+02 5.92970104e+01 1.80025255e-01 6.06064910e-02 -1.97161243e+01
1.00333567e-86 -9.14657801e+02 6.10329151e+01 2.55039710e-01 6.42335213e-02 -1.96609229e+01
1.23063353e-86 -9.14634681e+02 8.14567484e+01 3.32485980e-01 3.53096031e-02 -1.89966592e+01
1.40981824e-86 -9.14393638e+02 8.13164614e+01 3.27734393e-01 3.41943275e-02 -1.90436026e+01
3.00079858e-86 -9.13359116e+02 6.66186362e+01 1.59112128e-01 4.50960605e-02 -1.95182179e+01
5.46936644e-86 -9.12968000e+02 6.28634073e+01 3.48954576e-01 5.21847013e-02 -1.95165522e+01
7.82949582e-86 -9.12626075e+02 6.86701902e+01 3.11798600e-01 4.15467710e-02 -1.93909822e+01
9.44837321e-86 -9.12557543e+02 7.48031699e+01 3.51504292e-01 4.40634398e-02 -1.92050929e+01
1.09150909e-85 -9.12341305e+02 5.98466470e+01 3.64264423e-01 6.34632293e-02 -1.96341837e+01
1.37580035e-85 -9.12091795e+02 6.06816155e+01 2.91905829e-01 6.36614898e-02 -1.96245090e+01
3.01521232e-85 -9.11022864e+02 6.82887167e+01 3.81855269e-01 4.51631055e-02 -1.94342515e+01
5.38464192e-85 -9.10681382e+02 6.51960418e+01 4.54835599e-01 5.59505292e-02 -1.94224930e+01
7.56325360e-85 -9.10337170e+02 6.48227627e+01 4.15297072e-01 4.89277674e-02 -1.94378324e+01
1.38467698e-84 -9.09576901e+02 7.27397175e+01 3.66748329e-01 3.82241228e-02 -1.92228751e+01
1.93438416e-84 -9.09521488e+02 7.22533903e+01 4.50505524e-01 4.13430535e-02 -1.92796739e+01
2.16656646e-84 -9.09350103e+02 6.73228514e+01 3.61994157e-01 4.53988943e-02 -1.93602745e+01
2.37020701e-84 -9.09327953e+02 6.81204619e+01 1.75135030e-01 4.99861131e-02 -1.95091697e+01
3.23445039e-84 -9.08792420e+02 7.21281391e+01 1.36356887e-01 4.65473160e-02 -1.93467804e+01
7.39234462e-84 -9.07823379e+02 7.98987189e+01 2.89153188e-01 3.46826754e-02 -1.91063816e+01
1.08618082e-83 -9.07790310e+02 7.63344255e+01 3.29310206e-01 3.74293887e-02 -1.92060576e+01
1.34161556e-83 -9.07426877e+02 6.85180243e+01 2.05512506e-01 4.82122111e-02 -1.94946820e+01
1.74886252e-83 -9.07230279e+02 6.16713157e+01 1.97450070e-01 6.29514866e-02 -1.96578367e+01
2.34613764e-83 -9.06857505e+02 5.86309495e+01 3.11983235e-01 6.23929905e-02 -1.97064117e+01
2.84962028e-83 -9.06801049e+02 7.13487569e+01 1.66295307e-01 4.27820321e-02 -1.92920648e+01
3.39535541e-83 -9.06519377e+02 6.14941800e+01 2.53604639e-01 5.55450530e-02 -1.95905490e+01
4.50434795e-83 -9.06230189e+02 6.79923139e+01 1.86019180e-01 5.34870052e-02 -1.94634182e+01
1.02707933e-82 -9.05131223e+02 7.86580083e+01 1.82802215e-01 3.74434588e-02 -1.91035955e+01
1.55314157e-82 -9.05108681e+02 7.46015273e+01 3.29732157e-01 3.93401320e-02 -1.92619209e+01
2.49242214e-82 -9.04327371e+02 6.33127069e+01 4.02381651e-01 5.04211950e-02 -1.95502803e+01
4.59071757e-82 -9.03800255e+02 7.48064562e+01 2.66068892e-01 3.79988621e-02 -1.92714323e+01
6.11333828e-82 -9.03682626e+02 6.23370591e+01 3.37093818e-01 5.48864152e-02 -1.95305520e+01
7.28644351e-82 -9.03452291e+02 6.03977962e+01 2.46735938e-01 5.59521377e-02 -1.96592918e+01
9.02316430e-82 -9.03245816e+02 6.28866975e+01 1.54630834e-01 5.91496565e-02 -1.95868152e+01
1.28982426e-81 -9.02775258e+02 7.73579305e+01 2.67195894e-01 3.77655244e-02 -1.91984317e+01
1.75524667e-81 -9.02577829e+02 6.37983782e+01 4.71949367e-01 5.16040689e-02 -1.95252050e+01
2.26785659e-81 -9.02270016e+02 6.30406079e+01 4.70504474e-01 5.35549366e-02 -1.95534661e+01
3.16737236e-81 -9.01911422e+02 7.17953475e+01 4.03893025e-01 4.19962441e-02 -1.92053853e+01
4.18381723e-81 -9.01687275e+02 6.02843972e+01 3.65755548e-01 6.24784261e-02 -1.96753934e+01
5.27325102e-81 -9.01444129e+02 7.07091031e+01 3.40359386e-01 4.61818000e-02 -1.93780468e+01
6.09318325e-81 -9.01377924e+02 7.60234674e+01 1.54324320e-01 4.01487035e-02 -1.91853842e+01
7.55048593e-81 -9.01036498e+02 7.66605717e+01 2.06581779e-01 3.63225438e-02 -1.91427062e+01
1.52827988e-80 -9.00130560e+02 6.52742559e+01 3.28028861e-01 5.77293830e-02 -1.94821629e+01
2.42961597e-80 -8.99915659e+02 7.03356057e+01 4.57089859e-01 4.47300101e-02 -1.93403516e+01
2.70288879e-80 -8.99899272e+02 7.95918049e+01 2.67780780e-01 3.77352980e-02 -1.91050558e+01
2.87604925e-80 -8.99787846e+02 6.26485960e+01 3.97907024e-01 5.17316214e-02 -1.95724843e+01
3.10005165e-80 -8.99740082e+02 6.77768348e+01 3.29936902e-01 5.38280726e-02 -1.93862027e+01
4.29390855e-80 -8.99200883e+02 6.34940071e+01 4.69375132e-01 5.42575997e-02 -1.94655004e+01
6.05384564e-80 -8.98986122e+02 6.82447744e+01 4.22761051e-01 4.51003917e-02 -1.94124124e+01
7.24330218e-80 -8.98830037e+02 5.97450415e+01 3.12957575e-01 6.17791057e-02 -1.96464027e+01
1.89365615e-79 -8.97477540e+02 5.98539934e+01 3.40934104e-01 6.41742972e-02 -1.96545951e+01
3.04093626e-79 -8.97450065e+02 6.24247554e+01 1.98134181e-01 5.34120342e-02 -1.96707732e+01
3.83394772e-79 -8.97047484e+02 7.43915944e+01 3.02905289e-01 4.15255113e-02 -1.92773645e+01
5.74954282e-79 -8.96634958e+02 6.87353601e+01 1.07850128e-01 4.59819821e-02 -1.94311426e+01
7.02590595e-79 -8.96597957e+02 6.10169893e+01 4.14850812e-01 5.67774914e-02 -1.96321067e+01
7.83342537e-79 -8.96418416e+02 7.66587962e+01 4.50744000e-01 3.78220070e-02 -1.91270332e+01
1.24711013e-78 -8.95759772e+02 6.56341400e+01 2.14818938e-01 4.87777808e-02 -1.95730193e+01
1.93800948e-78 -8.95447785e+02 6.71819740e+01 4.76884869e-01 5.15875292e-02 -1.93440565e+01
2.26211121e-78 -8.95419802e+02 6.00020361e+01 2.99300581e-01 6.02330638e-02 -1.96389022e+01
4.45860988e-78 -8.94354898e+02 6.82863819e+01 1.47360248e-01 5.09605721e-02 -1.94091935e+01
6.74053640e-78 -8.94315880e+02 7.22231131e+01 4.58284461e-01 3.99633595e-02 -1.92441001e+01
7.98895355e-78 -8.94028586e+02 6.29018964e+01 4.14574914e-01 5.84656005e-02 -1.95036641e+01
1.44557810e-77 -8.93250336e+02 7.91139892e+01 2.86285248e-01 3.56839001e-02 -1.90462244e+01
2.56131273e-77 -8.92784037e+02 7.23871200e+01 1.28240958e-01 4.20812226e-02 -1.93660260e+01
3.48454956e-77 -8.92584142e+02 6.71313610e+01 1.68135419e-01 5.05260390e-02 -1.94194261e+01
4.44903342e-77 -8.92298974e+02 7.19108407e+01 3.22602643e-01 3.98727625e-02 -1.92373933e+01
5.19195291e-77 -8.92249003e+02 6.34023491e+01 1.55873631e-01 5.44172208e-02 -1.96572663e+01
7.19652733e-77 -8.91710385e+02 6.34331746e+01 4.91696027e-01 5.74894219e-02 -1.95124786e+01
1.01955023e-76 -8.91486490e+02 5.89774593e+01 2.88377294e-01 6.06571140e-02 -1.97150878e+01
2.41452736e-76 -8.90299991e+02 7.11999351e+01 4.28693540e-01 4.14707586e-02 -1.93096492e+01
6.88581419e-76 -8.89293909e+02 8.15163384e+01 2.83212395e-01 3.49108521e-02 -1.90328381e+01
1.07630064e-75 -8.89161374e+02 6.25174228e+01 3.20836934e-01 5.53142249e-02 -1.96365937e+01
1.89119834e-75 -8.88325368e+02 7.44341559e+01 1.62098536e-01 4.20633247e-02 -1.92199680e+01
2.82295807e-75 -8.88188392e+02 6.75957890e+01 4.19574485e-01 4.71516350e-02 -1.93324960e+01
3.89926397e-75 -8.87721931e+02 6.00877139e+01 3.32695056e-01 6.39738942e-02 -1.96574320e+01
5.31577438e-75 -8.87518385e+02 7.19824497e+01 2.90175417e-01 4.72883196e-02 -1.92526215e+01
7.16123409e-75 -8.87143803e+02 6.81280152e+01 2.83710821e-01 4.25570196e-02 -1.93990226e+01
1.05910116e-74 -8.86735582e+02 6.88808276e+01 1.88845918e-01 5.15395372e-02 -1.93868692e+01
1.40201497e-74 -8.86543958e+02 7.11524644e+01 1.50134184e-01 4.24768867e-02 -1.94071969e+01
1.56903799e-74 -8.86495249e+02 6.90611818e+01 1.98435770e-01 4.18318372e-02 -1.93995081e+01
1.96985949e-74 -8.86117225e+02 8.01912277e+01 3.24626737e-01 3.66610803e-02 -1.90540833e+01
2.95687060e-74 -8.85686721e+02 7.27790880e+01 1.69216337e-01 4.18186481e-02 -1.93606326e+01
3.92582003e-74 -8.85505868e+02 7.77053870e+01 2.84285632e-01 3.78273031e-02 -1.90788903e+01
4.56162476e-74 -8.85375911e+02 7.20082072e+01 4.20294617e-01 4.27783274e-02 -1.93009659e+01
5.45422685e-74 -8.85150271e+02 6.04308429e+01 2.76646447e-01 6.26302756e-02 -1.96370455e+01
8.34722969e-74 -8.84584465e+02 6.21031202e+01 2.95565269e-01 6.12859966e-02 -1.95746560e+01
1.20010407e-73 -8.84351981e+02 6.85054216e+01 3.35608474e-01 5.23608224e-02 -1.94033327e+01
2.09327009e-73 -8.83592540e+02 7.93814116e+01 2.99046413e-01 3.79604232e-02 -1.90861475e+01
3.13708187e-73 -8.83404199e+02 7.22587801e+01 3.22344559e-01 3.87060112e-02 -1.92943501e+01
3.56664428e-73 -8.83322051e+02 6.98169470e+01 2.35406555e-01 4.61920222e-02 -1.93044318e+01
3.87444494e-73 -8.83232315e+02 6.13457965e+01 1.54007387e-01 5.59619533e-02 -1.96578086e+01
4.23008604e-73 -8.83139879e+02 5.97757394e+01 2.52584443e-01 5.89624047e-02 -1.97233513e+01
5.01264563e-73 -8.82898564e+02 6.11326347e+01 3.09639879e-01 5.82187175e-02 -1.96782546e+01
5.79672996e-73 -8.82829241e+02 6.85020251e+01 3.20548086e-01 5.08546197e-02 -1.93335778e+01
8.89104089e-73 -8.82148793e+02 7.30969250e+01 3.83859830e-01 4.57224874e-02 -1.92339123e+01
1.26482349e-72 -8.82008938e+02 6.26939366e+01 2.23576293e-01 5.52023023e-02 -1.96623633e+01
2.05528039e-72 -8.81292097e+02 6.59786585e+01 4.22935010e-01 5.31406571e-02 -1.93899229e+01
3.35544218e-72 -8.80928928e+02 7.54112894e+01 2.50054230e-01 4.31036922e-02 -1.91828370e+01
6.78626292e-72 -8.80036743e+02 6.07077213e+01 3.41450340e-01 5.91178181e-02 -1.96024995e+01
1.02299999e-71 -8.79912549e+02 6.66143980e+01 2.98005098e-01 4.48257961e-02 -1.94339511e+01
1.11908876e-71 -8.79847734e+02 7.09447292e+01 1.98447584e-01 4.00720394e-02 -1.93378444e+01
1.88335383e-71 -8.79027462e+02 6.54959650e+01 4.95326533e-01 5.22716477e-02 -1.94642408e+01
2.64909257e-71 -8.78995314e+02 6.28293238e+01 4.12268732e-01 5.91627821e-02 -1.95206973e+01
4.11575631e-71 -8.78268569e+02 6.88531580e+01 1.67058156e-01 4.45117390e-02 -1.93802828e+01
6.34616590e-71 -8.78010033e+02 6.50765576e+01 2.04445877e-01 5.10394735e-02 -1.95944242e+01
8.01294467e-71 -8.77790824e+02 7.16144844e+01 3.75795704e-01 4.74586056e-02 -1.92494618e+01
1.04410323e-70 -8.77485269e+02 7.95166234e+01 3.46497976e-01 3.50869795e-02 -1.90790337e+01
1.46352229e-70 -8.77118911e+02 7.62672459e+01 2.84619619e-01 4.21107898e-02 -1.91670865e+01
2.73053458e-70 -8.76344330e+02 6.75938755e+01 3.44701795e-01 4.36505600e-02 -1.94186300e+01
4.84970447e-70 -8.75872235e+02 6.20223973e+01 1.93270348e-01 5.71768603e-02 -1.95943305e+01
7.38667981e-70 -8.75479299e+02 6.00873856e+01 2.91790735e-01 5.76432570e-02 -1.96894433e+01
8.82681326e-70 -8.75471011e+02 8.06236535e+01 3.16448219e-01 3.56675149e-02 -1.90345138e+01
9.52466093e-70 -8.75325718e+02 7.46194869e+01 2.76671196e-01 3.65552016e-02 -1.92221973e+01
1.16630560e-69 -8.75070269e+02 7.17344391e+01 4.54436123e-01 4.40859813e-02 -1.92072511e+01
1.31079426e-69 -8.75069209e+02 7.12098882e+01 1.68743788e-01 4.65020050e-02 -1.93986276e+01
1.96430546e-69 -8.74373305e+02 6.77355247e+01 2.93156600e-01 4.73010691e-02 -1.93543561e+01
2.85432259e-69 -8.74203646e+02 6.68293394e+01 2.02914465e-01 5.48060108e-02 -1.94936559e+01
4.65502445e-69 -8.73501902e+02 6.77340823e+01 2.38010549e-01 5.38576347e-02 -1.94371024e+01
7.16362956e-69 -8.73232302e+02 7.02516119e+01 2.07339593e-01 4.80827596e-02 -1.94207267e+01
1.04029156e-68 -8.72781396e+02 6.22029092e+01 3.43497925e-01 6.01471136e-02 -1.95539886e+01
1.77610719e-68 -8.72191234e+02 6.59902070e+01 3.21132881e-01 4.95964040e-02 -1.95277100e+01
2.93165359e-68 -8.71737623e+02 7.38249367e+01 4.09165150e-01 3.82740185e-02 -1.92014310e+01
3.86585738e-68 -8.71586075e+02 7.06635948e+01 4.84024787e-01 4.72612751e-02 -1.92724178e+01
4.44599837e-68 -8.71450201e+02 7.12260436e+01 3.55528175e-01 4.82715675e-02 -1.92741886e+01
5.85374144e-68 -8.71062080e+02 6.64052014e+01 2.57637053e-01 4.49471774e-02 -1.94700628e+01
8.09424806e-68 -8.70778072e+02 7.49621999e+01 3.82694516e-01 3.71303375e-02 -1.91753067e+01
9.21511574e-68 -8.70775945e+02 7.05413806e+01 2.71576507e-01 4.93661395e-02 -1.93655548e+01
9.52719069e-68 -8.70706028e+02 6.33211944e+01 2.76595232e-01 5.19030687e-02 -1.95248458e+01
1.16535738e-67 -8.70390006e+02 6.85479267e+01 3.78914373e-01 5.15562792e-02 -1.93915860e+01
1.41415208e-67 -8.70290003e+02 6.91144661e+01 3.21640807e-01 5.01479043e-02 -1.94126321e+01
1.57091720e-67 -8.70173957e+02 6.78913813e+01 2.21567704e-01 4.55258369e-02 -1.93838742e+01
1.66450939e-67 -8.70164264e+02 6.75806137e+01 1.42764530e-01 4.50969350e-02 -1.94809987e+01
2.08464338e-67 -8.69758104e+02 6.29416777e+01 2.41418447e-01 6.06468291e-02 -1.95958240e+01
2.65142253e-67 -8.69639184e+02 7.06984683e+01 2.55061228e-01 4.00633778e-02 -1.93278501e+01
3.60138073e-67 -8.69186314e+02 7.42190817e+01 1.56238777e-01 4.26955743e-02 -1.92954224e+01
4.86715359e-67 -8.68989019e+02 6.40667361e+01 4.27681368e-01 5.45746849e-02 -1.95393310e+01
6.04944031e-67 -8.68749355e+02 6.81972303e+01 3.42000333e-01 5.13891217e-02 -1.94324988e+01
1.38245041e-66 -8.67618885e+02 6.80820548e+01 4.55161321e-01 4.49097276e-02 -1.93783241e+01
2.10444125e-66 -8.67598617e+02 6.72905489e+01 3.73279017e-01 4.49995503e-02 -1.93816215e+01
2.55530009e-66 -8.67253515e+02 6.52435812e+01 2.87905525e-01 4.77537721e-02 -1.94658748e+01
4.72692274e-66 -8.66478626e+02 6.09404652e+01 1.44561217e-01 5.93890000e-02 -1.96854822e+01
7.75316031e-66 -8.66139346e+02 7.07469859e+01 2.03542574e-01 4.82778118e-02 -1.93169729e+01
1.15948443e-65 -8.65688746e+02 6.25176799e+01 2.90304362e-01 5.46768451e-02 -1.95449752e+01
1.51244665e-65 -8.65555297e+02 6.08645455e+01 2.40607775e-01 5.58199752e-02 -1.96819709e+01
1.83833187e-65 -8.65303225e+02 6.11447385e+01 2.52657115e-01 6.26991239e-02 -1.96467748e+01
2.14726691e-65 -8.65223704e+02 6.90684171e+01 3.16591251e-01 4.19854359e-02 -1.93572165e+01
2.40640082e-65 -8.65072804e+02 6.44316845e+01 3.43659145e-01 5.80141448e-02 -1.94975167e+01
2.93640887e-65 -8.64828174e+02 7.40660220e+01 1.80949294e-01 4.16154842e-02 -1.92182880e+01
4.24214682e-65 -8.64367951e+02 6.37930041e+01 4.64722599e-01 5.40344201e-02 -1.94676772e+01
5.18650468e-65 -8.64367047e+02 6.88879981e+01 3.37718748e-01 4.81623571e-02 -1.94291539e+01
5.99052785e-65 -8.64091920e+02 6.17400558e+01 3.35367908e-01 5.52512589e-02 -1.96380445e+01
8.55781687e-65 -8.63671966e+02 6.64512016e+01 3.67597581e-01 4.58947944e-02 -1.94175252e+01
1.05469734e-64 -8.63624080e+02 6.20105491e+01 2.98486006e-01 6.13323871e-02 -1.95896699e+01
1.46720968e-64 -8.63078129e+02 6.52326541e+01 4.00166926e-01 4.90850971e-02 -1.94326505e+01
1.94127869e-64 -8.62985970e+02 7.97734327e+01 2.53732170e-01 3.69856953e-02 -1.90799931e+01
2.39310891e-64 -8.62674945e+02 6.54138603e+01 3.86313654e-01 5.05385233e-02 -1.94157318e+01
2.81048504e-64 -8.62634116e+02 6.98177339e+01 4.87179215e-01 4.80796368e-02 -1.92898877e+01
3.36283931e-64 -8.62331781e+02 6.52147163e+01 2.94751223e-01 5.15378007e-02 -1.95603141e+01
4.69060770e-64 -8.61971431e+02 6.39230044e+01 4.96832822e-01 5.52817379e-02 -1.94817318e+01
6.38252400e-64 -8.61695771e+02 7.40926757e+01 4.71556098e-01 4.17365311e-02 -1.91754183e+01
7.26453617e-64 -8.61686976e+02 7.12291436e+01 4.03266370e-01 4.31852098e-02 -1.93265286e+01
7.41934971e-64 -8.61647315e+02 7.60086566e+01 2.97232174e-01 3.69997652e-02 -1.91335290e+01
7.66511080e-64 -8.61615013e+02 7.53708923e+01 3.65756039e-01 4.21740060e-02 -1.91856233e+01
8.81374723e-64 -8.61375445e+02 6.22256261e+01 3.96259382e-01 6.00399240e-02 -1.95609089e+01
1.40826994e-63 -8.60752316e+02 6.63786397e+01 4.26087686e-01 5.24442325e-02 -1.93821409e+01
2.26469434e-63 -8.60361111e+02 7.25328461e+01 4.55106876e-01 4.26402060e-02 -1.91916623e+01
2.93258348e-63 -8.60197443e+02 7.19914319e+01 4.61445743e-01 4.15037800e-02 -1.92587545e+01
4.94928756e-63 -8.59440862e+02 7.41552111e+01 1.92313129e-01 4.30875291e-02 -1.92211973e+01
6.72351764e-63 -8.59438238e+02 7.88626081e+01 3.39647463e-01 3.69514502e-02 -1.90573428e+01
6.81194325e-63 -8.59408297e+02 7.86238728e+01 2.81758066e-01 3.75790673e-02 -1.90730182e+01
7.01384853e-63 -8.59373247e+02 6.81286738e+01 4.30384277e-01 4.52691344e-02 -1.93345744e+01
7.53040858e-63 -8.59262285e+02 6.06554392e+01 3.86966044e-01 6.09618346e-02 -1.96249343e+01
8.03568557e-63 -8.59233832e+02 6.36964721e+01 2.21922027e-01 5.02977162e-02 -1.96037048e+01
1.08421657e-62 -8.58721294e+02 6.05741081e+01 3.73337853e-01 5.81855135e-02 -1.96401999e+01
1.36474720e-62 -8.58702078e+02 6.01301250e+01 3.50679867e-01 6.17340830e-02 -1.96601822e+01
1.75688055e-62 -8.58258251e+02 7.39776673e+01 3.06812587e-01 3.86708648e-02 -1.91844868e+01
2.17607345e-62 -8.58218996e+02 7.11931411e+01 3.00834073e-01 4.82086873e-02 -1.92829949e+01
2.37808161e-62 -8.58078591e+02 6.11756626e+01 1.91682201e-01 5.65072039e-02 -1.96482399e+01
2.55735712e-62 -8.58062124e+02 7.31223565e+01 2.36005462e-01 3.87818400e-02 -1.93088016e+01
3.36494726e-62 -8.57580443e+02 6.17182805e+01 1.96332800e-01 5.90790106e-02 -1.96138217e+01
4.20082852e-62 -8.57554446e+02 6.95901346e+01 3.19150075e-01 4.59018795e-02 -1.92913283e+01
6.43353999e-62 -8.56844558e+02 7.59455610e+01 3.11851721e-01 4.11310641e-02 -1.91329856e+01
8.89594590e-62 -8.56777353e+02 6.18542141e+01 4.08206639e-01 5.50737219e-02 -1.95746788e+01
9.29205003e-62 -8.56749836e+02 7.14507767e+01 3.97827690e-01 4.55428613e-02 -1.92288199e+01
9.85044235e-62 -8.56655994e+02 7.19772562e+01 2.42984325e-01 4.53959748e-02 -1.93576397e+01
1.03236973e-61 -8.56647148e+02 7.46063671e+01 3.02261647e-01 3.69910483e-02 -1.92003339e+01
1.15142287e-61 -8.56441582e+02 7.19305247e+01 4.24789218e-01 4.42396732e-02 -1.92101476e+01
1.38758807e-61 -8.56264627e+02 7.98951442e+01 2.78078648e-01 3.44556345e-02 -1.90755116e+01
2.21026553e-61 -8.55603390e+02 7.23144667e+01 2.68907897e-01 3.88680094e-02 -1.92704004e+01
2.92435238e-61 -8.55590718e+02 7.56024401e+01 2.24766725e-01 3.64496310e-02 -1.92161814e+01
2.96464535e-61 -8.55569439e+02 7.00997743e+01 3.97339508e-01 4.16775463e-02 -1.93138235e+01
3.87961853e-61 -8.55100475e+02 6.50848202e+01 3.90672288e-01 5.47715071e-02 -1.94353385e+01
5.29343793e-61 -8.54897153e+02 7.27322850e+01 4.22350752e-01 4.31857621e-02 -1.91891616e+01
6.27547950e-61 -8.54748647e+02 7.67716910e+01 3.61724596e-01 4.02979079e-02 -1.91194612e+01
7.45509878e-61 -8.54550311e+02 6.28788772e+01 3.32961535e-01 5.38113148e-02 -1.96081795e+01
8.91552879e-61 -8.54381497e+02 6.75936363e+01 1.74770955e-01 4.64771859e-02 -1.95103205e+01
9.82690584e-61 -8.54342265e+02 6.55219496e+01 3.06734916e-01 4.97775170e-02 -1.95413086e+01
1.13220544e-60 -8.54105215e+02 6.13719832e+01 2.41199044e-01 6.11857421e-02 -1.96711627e+01
1.38836256e-60 -8.53922054e+02 7.34007538e+01 1.50558362e-01 4.25400301e-02 -1.92653658e+01
1.57287446e-60 -8.53842217e+02 6.62562931e+01 4.62375039e-01 5.14486003e-02 -1.94495850e+01
1.63043492e-60 -8.53841921e+02 7.08848124e+01 4.83100645e-01 4.55981234e-02 -1.92845806e+01
1.67475465e-60 -8.53782796e+02 7.18926949e+01 2.67672355e-01 4.63541923e-02 -1.93424657e+01
1.73108113e-60 -8.53768286e+02 6.41851255e+01 3.74024362e-01 5.37443723e-02 -1.94622952e+01
1.80426651e-60 -8.53694628e+02 6.11927241e+01 2.25967429e-01 5.76900276e-02 -1.96931798e+01
2.63841585e-60 -8.53090201e+02 6.03855154e+01 1.94527076e-01 6.09907122e-02 -1.96813455e+01
3.46174065e-60 -8.53055118e+02 6.41441143e+01 3.58964379e-01 5.76510384e-02 -1.95356243e+01
4.06450551e-60 -8.52780932e+02 7.00171733e+01 3.96340702e-01 4.23107538e-02 -1.93430461e+01
8.06117714e-60 -8.51863586e+02 6.71499223e+01 4.27617112e-01 5.15447119e-02 -1.94319382e+01
1.27374753e-59 -8.51665681e+02 6.83445056e+01 4.44170181e-01 4.87772779e-02 -1.93153976e+01
1.43950278e-59 -8.51603453e+02 7.80952927e+01 3.81556521e-01 3.73010366e-02 -1.90904321e+01
1.85279244e-59 -8.51194739e+02 7.62198859e+01 3.10770883e-01 3.66301578e-02 -1.91887744e+01
2.75141968e-59 -8.50802664e+02 6.33247388e+01 3.23981512e-01 5.07108344e-02 -1.95667454e+01
3.42955846e-59 -8.50711352e+02 6.98533936e+01 4.56591224e-01 4.57408322e-02 -1.93403416e+01
3.77323516e-59 -8.50605711e+02 6.81642149e+01 3.16001996e-01 5.26958886e-02 -1.93950706e+01
4.00901407e-59 -8.50580837e+02 6.87484768e+01 4.83246931e-01 4.89299130e-02 -1.93137343e+01
4.17542244e-59 -8.50518531e+02 6.62821467e+01 2.01078235e-01 5.51585748e-02 -1.94799244e+01
5.12715860e-59 -8.50189485e+02 6.28493925e+01 4.06070914e-01 5.28127429e-02 -1.95410525e+01
5.96527432e-59 -8.50182135e+02 6.76484111e+01 1.97080101e-01 4.80033886e-02 -1.93968755e+01
6.90438791e-59 -8.49909004e+02 6.67900947e+01 4.08280989e-01 4.83356659e-02 -1.94588710e+01
1.03299199e-58 -8.49412194e+02 6.06518264e+01 3.39065074e-01 5.83015451e-02 -1.96582775e+01
1.39536133e-58 -8.49246718e+02 7.80231576e+01 2.12683163e-01 3.65054939e-02 -1.91678645e+01
2.83675300e-58 -8.48228432e+02 6.20550579e+01 3.76748214e-01 5.49334614e-02 -1.95605477e+01
4.21726454e-58 -8.48198488e+02 6.33067459e+01 3.26574532e-01 5.87710525e-02 -1.95286285e+01
5.57691768e-58 -8.47719476e+02 6.19227184e+01 4.28028298e-01 5.84062540e-02 -1.95746456e+01
7.60684435e-58 -8.47523747e+02 7.07853940e+01 3.33238799e-01 4.88113804e-02 -1.93136893e+01
8.43671619e-58 -8.47496356e+02 7.45480244e+01 4.09665393e-01 4.23625308e-02 -1.91911044e+01
9.37460633e-58 -8.47314351e+02 6.73952796e+01 2.71073819e-01 4.60967072e-02 -1.94880077e+01
1.07269732e-57 -8.47214413e+02 7.30417376e+01 3.80682131e-01 4.15931992e-02 -1.92757267e+01
1.41218721e-57 -8.46798260e+02 6.77395290e+01 3.60227273e-01 5.21509718e-02 -1.93667547e+01
1.76090305e-57 -8.46724747e+02 6.13467260e+01 1.80746217e-01 6.09161551e-02 -1.96726979e+01
1.91703056e-57 -8.46622943e+02 6.82972579e+01 2.09793917e-01 4.39036101e-02 -1.93991296e+01
2.28559762e-57 -8.46378680e+02 6.59616125e+01 3.10043851e-01 5.02273539e-02 -1.94143069e+01
3.31348096e-57 -8.45912508e+02 6.49828641e+01 3.76123047e-01 4.83102024e-02 -1.94808691e+01
4.48903363e-57 -8.45720141e+02 7.44837214e+01 2.26239690e-01 3.84433237e-02 -1.92005442e+01
4.96159724e-57 -8.45696574e+02 6.03390567e+01 2.49944202e-01 6.19654938e-02 -1.96911373e+01
5.05113258e-57 -8.45677667e+02 7.50438686e+01 4.21004019e-01 3.91734947e-02 -1.91419707e+01
6.79043722e-57 -8.45163420e+02 7.11187432e+01 1.43627241e-01 4.20908574e-02 -1.93762377e+01
9.06506722e-57 -8.45032097e+02 7.31189853e+01 2.16918725e-01 3.88437723e-02 -1.93064114e+01
1.38575637e-56 -8.44401468e+02 7.78652301e+01 3.44679554e-01 3.63675435e-02 -1.90855878e+01
2.02411917e-56 -8.44181877e+02 6.02211709e+01 2.65567553e-01 6.04979425e-02 -1.96622715e+01
2.56721547e-56 -8.43923988e+02 7.86264484e+01 2.83337263e-01 3.53512731e-02 -1.91197949e+01
2.89804641e-56 -8.43916226e+02 6.31740075e+01 3.25530074e-01 5.45454006e-02 -1.95138919e+01
3.23548387e-56 -8.43707868e+02 7.16707852e+01 3.09522440e-01 4.38361948e-02 -1.93500442e+01
5.47398196e-56 -8.42977557e+02 6.31388047e+01 3.39483065e-01 5.65286261e-02 -1.95963497e+01
8.33620121e-56 -8.42743229e+02 6.76103940e+01 3.46870960e-01 4.86066988e-02 -1.94621782e+01
9.93010588e-56 -8.42611607e+02 7.22931824e+01 4.62253885e-01 4.40010727e-02 -1.92424366e+01
1.08695866e-55 -8.42552329e+02 6.05349968e+01 1.92777037e-01 6.04014329e-02 -1.96829237e+01
1.42256419e-55 -8.42113647e+02 6.15738489e+01 1.89443904e-01 5.54222384e-02 -1.96477231e+01
1.77533289e-55 -8.42055729e+02 6.56018679e+01 1.29003131e-01 5.39893359e-02 -1.95448553e+01
2.04126130e-55 -8.41838741e+02 6.31566007e+01 1.28326321e-01 5.58151493e-02 -1.96247987e+01
2.35492815e-55 -8.41753267e+02 7.25252639e+01 3.15150124e-01 4.39359671e-02 -1.92143071e+01
2.85614716e-55 -8.41465031e+02 7.07294550e+01 2.49267800e-01 4.33061714e-02 -1.92852791e+01
3.30994168e-55 -8.41431283e+02 7.51204165e+01 2.30677719e-01 3.96851955e-02 -1.91715293e+01
4.23056371e-55 -8.41011100e+02 6.50523108e+01 2.28437663e-01 5.58667832e-02 -1.95618800e+01
5.42500240e-55 -8.40887275e+02 6.33547217e+01 2.69540830e-01 5.75528338e-02 -1.96086291e+01
7.11431754e-55 -8.40496389e+02 6.63788140e+01 4.74110728e-01 5.01833793e-02 -1.94337368e+01
8.94787299e-55 -8.40387037e+02 6.38489243e+01 4.51360289e-01 5.59985059e-02 -1.95055350e+01
9.56897983e-55 -8.40352816e+02 7.53470791e+01 4.09679920e-01 3.85803180e-02 -1.91418882e+01
1.47427036e-54 -8.39640052e+02 6.32895849e+01 4.27570577e-01 5.67330174e-02 -1.95061192e+01
2.17131194e-54 -8.39455884e+02 7.05544750e+01 3.64784535e-01 4.26816926e-02 -1.92688165e+01
2.39498803e-54 -8.39429016e+02 6.84459199e+01 2.38608849e-01 4.29721438e-02 -1.94220296e+01
3.02737486e-54 -8.39021622e+02 7.16199183e+01 3.65949185e-01 4.62445961e-02 -1.93100667e+01
4.87415190e-54 -8.38496748e+02 7.36557016e+01 3.40571415e-01 4.38396128e-02 -1.92548725e+01
7.34826174e-54 -8.38154907e+02 7.49892838e+01 3.94562665e-01 3.82545777e-02 -1.91813427e+01
9.53966756e-54 -8.37949554e+02 6.82291953e+01 3.25808474e-01 5.04437701e-02 -1.93465350e+01
1.12203905e-53 -8.37817533e+02 6.71671354e+01 3.07904754e-01 4.49113929e-02 -1.94144699e+01
1.23881735e-53 -8.37741953e+02 7.04195126e+01 4.45877046e-01 4.73708693e-02 -1.93011097e+01
1.37305515e-53 -8.37608160e+02 7.44811552e+01 2.83580778e-01 4.27225089e-02 -1.91812060e+01
1.53744907e-53 -8.37507200e+02 7.18132379e+01 1.53102549e-01 4.59183986e-02 -1.93301642e+01
1.78626646e-53 -8.37308777e+02 6.66409068e+01 2.40678835e-01 4.92336711e-02 -1.95283681e+01
2.12403380e-53 -8.37150588e+02 6.40882468e+01 1.96537233e-01 5.78710575e-02 -1.95797106e+01
2.60038880e-53 -8.36906092e+02 7.06584418e+01 3.04528400e-01 4.87284721e-02 -1.93433237e+01
4.31301186e-53 -8.36229425e+02 7.76952229e+01 1.96647014e-01 3.82786997e-02 -1.91615358e+01
5.88238348e-53 -8.36167397e+02 7.41076473e+01 2.47746386e-01 4.39790038e-02 -1.92191104e+01
6.38600778e-53 -8.36060375e+02 7.68699842e+01 3.33190573e-01 3.95183762e-02 -1.91120355e+01
6.84651830e-53 -8.36019044e+02 6.80498309e+01 4.45121704e-01 4.83480598e-02 -1.93986724e+01
7.73862358e-53 -8.35818375e+02 6.35533500e+01 3.13624359e-01 5.87659727e-02 -1.95418175e+01
8.93254475e-53 -8.35717906e+02 6.98672205e+01 4.61006986e-01 4.71092922e-02 -1.93235323e+01
9.91191040e-53 -8.35604348e+02 7.14113883e+01 3.07138388e-01 4.78507129e-02 -1.93080388e+01
1.07642959e-52 -8.35543945e+02 6.86430861e+01 4.22222040e-01 4.95588936e-02 -1.93218040e+01
1.62734783e-52 -8.34878800e+02 7.61737962e+01 2.62725259e-01 3.95754167e-02 -1.92169737e+01
2.17192469e-52 -8.34851527e+02 6.78635760e+01 4.15017297e-01 5.15356066e-02 -1.93637952e+01
2.54462924e-52 -8.34574360e+02 7.08699968e+01 1.36759608e-01 4.31001982e-02 -1.93818875e+01
3.01136368e-52 -8.34490662e+02 7.39786578e+01 2.19771988e-01 3.90303778e-02 -1.92911291e+01
4.09586770e-52 -8.34008377e+02 6.49949861e+01 4.29569384e-01 4.99722003e-02 -1.94830853e+01
8.87415893e-52 -8.33085748e+02 6.61168816e+01 1.97180754e-01 5.45016419e-02 -1.94748095e+01
1.55645543e-51 -8.32707843e+02 6.04232333e+01 2.62335487e-01 5.89931389e-02 -1.96667288e+01
1.94182654e-51 -8.32603865e+02 6.90143429e+01 2.95903999e-01 5.12388609e-02 -1.93811042e+01
2.12134698e-51 -8.32523265e+02 7.73663542e+01 3.48068682e-01 3.71349375e-02 -1.90983510e+01
2.25165132e-51 -8.32476898e+02 6.75427417e+01 4.06928022e-01 5.01479073e-02 -1.94300086e+01
2.43044869e-51 -8.32366305e+02 7.13011381e+01 2.54744533e-01 4.22857165e-02 -1.93731986e+01
2.98205628e-51 -8.32078718e+02 7.43903286e+01 1.65862668e-01 4.15738002e-02 -1.92384409e+01
3.87761696e-51 -8.31829336e+02 6.42695161e+01 3.52702325e-01 5.48969454e-02 -1.94718664e+01
5.34939575e-51 -8.31448980e+02 6.03603321e+01 2.63804537e-01 6.04489924e-02 -1.96824010e+01
6.71640512e-51 -8.31334845e+02 7.68551481e+01 2.58507559e-01 3.70526309e-02 -1.91294064e+01
8.70428601e-51 -8.30956180e+02 6.95952347e+01 1.94022532e-01 4.93720462e-02 -1.93630548e+01
1.54453949e-50 -8.30263268e+02 6.54054829e+01 2.94536371e-01 5.32752181e-02 -1.94435061e+01
2.20825641e-50 -8.30121860e+02 6.21809913e+01 2.79971403e-01 5.98161649e-02 -1.96261390e+01
2.51014261e-50 -8.29999109e+02 6.68471252e+01 4.63269261e-01 4.88890244e-02 -1.94194147e+01
2.71815968e-50 -8.29952746e+02 6.44132402e+01 1.29798547e-01 5.25601123e-02 -1.95883094e+01
2.84482736e-50 -8.29901479e+02 7.50513237e+01 2.57729339e-01 3.75729590e-02 -1.91861470e+01
3.05351825e-50 -8.29806121e+02 6.28100653e+01 3.84543049e-01 5.46247335e-02 -1.95286599e+01
3.62928623e-50 -8.29561937e+02 6.38133716e+01 1.54366535e-01 5.49229791e-02 -1.95642600e+01
4.34491687e-50 -8.29429066e+02 7.06420850e+01 1.36771071e-01 4.37726460e-02 -1.93959905e+01
4.81289856e-50 -8.29347931e+02 6.85200522e+01 2.33742457e-01 5.12249881e-02 -1.94432282e+01
5.37085442e-50 -8.29206394e+02 7.48609533e+01 2.21986856e-01 3.84578027e-02 -1.92621157e+01
6.17892497e-50 -8.29061221e+02 6.73486337e+01 3.29946454e-01 4.57174428e-02 -1.93867539e+01
7.45027862e-50 -8.28833227e+02 6.21770014e+01 3.07497563e-01 5.37682783e-02 -1.96090606e+01
8.58072775e-50 -8.28760389e+02 6.83033452e+01 4.32107843e-01 4.52534686e-02 -1.93439502e+01
8.87228367e-50 -8.28758419e+02 7.28673894e+01 4.54775066e-01 4.27091563e-02 -1.92152563e+01
9.18913122e-50 -8.28684905e+02 7.41157554e+01 2.09741041e-01 4.15766425e-02 -1.92963713e+01
9.53122667e-50 -8.28677323e+02 7.82823229e+01 3.05015250e-01 3.59943072e-02 -1.90940763e+01
1.08019909e-49 -8.28441762e+02 6.21124550e+01 3.71958400e-01 5.64149498e-02 -1.96026612e+01
1.21301947e-49 -8.28424963e+02 7.41274423e+01 3.83777057e-01 3.98736378e-02 -1.91685621e+01
1.23707045e-49 -8.28395979e+02 6.74029222e+01 3.01548695e-01 5.23585888e-02 -1.93900826e+01
1.31059312e-49 -8.28304712e+02 6.74126311e+01 1.37265972e-01 4.71295609e-02 -1.94979278e+01
1.48657640e-49 -8.28141872e+02 6.45787699e+01 3.30696182e-01 5.47942048e-02 -1.95514088e+01
1.74706909e-49 -8.27975425e+02 6.24315709e+01 3.73974485e-01 5.46395042e-02 -1.95528562e+01
2.04869582e-49 -8.27816109e+02 7.33774737e+01 1.63444826e-01 4.06011059e-02 -1.93147587e+01
2.66433102e-49 -8.27467211e+02 7.18366985e+01 2.74237110e-01 4.34600976e-02 -1.93536943e+01
3.19861909e-49 -8.27414340e+02 7.69139426e+01 2.39589801e-01 3.72894698e-02 -1.91354763e+01
3.27507754e-49 -8.27412612e+02 7.28003769e+01 3.47605155e-01 4.12004274e-02 -1.92908282e+01
3.29065183e-49 -8.27398247e+02 7.31304928e+01 2.28308462e-01 3.88158689e-02 -1.92618834e+01
3.37960405e-49 -8.27353070e+02 7.59011870e+01 3.95321059e-01 3.97579173e-02 -1.91510413e+01
3.66302844e-49 -8.27233585e+02 7.26251967e+01 2.42040717e-01 4.23016259e-02 -1.93384480e+01
4.19778480e-49 -8.27076478e+02 7.55586112e+01 2.36310610e-01 4.06873171e-02 -1.92388276e+01
5.58929868e-49 -8.26686042e+02 6.95961986e+01 1.29458325e-01 4.55055718e-02 -1.94255914e+01
7.17758115e-49 -8.26537263e+02 6.57862939e+01 3.08354667e-01 5.54962772e-02 -1.94878076e+01
8.91891754e-49 -8.26258762e+02 7.15622831e+01 3.64681366e-01 4.41092246e-02 -1.92334983e+01
1.12738754e-48 -8.26053198e+02 7.01816009e+01 3.85734931e-01 4.73087898e-02 -1.93503177e+01
1.24626052e-48 -8.26041108e+02 6.41898473e+01 4.54117116e-01 5.29172032e-02 -1.94805680e+01
1.50333882e-48 -8.25700319e+02 7.34410217e+01 1.47366748e-01 4.14801442e-02 -1.92959774e+01
1.90565329e-48 -8.25537875e+02 7.29481494e+01 2.69263664e-01 4.05007406e-02 -1.93136259e+01
2.47367252e-48 -8.25194627e+02 6.97566161e+01 3.93578865e-01 4.32398624e-02 -1.93016999e+01
3.65693348e-48 -8.24765710e+02 6.88701450e+01 4.78626803e-01 4.79658470e-02 -1.93289162e+01
4.94260696e-48 -8.24551266e+02 7.43240924e+01 3.54268470e-01 3.89400998e-02 -1.92285878e+01
5.96134286e-48 -8.24380090e+02 7.00250316e+01 1.51771969e-01 4.57276567e-02 -1.93617374e+01
6.91796356e-48 -8.24244252e+02 7.41313569e+01 3.50697755e-01 3.84106859e-02 -1.92200756e+01
9.78099625e-48 -8.23739271e+02 6.46344207e+01 4.20432829e-01 5.08247421e-02 -1.94671791e+01
1.31362372e-47 -8.23590195e+02 6.81873162e+01 3.46759947e-01 5.11382292e-02 -1.94170378e+01
1.43086575e-47 -8.23556370e+02 7.68951074e+01 2.15806056e-01 3.76534241e-02 -1.91490300e+01
1.81045062e-47 -8.23153055e+02 6.87311114e+01 3.40788316e-01 4.61920457e-02 -1.93236033e+01
2.32565835e-47 -8.23013343e+02 7.02950435e+01 3.79797039e-01 4.24098448e-02 -1.93366487e+01
2.59141075e-47 -8.22926988e+02 7.12152912e+01 2.13770495e-01 4.72679078e-02 -1.93647012e+01
2.85595413e-47 -8.22813627e+02 6.51403968e+01 3.70721010e-01 5.11049955e-02 -1.94396769e+01
3.08335843e-47 -8.22764498e+02 6.22943071e+01 3.28683653e-01 5.41215001e-02 -1.96018315e+01
3.55226001e-47 -8.22536237e+02 6.54063743e+01 2.36893065e-01 5.59878123e-02 -1.94967797e+01
4.15757180e-47 -8.22432823e+02 6.80181055e+01 3.54051292e-01 5.07807408e-02 -1.94268962e+01
4.51519828e-47 -8.22363088e+02 6.47421832e+01 1.90668216e-01 5.60648905e-02 -1.95719053e+01
5.69029224e-47 -8.21995854e+02 7.25231694e+01 2.85231080e-01 4.46682722e-02 -1.92329169e+01
7.51901619e-47 -8.21777458e+02 6.23597314e+01 2.40454051e-01 5.50948539e-02 -1.96449864e+01
8.41419988e-47 -8.21752483e+02 6.30829594e+01 2.90089261e-01 5.28127579e-02 -1.96022162e+01
8.58015073e-47 -8.21731694e+02 7.77294157e+01 2.81178474e-01 3.66099447e-02 -1.91079891e+01
9.39939568e-47 -8.21569871e+02 6.59062613e+01 2.81963475e-01 4.69643869e-02 -1.95018826e+01
1.04583898e-46 -8.21506000e+02 6.69516885e+01 2.42544935e-01 5.33161556e-02 -1.94884582e+01
1.18110480e-46 -8.21326939e+02 6.19348565e+01 2.73551516e-01 5.87831053e-02 -1.95896080e+01
1.56985467e-46 -8.20956403e+02 6.77176497e+01 3.90948117e-01 5.11184593e-02 -1.94169578e+01
1.97814253e-46 -8.20827927e+02 6.33642714e+01 2.00593628e-01 5.45839705e-02 -1.95551328e+01
2.09867785e-46 -8.20827326e+02 6.63396189e+01 4.48398639e-01 5.24818221e-02 -1.94134022e+01
2.15477081e-46 -8.20769358e+02 7.36022435e+01 3.51066239e-01 4.41696738e-02 -1.92256823e+01
2.55738855e-46 -8.20495867e+02 6.26958016e+01 3.91126898e-01 5.45238822e-02 -1.95455660e+01
3.28989860e-46 -8.20254813e+02 7.03977940e+01 3.24170148e-01 4.63295678e-02 -1.93753462e+01
3.70923400e-46 -8.20234882e+02 7.00368013e+01 4.11080565e-01 4.35593421e-02 -1.92869869e+01
3.75108884e-46 -8.20225638e+02 6.92798014e+01 3.39367240e-01 4.97717182e-02 -1.93821817e+01
4.22865776e-46 -8.20001105e+02 7.29109523e+01 3.19259802e-01 3.97771157e-02 -1.92233748e+01
5.00125019e-46 -8.19874785e+02 6.13478213e+01 3.11924535e-01 5.68504395e-02 -1.96364430e+01
5.90551526e-46 -8.19668668e+02 6.75968563e+01 4.40314792e-01 4.71554376e-02 -1.93580854e+01
6.50003450e-46 -8.19665687e+02 6.48509386e+01 2.09169621e-01 5.10490742e-02 -1.95826121e+01
6.66862927e-46 -8.19611529e+02 6.45012113e+01 2.69157327e-01 5.17504145e-02 -1.95770626e+01
7.83913371e-46 -8.19351701e+02 6.93441308e+01 2.54623189e-01 4.54633842e-02 -1.93282118e+01
8.93741070e-46 -8.19325974e+02 6.43930106e+01 3.88714161e-01 5.61170760e-02 -1.94860786e+01
1.08925492e-45 -8.18979138e+02 6.23147747e+01 2.74283442e-01 5.58837781e-02 -1.96369099e+01
1.47015034e-45 -8.18707978e+02 6.70899377e+01 1.91982561e-01 5.20559311e-02 -1.94367263e+01
1.71500712e-45 -8.18646981e+02 7.69213495e+01 2.23408270e-01 3.88001246e-02 -1.91466150e+01
1.78467271e-45 -8.18620927e+02 6.96814572e+01 2.27800137e-01 4.20212721e-02 -1.93797352e+01
1.89095164e-45 -8.18526685e+02 6.75469113e+01 1.28467598e-01 4.93618802e-02 -1.94717186e+01
2.11118996e-45 -8.18395977e+02 7.28627191e+01 3.08730925e-01 4.54662931e-02 -1.92471670e+01
2.57504420e-45 -8.18135452e+02 6.27485087e+01 4.05875047e-01 5.61342782e-02 -1.95589955e+01
3.74497591e-45 -8.17675690e+02 6.52435013e+01 3.56834776e-01 5.56700314e-02 -1.94822278e+01
5.98037438e-45 -8.17197018e+02 7.45706152e+01 2.69818046e-01 4.31196816e-02 -1.92049044e+01
1.25825015e-44 -8.16313683e+02 6.35369301e+01 2.76776280e-01 5.34873181e-02 -1.95222848e+01
2.29668235e-44 -8.15850905e+02 6.88627040e+01 2.03605595e-01 4.37621512e-02 -1.93894751e+01
3.11143663e-44 -8.15656184e+02 6.44497931e+01 2.58397502e-01 4.99648247e-02 -1.95106244e+01
3.64752355e-44 -8.15521396e+02 6.89994881e+01 3.95030608e-01 4.99179928e-02 -1.93435998e+01
3.92194084e-44 -8.15500028e+02 7.04249605e+01 3.22419208e-01 4.63322306e-02 -1.93736155e+01
4.16404040e-44 -8.15397457e+02 7.05431269e+01 2.78896189e-01 4.68764132e-02 -1.93821476e+01
4.93255498e-44 -8.15165429e+02 7.44296190e+01 3.90848113e-01 3.95371801e-02 -1.91718283e+01
6.72792499e-44 -8.14791337e+02 7.35169941e+01 3.41456100e-01 4.17872253e-02 -1.91883904e+01
8.45597072e-44 -8.14670430e+02 7.65108437e+01 3.10946183e-01 3.71287024e-02 -1.91359568e+01
1.11227588e-43 -8.14272179e+02 6.09715091e+01 2.77514694e-01 5.97541669e-02 -1.96490218e+01
1.65456421e-43 -8.13870243e+02 7.39316724e+01 2.81540473e-01 4.18176748e-02 -1.92783190e+01
2.12663536e-43 -8.13728422e+02 7.47055699e+01 2.10460307e-01 3.85725309e-02 -1.92597882e+01
2.77659676e-43 -8.13359101e+02 6.31945185e+01 2.69896119e-01 5.28874929e-02 -1.96051681e+01
3.56627430e-43 -8.13194069e+02 7.31102746e+01 1.63433160e-01 4.28764508e-02 -1.93191989e+01
4.26942236e-43 -8.12995565e+02 6.71010771e+01 3.82968432e-01 5.08765673e-02 -1.93749811e+01
4.98211522e-43 -8.12872604e+02 6.96136602e+01 1.46159058e-01 4.64581312e-02 -1.94360965e+01
5.74638468e-43 -8.12706582e+02 7.17159286e+01 4.47151827e-01 4.29599754e-02 -1.92485594e+01
6.22515192e-43 -8.12699026e+02 7.51136083e+01 2.71979254e-01 3.84597667e-02 -1.92369149e+01
6.67943621e-43 -8.12563621e+02 6.30746962e+01 2.39608454e-01 5.50162588e-02 -1.95525711e+01
7.62062696e-43 -8.12428689e+02 7.34298011e+01 2.89792105e-01 3.86379330e-02 -1.92558005e+01
8.87681765e-43 -8.12254798e+02 6.94975628e+01 1.71495085e-01 4.84713108e-02 -1.94328461e+01
1.03748035e-42 -8.12107992e+02 7.22496877e+01 2.65595086e-01 4.53641596e-02 -1.93243449e+01
1.14322056e-42 -8.12049506e+02 6.30082326e+01 2.61049854e-01 5.72300937e-02 -1.96159164e+01
1.22186563e-42 -8.11969041e+02 6.56068397e+01 3.67028270e-01 5.47791203e-02 -1.94533242e+01
1.28985467e-42 -8.11933251e+02 6.12798158e+01 2.96669494e-01 5.90123653e-02 -1.96435170e+01
1.32922776e-42 -8.11902169e+02 6.43214884e+01 3.79204246e-01 5.07732945e-02 -1.95155021e+01
1.47077241e-42 -8.11731268e+02 7.21496519e+01 3.87826559e-01 4.46393804e-02 -1.92284520e+01
1.69197268e-42 -8.11611585e+02 7.38606892e+01 3.96464790e-01 3.98108117e-02 -1.92105228e+01
1.81305100e-42 -8.11583006e+02 6.28910805e+01 2.80649950e-01 5.72744497e-02 -1.96128228e+01
1.92398142e-42 -8.11488200e+02 7.08345450e+01 4.42802545e-01 4.57941219e-02 -1.92698585e+01
2.04152553e-42 -8.11455766e+02 6.89083009e+01 4.46277330e-01 4.86888743e-02 -1.93357075e+01
2.15450705e-42 -8.11375175e+02 6.70750022e+01 3.61429045e-01 5.20303639e-02 -1.93884282e+01
3.25163865e-42 -8.10727409e+02 6.67182291e+01 4.23185794e-01 4.81509642e-02 -1.93930323e+01
4.53839253e-42 -8.10602476e+02 6.69364445e+01 4.19563607e-01 5.16218022e-02 -1.93872999e+01
5.32601820e-42 -8.10406389e+02 6.88293447e+01 2.97936071e-01 4.39349655e-02 -1.93523125e+01
6.54156076e-42 -8.10187079e+02 6.79644638e+01 2.51840163e-01 4.41588765e-02 -1.94162718e+01
7.67824174e-42 -8.10070688e+02 6.81122537e+01 2.20206517e-01 4.48922445e-02 -1.94016353e+01
8.20644130e-42 -8.10044157e+02 6.83358045e+01 4.38957420e-01 4.64916349e-02 -1.93375400e+01
8.38912405e-42 -8.10019969e+02 7.66628963e+01 2.24870874e-01 3.93475973e-02 -1.91588429e+01
8.53212311e-42 -8.10003618e+02 6.53756293e+01 3.43378545e-01 4.82254580e-02 -1.94833279e+01
1.27858106e-41 -8.09319156e+02 6.25930335e+01 2.91677192e-01 5.82557710e-02 -1.96104576e+01
1.71203762e-41 -8.09298300e+02 6.79892274e+01 4.43808081e-01 4.71388098e-02 -1.93483605e+01
2.53204116e-41 -8.08637077e+02 7.06105883e+01 3.52600813e-01 4.53322865e-02 -1.92678595e+01
3.36777516e-41 -8.08613956e+02 7.45421453e+01 3.16699701e-01 3.88788051e-02 -1.91790812e+01
3.42324433e-41 -8.08597682e+02 6.16899789e+01 2.06062843e-01 5.81004564e-02 -1.96348490e+01
3.83433550e-41 -8.08391072e+02 6.55790845e+01 3.09605857e-01 5.52878636e-02 -1.94950161e+01
4.31259806e-41 -8.08345797e+02 6.74476481e+01 2.23476987e-01 4.50675815e-02 -1.94395921e+01
6.60416619e-41 -8.07650189e+02 6.66942410e+01 3.75445573e-01 4.80014750e-02 -1.94598079e+01
8.89885718e-41 -8.07624260e+02 7.17732273e+01 3.75116612e-01 4.58933026e-02 -1.92838254e+01
1.03578974e-40 -8.07357456e+02 6.23595872e+01 3.22312969e-01 5.88048613e-02 -1.95803807e+01
1.18543445e-40 -8.07330157e+02 6.61857167e+01 3.71455990e-01 4.86491927e-02 -1.94143400e+01
1.20314610e-40 -8.07320974e+02 7.38224005e+01 2.95633095e-01 4.10787219e-02 -1.92759017e+01
1.23515808e-40 -8.07271572e+02 7.12659040e+01 2.14393968e-01 4.22456222e-02 -1.92986691e+01
1.50364537e-40 -8.06946607e+02 7.44855869e+01 2.76202190e-01 3.83008643e-02 -1.92423431e+01
1.81606049e-40 -8.06862831e+02 6.47599920e+01 4.23523017e-01 5.30761106e-02 -1.94936439e+01
1.92481936e-40 -8.06822283e+02 6.43242695e+01 3.68756139e-01 5.07365886e-02 -1.95176385e+01
2.32561427e-40 -8.06502860e+02 6.42566675e+01 2.25447821e-01 5.22922059e-02 -1.95929931e+01
3.12343209e-40 -8.06220234e+02 7.22446821e+01 1.74767428e-01 4.52687616e-02 -1.93215068e+01
3.99275275e-40 -8.05997573e+02 6.92849481e+01 2.29018955e-01 4.89561800e-02 -1.94295690e+01
4.42430196e-40 -8.05995947e+02 6.75237076e+01 2.66481753e-01 4.96450841e-02 -1.94842261e+01
4.76500624e-40 -8.05848011e+02 6.49646243e+01 4.33813683e-01 5.23755283e-02 -1.94537570e+01
5.18747409e-40 -8.05814215e+02 6.31606471e+01 3.58099382e-01 5.34432505e-02 -1.95646458e+01
5.42339225e-40 -8.05753056e+02 7.11180674e+01 1.52122098e-01 4.54270874e-02 -1.93473113e+01
5.63935736e-40 -8.05728676e+02 7.44754388e+01 3.79071355e-01 4.09272094e-02 -1.92092941e+01
6.82022145e-40 -8.05393897e+02 7.28656476e+01 3.70965410e-01 4.10043800e-02 -1.92114593e+01
8.17938341e-40 -8.05331650e+02 6.90454797e+01 2.35609531e-01 4.80131162e-02 -1.94447269e+01
8.55828837e-40 -8.05296023e+02 7.44629061e+01 2.60886612e-01 3.81758811e-02 -1.92424105e+01
8.74971862e-40 -8.05280494e+02 7.11112225e+01 4.46879441e-01 4.41263873e-02 -1.92665608e+01
1.03029322e-39 -8.04984341e+02 6.94814949e+01 1.67294244e-01 4.78786649e-02 -1.93770184e+01
1.19608476e-39 -8.04953805e+02 6.66037336e+01 3.93372241e-01 4.77538531e-02 -1.94458622e+01
1.26284014e-39 -8.04870564e+02 6.66584938e+01 2.75467875e-01 5.39592871e-02 -1.94481747e+01
1.31424579e-39 -8.04865624e+02 7.15821898e+01 3.67535494e-01 4.64006854e-02 -1.92721496e+01
1.37385353e-39 -8.04777146e+02 7.56384588e+01 1.98351402e-01 3.84199000e-02 -1.92041774e+01
1.50483490e-39 -8.04677372e+02 6.81089594e+01 2.62295322e-01 4.58191944e-02 -1.93753763e+01
1.70212413e-39 -8.04527244e+02 6.15964070e+01 2.10575310e-01 5.84799094e-02 -1.96458842e+01
1.84604059e-39 -8.04502903e+02 6.65222689e+01 2.51112274e-01 5.19909651e-02 -1.94271779e+01
1.90624757e-39 -8.04456785e+02 6.26744720e+01 2.46958834e-01 5.44165484e-02 -1.96259373e+01
2.09524268e-39 -8.04311894e+02 7.02149782e+01 3.16542202e-01 4.55347655e-02 -1.93826620e+01
2.53308773e-39 -8.04078889e+02 7.30176193e+01 3.70370075e-01 4.00511482e-02 -1.92462320e+01
2.82150993e-39 -8.04076032e+02 6.46707897e+01 2.41739205e-01 5.56679386e-02 -1.95634659e+01
2.85644886e-39 -8.04047816e+02 6.56180548e+01 3.72169313e-01 4.93012703e-02 -1.94891970e+01
3.25255100e-39 -8.03822160e+02 6.95449164e+01 4.00125760e-01 4.66938805e-02 -1.93631957e+01
4.20314743e-39 -8.03536063e+02 7.55870030e+01 1.98457160e-01 4.03381345e-02 -1.92286839e+01
4.97142824e-39 -8.03460780e+02 6.53054720e+01 2.61242888e-01 4.81437329e-02 -1.94983959e+01
6.04661846e-39 -8.03159077e+02 6.22694035e+01 3.33990588e-01 5.80293815e-02 -1.95750334e+01
7.84400880e-39 -8.02924659e+02 7.20389167e+01 2.07561613e-01 4.33338942e-02 -1.92736419e+01
8.87173615e-39 -8.02892729e+02 6.64455718e+01 2.84109893e-01 5.32775380e-02 -1.94940672e+01
9.49547569e-39 -8.02784771e+02 7.40234298e+01 2.27399361e-01 3.91139749e-02 -1.92269861e+01
9.99459445e-39 -8.02780707e+02 7.14767482e+01 4.00489011e-01 4.20839950e-02 -1.92868608e+01
1.02555657e-38 -8.02727273e+02 6.74891687e+01 1.90456082e-01 4.70329846e-02 -1.94979872e+01
1.06719937e-38 -8.02694010e+02 6.96477878e+01 4.45469161e-01 4.56161615e-02 -1.93011516e+01
1.08405011e-38 -8.02689014e+02 6.87832699e+01 3.20356773e-01 5.03149115e-02 -1.93529232e+01
1.52628424e-38 -8.02091146e+02 6.66400943e+01 4.51014080e-01 4.96972533e-02 -1.94127984e+01
2.00003757e-38 -8.02053983e+02 6.56377261e+01 1.79329582e-01 5.38242543e-02 -1.95482367e+01
2.42677472e-38 -8.01724387e+02 6.50520927e+01 1.96818399e-01 4.92824810e-02 -1.95527878e+01
2.81413593e-38 -8.01724106e+02 6.49455164e+01 3.84231243e-01 5.01569487e-02 -1.94696666e+01
2.83407087e-38 -8.01703717e+02 6.94549648e+01 4.44214896e-01 4.71102028e-02 -1.93099616e+01
2.87030753e-38 -8.01691971e+02 7.17250631e+01 3.65812392e-01 4.52964446e-02 -1.92461720e+01
3.49621517e-38 -8.01334314e+02 6.85506441e+01 2.09193650e-01 5.10955213e-02 -1.94184071e+01
4.10381021e-38 -8.01333036e+02 7.03315963e+01 1.70036653e-01 4.29769224e-02 -1.93687803e+01
4.83607164e-38 -8.01023190e+02 7.21692387e+01 2.62058679e-01 4.18389815e-02 -1.92511119e+01
5.85065666e-38 -8.00924029e+02 6.51048621e+01 1.96034652e-01 5.15330129e-02 -1.94991946e+01
6.32510838e-38 -8.00859182e+02 6.83413671e+01 4.38112542e-01 4.63193209e-02 -1.93495201e+01
7.69613837e-38 -8.00548044e+02 7.16973276e+01 3.99018810e-01 4.33400747e-02 -1.92922914e+01
8.92688880e-38 -8.00531789e+02 6.71565572e+01 2.19654663e-01 4.62262985e-02 -1.94359646e+01
1.07792373e-37 -8.00192806e+02 6.90100535e+01 3.14512848e-01 4.93661885e-02 -1.94060842e+01
1.47092051e-37 -7.99896682e+02 7.10572928e+01 2.87947485e-01 4.50103072e-02 -1.92715632e+01
1.72035710e-37 -7.99851530e+02 6.71101395e+01 4.01404095e-01 4.70322340e-02 -1.93941248e+01
1.81419987e-37 -7.99784417e+02 6.55686576e+01 2.05697396e-01 4.81229211e-02 -1.95240632e+01
1.93310535e-37 -7.99717889e+02 7.28109548e+01 3.74682199e-01 4.26484997e-02 -1.92685021e+01
2.34107336e-37 -7.99416339e+02 6.37094184e+01 3.93749425e-01 5.34913167e-02 -1.95095445e+01
3.16334655e-37 -7.99109925e+02 7.07394672e+01 2.59082230e-01 4.65589160e-02 -1.93778424e+01
3.80812211e-37 -7.99017429e+02 6.67419113e+01 1.77414836e-01 5.27782908e-02 -1.94742526e+01
4.46601600e-37 -7.98794778e+02 7.16954428e+01 2.56350024e-01 4.47476266e-02 -1.92655660e+01
6.22175316e-37 -7.98378341e+02 7.70383286e+01 2.36150740e-01 3.78322604e-02 -1.91727423e+01
8.54878407e-37 -7.98125538e+02 7.45341698e+01 2.86773080e-01 4.09027926e-02 -1.91806691e+01
1.07529589e-36 -7.97908699e+02 7.52750755e+01 3.18802616e-01 3.87807583e-02 -1.92085363e+01
1.26886706e-36 -7.97780217e+02 7.63686153e+01 2.88101003e-01 3.75411734e-02 -1.91780926e+01
1.47572435e-36 -7.97603653e+02 6.69198820e+01 1.48795037e-01 4.85519376e-02 -1.95095152e+01
1.73443584e-36 -7.97448708e+02 6.70175480e+01 2.44619716e-01 5.19299403e-02 -1.94201066e+01
2.18353672e-36 -7.97152351e+02 7.13924823e+01 3.51503804e-01 4.55581158e-02 -1.93193894e+01
2.55015621e-36 -7.97110202e+02 6.80159881e+01 2.64397059e-01 4.56046022e-02 -1.94574291e+01
2.79287290e-36 -7.96968439e+02 6.60965156e+01 1.96784034e-01 5.17373442e-02 -1.95420959e+01
3.19223788e-36 -7.96835630e+02 7.53124650e+01 3.20432362e-01 3.80283467e-02 -1.91784755e+01
3.42351428e-36 -7.96817568e+02 6.43372512e+01 2.11458043e-01 5.66028844e-02 -1.95602806e+01
3.48844181e-36 -7.96791488e+02 6.60871542e+01 2.59759818e-01 5.28180619e-02 -1.94431895e+01
4.19772077e-36 -7.96466809e+02 7.30254616e+01 1.78311265e-01 4.14906073e-02 -1.93191922e+01
4.99652524e-36 -7.96410970e+02 6.64503518e+01 3.29351785e-01 4.99353455e-02 -1.94914114e+01
6.36743828e-36 -7.96013670e+02 7.54566696e+01 1.97842344e-01 3.90355845e-02 -1.92097724e+01
9.36277165e-36 -7.95630503e+02 6.47859215e+01 2.65117323e-01 5.43374211e-02 -1.94864575e+01
1.13955137e-35 -7.95578258e+02 7.04441513e+01 2.72361745e-01 4.39064300e-02 -1.93873215e+01
1.22042750e-35 -7.95488065e+02 6.37251496e+01 2.07858598e-01 5.22411288e-02 -1.95982374e+01
1.28986832e-35 -7.95459101e+02 6.82515422e+01 2.67688850e-01 4.86161767e-02 -1.93635422e+01
1.40399381e-35 -7.95316703e+02 7.02977047e+01 4.00783371e-01 4.63349232e-02 -1.92820285e+01
2.06598955e-35 -7.94753168e+02 7.06194158e+01 3.07564053e-01 4.16588407e-02 -1.93139623e+01
2.62622225e-35 -7.94751810e+02 6.52373521e+01 1.96706796e-01 5.15057921e-02 -1.95678214e+01
2.63706334e-35 -7.94738318e+02 7.08018301e+01 3.34137766e-01 4.63049850e-02 -1.92759803e+01
2.76140568e-35 -7.94654708e+02 6.38089773e+01 2.90299093e-01 5.41926120e-02 -1.95827262e+01
2.94809287e-35 -7.94599831e+02 6.68099192e+01 2.04596449e-01 4.72488861e-02 -1.95071116e+01
3.43488376e-35 -7.94356426e+02 7.05914024e+01 3.94046069e-01 4.67769895e-02 -1.92850144e+01
3.94443952e-35 -7.94302480e+02 6.89985516e+01 3.13889180e-01 4.55127202e-02 -1.93311256e+01
4.37104562e-35 -7.94149497e+02 6.83824905e+01 2.89849521e-01 4.82521792e-02 -1.93529394e+01
4.80253609e-35 -7.94102254e+02 6.86281940e+01 3.20194941e-01 5.07726174e-02 -1.93893885e+01
5.48588258e-35 -7.93887702e+02 6.83165773e+01 4.31423230e-01 4.88204837e-02 -1.93702621e+01
7.40386306e-35 -7.93518373e+02 6.71379546e+01 2.64061456e-01 4.56801760e-02 -1.94356830e+01
9.22195948e-35 -7.93410855e+02 6.67135054e+01 3.62239290e-01 4.89839216e-02 -1.94660551e+01
1.06299982e-34 -7.93232579e+02 6.69053549e+01 1.46469150e-01 5.07536439e-02 -1.95052774e+01
2.13939416e-34 -7.92236040e+02 7.06550257e+01 3.83982189e-01 4.68938296e-02 -1.93130729e+01
3.57645215e-34 -7.91976400e+02 6.81255792e+01 2.78704252e-01 4.78353634e-02 -1.93645330e+01
4.04430119e-34 -7.91966727e+02 6.91304259e+01 2.01760361e-01 4.62439583e-02 -1.94477306e+01
4.55703762e-34 -7.91743433e+02 6.84910373e+01 3.40006436e-01 4.99111756e-02 -1.94084755e+01
6.05347966e-34 -7.91407751e+02 6.70113537e+01 2.93517994e-01 5.27945344e-02 -1.94215805e+01
7.06921402e-34 -7.91398527e+02 7.08840037e+01 3.66900383e-01 4.20606281e-02 -1.93067616e+01
7.43428795e-34 -7.91302663e+02 7.16961578e+01 1.93211814e-01 4.46761264e-02 -1.92985677e+01
7.83895798e-34 -7.91283659e+02 6.20153043e+01 2.26925389e-01 5.63937330e-02 -1.96310843e+01
8.28291635e-34 -7.91188025e+02 6.56298770e+01 2.26200367e-01 5.43291175e-02 -1.94839039e+01
1.06013005e-33 -7.90815626e+02 7.44665880e+01 2.34534534e-01 3.91656708e-02 -1.92125378e+01
1.36570276e-33 -7.90647408e+02 6.53846745e+01 2.00031278e-01 5.46311863e-02 -1.95415325e+01
1.49967112e-33 -7.90615014e+02 7.28119691e+01 3.33592862e-01 4.47046399e-02 -1.92563148e+01
1.59439201e-33 -7.90520242e+02 6.45701533e+01 2.18993076e-01 5.62158346e-02 -1.95425856e+01
2.14105415e-33 -7.90067348e+02 7.14282494e+01 3.04587647e-01 4.24497727e-02 -1.93399001e+01
2.69739254e-33 -7.90001838e+02 6.65866739e+01 4.14775318e-01 4.84764707e-02 -1.94155732e+01
2.83487032e-33 -7.89960623e+02 6.63819348e+01 2.68501725e-01 5.16839529e-02 -1.94285942e+01
2.97334534e-33 -7.89900285e+02 7.41658185e+01 3.56115559e-01 4.09321919e-02 -1.92270362e+01
3.93112388e-33 -7.89445786e+02 6.84771926e+01 2.31245317e-01 4.66690401e-02 -1.93723801e+01
5.02734400e-33 -7.89352660e+02 7.08371963e+01 3.62279598e-01 4.70299738e-02 -1.92916136e+01
5.67421907e-33 -7.89200652e+02 7.62673448e+01 2.95343570e-01 3.78281053e-02 -1.91564014e+01
6.26687870e-33 -7.89142391e+02 6.67808217e+01 1.51010839e-01 5.11823027e-02 -1.95057797e+01
6.43534340e-33 -7.89140095e+02 6.39293101e+01 2.46498176e-01 5.11992925e-02 -1.95480788e+01
6.75597049e-33 -7.89040948e+02 6.52311941e+01 1.75877485e-01 5.39779708e-02 -1.95206404e+01
7.73692425e-33 -7.88867353e+02 6.40906323e+01 2.29605142e-01 5.63384429e-02 -1.95755928e+01
1.01533943e-32 -7.88514182e+02 6.39840646e+01 2.43621551e-01 5.65950321e-02 -1.95397898e+01
1.28017159e-32 -7.88371237e+02 6.47669330e+01 2.92332443e-01 5.35748035e-02 -1.95514314e+01
1.37274519e-32 -7.88362803e+02 6.72348539e+01 2.45015513e-01 5.22045819e-02 -1.94752775e+01
1.57632808e-32 -7.88104612e+02 7.17069110e+01 3.77411015e-01 4.15918074e-02 -1.92741903e+01
2.04607854e-32 -7.87835875e+02 7.54358835e+01 2.21604867e-01 4.08655261e-02 -1.92077062e+01
2.64520333e-32 -7.87582337e+02 6.59736728e+01 4.02123980e-01 5.12615321e-02 -1.94215141e+01
2.97931230e-32 -7.87575315e+02 7.23655954e+01 2.42660495e-01 4.33576383e-02 -1.92541446e+01
3.05244291e-32 -7.87527736e+02 6.23955555e+01 2.77959409e-01 5.51577235e-02 -1.96088123e+01
4.27370280e-32 -7.86971413e+02 6.49637868e+01 3.53500441e-01 5.11526053e-02 -1.94647982e+01
5.51940386e-32 -7.86933466e+02 7.29586324e+01 1.96354664e-01 4.31125760e-02 -1.92662357e+01
6.01034286e-32 -7.86798522e+02 6.29994650e+01 1.90328411e-01 5.46070222e-02 -1.96114563e+01
8.47540756e-32 -7.86297096e+02 6.75460099e+01 2.32231135e-01 4.81259169e-02 -1.94886608e+01
1.06241714e-31 -7.86277824e+02 7.57264274e+01 2.46451345e-01 3.82856311e-02 -1.91813617e+01
1.11767369e-31 -7.86190834e+02 7.60043677e+01 2.75147861e-01 4.02240319e-02 -1.91717880e+01
1.21374790e-31 -7.86106143e+02 6.71163653e+01 2.63236350e-01 4.85607487e-02 -1.94054059e+01
1.26277526e-31 -7.86103190e+02 6.45439119e+01 2.14969045e-01 5.57623815e-02 -1.95617141e+01
1.26413766e-31 -7.86097337e+02 6.63145164e+01 3.49754950e-01 5.33805896e-02 -1.94511438e+01
1.46835196e-31 -7.85816656e+02 7.06432558e+01 2.92660546e-01 4.79800868e-02 -1.93243924e+01
1.72065740e-31 -7.85754873e+02 6.63721642e+01 1.84559759e-01 5.03813419e-02 -1.95323730e+01
1.83270331e-31 -7.85684126e+02 6.64246738e+01 2.47428798e-01 5.38724442e-02 -1.94750314e+01
1.95824538e-31 -7.85615626e+02 6.88364355e+01 4.21271026e-01 4.81360291e-02 -1.93545448e+01
2.02124100e-31 -7.85612974e+02 7.41584269e+01 3.50768024e-01 4.22510350e-02 -1.92034498e+01
2.12653499e-31 -7.85510051e+02 6.63210473e+01 3.94310561e-01 5.13392210e-02 -1.94114398e+01
2.56872754e-31 -7.85243542e+02 6.57379219e+01 2.80407588e-01 4.89564618e-02 -1.94584748e+01
3.01473755e-31 -7.85166953e+02 6.87247878e+01 3.28306717e-01 4.43367766e-02 -1.93597613e+01
3.58531926e-31 -7.84905758e+02 6.84683912e+01 3.48592618e-01 4.66981569e-02 -1.93425742e+01
4.54129849e-31 -7.84682945e+02 6.61648446e+01 2.91571475e-01 5.29294216e-02 -1.94381931e+01
5.04917955e-31 -7.84674708e+02 7.44203028e+01 2.45366243e-01 4.23302716e-02 -1.92162453e+01
6.50949883e-31 -7.84219550e+02 6.64882341e+01 1.92989631e-01 5.23727240e-02 -1.95165609e+01
7.96899582e-31 -7.84212123e+02 6.68771247e+01 3.02808948e-01 4.76094383e-02 -1.94108470e+01
8.32908798e-31 -7.84126329e+02 6.33772864e+01 2.31200149e-01 5.63247454e-02 -1.95602007e+01
9.77879232e-31 -7.83895944e+02 6.62187983e+01 4.07487158e-01 4.91768673e-02 -1.94335294e+01
1.08822502e-30 -7.83892602e+02 6.78386607e+01 3.25052317e-01 5.14952234e-02 -1.93946200e+01
1.33377733e-30 -7.83517350e+02 6.41801505e+01 2.09213838e-01 5.13086695e-02 -1.95528412e+01
1.63821345e-30 -7.83441214e+02 6.29026817e+01 2.46605780e-01 5.76973975e-02 -1.95948585e+01
2.44396179e-30 -7.82807867e+02 6.86128603e+01 3.14647690e-01 4.55600060e-02 -1.94207797e+01
4.45666432e-30 -7.82219634e+02 6.35587928e+01 2.45956179e-01 5.26099332e-02 -1.95551082e+01
6.69136391e-30 -7.81924753e+02 7.09461240e+01 1.60782799e-01 4.37193482e-02 -1.93638299e+01
8.36390433e-30 -7.81752511e+02 7.03006426e+01 3.91581248e-01 4.59145132e-02 -1.92865665e+01
1.22404864e-29 -7.81219295e+02 7.02429023e+01 1.55412354e-01 4.53734719e-02 -1.93952365e+01
2.13918030e-29 -7.80641430e+02 7.10433218e+01 2.80097061e-01 4.68119387e-02 -1.92965914e+01
3.09386051e-29 -7.80406112e+02 6.71138563e+01 2.64808638e-01 4.80150122e-02 -1.94092815e+01
3.51733927e-29 -7.80364818e+02 6.29240668e+01 2.49235327e-01 5.44334300e-02 -1.95767135e+01
4.06118824e-29 -7.80125744e+02 6.86550663e+01 3.04735907e-01 5.00713529e-02 -1.93639900e+01
4.86743270e-29 -7.79986564e+02 7.61560206e+01 2.99254272e-01 3.92871054e-02 -1.91682297e+01
5.34289570e-29 -7.79928684e+02 6.89717629e+01 3.67920288e-01 4.48992350e-02 -1.93773592e+01
5.81666956e-29 -7.79812523e+02 6.69506552e+01 3.04375706e-01 4.85699049e-02 -1.94795114e+01
6.30622330e-29 -7.79757788e+02 7.55568901e+01 3.15736450e-01 3.88375997e-02 -1.91863896e+01
7.38860026e-29 -7.79504333e+02 7.35794002e+01 3.49258954e-01 4.25160225e-02 -1.92082589e+01
1.02919504e-28 -7.79110748e+02 6.71966743e+01 3.48937430e-01 4.64871496e-02 -1.94130175e+01
1.23817516e-28 -7.79089586e+02 6.59728138e+01 2.83804627e-01 5.32248105e-02 -1.95063103e+01
1.43964764e-28 -7.78820507e+02 6.23855690e+01 2.83815281e-01 5.66473875e-02 -1.96019209e+01
1.77959893e-28 -7.78648308e+02 7.58122172e+01 2.50829538e-01 3.95549451e-02 -1.92057366e+01
1.94479965e-28 -7.78628999e+02 6.62120016e+01 2.64103301e-01 4.85399501e-02 -1.94466722e+01
2.51495183e-28 -7.78177832e+02 6.64167732e+01 2.27020979e-01 4.71878464e-02 -1.94903865e+01
3.09603316e-28 -7.78156262e+02 6.87229624e+01 2.65972865e-01 4.47901842e-02 -1.93680001e+01
3.38509754e-28 -7.77998735e+02 6.72424266e+01 2.55112667e-01 4.68262490e-02 -1.94178612e+01
4.11231038e-28 -7.77767538e+02 7.18780712e+01 2.92525655e-01 4.10495983e-02 -1.92738753e+01
4.59926223e-28 -7.77754964e+02 6.25101612e+01 2.52574872e-01 5.68450773e-02 -1.96121681e+01
4.90272318e-28 -7.77636556e+02 7.19144915e+01 3.12593679e-01 4.55732942e-02 -1.93008940e+01
5.35488726e-28 -7.77569492e+02 6.84171270e+01 2.07903664e-01 4.94395084e-02 -1.94562021e+01
6.15248426e-28 -7.77361844e+02 7.01626846e+01 2.38871659e-01 4.23636744e-02 -1.93612052e+01
6.83572955e-28 -7.77341565e+02 7.40411661e+01 2.97610291e-01 4.09925402e-02 -1.92555589e+01
7.20510188e-28 -7.77251845e+02 7.38358485e+01 2.08234460e-01 4.27464966e-02 -1.92659310e+01
7.76189613e-28 -7.77185135e+02 7.23810357e+01 3.20433414e-01 4.05041448e-02 -1.92658939e+01
8.49086037e-28 -7.77067979e+02 7.36418978e+01 3.39416936e-01 4.04049823e-02 -1.92429908e+01
9.31529164e-28 -7.76991190e+02 6.24679806e+01 2.84860577e-01 5.66764201e-02 -1.95951669e+01
9.92300884e-28 -7.76934262e+02 6.72852313e+01 3.16649648e-01 5.17150218e-02 -1.94041348e+01
1.02573280e-27 -7.76917522e+02 6.77837885e+01 4.02252241e-01 4.69254106e-02 -1.93873147e+01
1.08556265e-27 -7.76816694e+02 7.15139070e+01 3.93139539e-01 4.27593594e-02 -1.92760983e+01
1.24459256e-27 -7.76642484e+02 7.10741181e+01 1.73273500e-01 4.39904671e-02 -1.93758687e+01
1.36476634e-27 -7.76618258e+02 7.27005181e+01 1.92828247e-01 4.11203066e-02 -1.92907903e+01
1.39516352e-27 -7.76591800e+02 7.08093327e+01 3.00305378e-01 4.46503512e-02 -1.93614097e+01
1.45304318e-27 -7.76531053e+02 6.65831736e+01 3.70364007e-01 4.78625099e-02 -1.94371037e+01
1.52983713e-27 -7.76481825e+02 6.83633045e+01 2.27038980e-01 4.45691107e-02 -1.94150371e+01
1.61937989e-27 -7.76411271e+02 6.85138540e+01 3.38993808e-01 4.85039995e-02 -1.93461600e+01
1.69933589e-27 -7.76377817e+02 6.42953877e+01 2.97865093e-01 5.29604139e-02 -1.95010746e+01
1.77748876e-27 -7.76315382e+02 6.58983116e+01 2.82849714e-01 5.15429147e-02 -1.94439186e+01
1.97108588e-27 -7.76168788e+02 7.18137812e+01 3.16638742e-01 4.58863431e-02 -1.92791953e+01
2.69447609e-27 -7.75726608e+02 6.95578046e+01 2.49026395e-01 4.85685594e-02 -1.94030559e+01
3.44592333e-27 -7.75624285e+02 7.07028894e+01 3.90821089e-01 4.52301384e-02 -1.92789300e+01
4.17261217e-27 -7.75352981e+02 7.36768069e+01 2.38520967e-01 4.18264325e-02 -1.92277582e+01
4.93267116e-27 -7.75266478e+02 6.69807355e+01 4.05414742e-01 4.92896310e-02 -1.94231103e+01
5.39197232e-27 -7.75168779e+02 6.27972430e+01 2.41181133e-01 5.50596748e-02 -1.96073371e+01
5.99497623e-27 -7.75049000e+02 6.64008604e+01 2.46648820e-01 4.76828157e-02 -1.94996615e+01
6.43224332e-27 -7.75017977e+02 6.96224598e+01 3.21885206e-01 4.49082318e-02 -1.93167677e+01
6.73203298e-27 -7.74952082e+02 7.16419034e+01 3.36486018e-01 4.19049624e-02 -1.92653768e+01
7.57035799e-27 -7.74782676e+02 6.67656104e+01 2.75849151e-01 4.91971009e-02 -1.94168356e+01
8.32912934e-27 -7.74747532e+02 7.16375915e+01 2.11382348e-01 4.40809678e-02 -1.92933010e+01
1.04834304e-26 -7.74354089e+02 6.30413632e+01 2.99346479e-01 5.53273592e-02 -1.95849560e+01
1.29854306e-26 -7.74275888e+02 6.66555507e+01 2.50699997e-01 4.76062238e-02 -1.94416184e+01
1.53991695e-26 -7.74021118e+02 6.58388612e+01 4.02198050e-01 5.07213207e-02 -1.94495131e+01
1.87951018e-26 -7.73860895e+02 7.16265128e+01 2.50262538e-01 4.13052045e-02 -1.92963296e+01
2.05963337e-26 -7.73825334e+02 6.97396089e+01 1.88248478e-01 4.41088675e-02 -1.93749046e+01
2.29374640e-26 -7.73646584e+02 6.79418515e+01 3.80809958e-01 5.02268017e-02 -1.93814982e+01
2.69971753e-26 -7.73490837e+02 6.30536280e+01 2.63817432e-01 5.41856998e-02 -1.95726057e+01
2.92174579e-26 -7.73475858e+02 7.31161347e+01 2.28148141e-01 4.28208300e-02 -1.92487407e+01
2.99404946e-26 -7.73435639e+02 7.04107706e+01 2.68064937e-01 4.79025739e-02 -1.93295803e+01
3.25632321e-26 -7.73305110e+02 7.30364634e+01 1.81545272e-01 4.17800415e-02 -1.92948057e+01
3.79222522e-26 -7.73127863e+02 6.91145210e+01 2.74505554e-01 4.49633966e-02 -1.94172594e+01
4.22402788e-26 -7.73075621e+02 6.79667689e+01 3.50405421e-01 4.65091467e-02 -1.93697211e+01
4.38780086e-26 -7.73044686e+02 7.10451575e+01 3.38775767e-01 4.32393956e-02 -1.92744474e+01
4.46145672e-26 -7.73035453e+02 7.08548219e+01 2.39366133e-01 4.21230500e-02 -1.93597650e+01
4.70263659e-26 -7.72935223e+02 6.85131446e+01 1.76297790e-01 4.90721816e-02 -1.94514478e+01
4.95072866e-26 -7.72923498e+02 7.47994066e+01 2.21094264e-01 4.10964880e-02 -1.92224450e+01
5.56158640e-26 -7.72707480e+02 6.37840467e+01 2.11069386e-01 5.40573806e-02 -1.95557986e+01
6.46228684e-26 -7.72607498e+02 7.03239836e+01 2.78718919e-01 4.23441206e-02 -1.93342403e+01
7.82288512e-26 -7.72334729e+02 7.33773913e+01 3.58387035e-01 4.10958376e-02 -1.92166161e+01
1.04303437e-25 -7.72030081e+02 7.02560247e+01 3.11614776e-01 4.45177204e-02 -1.93715584e+01
1.23875036e-25 -7.71962175e+02 6.54637057e+01 2.77404492e-01 4.95588375e-02 -1.95221087e+01
1.33530740e-25 -7.71874095e+02 7.03301037e+01 1.72530603e-01 4.67318094e-02 -1.93763517e+01
1.57138838e-25 -7.71641481e+02 7.02402703e+01 1.92619555e-01 4.71058433e-02 -1.93935085e+01
1.77851184e-25 -7.71606611e+02 6.80917963e+01 3.92860487e-01 4.64967450e-02 -1.93820843e+01
1.91410064e-25 -7.71490924e+02 7.20041942e+01 1.90732351e-01 4.47207218e-02 -1.93111471e+01
2.08768804e-25 -7.71424109e+02 6.60642205e+01 3.79475258e-01 4.93847988e-02 -1.94382358e+01
2.16081269e-25 -7.71414322e+02 6.42672652e+01 2.71596151e-01 5.42623375e-02 -1.95653370e+01
2.25380331e-25 -7.71334742e+02 6.57127256e+01 2.32133269e-01 4.99522915e-02 -1.95347630e+01
2.45171472e-25 -7.71239990e+02 7.30919281e+01 3.60177454e-01 4.29653655e-02 -1.92289233e+01
2.64610742e-25 -7.71174317e+02 6.95551278e+01 1.66451157e-01 4.71115390e-02 -1.93925944e+01
2.93248192e-25 -7.71031810e+02 6.31624073e+01 2.14088188e-01 5.57638588e-02 -1.96007904e+01
3.19993959e-25 -7.70988492e+02 6.93517490e+01 3.78927580e-01 4.45500620e-02 -1.93433797e+01
3.33880050e-25 -7.70940307e+02 6.61714180e+01 2.41490090e-01 4.78535272e-02 -1.94737661e+01
3.65312140e-25 -7.70805833e+02 6.39232648e+01 3.00479659e-01 5.20251836e-02 -1.95396243e+01
3.95815435e-25 -7.70769080e+02 7.36161142e+01 1.92677505e-01 4.18633866e-02 -1.92679238e+01
4.04375141e-25 -7.70756092e+02 7.11667455e+01 3.43072972e-01 4.57279469e-02 -1.92759947e+01
4.09868163e-25 -7.70735503e+02 6.30757046e+01 3.00487682e-01 5.62019963e-02 -1.95744411e+01
4.18269960e-25 -7.70708924e+02 7.15652081e+01 1.84012408e-01 4.24593643e-02 -1.93298041e+01
4.47511197e-25 -7.70596670e+02 7.36264374e+01 3.51250918e-01 4.17195637e-02 -1.92094290e+01
4.84873582e-25 -7.70539562e+02 6.64735533e+01 4.00876962e-01 4.97992425e-02 -1.94200919e+01
4.97139819e-25 -7.70539233e+02 7.21982340e+01 1.86257439e-01 4.41376795e-02 -1.93283460e+01
5.25764345e-25 -7.70424246e+02 7.22171597e+01 3.55909715e-01 4.45544955e-02 -1.92610919e+01
5.74530947e-25 -7.70353136e+02 6.49028812e+01 3.33144962e-01 5.46660813e-02 -1.95015953e+01
6.17110188e-25 -7.70274871e+02 7.22633040e+01 3.65576102e-01 4.26414851e-02 -1.92761866e+01
6.45570093e-25 -7.70254877e+02 6.43308152e+01 3.50583471e-01 5.47194405e-02 -1.95123045e+01
6.80634069e-25 -7.70164380e+02 7.36309177e+01 2.90166109e-01 4.21481198e-02 -1.92151294e+01
7.39798527e-25 -7.70081198e+02 6.87443273e+01 2.68364733e-01 4.50191611e-02 -1.94255714e+01
7.80397313e-25 -7.70049397e+02 7.41209522e+01 3.36703722e-01 4.06855650e-02 -1.91988167e+01
8.32212735e-25 -7.69948275e+02 6.33534650e+01 3.12509926e-01 5.54524245e-02 -1.95669135e+01
8.74223536e-25 -7.69941701e+02 7.30266443e+01 2.39619562e-01 4.19475478e-02 -1.93060193e+01
9.20088378e-25 -7.69841834e+02 6.45975012e+01 3.21279604e-01 5.40140300e-02 -1.95335262e+01
9.87244305e-25 -7.69792272e+02 6.56607729e+01 3.29320989e-01 4.89280764e-02 -1.94780212e+01
1.04694793e-24 -7.69718491e+02 6.53361121e+01 2.85899936e-01 5.44884120e-02 -1.95106045e+01
1.09386177e-24 -7.69696704e+02 6.72924541e+01 2.98516199e-01 5.05142880e-02 -1.93978094e+01
1.17103870e-24 -7.69578834e+02 6.82546592e+01 3.79227108e-01 4.70032667e-02 -1.93551672e+01
1.30905471e-24 -7.69466880e+02 7.42844423e+01 2.65481620e-01 4.17619970e-02 -1.92494185e+01
1.44660181e-24 -7.69371497e+02 6.74123627e+01 3.08560534e-01 5.05280925e-02 -1.94553130e+01
1.58149497e-24 -7.69281661e+02 7.05271193e+01 2.43157532e-01 4.77720828e-02 -1.93489384e+01
1.83309218e-24 -7.69077917e+02 7.27277766e+01 2.73798887e-01 4.43602159e-02 -1.92557224e+01
2.04367923e-24 -7.69047384e+02 6.80902907e+01 3.82935460e-01 4.72812993e-02 -1.94007593e+01
2.30732478e-24 -7.68839173e+02 6.89932162e+01 1.99973010e-01 4.54502581e-02 -1.94381750e+01
2.81353370e-24 -7.68642827e+02 6.50252402e+01 1.74072535e-01 5.17008301e-02 -1.95438951e+01
3.24022651e-24 -7.68542982e+02 7.47744399e+01 3.10176588e-01 4.11705091e-02 -1.92033701e+01
3.67368340e-24 -7.68388535e+02 6.70514132e+01 2.50925524e-01 5.15169118e-02 -1.94824197e+01
4.08820622e-24 -7.68317797e+02 7.45659147e+01 2.30757594e-01 4.09501304e-02 -1.92493505e+01
4.51955710e-24 -7.68184455e+02 6.84391643e+01 2.12923686e-01 4.51672073e-02 -1.94413405e+01
4.80652644e-24 -7.68183578e+02 6.66083725e+01 1.88903429e-01 5.13846905e-02 -1.95119402e+01
5.15430512e-24 -7.68043019e+02 7.22471639e+01 2.03086439e-01 4.24334697e-02 -1.92874936e+01
5.54331935e-24 -7.68026533e+02 7.36343075e+01 2.32775267e-01 4.22447186e-02 -1.92821618e+01
5.63847620e-24 -7.68002400e+02 6.80861506e+01 2.70831449e-01 5.10819907e-02 -1.94223801e+01
5.70298537e-24 -7.67996987e+02 7.02338332e+01 3.21715287e-01 4.41845970e-02 -1.93642917e+01
5.83565002e-24 -7.67950291e+02 6.50829123e+01 2.70354346e-01 5.00788543e-02 -1.95314718e+01
6.05896386e-24 -7.67914992e+02 7.11935235e+01 3.90398056e-01 4.35973964e-02 -1.92783803e+01
6.55002336e-24 -7.67791287e+02 6.88808456e+01 1.89065404e-01 4.86252139e-02 -1.94385608e+01
7.00174447e-24 -7.67771232e+02 7.08545255e+01 2.16265364e-01 4.69744172e-02 -1.93551170e+01
7.48280648e-24 -7.67655009e+02 7.01104991e+01 3.69275325e-01 4.43500698e-02 -1.93029952e+01
8.23417479e-24 -7.67571571e+02 6.66236250e+01 3.80659987e-01 5.05415653e-02 -1.94452967e+01
9.17779730e-24 -7.67434330e+02 7.17110693e+01 3.37387777e-01 4.15861917e-02 -1.92866217e+01
1.02344335e-23 -7.67344295e+02 6.66835026e+01 3.98509167e-01 5.03341970e-02 -1.94266588e+01
1.12652253e-23 -7.67236621e+02 6.29397483e+01 2.54558200e-01 5.51916694e-02 -1.95933298e+01
1.20352154e-23 -7.67202796e+02 6.77407390e+01 2.67704835e-01 5.14886055e-02 -1.94162774e+01
1.23195477e-23 -7.67183076e+02 6.65829533e+01 1.92820862e-01 5.24019813e-02 -1.94949283e+01
1.26356411e-23 -7.67145723e+02 7.07749799e+01 2.40846138e-01 4.21428595e-02 -1.93546507e+01
1.45240590e-23 -7.66911218e+02 7.28194746e+01 3.06217521e-01 4.14156857e-02 -1.92858383e+01
1.63984674e-23 -7.66882790e+02 7.33884197e+01 3.35058778e-01 4.29599772e-02 -1.92296535e+01
1.81209016e-23 -7.66711896e+02 6.90878728e+01 2.67029902e-01 4.57974624e-02 -1.94229642e+01
1.97629730e-23 -7.66695422e+02 6.84211326e+01 2.80991805e-01 4.54216010e-02 -1.93752900e+01
2.01676096e-23 -7.66664871e+02 7.10217410e+01 3.34055976e-01 4.24063462e-02 -1.93195493e+01
2.10584723e-23 -7.66603038e+02 6.78943855e+01 2.51094343e-01 5.07119626e-02 -1.94509561e+01
2.17813524e-23 -7.66589801e+02 7.41325845e+01 2.46223089e-01 4.15137611e-02 -1.92197921e+01
2.19371200e-23 -7.66582102e+02 6.66499820e+01 3.45630545e-01 4.82954026e-02 -1.94576043e+01
2.22010279e-23 -7.66559343e+02 6.55327432e+01 2.26901339e-01 5.16588630e-02 -1.94805958e+01
2.32507947e-23 -7.66484322e+02 6.32179997e+01 2.60146261e-01 5.63763237e-02 -1.95790827e+01
2.45485216e-23 -7.66443081e+02 6.95579744e+01 3.95194346e-01 4.66404418e-02 -1.93195624e+01
2.54039579e-23 -7.66409024e+02 6.48694846e+01 2.52321934e-01 5.51179336e-02 -1.95183018e+01
2.67451174e-23 -7.66334625e+02 6.79732717e+01 2.86497676e-01 4.82838118e-02 -1.94520540e+01
2.82637536e-23 -7.66291005e+02 6.51576356e+01 1.83640098e-01 5.23481193e-02 -1.95550958e+01
3.21422310e-23 -7.66081288e+02 7.09286794e+01 3.18709927e-01 4.64339722e-02 -1.93308010e+01
3.56216663e-23 -7.66067852e+02 6.57271972e+01 3.79837930e-01 5.22752399e-02 -1.94534489e+01
4.29519308e-23 -7.65728915e+02 6.82497728e+01 3.85548822e-01 4.64942354e-02 -1.93667634e+01
5.22449252e-23 -7.65642747e+02 7.17689603e+01 3.54842863e-01 4.25096511e-02 -1.92592953e+01
5.44283743e-23 -7.65638523e+02 7.10464415e+01 2.05910121e-01 4.25076108e-02 -1.93604571e+01
5.54303503e-23 -7.65599975e+02 6.50315916e+01 1.74271327e-01 5.26301760e-02 -1.95474891e+01
5.68337610e-23 -7.65581574e+02 6.43782665e+01 3.40923128e-01 5.38602883e-02 -1.94998606e+01
5.88362988e-23 -7.65524784e+02 7.20819507e+01 3.65930886e-01 4.28798596e-02 -1.92483044e+01
6.08704921e-23 -7.65506219e+02 7.18837550e+01 3.33802046e-01 4.16428614e-02 -1.92677534e+01
6.38647198e-23 -7.65423707e+02 6.87062519e+01 2.58782452e-01 4.60142405e-02 -1.94357844e+01
6.87319921e-23 -7.65352243e+02 6.93533973e+01 3.85271781e-01 4.62695543e-02 -1.93585373e+01
7.31940008e-23 -7.65290917e+02 7.23302417e+01 1.82416006e-01 4.24979409e-02 -1.93168541e+01
8.60675714e-23 -7.65036720e+02 6.72563700e+01 1.95482989e-01 5.06727465e-02 -1.94433579e+01
9.98415535e-23 -7.64972285e+02 6.66301075e+01 3.95977782e-01 4.96506340e-02 -1.94214477e+01
1.05755399e-22 -7.64914765e+02 7.16689475e+01 1.81053903e-01 4.28387202e-02 -1.93318537e+01
1.14527287e-22 -7.64808268e+02 6.57720377e+01 2.25397310e-01 5.34818287e-02 -1.95207401e+01
1.29205843e-22 -7.64668937e+02 7.32210793e+01 3.56122218e-01 4.23975007e-02 -1.92299208e+01
1.61740726e-22 -7.64369866e+02 7.02792763e+01 2.21861572e-01 4.78206242e-02 -1.93640402e+01
2.04160534e-22 -7.64182905e+02 7.16639573e+01 2.10430769e-01 4.17604102e-02 -1.93342666e+01
2.37241638e-22 -7.64058035e+02 6.80025039e+01 2.25448084e-01 4.88926769e-02 -1.93981587e+01
2.62009821e-22 -7.63975453e+02 6.74686882e+01 2.20872100e-01 4.88760067e-02 -1.94168830e+01
2.73490733e-22 -7.63963937e+02 6.97451009e+01 3.80337857e-01 4.63451839e-02 -1.93472999e+01
2.85976741e-22 -7.63881190e+02 6.53125463e+01 2.56767819e-01 5.34960547e-02 -1.94836458e+01
3.60668557e-22 -7.63523320e+02 6.73050894e+01 2.20624720e-01 4.63818761e-02 -1.94593065e+01
4.31990983e-22 -7.63482218e+02 7.02089665e+01 3.52597340e-01 4.38278815e-02 -1.93415382e+01
4.40229258e-22 -7.63478464e+02 7.14661002e+01 3.76618916e-01 4.30163217e-02 -1.92758762e+01
4.47830961e-22 -7.63441657e+02 6.73469708e+01 3.29924630e-01 4.81067893e-02 -1.93910791e+01
4.85286060e-22 -7.63314842e+02 6.84975991e+01 1.98961919e-01 4.60333939e-02 -1.94038259e+01
5.55569344e-22 -7.63166007e+02 7.04796084e+01 3.63604492e-01 4.57304911e-02 -1.92918381e+01
6.56520443e-22 -7.62977595e+02 6.82254035e+01 3.60167290e-01 4.63600175e-02 -1.94010979e+01
7.18557490e-22 -7.62969920e+02 6.69997955e+01 1.80428910e-01 5.12354269e-02 -1.94868406e+01
7.19898272e-22 -7.62967198e+02 7.02336246e+01 2.83414989e-01 4.27660437e-02 -1.93337034e+01
7.85313596e-22 -7.62796585e+02 6.75128250e+01 2.37126068e-01 5.15118492e-02 -1.94307020e+01
8.65354556e-22 -7.62759505e+02 6.42865899e+01 2.96849366e-01 5.53370133e-02 -1.95337160e+01
8.85653517e-22 -7.62743278e+02 6.67101079e+01 1.89259827e-01 5.07920237e-02 -1.95087518e+01
9.10897913e-22 -7.62697107e+02 6.66682186e+01 1.82357784e-01 4.93608597e-02 -1.94710033e+01
1.00149952e-21 -7.62551724e+02 6.49422816e+01 2.36568496e-01 5.46455640e-02 -1.95382628e+01
1.07600892e-21 -7.62541676e+02 7.30215166e+01 3.56864189e-01 4.20070499e-02 -1.92454880e+01
1.09837228e-21 -7.62504252e+02 7.07961304e+01 2.96779911e-01 4.50275602e-02 -1.92893733e+01
1.18986005e-21 -7.62378602e+02 6.43771101e+01 2.54499618e-01 5.34965326e-02 -1.95165628e+01
1.28163918e-21 -7.62345320e+02 6.54754300e+01 2.31318562e-01 5.29239234e-02 -1.95374146e+01
1.35495725e-21 -7.62262139e+02 6.67743648e+01 3.14982483e-01 5.16217577e-02 -1.94655526e+01
1.48518463e-21 -7.62156202e+02 6.52548103e+01 2.21131384e-01 5.09010464e-02 -1.94999701e+01
1.56609106e-21 -7.62146615e+02 6.59318452e+01 2.52708595e-01 5.32147732e-02 -1.95091776e+01
1.65367461e-21 -7.62043353e+02 7.19904763e+01 2.61728871e-01 4.25794700e-02 -1.93300763e+01
1.73584209e-21 -7.62040311e+02 6.76238990e+01 2.17454729e-01 4.66823464e-02 -1.94264337e+01
1.87342240e-21 -7.61889805e+02 6.76959528e+01 2.11984783e-01 5.01700922e-02 -1.94209196e+01
2.13977548e-21 -7.61765962e+02 6.74498688e+01 2.30881064e-01 4.66495205e-02 -1.94698750e+01
2.29605770e-21 -7.61738520e+02 6.33357242e+01 2.72911572e-01 5.46797076e-02 -1.95783021e+01
2.36516043e-21 -7.61700181e+02 7.37698301e+01 2.14972184e-01 4.19622924e-02 -1.92517082e+01
2.42619755e-21 -7.61680634e+02 7.31728803e+01 3.02280991e-01 4.34229969e-02 -1.92392000e+01
2.54084241e-21 -7.61602610e+02 6.40819228e+01 2.52246141e-01 5.54548210e-02 -1.95603520e+01
2.70606142e-21 -7.61547226e+02 6.73452546e+01 2.47451990e-01 5.03522012e-02 -1.94780651e+01
2.78417402e-21 -7.61538294e+02 6.38124858e+01 3.03166559e-01 5.37110442e-02 -1.95317509e+01
2.85270825e-21 -7.61492441e+02 6.70020587e+01 2.28969495e-01 4.68227018e-02 -1.94697905e+01
2.91999842e-21 -7.61484500e+02 6.62189404e+01 2.22641479e-01 4.94413285e-02 -1.94639772e+01
3.09062604e-21 -7.61375175e+02 7.19824217e+01 2.08505004e-01 4.16538393e-02 -1.93244370e+01
3.46148829e-21 -7.61251999e+02 7.46717884e+01 2.48142648e-01 4.11306914e-02 -1.92316732e+01
4.02336942e-21 -7.61071978e+02 6.76183120e+01 2.75851827e-01 4.62157331e-02 -1.94101012e+01
4.39241749e-21 -7.61061758e+02 6.97251739e+01 2.33453774e-01 4.38878752e-02 -1.93556021e+01
4.46498569e-21 -7.61032734e+02 6.83888460e+01 3.01703020e-01 4.75325558e-02 -1.93608574e+01
4.89087771e-21 -7.60878613e+02 7.48563257e+01 2.57687663e-01 4.03130028e-02 -1.92280394e+01
5.34754252e-21 -7.60841951e+02 6.83962451e+01 2.09538507e-01 4.66425390e-02 -1.93973503e+01
5.60752939e-21 -7.60777707e+02 6.92002337e+01 2.81491136e-01 4.93543956e-02 -1.93814933e+01
5.83474889e-21 -7.60754952e+02 6.50008965e+01 2.62791564e-01 5.00444170e-02 -1.95131373e+01
6.02922038e-21 -7.60705949e+02 6.69138848e+01 3.41621676e-01 5.01802609e-02 -1.94562601e+01
6.21997237e-21 -7.60685505e+02 6.43405938e+01 3.43195809e-01 5.35772368e-02 -1.95085114e+01
6.26586935e-21 -7.60684485e+02 7.13045488e+01 3.27099759e-01 4.55618016e-02 -1.93162960e+01
6.46670723e-21 -7.60616892e+02 6.72087160e+01 2.27354292e-01 5.19659428e-02 -1.94569713e+01
6.68773474e-21 -7.60609485e+02 6.73052024e+01 2.90182694e-01 4.63616284e-02 -1.94431108e+01
6.87954875e-21 -7.60554424e+02 6.52872236e+01 3.00630650e-01 5.34154074e-02 -1.95162832e+01
7.37810256e-21 -7.60464180e+02 7.24997078e+01 1.96478572e-01 4.37333826e-02 -1.93068648e+01
8.07783960e-21 -7.60366883e+02 6.52986115e+01 1.87393732e-01 5.16623980e-02 -1.95469089e+01
8.86666641e-21 -7.60271103e+02 7.41231436e+01 2.44290106e-01 4.20203372e-02 -1.92499651e+01
9.60173307e-21 -7.60199912e+02 6.68288736e+01 3.80828164e-01 4.89113114e-02 -1.94139207e+01
1.10390382e-20 -7.59994701e+02 6.67939313e+01 2.35349608e-01 5.25315008e-02 -1.94640989e+01
1.26353272e-20 -7.59914248e+02 7.29596911e+01 2.58015699e-01 4.03694608e-02 -1.92786870e+01
1.34682580e-20 -7.59859499e+02 6.99181224e+01 2.82963761e-01 4.57659477e-02 -1.93902302e+01
1.38584755e-20 -7.59849744e+02 7.40426368e+01 3.21754776e-01 4.05292956e-02 -1.92118895e+01
1.39375338e-20 -7.59841460e+02 7.06808377e+01 1.75607671e-01 4.43714487e-02 -1.93625368e+01
1.42684593e-20 -7.59796641e+02 6.49317848e+01 1.87082254e-01 5.29480348e-02 -1.95367063e+01
1.51181881e-20 -7.59720073e+02 7.10311253e+01 3.49409324e-01 4.38620874e-02 -1.93221514e+01
1.56708754e-20 -7.59716713e+02 6.46333644e+01 2.78389574e-01 5.25227767e-02 -1.95009035e+01
1.56714006e-20 -7.59713351e+02 7.02646586e+01 3.04655238e-01 4.65985777e-02 -1.93647774e+01
1.62305330e-20 -7.59641240e+02 7.34974766e+01 3.04643771e-01 4.29492117e-02 -1.92447781e+01
1.68496867e-20 -7.59630548e+02 6.90634042e+01 2.54653224e-01 4.49789332e-02 -1.94186599e+01
1.72931078e-20 -7.59583165e+02 6.67845342e+01 2.23784816e-01 4.76021906e-02 -1.94892427e+01
1.79080302e-20 -7.59553667e+02 6.68571562e+01 2.87478257e-01 4.69615394e-02 -1.94482605e+01
1.83433874e-20 -7.59528412e+02 6.73388988e+01 3.84253062e-01 4.88073153e-02 -1.93921683e+01
1.95825312e-20 -7.59419100e+02 6.97238731e+01 2.43115416e-01 4.80239527e-02 -1.93506661e+01
2.08742305e-20 -7.59391210e+02 6.76526034e+01 3.35709106e-01 5.08180075e-02 -1.93992252e+01
2.11092958e-20 -7.59389854e+02 6.50098148e+01 3.14777500e-01 5.34706707e-02 -1.95187082e+01
2.12598798e-20 -7.59370432e+02 7.28851113e+01 3.01868147e-01 4.08491190e-02 -1.92454040e+01
2.22736367e-20 -7.59291497e+02 7.33292485e+01 2.70719007e-01 4.29339949e-02 -1.92741856e+01
2.31533241e-20 -7.59284761e+02 6.80054742e+01 2.78944901e-01 4.53915105e-02 -1.94081179e+01
2.34786816e-20 -7.59257113e+02 7.09397377e+01 2.53854179e-01 4.41789395e-02 -1.92993534e+01
2.37324477e-20 -7.59256414e+02 7.01297956e+01 3.45998905e-01 4.43886954e-02 -1.93065922e+01
2.40551797e-20 -7.59223710e+02 6.68490379e+01 3.25450339e-01 5.20695514e-02 -1.94405954e+01
2.55695477e-20 -7.59129601e+02 7.32113578e+01 3.46905505e-01 4.14940020e-02 -1.92391268e+01
2.67459021e-20 -7.59124888e+02 7.25355575e+01 3.37418691e-01 4.27735040e-02 -1.92398356e+01
2.78243073e-20 -7.59045459e+02 6.63566362e+01 3.37842002e-01 4.84700281e-02 -1.94590820e+01
2.88947109e-20 -7.59041163e+02 6.66293988e+01 1.70255257e-01 4.98868809e-02 -1.95012300e+01
2.89594740e-20 -7.59034333e+02 6.87786995e+01 3.53198544e-01 4.90677710e-02 -1.93621278e+01
2.95019535e-20 -7.58997713e+02 6.38390698e+01 3.13949513e-01 5.43277020e-02 -1.95328322e+01
3.36821076e-20 -7.58774726e+02 6.93657988e+01 1.87636238e-01 4.64167287e-02 -1.94265725e+01
3.75707416e-20 -7.58760188e+02 6.68795947e+01 3.38416912e-01 5.03190768e-02 -1.94575250e+01
3.92987409e-20 -7.58679703e+02 7.10079427e+01 3.74719873e-01 4.50359002e-02 -1.92992105e+01
4.50151561e-20 -7.58489345e+02 6.83234912e+01 3.62902737e-01 4.82868836e-02 -1.93577686e+01
5.74018678e-20 -7.58198868e+02 6.67352819e+01 3.00878607e-01 4.72994092e-02 -1.94533781e+01
6.59841278e-20 -7.58183057e+02 7.29470220e+01 3.51594433e-01 4.22271056e-02 -1.92472379e+01
6.71372155e-20 -7.58157662e+02 7.00804490e+01 2.17168184e-01 4.47886843e-02 -1.93422373e+01
6.88072583e-20 -7.58127329e+02 6.49411548e+01 2.00326619e-01 5.31264466e-02 -1.95252177e+01
6.99503157e-20 -7.58117847e+02 7.37308689e+01 3.23121325e-01 4.18134298e-02 -1.92180867e+01
7.00674825e-20 -7.58117303e+02 7.23248002e+01 2.75885629e-01 4.20691896e-02 -1.92577375e+01
7.44541981e-20 -7.57993566e+02 6.81746985e+01 3.56148781e-01 4.70227058e-02 -1.93649534e+01
8.18107939e-20 -7.57919735e+02 7.47032560e+01 2.57914080e-01 3.97360659e-02 -1.92154514e+01
8.59789288e-20 -7.57886439e+02 6.58691767e+01 3.49818923e-01 5.02263498e-02 -1.94463815e+01
9.43650897e-20 -7.57732577e+02 6.99575434e+01 2.03353440e-01 4.37143624e-02 -1.93736961e+01
1.02012272e-19 -7.57718080e+02 6.87380833e+01 1.68289867e-01 4.73291556e-02 -1.94254916e+01
1.05335817e-19 -7.57662520e+02 6.98672313e+01 3.10351599e-01 4.66321824e-02 -1.93773426e+01
1.11713079e-19 -7.57594257e+02 6.97171260e+01 1.84888573e-01 4.75174485e-02 -1.93956030e+01
1.19916485e-19 -7.57514563e+02 7.30674230e+01 2.19165568e-01 4.33369209e-02 -1.92854498e+01
1.37290432e-19 -7.57324431e+02 7.28327649e+01 3.35885315e-01 4.33403272e-02 -1.92461468e+01
1.53581297e-19 -7.57275226e+02 7.28534620e+01 2.13313558e-01 4.35713542e-02 -1.92891164e+01
1.66072146e-19 -7.57163884e+02 6.52064665e+01 2.87328249e-01 5.32804041e-02 -1.95241874e+01
1.75439109e-19 -7.57155750e+02 6.83079869e+01 3.76824590e-01 4.64985818e-02 -1.93747286e+01
1.93000992e-19 -7.56974598e+02 6.84002182e+01 2.15782653e-01 4.92372687e-02 -1.94474832e+01
2.21862328e-19 -7.56865170e+02 7.01699243e+01 2.38733761e-01 4.67925732e-02 -1.93886774e+01
2.40441306e-19 -7.56805017e+02 6.80096935e+01 3.11760910e-01 4.97567650e-02 -1.94288587e+01
2.50611229e-19 -7.56774982e+02 6.58353723e+01 3.42075295e-01 5.28414250e-02 -1.94651180e+01
2.66483084e-19 -7.56677685e+02 6.47165106e+01 2.93528207e-01 5.36288613e-02 -1.94970824e+01
2.80480731e-19 -7.56663621e+02 6.72977547e+01 1.86334917e-01 4.81935071e-02 -1.94859949e+01
2.96277847e-19 -7.56563881e+02 7.17123344e+01 1.99919581e-01 4.46105323e-02 -1.93144144e+01
3.11679577e-19 -7.56553153e+02 6.81062198e+01 3.77283824e-01 4.82930785e-02 -1.93961993e+01
3.55827091e-19 -7.56307328e+02 7.04959703e+01 3.53314674e-01 4.40807329e-02 -1.92977235e+01
3.98888180e-19 -7.56302960e+02 6.97231769e+01 2.76691551e-01 4.57968780e-02 -1.93280416e+01
4.12340440e-19 -7.56235470e+02 7.35898685e+01 2.32665586e-01 4.26278373e-02 -1.92550863e+01
4.54177803e-19 -7.56106070e+02 7.29802132e+01 3.12717827e-01 4.21890711e-02 -1.92327782e+01
4.90327174e-19 -7.56071757e+02 6.53115010e+01 3.05934377e-01 5.22017941e-02 -1.94695754e+01
4.99262760e-19 -7.56063020e+02 6.88371344e+01 1.72333394e-01 4.64893874e-02 -1.94221048e+01
5.02396993e-19 -7.56052593e+02 6.59323829e+01 1.99632160e-01 5.24324326e-02 -1.95215549e+01
5.03385906e-19 -7.56052404e+02 6.82327881e+01 3.31897582e-01 4.76730827e-02 -1.94202219e+01
5.06093522e-19 -7.56035282e+02 7.43674056e+01 2.84989764e-01 4.00124569e-02 -1.92141916e+01
5.10433163e-19 -7.56028610e+02 6.63331295e+01 2.23609274e-01 5.10170798e-02 -1.94586463e+01
5.14299528e-19 -7.56013580e+02 7.05690506e+01 1.96004072e-01 4.51552402e-02 -1.93857912e+01
5.39829415e-19 -7.55926882e+02 7.07471531e+01 2.08921572e-01 4.34346546e-02 -1.93737190e+01
5.69377938e-19 -7.55898662e+02 6.37044551e+01 2.45368558e-01 5.37541428e-02 -1.95721216e+01
6.07976632e-19 -7.55791702e+02 6.69878552e+01 2.45608764e-01 4.99050622e-02 -1.94260042e+01
7.20918640e-19 -7.55561578e+02 6.60267444e+01 2.09478621e-01 5.06551429e-02 -1.95259393e+01
8.18287249e-19 -7.55518917e+02 6.52213818e+01 1.98055159e-01 5.08642061e-02 -1.95276236e+01
9.19485802e-19 -7.55330160e+02 7.11028757e+01 3.58183625e-01 4.44215624e-02 -1.92787431e+01
1.07470786e-18 -7.55195892e+02 6.75502352e+01 1.78579494e-01 5.00315534e-02 -1.94667832e+01
1.21837385e-18 -7.55071905e+02 7.16004528e+01 2.72942707e-01 4.27022917e-02 -1.92801121e+01
1.35131411e-18 -7.54980368e+02 6.46344656e+01 3.21894429e-01 5.38894927e-02 -1.95018150e+01
1.65050551e-18 -7.54684894e+02 6.74155350e+01 1.82445695e-01 5.03298138e-02 -1.94721038e+01
1.99102902e-18 -7.54579596e+02 6.85040810e+01 2.33130681e-01 4.68893551e-02 -1.94469792e+01
2.11240728e-18 -7.54557240e+02 7.25706116e+01 2.07044202e-01 4.19409888e-02 -1.93114243e+01
2.18438631e-18 -7.54506447e+02 6.89640382e+01 3.44547083e-01 4.49530824e-02 -1.93671746e+01
2.41028538e-18 -7.54358580e+02 7.18625217e+01 3.44421131e-01 4.22748624e-02 -1.92831446e+01
2.59451644e-18 -7.54347054e+02 6.57251406e+01 3.49830138e-01 5.23883529e-02 -1.94731441e+01
2.79031280e-18 -7.54211008e+02 7.29489580e+01 2.73265018e-01 4.26195050e-02 -1.92899451e+01
2.98183553e-18 -7.54203020e+02 7.20342955e+01 3.20110651e-01 4.31951282e-02 -1.93019128e+01
2.99446992e-18 -7.54195893e+02 6.60281438e+01 1.91029300e-01 5.10064132e-02 -1.95244513e+01
3.01503772e-18 -7.54182705e+02 6.87937328e+01 2.49742919e-01 4.97565438e-02 -1.93982169e+01
3.05541013e-18 -7.54162691e+02 6.55153739e+01 2.11630557e-01 5.27202537e-02 -1.94994283e+01
3.12023483e-18 -7.54134163e+02 7.07738037e+01 2.57800013e-01 4.28933991e-02 -1.93583576e+01
4.96461321e-18 -7.53369666e+02 6.91813031e+01 2.28015226e-01 4.83213185e-02 -1.94177418e+01
6.87992543e-18 -7.53332618e+02 7.05473230e+01 1.86793397e-01 4.60670471e-02 -1.93648485e+01
7.05130381e-18 -7.53313549e+02 6.49644395e+01 2.75914422e-01 5.44288525e-02 -1.95133875e+01
7.15648499e-18 -7.53296332e+02 6.86857710e+01 2.49899418e-01 4.98274535e-02 -1.93961232e+01
7.80201188e-18 -7.53140183e+02 6.39015259e+01 2.64221504e-01 5.36098472e-02 -1.95439435e+01
8.50525504e-18 -7.53111192e+02 7.06880825e+01 3.73204267e-01 4.49941040e-02 -1.93085039e+01
9.19460044e-18 -7.52981646e+02 6.87334193e+01 3.74211985e-01 4.61659878e-02 -1.93651027e+01
1.00399230e-17 -7.52925233e+02 6.82352378e+01 1.92924254e-01 4.86241534e-02 -1.94573299e+01
1.17050978e-17 -7.52682035e+02 7.14853115e+01 3.24651530e-01 4.49563280e-02 -1.93108160e+01
1.38697221e-17 -7.52567725e+02 7.06587290e+01 2.46794904e-01 4.42857198e-02 -1.93135507e+01
1.50065847e-17 -7.52515241e+02 7.02949375e+01 2.87946152e-01 4.73886751e-02 -1.93284511e+01
1.62467873e-17 -7.52404626e+02 7.18459060e+01 3.19651558e-01 4.38048947e-02 -1.93067070e+01
1.78915276e-17 -7.52314686e+02 6.86974099e+01 1.89699397e-01 4.71988113e-02 -1.94441578e+01
1.99178058e-17 -7.52185542e+02 7.29162016e+01 2.74111696e-01 4.36940359e-02 -1.92585433e+01
2.14709624e-17 -7.52153938e+02 6.89067830e+01 3.40646756e-01 4.77221921e-02 -1.93446116e+01
2.29261567e-17 -7.52050173e+02 7.26917274e+01 3.11642300e-01 4.21729488e-02 -1.92814217e+01
2.40357283e-17 -7.52050066e+02 6.97101738e+01 2.09869353e-01 4.79330533e-02 -1.93765226e+01
2.41870521e-17 -7.52031056e+02 6.57281257e+01 1.86238068e-01 5.15808166e-02 -1.95118722e+01
2.43399645e-17 -7.52030716e+02 7.09117393e+01 3.38796273e-01 4.29199215e-02 -1.93076446e+01
2.44753363e-17 -7.52013383e+02 6.88572164e+01 3.06443112e-01 4.93465420e-02 -1.93723008e+01
2.50411103e-17 -7.51978582e+02 6.82497070e+01 1.73170697e-01 4.79867658e-02 -1.94469057e+01
2.54943761e-17 -7.51970563e+02 6.87505020e+01 2.85354146e-01 4.64142014e-02 -1.93588157e+01
2.63191524e-17 -7.51909175e+02 7.05322096e+01 3.64450019e-01 4.47080543e-02 -1.93230255e+01
2.78291098e-17 -7.51852205e+02 6.83785089e+01 2.00012081e-01 4.59832025e-02 -1.94194026e+01
2.90588965e-17 -7.51815559e+02 6.91876329e+01 2.84659904e-01 4.83872425e-02 -1.93530465e+01
3.03351624e-17 -7.51760019e+02 7.32632677e+01 2.24754090e-01 4.13934613e-02 -1.92613249e+01
3.11719405e-17 -7.51753721e+02 6.92137949e+01 3.34791562e-01 4.45980428e-02 -1.93595010e+01
3.27877399e-17 -7.51654730e+02 6.84101352e+01 3.23845811e-01 4.93083274e-02 -1.94055634e+01
3.45369727e-17 -7.51640714e+02 6.83194063e+01 2.90176336e-01 5.02012695e-02 -1.93951309e+01
3.50097940e-17 -7.51620928e+02 6.47003076e+01 2.10174733e-01 5.38236525e-02 -1.95410978e+01
3.53465216e-17 -7.51614826e+02 7.38449227e+01 2.34764466e-01 4.14439740e-02 -1.92634155e+01
3.59832185e-17 -7.51578881e+02 6.88242398e+01 2.60550183e-01 4.68107449e-02 -1.93626011e+01
3.66816545e-17 -7.51569421e+02 6.84643327e+01 3.39790815e-01 4.92778220e-02 -1.93918920e+01
3.73162367e-17 -7.51538144e+02 6.51671110e+01 2.12266644e-01 5.35073368e-02 -1.95360209e+01
3.84480677e-17 -7.51503069e+02 7.14292073e+01 2.24715917e-01 4.25477236e-02 -1.93114925e+01
3.98483504e-17 -7.51460097e+02 7.06248421e+01 1.88320248e-01 4.40251236e-02 -1.93590808e+01
4.20711315e-17 -7.51388665e+02 6.75435537e+01 2.29057862e-01 5.06241621e-02 -1.94259476e+01
4.63528296e-17 -7.51262314e+02 7.28141392e+01 2.26804879e-01 4.11250160e-02 -1.92912505e+01
5.16335929e-17 -7.51164626e+02 6.64182719e+01 1.81621389e-01 4.97377211e-02 -1.94978096e+01
5.46845910e-17 -7.51138623e+02 6.51399212e+01 1.96272724e-01 5.26142747e-02 -1.95413558e+01
5.82592673e-17 -7.51033899e+02 6.48480452e+01 2.40726494e-01 5.43400942e-02 -1.95323229e+01
6.20265501e-17 -7.51004130e+02 6.49793796e+01 2.46171692e-01 5.32980307e-02 -1.95042665e+01
6.35287678e-17 -7.50979315e+02 6.79354688e+01 2.52084735e-01 4.72076193e-02 -1.94562762e+01
6.49643311e-17 -7.50952805e+02 6.44713050e+01 2.75967957e-01 5.27948486e-02 -1.95146865e+01
7.10850608e-17 -7.50798364e+02 7.09604808e+01 3.45828473e-01 4.57040182e-02 -1.92973575e+01
7.79290332e-17 -7.50756782e+02 7.02272240e+01 1.84640732e-01 4.47418573e-02 -1.93708881e+01
8.42851332e-17 -7.50637988e+02 7.31095685e+01 2.97258193e-01 4.22847428e-02 -1.92361795e+01
9.06352402e-17 -7.50601655e+02 6.54918776e+01 2.66701057e-01 5.04222446e-02 -1.95206483e+01
9.30450336e-17 -7.50578654e+02 7.02499159e+01 2.02131264e-01 4.39920912e-02 -1.93846261e+01
9.90078050e-17 -7.50473405e+02 6.90583238e+01 2.94176950e-01 4.84959644e-02 -1.93550398e+01
1.04402500e-16 -7.50463146e+02 7.40023061e+01 2.82787150e-01 4.09756819e-02 -1.92214719e+01
1.09338184e-16 -7.50376227e+02 6.84247473e+01 2.93550141e-01 5.00320086e-02 -1.93987925e+01
1.15528552e-16 -7.50344707e+02 6.83050929e+01 3.11594340e-01 4.81121165e-02 -1.94243728e+01
1.19311556e-16 -7.50305271e+02 7.33884962e+01 2.45460626e-01 4.05649308e-02 -1.92658333e+01
1.21890795e-16 -7.50294915e+02 6.74390663e+01 2.10158729e-01 5.08880198e-02 -1.94456052e+01
1.26778322e-16 -7.50221314e+02 6.77575986e+01 2.01809014e-01 4.70102999e-02 -1.94637960e+01
1.32102232e-16 -7.50204702e+02 7.00447708e+01 3.40599685e-01 4.64490036e-02 -1.93135530e+01
1.33990826e-16 -7.50186284e+02 6.71593541e+01 3.61896411e-01 4.87128939e-02 -1.94286941e+01
1.36096619e-16 -7.50166869e+02 6.84330695e+01 3.25812941e-01 4.55080938e-02 -1.93926757e+01
1.45621170e-16 -7.50047790e+02 6.81770367e+01 2.53714568e-01 4.66273873e-02 -1.93908565e+01
1.56349406e-16 -7.50014773e+02 7.30230264e+01 3.18853242e-01 4.14320051e-02 -1.92591690e+01
1.71450037e-16 -7.49862273e+02 6.68298484e+01 2.91980747e-01 4.84488433e-02 -1.94729949e+01
1.86127995e-16 -7.49838169e+02 7.42012264e+01 2.69348071e-01 4.06255290e-02 -1.92394991e+01
1.94112222e-16 -7.49772545e+02 7.07617371e+01 2.49250449e-01 4.60678483e-02 -1.93625991e+01
2.36928669e-16 -7.49456638e+02 6.73540236e+01 2.34201899e-01 4.98489056e-02 -1.94224677e+01
2.74960641e-16 -7.49443349e+02 6.69166907e+01 2.64688199e-01 5.17756534e-02 -1.94683999e+01
3.04857054e-16 -7.49252591e+02 7.11741943e+01 2.76490117e-01 4.59939028e-02 -1.93321891e+01
3.49381697e-16 -7.49157239e+02 7.22358203e+01 2.06400166e-01 4.29264118e-02 -1.93224342e+01
3.89467666e-16 -7.49030448e+02 6.58663705e+01 3.03507658e-01 5.00812661e-02 -1.94565820e+01
4.47936734e-16 -7.48873014e+02 6.95721739e+01 2.28156766e-01 4.83655615e-02 -1.93819790e+01
5.10883067e-16 -7.48757934e+02 6.98690855e+01 3.03751472e-01 4.64507766e-02 -1.93217877e+01
5.45721190e-16 -7.48731292e+02 7.31561291e+01 2.69264716e-01 4.08143711e-02 -1.92527136e+01
5.52591967e-16 -7.48726085e+02 6.94986446e+01 1.89172535e-01 4.68006623e-02 -1.94136350e+01
5.67926025e-16 -7.48670655e+02 7.02337340e+01 2.50107023e-01 4.32139528e-02 -1.93456175e+01
5.83582602e-16 -7.48664282e+02 7.14188346e+01 2.92748835e-01 4.48642871e-02 -1.93285786e+01
5.95699947e-16 -7.48623307e+02 6.80213562e+01 3.26018508e-01 4.61759186e-02 -1.93929362e+01
6.11181086e-16 -7.48605969e+02 6.50309947e+01 2.15974524e-01 5.11645983e-02 -1.95353079e+01
6.19473332e-16 -7.48589690e+02 6.72337931e+01 1.80624990e-01 4.87826224e-02 -1.94671984e+01
6.28013788e-16 -7.48571941e+02 7.10246949e+01 2.67239842e-01 4.53220960e-02 -1.92997375e+01
6.32194038e-16 -7.48569688e+02 6.52092394e+01 2.24169879e-01 5.15967767e-02 -1.95059912e+01
6.48523963e-16 -7.48515026e+02 6.56991927e+01 3.18229027e-01 5.26842681e-02 -1.94873935e+01
6.75202995e-16 -7.48481931e+02 7.29986214e+01 2.74777014e-01 4.21652351e-02 -1.92849123e+01
7.29638890e-16 -7.48356928e+02 6.80282421e+01 2.23888436e-01 4.99109448e-02 -1.94143162e+01
8.01794736e-16 -7.48284091e+02 6.99343712e+01 3.00339406e-01 4.48755945e-02 -1.93217354e+01
8.35511195e-16 -7.48266640e+02 6.91428620e+01 3.75607171e-01 4.64738281e-02 -1.93476191e+01
8.95687645e-16 -7.48142137e+02 6.89880456e+01 2.60763106e-01 4.64657785e-02 -1.93592626e+01
9.69941515e-16 -7.48097326e+02 6.91280067e+01 2.97281617e-01 4.64768066e-02 -1.94044256e+01
9.89301253e-16 -7.48095454e+02 7.23843985e+01 2.33770988e-01 4.39356170e-02 -1.93095033e+01
9.95689159e-16 -7.48077874e+02 6.90164466e+01 3.49763341e-01 4.83295639e-02 -1.93601846e+01
1.03761438e-15 -7.48007471e+02 6.75567329e+01 2.99491936e-01 5.05885470e-02 -1.94395441e+01
1.07468454e-15 -7.47999788e+02 7.16116164e+01 2.44438136e-01 4.18831745e-02 -1.93214798e+01
1.09925929e-15 -7.47956060e+02 6.51821446e+01 2.37995457e-01 5.36914043e-02 -1.95277715e+01
1.13120070e-15 -7.47935475e+02 6.94211710e+01 2.02248856e-01 4.79136401e-02 -1.94059379e+01
1.16590749e-15 -7.47889389e+02 6.72808847e+01 3.53779590e-01 4.78718886e-02 -1.94194997e+01
1.21451207e-15 -7.47847051e+02 6.68900899e+01 1.83035850e-01 4.95762235e-02 -1.94748371e+01
1.32299788e-15 -7.47715493e+02 6.81773145e+01 2.35003446e-01 4.61271260e-02 -1.94440101e+01
1.43814086e-15 -7.47669694e+02 6.83554260e+01 3.63886764e-01 4.86568918e-02 -1.93726472e+01
1.47115590e-15 -7.47662930e+02 6.64402513e+01 2.99022847e-01 5.05411987e-02 -1.94333288e+01
1.55623538e-15 -7.47553573e+02 7.13466672e+01 2.09873639e-01 4.29959565e-02 -1.93483219e+01
1.68067316e-15 -7.47500151e+02 6.81618216e+01 2.81969397e-01 4.75968689e-02 -1.93791038e+01
1.72086060e-15 -7.47498944e+02 6.88666591e+01 3.04695966e-01 4.48926900e-02 -1.93897975e+01
1.78685562e-15 -7.47419794e+02 7.01304915e+01 2.78770252e-01 4.44594818e-02 -1.93226497e+01
1.86834523e-15 -7.47401614e+02 6.73964142e+01 1.97066320e-01 4.96157235e-02 -1.94433372e+01
1.89751750e-15 -7.47382164e+02 6.79000116e+01 2.19931623e-01 4.62361952e-02 -1.94317709e+01
1.95666529e-15 -7.47334052e+02 7.21618939e+01 3.40930253e-01 4.34206409e-02 -1.92745855e+01
2.14980558e-15 -7.47191719e+02 6.42692370e+01 2.78093765e-01 5.27641376e-02 -1.95332333e+01
2.36822755e-15 -7.47129767e+02 7.34311235e+01 2.84098398e-01 4.22045344e-02 -1.92611053e+01
2.54391694e-15 -7.47042865e+02 7.20269777e+01 3.23131267e-01 4.41465622e-02 -1.92671996e+01
2.67459005e-15 -7.47021159e+02 6.56061760e+01 3.10362064e-01 4.98684315e-02 -1.94826998e+01
2.76900038e-15 -7.46967433e+02 6.67633782e+01 2.20512874e-01 5.16564102e-02 -1.94853789e+01
2.85949416e-15 -7.46949545e+02 6.44654609e+01 2.25587742e-01 5.28363169e-02 -1.95528697e+01
3.03919529e-15 -7.46841707e+02 6.69781389e+01 1.92830780e-01 5.00781851e-02 -1.94616568e+01
3.57210217e-15 -7.46628232e+02 7.13310325e+01 2.07029319e-01 4.28243852e-02 -1.93370383e+01
3.99597880e-15 -7.46599616e+02 7.00159827e+01 3.65094056e-01 4.54740062e-02 -1.93181121e+01
4.15195546e-15 -7.46545522e+02 6.98721010e+01 2.45161822e-01 4.35966808e-02 -1.93629584e+01
4.29771187e-15 -7.46523345e+02 6.48212734e+01 2.57117508e-01 5.40725864e-02 -1.95305983e+01
4.61136925e-15 -7.46401564e+02 7.01963471e+01 3.57328187e-01 4.44935671e-02 -1.93185587e+01
4.94130525e-15 -7.46374952e+02 6.80863794e+01 3.42425828e-01 4.91878486e-02 -1.94068428e+01
5.14078368e-15 -7.46316436e+02 6.75093497e+01 3.51507056e-01 4.86843051e-02 -1.93922020e+01
5.66674782e-15 -7.46177446e+02 7.18265370e+01 2.20339414e-01 4.25725662e-02 -1.93033413e+01
6.34709649e-15 -7.46080537e+02 7.37687087e+01 2.97893536e-01 4.12004106e-02 -1.92373445e+01
6.74758605e-15 -7.46046361e+02 6.90808557e+01 1.91738138e-01 4.57565051e-02 -1.94021535e+01
7.33693394e-15 -7.45910714e+02 6.59242468e+01 2.89890560e-01 5.27455026e-02 -1.94889416e+01
7.99152792e-15 -7.45864716e+02 6.49991004e+01 2.41557915e-01 5.37642504e-02 -1.95164573e+01
8.38533494e-15 -7.45808125e+02 6.81158274e+01 3.54196134e-01 4.67367604e-02 -1.93892781e+01
8.72446050e-15 -7.45778191e+02 6.93389499e+01 2.62595084e-01 4.86420572e-02 -1.93873837e+01
8.88044596e-15 -7.45765841e+02 6.88677923e+01 2.80776538e-01 4.71625476e-02 -1.93574667e+01
9.08920033e-15 -7.45725435e+02 6.98904353e+01 3.55691747e-01 4.65823749e-02 -1.93248341e+01
9.57850848e-15 -7.45655143e+02 7.20890131e+01 2.12131707e-01 4.31293689e-02 -1.92990590e+01
1.00652725e-14 -7.45618738e+02 7.37714161e+01 2.61884676e-01 4.12064521e-02 -1.92367670e+01
1.03080258e-14 -7.45600575e+02 6.67422713e+01 2.14497047e-01 4.87040293e-02 -1.94600573e+01
1.04544582e-14 -7.45583858e+02 6.74764557e+01 2.12395290e-01 4.88250356e-02 -1.94780674e+01
1.05619358e-14 -7.45573421e+02 6.51349978e+01 3.10038411e-01 5.24150590e-02 -1.94843643e+01
1.06237354e-14 -7.45565523e+02 6.57213340e+01 2.64234960e-01 5.13818331e-02 -1.95165916e+01
1.06785382e-14 -7.45556479e+02 6.88918246e+01 3.62914546e-01 4.75739885e-02 -1.93700081e+01
1.10383766e-14 -7.45493552e+02 6.80455325e+01 2.98720324e-01 5.00161594e-02 -1.94213270e+01
1.15617949e-14 -7.45456520e+02 7.06785963e+01 2.77132543e-01 4.45121489e-02 -1.93054087e+01
1.23054417e-14 -7.45364021e+02 6.75353052e+01 3.35160417e-01 4.71774314e-02 -1.94066312e+01
1.30002082e-14 -7.45338048e+02 6.92659197e+01 2.28780019e-01 4.85044118e-02 -1.94024955e+01
1.37162395e-14 -7.45251825e+02 7.00553355e+01 3.51548152e-01 4.57981926e-02 -1.93145515e+01
1.43131339e-14 -7.45244354e+02 6.94071939e+01 1.86373398e-01 4.59103725e-02 -1.93946141e+01
1.47955490e-14 -7.45179896e+02 7.15668215e+01 2.75354953e-01 4.39444222e-02 -1.92817488e+01
1.55306129e-14 -7.45140083e+02 6.79563450e+01 1.84721581e-01 4.90603604e-02 -1.94520613e+01
1.59884752e-14 -7.45114893e+02 7.05337242e+01 3.26235674e-01 4.36633012e-02 -1.93096773e+01
1.66418694e-14 -7.45054085e+02 6.68138684e+01 2.32407731e-01 5.18882441e-02 -1.94708497e+01
1.92670761e-14 -7.44827203e+02 6.87634341e+01 3.52564204e-01 4.71586876e-02 -1.93523877e+01
2.27682491e-14 -7.44704417e+02 6.91724351e+01 3.49546883e-01 4.54669181e-02 -1.93648449e+01
2.40877711e-14 -7.44704106e+02 7.01333149e+01 3.11851586e-01 4.46170897e-02 -1.93162748e+01
2.47952532e-14 -7.44640865e+02 6.82887732e+01 3.57632773e-01 4.72294427e-02 -1.93936539e+01
2.55147494e-14 -7.44639242e+02 7.33214543e+01 2.66667241e-01 4.14618817e-02 -1.92443443e+01
2.56158304e-14 -7.44626343e+02 6.87900413e+01 3.58839372e-01 4.76740093e-02 -1.93548813e+01
2.57961745e-14 -7.44618529e+02 7.03031733e+01 1.96410417e-01 4.63686725e-02 -1.93700355e+01
2.64828302e-14 -7.44567775e+02 6.56775069e+01 3.30315045e-01 5.05168976e-02 -1.94683583e+01
2.70931911e-14 -7.44565659e+02 6.45834939e+01 2.96645203e-01 5.25804931e-02 -1.95257957e+01
2.75020689e-14 -7.44531453e+02 6.67599035e+01 3.39729590e-01 4.85129145e-02 -1.94371984e+01
2.81332747e-14 -7.44513409e+02 7.18085765e+01 3.13229484e-01 4.29961735e-02 -1.92698798e+01
2.85796709e-14 -7.44493332e+02 7.19126911e+01 3.33082164e-01 4.27004782e-02 -1.92710575e+01
3.06854598e-14 -7.44368367e+02 6.63410384e+01 3.38845307e-01 5.11465386e-02 -1.94602518e+01
3.62274915e-14 -7.44161405e+02 7.36593341e+01 2.95587996e-01 4.14723491e-02 -1.92375293e+01
4.03484234e-14 -7.44135719e+02 7.27836960e+01 2.59937180e-01 4.21003178e-02 -1.92579278e+01
4.13250582e-14 -7.44106958e+02 7.08723054e+01 3.11186171e-01 4.58229183e-02 -1.93311877e+01
4.19761144e-14 -7.44097615e+02 7.01459441e+01 3.59386169e-01 4.59207519e-02 -1.93193601e+01
4.29937269e-14 -7.44052874e+02 6.99308923e+01 3.05457595e-01 4.59654306e-02 -1.93209708e+01
4.47865724e-14 -7.44009227e+02 7.02076618e+01 2.95543775e-01 4.33911083e-02 -1.93362977e+01
4.81889410e-14 -7.43902164e+02 6.53899427e+01 2.84663566e-01 5.02768534e-02 -1.94917421e+01
5.31203811e-14 -7.43807103e+02 6.78328064e+01 1.93224432e-01 4.96084395e-02 -1.94435284e+01
5.74570639e-14 -7.43737506e+02 6.57533853e+01 2.06261047e-01 5.16506982e-02 -1.94993979e+01
5.97387902e-14 -7.43721415e+02 7.14921413e+01 2.35958859e-01 4.42834100e-02 -1.93442325e+01
6.06561878e-14 -7.43700416e+02 6.96177890e+01 2.68595135e-01 4.82351487e-02 -1.93617790e+01
6.12273070e-14 -7.43695911e+02 6.75072517e+01 2.28584724e-01 5.03110795e-02 -1.94658871e+01
6.24095275e-14 -7.43655906e+02 6.94361498e+01 3.53383402e-01 4.68280660e-02 -1.93352060e+01
6.49944739e-14 -7.43608254e+02 7.22014879e+01 2.24245956e-01 4.41613008e-02 -1.93054307e+01
6.64561831e-14 -7.43604206e+02 6.68995078e+01 2.64007146e-01 4.78771721e-02 -1.94396620e+01
6.65521201e-14 -7.43598717e+02 6.65832241e+01 3.56439744e-01 5.00293976e-02 -1.94366765e+01
6.77345517e-14 -7.43562646e+02 7.12869133e+01 3.27898135e-01 4.38012166e-02 -1.92821455e+01
7.12525691e-14 -7.43491724e+02 6.81000876e+01 3.62572917e-01 4.84992628e-02 -1.93920726e+01
7.51413353e-14 -7.43448911e+02 6.92500958e+01 2.68854436e-01 4.87417857e-02 -1.93736940e+01
7.78330024e-14 -7.43414517e+02 7.15070811e+01 2.39918470e-01 4.24142759e-02 -1.93332985e+01
7.96424427e-14 -7.43396082e+02 6.55091862e+01 3.32162497e-01 5.14699551e-02 -1.94848029e+01
8.07548124e-14 -7.43380099e+02 6.96798024e+01 3.57378681e-01 4.67863899e-02 -1.93367034e+01
8.16977237e-14 -7.43366194e+02 6.63186480e+01 3.18092478e-01 5.19519232e-02 -1.94628449e+01
8.39187043e-14 -7.43320277e+02 6.89302335e+01 2.29368674e-01 4.79263558e-02 -1.94265271e+01
8.73856864e-14 -7.43278482e+02 6.78467069e+01 2.52182093e-01 4.82889958e-02 -1.94003747e+01
9.07467010e-14 -7.43238111e+02 7.28424284e+01 2.43149316e-01 4.33083517e-02 -1.92850303e+01
9.61035639e-14 -7.43158302e+02 6.90551355e+01 2.57970534e-01 4.45396058e-02 -1.93886814e+01
1.01602052e-13 -7.43118976e+02 6.81988980e+01 2.04521259e-01 4.94032199e-02 -1.94240401e+01
1.08041803e-13 -7.43030315e+02 6.55947766e+01 2.57746502e-01 5.31499894e-02 -1.94907295e+01
1.17864462e-13 -7.42938431e+02 6.70661502e+01 3.47879785e-01 5.04511244e-02 -1.94230037e+01
1.24506243e-13 -7.42912082e+02 7.27195399e+01 2.98348813e-01 4.16435117e-02 -1.92752722e+01
1.49295725e-13 -7.42593693e+02 6.58553243e+01 3.35310470e-01 5.17474467e-02 -1.94706601e+01
1.74311471e-13 -7.42570495e+02 7.21909763e+01 2.66224567e-01 4.23341006e-02 -1.93104630e+01
1.76856469e-13 -7.42557952e+02 7.01410044e+01 3.15864804e-01 4.62845840e-02 -1.93572379e+01
1.78055981e-13 -7.42550296e+02 6.56194067e+01 2.86778366e-01 5.30499139e-02 -1.94830622e+01
1.88595695e-13 -7.42439343e+02 6.98030536e+01 2.44643287e-01 4.46235190e-02 -1.93934314e+01
1.98552542e-13 -7.42437669e+02 6.53576237e+01 2.11440448e-01 5.26418050e-02 -1.95195384e+01
2.01853715e-13 -7.42400061e+02 7.10898264e+01 2.54002303e-01 4.54521242e-02 -1.93082097e+01
2.09030341e-13 -7.42361165e+02 6.92963344e+01 3.51618644e-01 4.55596241e-02 -1.93456888e+01
2.17505787e-13 -7.42314089e+02 6.71561032e+01 3.44244515e-01 4.90415184e-02 -1.94080002e+01
2.27287160e-13 -7.42266543e+02 6.82855388e+01 2.36877658e-01 4.57697561e-02 -1.94117236e+01
2.33436216e-13 -7.42253522e+02 6.98039527e+01 3.46963037e-01 4.68357093e-02 -1.93438588e+01
2.36343862e-13 -7.42235172e+02 6.96095743e+01 3.37333317e-01 4.47487023e-02 -1.93409829e+01
2.66463719e-13 -7.42018586e+02 7.27366949e+01 2.49200728e-01 4.14579238e-02 -1.92729923e+01
3.03364462e-13 -7.41958326e+02 7.21722738e+01 2.25809242e-01 4.34070467e-02 -1.93198733e+01
3.26360121e-13 -7.41866975e+02 7.21502284e+01 2.30641633e-01 4.38432076e-02 -1.93172713e+01
3.40302848e-13 -7.41865916e+02 6.99877709e+01 3.35450503e-01 4.65574899e-02 -1.93486850e+01
3.41259554e-13 -7.41854736e+02 7.04027613e+01 2.15836813e-01 4.62011342e-02 -1.93770888e+01
3.44867866e-13 -7.41838261e+02 6.98645746e+01 2.41504012e-01 4.61040495e-02 -1.93964470e+01
3.56071289e-13 -7.41784788e+02 6.71424162e+01 2.69989298e-01 5.03286002e-02 -1.94688975e+01
3.80725565e-13 -7.41698841e+02 7.21350087e+01 2.84517069e-01 4.41498151e-02 -1.92998400e+01
4.03275174e-13 -7.41661553e+02 6.86710977e+01 2.89525255e-01 4.59365445e-02 -1.94131579e+01
4.12211098e-13 -7.41648051e+02 6.61812465e+01 3.40093945e-01 5.13190749e-02 -1.94564230e+01
4.26600713e-13 -7.41587153e+02 7.16820208e+01 2.03717376e-01 4.39221971e-02 -1.93251327e+01
4.53512078e-13 -7.41519273e+02 6.82894179e+01 2.45035546e-01 4.82393349e-02 -1.94446049e+01
4.67905045e-13 -7.41516860e+02 6.77630383e+01 2.46780871e-01 4.69366058e-02 -1.94146567e+01
4.84600221e-13 -7.41443831e+02 6.79698373e+01 2.70156981e-01 4.61908089e-02 -1.94320561e+01
5.16639334e-13 -7.41381792e+02 6.57108644e+01 2.83927098e-01 4.97387191e-02 -1.94828720e+01
5.44005015e-13 -7.41333568e+02 6.76311917e+01 2.61207047e-01 4.73260248e-02 -1.94112720e+01
5.65921705e-13 -7.41295915e+02 6.89939776e+01 2.42286671e-01 4.48922016e-02 -1.93872806e+01
5.78364145e-13 -7.41283103e+02 6.73343572e+01 3.12560841e-01 4.80618734e-02 -1.94454334e+01
6.42211573e-13 -7.41089177e+02 7.03056485e+01 2.33059063e-01 4.67355876e-02 -1.93442779e+01
7.15250560e-13 -7.41051976e+02 6.52419313e+01 2.46127620e-01 5.06925587e-02 -1.95178265e+01
7.39683845e-13 -7.41015332e+02 6.59697565e+01 2.26511526e-01 5.23935116e-02 -1.94890007e+01
7.53205829e-13 -7.41008764e+02 7.01116458e+01 2.97015700e-01 4.50589220e-02 -1.93194855e+01
7.61707749e-13 -7.40986342e+02 7.23729461e+01 2.81705499e-01 4.39921173e-02 -1.92876882e+01
8.02845058e-13 -7.40898705e+02 7.04992079e+01 2.03555156e-01 4.43394746e-02 -1.93524205e+01
8.50715580e-13 -7.40862267e+02 6.78799591e+01 3.41337749e-01 4.85516563e-02 -1.93836859e+01
8.74332139e-13 -7.40837111e+02 6.81407956e+01 3.57948352e-01 4.85812335e-02 -1.93872638e+01
8.86024419e-13 -7.40828902e+02 6.99465978e+01 3.38419052e-01 4.45281374e-02 -1.93432154e+01
8.93104451e-13 -7.40814572e+02 6.77320302e+01 3.48201797e-01 4.78979786e-02 -1.93919973e+01
9.32625182e-13 -7.40737095e+02 6.59612138e+01 2.31528089e-01 4.99420128e-02 -1.94820537e+01
1.02138652e-12 -7.40627586e+02 6.85288251e+01 3.52484639e-01 4.82504126e-02 -1.93816764e+01
1.08349387e-12 -7.40609465e+02 6.81033859e+01 2.87672589e-01 4.69690923e-02 -1.94332112e+01
1.13223930e-12 -7.40534250e+02 7.04586543e+01 2.15364108e-01 4.51538208e-02 -1.93406479e+01
1.19455603e-12 -7.40494634e+02 7.31241723e+01 2.70840985e-01 4.14717656e-02 -1.92531179e+01
1.28550171e-12 -7.40383537e+02 6.54352267e+01 3.10690525e-01 5.20579234e-02 -1.94981944e+01
1.41110562e-12 -7.40300182e+02 7.07732618e+01 2.80893122e-01 4.50018112e-02 -1.93045601e+01
1.48044519e-12 -7.40279315e+02 7.32247817e+01 2.67106403e-01 4.11675861e-02 -1.92625468e+01
1.51535476e-12 -7.40247064e+02 6.78552627e+01 2.18433550e-01 4.83944934e-02 -1.94628996e+01
1.56038374e-12 -7.40214107e+02 6.99404014e+01 3.27030759e-01 4.50459113e-02 -1.93224349e+01
1.64440682e-12 -7.40136737e+02 7.21770701e+01 3.18689491e-01 4.33503281e-02 -1.92843728e+01
1.80595157e-12 -7.40021838e+02 6.83302867e+01 3.39148423e-01 4.74423433e-02 -1.93696686e+01
1.90878736e-12 -7.40016030e+02 7.01552302e+01 2.01653990e-01 4.44128582e-02 -1.93757512e+01
1.92507595e-12 -7.39998258e+02 6.51345695e+01 3.04782306e-01 5.21151237e-02 -1.95075053e+01
1.96711551e-12 -7.39966345e+02 7.02607843e+01 2.91972644e-01 4.44360226e-02 -1.93191395e+01
2.01111421e-12 -7.39947198e+02 7.28793677e+01 2.94812339e-01 4.15194390e-02 -1.92608379e+01
2.03368461e-12 -7.39937301e+02 7.03466484e+01 3.51483626e-01 4.55186956e-02 -1.93235797e+01
2.04160931e-12 -7.39932745e+02 7.10819682e+01 3.33240629e-01 4.50673914e-02 -1.92962246e+01
2.07079230e-12 -7.39902484e+02 6.89337310e+01 2.23462675e-01 4.67463617e-02 -1.93805849e+01
2.12348027e-12 -7.39875789e+02 7.07027422e+01 3.13463896e-01 4.34842874e-02 -1.93325996e+01
2.15340247e-12 -7.39867681e+02 7.31842092e+01 2.59618602e-01 4.12704261e-02 -1.92682816e+01
2.25849794e-12 -7.39775919e+02 7.24223537e+01 2.90481691e-01 4.23670224e-02 -1.92917101e+01
2.40531308e-12 -7.39733412e+02 6.52653633e+01 2.87574276e-01 5.31123989e-02 -1.95050527e+01
2.58900997e-12 -7.39624581e+02 6.52577879e+01 2.60128787e-01 5.26971612e-02 -1.95229298e+01
2.73251369e-12 -7.39615923e+02 6.66741249e+01 2.03933071e-01 4.91145010e-02 -1.94745763e+01
2.84511673e-12 -7.39538635e+02 6.92452986e+01 3.38942875e-01 4.77373850e-02 -1.93527619e+01
2.95590290e-12 -7.39531387e+02 7.12419198e+01 2.62486005e-01 4.26505504e-02 -1.93097867e+01
3.01765296e-12 -7.39491023e+02 7.01573475e+01 2.77961345e-01 4.55910600e-02 -1.93228367e+01
3.09778340e-12 -7.39472000e+02 7.12612855e+01 2.06727027e-01 4.43406402e-02 -1.93294821e+01
3.16507660e-12 -7.39441528e+02 7.00615495e+01 1.95570230e-01 4.56693322e-02 -1.93703921e+01
3.23831869e-12 -7.39419480e+02 6.92904629e+01 2.21124407e-01 4.70308010e-02 -1.94163178e+01
3.29118874e-12 -7.39402435e+02 7.13956291e+01 2.26989910e-01 4.52166511e-02 -1.93220050e+01
3.34123476e-12 -7.39382666e+02 6.70334577e+01 2.31603128e-01 4.83845654e-02 -1.94434255e+01
3.51060468e-12 -7.39298554e+02 7.16720137e+01 2.35132987e-01 4.48470144e-02 -1.93248091e+01
3.65410106e-12 -7.39294124e+02 6.85446694e+01 2.78002998e-01 4.55834320e-02 -1.94123411e+01
3.74837718e-12 -7.39241636e+02 6.55052439e+01 2.58586587e-01 5.06619106e-02 -1.94894303e+01
4.02298295e-12 -7.39147589e+02 6.77293869e+01 3.23540754e-01 4.79720950e-02 -1.93913793e+01
4.43805136e-12 -7.39039316e+02 6.68579005e+01 3.28183616e-01 4.84592854e-02 -1.94329018e+01
4.74120703e-12 -7.39006126e+02 7.21841693e+01 2.33093631e-01 4.39321404e-02 -1.93100339e+01
4.80891957e-12 -7.39004025e+02 6.80724995e+01 2.98356761e-01 4.97945943e-02 -1.93951820e+01
4.90128506e-12 -7.38961864e+02 6.87389401e+01 2.00012032e-01 4.67818328e-02 -1.94332615e+01
5.06562572e-12 -7.38931200e+02 6.95012082e+01 2.87087855e-01 4.78665401e-02 -1.93513711e+01
5.20177072e-12 -7.38902142e+02 6.84016168e+01 3.24518227e-01 4.72108609e-02 -1.93688527e+01
5.28071068e-12 -7.38894225e+02 7.29584642e+01 2.43453728e-01 4.23612311e-02 -1.92672666e+01
5.37864339e-12 -7.38859029e+02 6.55260483e+01 2.66851333e-01 5.11587544e-02 -1.94825014e+01
5.56144245e-12 -7.38820783e+02 6.88940038e+01 2.84610783e-01 4.90216501e-02 -1.93838126e+01
5.77487041e-12 -7.38777167e+02 6.76053863e+01 2.35082839e-01 4.77457472e-02 -1.94641109e+01
5.89466715e-12 -7.38772593e+02 6.87207391e+01 3.46924357e-01 4.69017845e-02 -1.93838634e+01
5.91896584e-12 -7.38762305e+02 6.97483355e+01 2.98588259e-01 4.63332130e-02 -1.93785310e+01
6.14706053e-12 -7.38691538e+02 7.14054185e+01 2.56178151e-01 4.38134180e-02 -1.93403852e+01
6.47280745e-12 -7.38651526e+02 7.10273864e+01 2.47913539e-01 4.59023117e-02 -1.93225992e+01
6.67983071e-12 -7.38621739e+02 7.09204022e+01 3.42905771e-01 4.47778906e-02 -1.93011032e+01
6.98302650e-12 -7.38556919e+02 7.06686345e+01 2.40689094e-01 4.56956355e-02 -1.93253138e+01
7.26197149e-12 -7.38535806e+02 7.26317860e+01 2.25922423e-01 4.24099714e-02 -1.92958586e+01
7.35659477e-12 -7.38524294e+02 6.69064049e+01 2.84131610e-01 5.11151032e-02 -1.94332310e+01
7.38706458e-12 -7.38520854e+02 6.57058538e+01 2.71662394e-01 5.24616179e-02 -1.94783854e+01
7.72736425e-12 -7.38429640e+02 6.70991286e+01 3.10133986e-01 4.87431713e-02 -1.94535020e+01
8.05367883e-12 -7.38429397e+02 7.11547276e+01 2.38776726e-01 4.52759683e-02 -1.93468162e+01
8.50571142e-12 -7.38316927e+02 6.93081723e+01 2.20938053e-01 4.78220199e-02 -1.94074009e+01
9.13165610e-12 -7.38277942e+02 6.71001186e+01 2.05371832e-01 4.86081441e-02 -1.94573296e+01
9.70624192e-12 -7.38189790e+02 7.11468026e+01 2.29352668e-01 4.30057422e-02 -1.93264942e+01
1.04972780e-11 -7.38114083e+02 6.95785477e+01 2.57315000e-01 4.52847207e-02 -1.93496543e+01
1.08883082e-11 -7.38108562e+02 6.66265409e+01 2.02744917e-01 4.96762046e-02 -1.94944886e+01
1.08852537e-11 -7.38107981e+02 6.97855421e+01 3.17065361e-01 4.49646158e-02 -1.93310059e+01
1.08891438e-11 -7.38101203e+02 7.08275486e+01 2.80185362e-01 4.45238394e-02 -1.93513888e+01
1.10911560e-11 -7.38064881e+02 6.95354234e+01 3.26390084e-01 4.74995777e-02 -1.93589871e+01
1.14759135e-11 -7.38026384e+02 6.84986729e+01 2.09531341e-01 4.88965849e-02 -1.94305624e+01
1.16637746e-11 -7.38025380e+02 7.26157959e+01 2.93735612e-01 4.22447354e-02 -1.92592107e+01
1.17960765e-11 -7.37997366e+02 7.09311484e+01 3.41220771e-01 4.48553908e-02 -1.93027338e+01
1.26731402e-11 -7.37878616e+02 6.71061438e+01 2.53187555e-01 5.07446093e-02 -1.94342629e+01
1.38886602e-11 -7.37805353e+02 7.32012524e+01 2.61425736e-01 4.23539683e-02 -1.92652619e+01
1.44152654e-11 -7.37796209e+02 6.57593936e+01 2.72540383e-01 5.19194688e-02 -1.94728511e+01
1.46864756e-11 -7.37761695e+02 6.68869215e+01 3.24852161e-01 5.08819736e-02 -1.94405437e+01
1.49752008e-11 -7.37750351e+02 6.81454842e+01 3.07488157e-01 4.87841723e-02 -1.94218956e+01
1.52588971e-11 -7.37717739e+02 6.57784879e+01 2.36427355e-01 5.12094302e-02 -1.94841579e+01
1.57318011e-11 -7.37682694e+02 6.47972348e+01 2.67728165e-01 5.31993670e-02 -1.95221733e+01
1.59866113e-11 -7.37678646e+02 6.89726586e+01 2.78505244e-01 4.89011872e-02 -1.93853825e+01
1.60358604e-11 -7.37669901e+02 6.80608740e+01 3.45206145e-01 4.71467443e-02 -1.93939186e+01
1.66557859e-11 -7.37597424e+02 6.73232639e+01 2.49286481e-01 4.77316396e-02 -1.94650860e+01
1.78975804e-11 -7.37519630e+02 6.55970057e+01 2.64773105e-01 5.29356341e-02 -1.94967072e+01
1.86192498e-11 -7.37510217e+02 7.18791594e+01 3.12406412e-01 4.26464551e-02 -1.92934975e+01
1.88607077e-11 -7.37487313e+02 7.08214379e+01 3.04159787e-01 4.32894856e-02 -1.93300934e+01
1.94881535e-11 -7.37438572e+02 7.01047531e+01 2.35527966e-01 4.37636981e-02 -1.93626506e+01
2.04285386e-11 -7.37386490e+02 7.09137456e+01 2.49806535e-01 4.57056966e-02 -1.93189885e+01
2.16385916e-11 -7.37317342e+02 6.80967072e+01 2.81601098e-01 4.91845956e-02 -1.93904156e+01
2.26837147e-11 -7.37284570e+02 7.11184453e+01 2.05193104e-01 4.38753005e-02 -1.93457478e+01
2.31064545e-11 -7.37273519e+02 6.73312456e+01 2.25746269e-01 4.95197896e-02 -1.94332099e+01
2.37947766e-11 -7.37219894e+02 6.89209179e+01 2.27906901e-01 4.72743547e-02 -1.94265855e+01
2.44488040e-11 -7.37211930e+02 7.13028848e+01 2.92838848e-01 4.49950597e-02 -1.92942095e+01
2.47098320e-11 -7.37192082e+02 6.77448033e+01 2.59963981e-01 5.04908167e-02 -1.94342798e+01
2.49459819e-11 -7.37186162e+02 6.64133823e+01 2.42243661e-01 5.10624839e-02 -1.94965178e+01
2.56843578e-11 -7.37127926e+02 7.06873811e+01 2.30135599e-01 4.49195808e-02 -1.93690487e+01
2.66134552e-11 -7.37107692e+02 6.63797749e+01 3.27739172e-01 5.10548694e-02 -1.94580472e+01
2.68773877e-11 -7.37101441e+02 7.09840347e+01 2.96437826e-01 4.48557539e-02 -1.93374958e+01
2.80500676e-11 -7.37017381e+02 6.76514818e+01 2.38525759e-01 4.86596244e-02 -1.94637646e+01
2.94317241e-11 -7.36996960e+02 6.85004137e+01 2.57746142e-01 4.62398698e-02 -1.93864982e+01
2.98021846e-11 -7.36985636e+02 7.28346609e+01 2.74031008e-01 4.27968490e-02 -1.92781802e+01
3.06213576e-11 -7.36936640e+02 7.19462060e+01 2.52386341e-01 4.28784158e-02 -1.93203433e+01
3.17834626e-11 -7.36904147e+02 7.02846851e+01 2.55747570e-01 4.55343278e-02 -1.93764748e+01
3.22458795e-11 -7.36900835e+02 6.75105172e+01 2.10907024e-01 4.86213246e-02 -1.94362165e+01
3.30538835e-11 -7.36848672e+02 6.79961318e+01 2.75713202e-01 5.01436057e-02 -1.94119994e+01
3.39875293e-11 -7.36837820e+02 6.73225363e+01 3.20064951e-01 4.86671065e-02 -1.94067809e+01
3.40833585e-11 -7.36836356e+02 6.92991994e+01 3.51915029e-01 4.61746601e-02 -1.93558871e+01
3.84115523e-11 -7.36605374e+02 6.92278041e+01 3.14060656e-01 4.54588395e-02 -1.93819186e+01
4.44438091e-11 -7.36526223e+02 7.04128674e+01 2.56944664e-01 4.59071420e-02 -1.93691938e+01
4.66729148e-11 -7.36499455e+02 6.62703557e+01 2.73985020e-01 4.97269579e-02 -1.94549280e+01
4.83806754e-11 -7.36448173e+02 6.55920202e+01 2.36369022e-01 5.12298421e-02 -1.94936633e+01
5.01898702e-11 -7.36418930e+02 7.06842798e+01 3.17323576e-01 4.36832898e-02 -1.93121944e+01
5.43030170e-11 -7.36288050e+02 6.75119606e+01 3.13385354e-01 5.03710213e-02 -1.94183148e+01
5.91481070e-11 -7.36237699e+02 6.83116939e+01 2.31839651e-01 4.68324892e-02 -1.94012622e+01
6.16244342e-11 -7.36199105e+02 6.66046270e+01 3.26613434e-01 5.09746050e-02 -1.94480264e+01
6.28738079e-11 -7.36190547e+02 6.79887503e+01 1.97635349e-01 4.86978910e-02 -1.94337912e+01
6.37973991e-11 -7.36163449e+02 7.27031425e+01 2.52827217e-01 4.19674578e-02 -1.92725363e+01
6.95652166e-11 -7.36016032e+02 6.97812011e+01 2.08944233e-01 4.47752233e-02 -1.93796557e+01
7.59713101e-11 -7.35975592e+02 7.11073444e+01 2.62309372e-01 4.27111787e-02 -1.93278629e+01
7.72564449e-11 -7.35975418e+02 6.86358080e+01 2.51363060e-01 4.90996164e-02 -1.93927780e+01
7.75712217e-11 -7.35960857e+02 6.67300414e+01 2.78059140e-01 4.96328588e-02 -1.94348399e+01
7.83681898e-11 -7.35948306e+02 6.83357245e+01 3.36895619e-01 4.72672347e-02 -1.93739435e+01
8.11235337e-11 -7.35886022e+02 6.63973560e+01 3.07544495e-01 4.94108598e-02 -1.94690021e+01
8.39664730e-11 -7.35871842e+02 6.68579074e+01 3.05729442e-01 5.11326779e-02 -1.94491579e+01
8.44324703e-11 -7.35868250e+02 6.73570393e+01 3.26197564e-01 4.99220412e-02 -1.94312672e+01
8.52862140e-11 -7.35845194e+02 6.83790118e+01 3.40845483e-01 4.69792296e-02 -1.93755925e+01
8.93434986e-11 -7.35769927e+02 6.94787832e+01 3.36404226e-01 4.53910771e-02 -1.93593029e+01
9.25624239e-11 -7.35766337e+02 7.17513747e+01 2.89875183e-01 4.23862006e-02 -1.92913478e+01
9.24942609e-11 -7.35764742e+02 6.96508805e+01 3.38472265e-01 4.67669810e-02 -1.93522948e+01
9.40539731e-11 -7.35726600e+02 6.75813262e+01 2.65837217e-01 5.06672877e-02 -1.94337483e+01
9.56260288e-11 -7.35724571e+02 6.75218424e+01 2.44795080e-01 4.96477263e-02 -1.94203490e+01
9.72836493e-11 -7.35685944e+02 7.20046874e+01 3.11535078e-01 4.38612685e-02 -1.92801066e+01
9.91391201e-11 -7.35679766e+02 7.09692132e+01 2.63946004e-01 4.43455312e-02 -1.93509119e+01
9.93669311e-11 -7.35674695e+02 6.73811773e+01 2.87631552e-01 5.05389043e-02 -1.94438326e+01
1.00018592e-10 -7.35660083e+02 7.24318283e+01 2.84723845e-01 4.36110171e-02 -1.92760361e+01
1.01151255e-10 -7.35645517e+02 7.18306145e+01 3.02660498e-01 4.39178587e-02 -1.92782896e+01
1.03810207e-10 -7.35601955e+02 7.01550470e+01 2.07607301e-01 4.50234079e-02 -1.93605629e+01
1.06736364e-10 -7.35582883e+02 7.11360339e+01 3.17548196e-01 4.42716333e-02 -1.92925888e+01
1.08252288e-10 -7.35567065e+02 6.64502131e+01 2.13477930e-01 5.10598315e-02 -1.94953128e+01
1.12507940e-10 -7.35500165e+02 7.00341563e+01 3.07498170e-01 4.40325096e-02 -1.93413954e+01
1.19414945e-10 -7.35441005e+02 6.88282429e+01 2.66284947e-01 4.64323017e-02 -1.93697730e+01
1.22689746e-10 -7.35438527e+02 7.04860462e+01 2.65325674e-01 4.35134094e-02 -1.93549588e+01
1.24813281e-10 -7.35400391e+02 6.76839587e+01 2.15896937e-01 4.71414740e-02 -1.94462573e+01
1.29774180e-10 -7.35354090e+02 6.82828593e+01 2.42879583e-01 4.60990752e-02 -1.94299871e+01
1.37340483e-10 -7.35281193e+02 6.70463286e+01 2.61734092e-01 4.76199725e-02 -1.94483892e+01
1.43790424e-10 -7.35254497e+02 6.71938876e+01 2.86688593e-01 4.81456470e-02 -1.94564295e+01
1.47053939e-10 -7.35229629e+02 6.84502644e+01 3.28860829e-01 4.65546964e-02 -1.93962114e+01
1.53119888e-10 -7.35167799e+02 6.61166312e+01 2.79170317e-01 5.02176941e-02 -1.94924744e+01
1.58805524e-10 -7.35149186e+02 6.61766308e+01 3.01494697e-01 5.16440311e-02 -1.94756331e+01
1.66089474e-10 -7.35072822e+02 6.70622191e+01 2.45849121e-01 4.97287765e-02 -1.94777314e+01
1.74482609e-10 -7.35042703e+02 6.76114132e+01 2.96915468e-01 4.97672010e-02 -1.94047373e+01
1.77195854e-10 -7.35035093e+02 6.83284153e+01 2.50847280e-01 4.79089793e-02 -1.93896374e+01
1.85239097e-10 -7.34949098e+02 7.05786467e+01 3.31655973e-01 4.46389040e-02 -1.93292894e+01
1.95996810e-10 -7.34913995e+02 6.73348840e+01 2.56131997e-01 4.80291277e-02 -1.94248025e+01
2.04648156e-10 -7.34856571e+02 6.57972093e+01 2.19583043e-01 5.17874374e-02 -1.95105638e+01
2.13658379e-10 -7.34820665e+02 6.82280697e+01 1.97631607e-01 4.79024896e-02 -1.94445986e+01
2.24481679e-10 -7.34751942e+02 7.04391727e+01 3.16169747e-01 4.39800853e-02 -1.93368870e+01
2.33721397e-10 -7.34732254e+02 7.11650564e+01 2.27053097e-01 4.51849835e-02 -1.93261117e+01
2.36331096e-10 -7.34723003e+02 6.68988300e+01 3.25140651e-01 4.94044019e-02 -1.94237818e+01
2.38016747e-10 -7.34711397e+02 7.14584320e+01 2.65249775e-01 4.27593611e-02 -1.93258172e+01
2.38778829e-10 -7.34709921e+02 6.84308068e+01 2.88431249e-01 4.94297469e-02 -1.93998585e+01
2.44474087e-10 -7.34658264e+02 6.83366181e+01 2.67433074e-01 4.59351618e-02 -1.93991745e+01
2.51583619e-10 -7.34645308e+02 6.65500883e+01 2.94459573e-01 5.15446337e-02 -1.94502233e+01
2.60050138e-10 -7.34586241e+02 6.71977960e+01 2.16808619e-01 5.06338839e-02 -1.94606201e+01
2.67756635e-10 -7.34579384e+02 6.90463931e+01 2.58894491e-01 4.72869852e-02 -1.93650507e+01
2.75057612e-10 -7.34526469e+02 6.95197032e+01 3.41362129e-01 4.61712960e-02 -1.93392062e+01
2.81742612e-10 -7.34524003e+02 6.65482892e+01 3.16146105e-01 4.94025874e-02 -1.94403795e+01
2.91407141e-10 -7.34453596e+02 7.19174748e+01 2.21265474e-01 4.35825328e-02 -1.93187836e+01
3.02534562e-10 -7.34441199e+02 7.15264756e+01 3.17655429e-01 4.34400721e-02 -1.92864655e+01
3.16057691e-10 -7.34361049e+02 6.67302460e+01 2.48987182e-01 5.03202172e-02 -1.94455331e+01
3.34025836e-10 -7.34322718e+02 6.78348092e+01 3.41378982e-01 4.79003075e-02 -1.93950119e+01
3.40135951e-10 -7.34317778e+02 6.97053267e+01 2.45628817e-01 4.54061833e-02 -1.93513151e+01
3.39861440e-10 -7.34317671e+02 7.03290137e+01 2.19504026e-01 4.60585601e-02 -1.93501576e+01
3.40886161e-10 -7.34305141e+02 6.72692781e+01 3.32703752e-01 4.98717831e-02 -1.94273348e+01
3.50918201e-10 -7.34253630e+02 7.04698038e+01 2.80667021e-01 4.57789966e-02 -1.93186245e+01
3.64879944e-10 -7.34220073e+02 6.70296976e+01 3.20717350e-01 4.83015278e-02 -1.94343336e+01
3.77768000e-10 -7.34177718e+02 6.55299540e+01 2.36151488e-01 5.11163495e-02 -1.95008599e+01
3.85361417e-10 -7.34173171e+02 6.59199776e+01 2.81451135e-01 5.00332175e-02 -1.94913439e+01
3.99846958e-10 -7.34098645e+02 6.84956802e+01 3.12102287e-01 4.80212721e-02 -1.94079691e+01
4.21012271e-10 -7.34062298e+02 6.67800333e+01 2.79489619e-01 4.96567204e-02 -1.94338064e+01
4.34409908e-10 -7.34029278e+02 7.09859678e+01 3.06303290e-01 4.41613915e-02 -1.92985783e+01
4.45720130e-10 -7.34004122e+02 6.89032152e+01 2.40362861e-01 4.52219460e-02 -1.94046325e+01
4.58700355e-10 -7.33965427e+02 7.04678568e+01 2.39815991e-01 4.52443108e-02 -1.93726030e+01
4.81839145e-10 -7.33899745e+02 7.03781491e+01 2.27735640e-01 4.42774332e-02 -1.93446205e+01
5.19575802e-10 -7.33808949e+02 6.83366717e+01 3.32015752e-01 4.70121747e-02 -1.93777435e+01
5.48642140e-10 -7.33782338e+02 6.66049983e+01 2.97680374e-01 5.14072287e-02 -1.94587350e+01
5.59887931e-10 -7.33761643e+02 7.07531384e+01 3.09724056e-01 4.34792339e-02 -1.93209673e+01
5.83727321e-10 -7.33693347e+02 7.10813279e+01 2.65220079e-01 4.32962858e-02 -1.93401627e+01
6.16458048e-10 -7.33645286e+02 6.60834248e+01 3.02190715e-01 5.16770858e-02 -1.94622085e+01
6.58027800e-10 -7.33557525e+02 6.95687512e+01 2.59941479e-01 4.43363492e-02 -1.93719891e+01
7.03706488e-10 -7.33503214e+02 7.12509063e+01 2.50535689e-01 4.27575627e-02 -1.93246597e+01
7.24598366e-10 -7.33491653e+02 6.89928240e+01 3.23667786e-01 4.75867083e-02 -1.93836051e+01
7.28514180e-10 -7.33485755e+02 6.96083435e+01 2.84979044e-01 4.78045891e-02 -1.93648907e+01
7.34805184e-10 -7.33467872e+02 7.09875382e+01 2.30250197e-01 4.51434295e-02 -1.93257382e+01
7.59128696e-10 -7.33414597e+02 7.11785464e+01 3.00977001e-01 4.42036091e-02 -1.92943201e+01
7.78313416e-10 -7.33410595e+02 6.50911577e+01 2.73425014e-01 5.21695423e-02 -1.95113158e+01
7.97679630e-10 -7.33359436e+02 6.52565961e+01 2.46813838e-01 5.17162421e-02 -1.95196173e+01
8.15548050e-10 -7.33358979e+02 7.12258368e+01 3.22890159e-01 4.46568520e-02 -1.92989849e+01
8.46810647e-10 -7.33279140e+02 7.08128110e+01 2.14502354e-01 4.54552152e-02 -1.93504593e+01
8.82180570e-10 -7.33268917e+02 6.74579909e+01 2.54261806e-01 4.75809445e-02 -1.94566411e+01
9.05327385e-10 -7.33221227e+02 6.79005515e+01 2.94641576e-01 4.86776324e-02 -1.93925776e+01
9.28250526e-10 -7.33211705e+02 6.91625465e+01 2.17867892e-01 4.52997495e-02 -1.93993011e+01
9.45925893e-10 -7.33177123e+02 6.87270541e+01 2.40117389e-01 4.69709666e-02 -1.94281947e+01
9.72618573e-10 -7.33149289e+02 7.19523036e+01 2.39876134e-01 4.36759127e-02 -1.92958238e+01
9.86628078e-10 -7.33141686e+02 6.78285765e+01 2.51303993e-01 4.74023424e-02 -1.94496422e+01
1.01487333e-09 -7.33086917e+02 7.18779792e+01 2.38483514e-01 4.37569106e-02 -1.92982394e+01
1.04373422e-09 -7.33078217e+02 6.68831016e+01 3.12834828e-01 4.86177949e-02 -1.94479017e+01
1.11910679e-09 -7.32945210e+02 6.89567567e+01 2.68622000e-01 4.86636850e-02 -1.93811167e+01
1.22393832e-09 -7.32888850e+02 6.61959855e+01 2.60808992e-01 5.17556585e-02 -1.94895630e+01
1.29409745e-09 -7.32827230e+02 7.03597215e+01 3.34138307e-01 4.48274669e-02 -1.93194201e+01
1.49556960e-09 -7.32604261e+02 6.59215257e+01 2.26878446e-01 5.12712765e-02 -1.95084709e+01
1.66017549e-09 -7.32599345e+02 6.91164707e+01 2.01899402e-01 4.73195288e-02 -1.94007058e+01
1.66446969e-09 -7.32592445e+02 6.83259916e+01 3.10059358e-01 4.68725935e-02 -1.93798828e+01
1.67107175e-09 -7.32584775e+02 6.81099664e+01 3.14374101e-01 4.73772501e-02 -1.94170293e+01
1.67311135e-09 -7.32583336e+02 6.57321791e+01 2.40879620e-01 5.20988975e-02 -1.95072944e+01
1.66983726e-09 -7.32582037e+02 6.97332591e+01 2.78240400e-01 4.47388628e-02 -1.93458170e+01
1.67006883e-09 -7.32576410e+02 7.17524369e+01 2.75632748e-01 4.27279273e-02 -1.93128655e+01
1.84281638e-09 -7.32387428e+02 6.79279418e+01 2.92185619e-01 4.81479121e-02 -1.93922883e+01
2.18437176e-09 -7.32227186e+02 6.88121287e+01 2.62391048e-01 4.61034700e-02 -1.93759425e+01
2.35602475e-09 -7.32223069e+02 7.09782993e+01 2.60661066e-01 4.32241204e-02 -1.93405052e+01
2.38519557e-09 -7.32196097e+02 6.95331526e+01 2.33306099e-01 4.47011946e-02 -1.93774171e+01
2.41662969e-09 -7.32190056e+02 6.71715302e+01 2.30058819e-01 4.88074358e-02 -1.94407603e+01
2.44881570e-09 -7.32163152e+02 6.61068814e+01 2.26648743e-01 5.00239754e-02 -1.94995581e+01
2.48949173e-09 -7.32150312e+02 7.01999571e+01 2.29027736e-01 4.66701029e-02 -1.93576847e+01
2.57621840e-09 -7.32088910e+02 6.62457916e+01 2.61371066e-01 5.06805827e-02 -1.94939950e+01
2.68586564e-09 -7.32059568e+02 6.56220945e+01 2.48613359e-01 5.05853188e-02 -1.95036050e+01
2.81258312e-09 -7.31991013e+02 6.69508632e+01 2.66710965e-01 4.86122487e-02 -1.94695226e+01
2.92753287e-09 -7.31971718e+02 6.89353311e+01 2.25181173e-01 4.83640646e-02 -1.94101107e+01
3.01553466e-09 -7.31925563e+02 6.75625818e+01 3.07246180e-01 4.77200449e-02 -1.94082170e+01
3.09245796e-09 -7.31914184e+02 7.07315120e+01 3.27096384e-01 4.51877880e-02 -1.93192886e+01
3.10117483e-09 -7.31913245e+02 6.72218585e+01 2.79899968e-01 5.01972274e-02 -1.94231372e+01
3.13338598e-09 -7.31887033e+02 6.67282311e+01 2.12402907e-01 4.96193145e-02 -1.94867783e+01
3.16887380e-09 -7.31883896e+02 6.99803681e+01 2.15510358e-01 4.46052482e-02 -1.93740035e+01
3.20221099e-09 -7.31859593e+02 7.01505335e+01 2.65175941e-01 4.40588518e-02 -1.93415980e+01
3.24504355e-09 -7.31850539e+02 6.62991377e+01 2.70414522e-01 4.91057750e-02 -1.94752105e+01
3.45559204e-09 -7.31730770e+02 6.82096684e+01 2.84995786e-01 4.96000794e-02 -1.94070234e+01
3.72294416e-09 -7.31691640e+02 6.69269408e+01 2.05224985e-01 4.93131417e-02 -1.94746185e+01
3.81246271e-09 -7.31676270e+02 6.77955064e+01 2.24189356e-01 4.82029871e-02 -1.94221671e+01
3.83380960e-09 -7.31673760e+02 7.05115195e+01 2.89246776e-01 4.59071698e-02 -1.93488579e+01
3.82709384e-09 -7.31673119e+02 7.06928393e+01 2.41958954e-01 4.47317602e-02 -1.93256229e+01
3.85072884e-09 -7.31654874e+02 7.10461498e+01 2.27368116e-01 4.53544925e-02 -1.93372237e+01
4.05826529e-09 -7.31563482e+02 7.01889213e+01 2.45314386e-01 4.45069611e-02 -1.93419155e+01
4.28485405e-09 -7.31537636e+02 6.91286462e+01 2.93433669e-01 4.64711846e-02 -1.93545754e+01
4.41059660e-09 -7.31499182e+02 6.95241504e+01 3.27545296e-01 4.68677713e-02 -1.93611429e+01
4.48310336e-09 -7.31498000e+02 7.06339889e+01 3.14555055e-01 4.53804657e-02 -1.93114618e+01
4.47707279e-09 -7.31495220e+02 6.87077573e+01 3.03464572e-01 4.59888251e-02 -1.93741434e+01
4.50616827e-09 -7.31478458e+02 6.67064126e+01 2.21428921e-01 5.04242493e-02 -1.94872434e+01
4.53029930e-09 -7.31477813e+02 7.05596915e+01 2.58042543e-01 4.43825656e-02 -1.93241632e+01
4.59282565e-09 -7.31444662e+02 6.92655977e+01 2.98328571e-01 4.55454744e-02 -1.93861726e+01
4.71288764e-09 -7.31419431e+02 7.10809760e+01 3.24080139e-01 4.41454017e-02 -1.93020894e+01
4.83168132e-09 -7.31388302e+02 6.82352844e+01 2.60194383e-01 4.61309149e-02 -1.94083820e+01
4.89731680e-09 -7.31385549e+02 6.70760605e+01 2.08271166e-01 4.87760316e-02 -1.94699133e+01
4.88884909e-09 -7.31385106e+02 6.81457934e+01 2.34451230e-01 4.67376434e-02 -1.94391208e+01
5.03083658e-09 -7.31322611e+02 6.79141555e+01 2.14383870e-01 4.82520913e-02 -1.94545219e+01
5.19126037e-09 -7.31314709e+02 6.92577364e+01 2.99484632e-01 4.53647578e-02 -1.93833722e+01
5.21410667e-09 -7.31307171e+02 7.21446593e+01 2.44194193e-01 4.27230292e-02 -1.93076908e+01
5.23227364e-09 -7.31301092e+02 6.60861450e+01 2.54843726e-01 5.03886637e-02 -1.94705696e+01
5.32558497e-09 -7.31265470e+02 6.73495628e+01 3.22661575e-01 4.95906639e-02 -1.94125223e+01
5.41048233e-09 -7.31262490e+02 7.03120391e+01 3.33999839e-01 4.54660786e-02 -1.93276987e+01
5.43433916e-09 -7.31250052e+02 6.71987045e+01 2.94136246e-01 5.04347248e-02 -1.94249096e+01
5.61328645e-09 -7.31191846e+02 6.84576600e+01 3.24069030e-01 4.71000882e-02 -1.94000946e+01
5.79251712e-09 -7.31179725e+02 7.11633772e+01 2.71281433e-01 4.53779090e-02 -1.93124181e+01
5.95573320e-09 -7.31130192e+02 6.92351184e+01 2.80732346e-01 4.78651562e-02 -1.93620089e+01
6.11954492e-09 -7.31118225e+02 6.94588147e+01 2.53006215e-01 4.48203957e-02 -1.93901856e+01
6.20120465e-09 -7.31097101e+02 6.93865404e+01 2.89108132e-01 4.60615662e-02 -1.93481491e+01
6.37780385e-09 -7.31055725e+02 7.13848236e+01 2.26322943e-01 4.42269636e-02 -1.93193728e+01
6.56070760e-09 -7.31033590e+02 6.97664214e+01 3.14747899e-01 4.49717243e-02 -1.93599014e+01
6.74849522e-09 -7.30992919e+02 6.83770092e+01 3.32219407e-01 4.68581273e-02 -1.93843298e+01
6.87050757e-09 -7.30990686e+02 6.68512873e+01 2.24795216e-01 5.06437449e-02 -1.94790621e+01
6.87834503e-09 -7.30983993e+02 7.05411189e+01 2.56087362e-01 4.42656089e-02 -1.93624255e+01
6.89475367e-09 -7.30979259e+02 6.74106299e+01 2.35915149e-01 4.84969146e-02 -1.94301953e+01
6.97839240e-09 -7.30953384e+02 6.80386966e+01 3.14363182e-01 4.93676872e-02 -1.94052561e+01
7.06449546e-09 -7.30947917e+02 6.60632990e+01 3.08456685e-01 5.05029132e-02 -1.94724243e+01
7.28197955e-09 -7.30887006e+02 6.88723112e+01 3.04023354e-01 4.84147055e-02 -1.93738611e+01
7.67754950e-09 -7.30835210e+02 6.57748241e+01 2.45529711e-01 5.11882708e-02 -1.95081636e+01
7.89022508e-09 -7.30825057e+02 6.73811304e+01 2.80310489e-01 5.05467455e-02 -1.94286526e+01
8.15849807e-09 -7.30762632e+02 6.84325699e+01 3.28487861e-01 4.84014599e-02 -1.93917218e+01
8.84010305e-09 -7.30659603e+02 7.22467298e+01 2.72893672e-01 4.32688098e-02 -1.92790046e+01
9.47886128e-09 -7.30614305e+02 7.01290005e+01 3.18885242e-01 4.63562908e-02 -1.93408356e+01
9.84967909e-09 -7.30576051e+02 7.07647706e+01 2.14843975e-01 4.48908610e-02 -1.93583858e+01
1.01174609e-08 -7.30553760e+02 7.00445911e+01 2.42058790e-01 4.70398189e-02 -1.93625322e+01
1.02143687e-08 -7.30550209e+02 7.16440827e+01 2.80219767e-01 4.36323862e-02 -1.93174082e+01
1.02567094e-08 -7.30538860e+02 6.74326788e+01 3.09735829e-01 4.91065204e-02 -1.94082439e+01
1.03350561e-08 -7.30528329e+02 6.88112474e+01 3.24423848e-01 4.78587290e-02 -1.93663728e+01
1.09201703e-08 -7.30424720e+02 6.97766295e+01 3.31290146e-01 4.62893140e-02 -1.93373590e+01
1.15069415e-08 -7.30414341e+02 6.60733180e+01 2.69149603e-01 5.19844944e-02 -1.94805527e+01
1.15966402e-08 -7.30402542e+02 6.96877200e+01 2.13015746e-01 4.69099059e-02 -1.93885158e+01
1.18666266e-08 -7.30362031e+02 6.85541454e+01 2.32526958e-01 4.82255786e-02 -1.93959707e+01
1.23371757e-08 -7.30318182e+02 6.62429062e+01 3.14313969e-01 5.08166147e-02 -1.94605050e+01
1.27421038e-08 -7.30290497e+02 6.74312356e+01 2.81836741e-01 4.74491318e-02 -1.94408560e+01
1.28924694e-08 -7.30287874e+02 6.75644995e+01 2.53066152e-01 5.03286766e-02 -1.94309647e+01
1.29725408e-08 -7.30271524e+02 6.71591963e+01 2.27524924e-01 4.97588756e-02 -1.94739874e+01
1.35195299e-08 -7.30199835e+02 6.86500832e+01 3.11573975e-01 4.73549151e-02 -1.94018118e+01
1.40924662e-08 -7.30180666e+02 6.92282773e+01 2.06628229e-01 4.68045625e-02 -1.94100129e+01
1.43615506e-08 -7.30155419e+02 6.98712757e+01 2.04956382e-01 4.60066959e-02 -1.93803776e+01
1.46466327e-08 -7.30134647e+02 6.56354756e+01 2.50204763e-01 5.21585829e-02 -1.95005966e+01
1.50284977e-08 -7.30097524e+02 7.14256262e+01 2.46405383e-01 4.49224446e-02 -1.93236894e+01
1.53459300e-08 -7.30085876e+02 6.93425823e+01 3.30038274e-01 4.58469322e-02 -1.93644731e+01
1.54261571e-08 -7.30080413e+02 6.75619795e+01 2.60045763e-01 4.73211840e-02 -1.94251549e+01
1.77377328e-08 -7.29817222e+02 6.89631496e+01 2.88349172e-01 4.53006513e-02 -1.93821120e+01
2.08426966e-08 -7.29735539e+02 7.11089490e+01 2.59347966e-01 4.37212680e-02 -1.93415913e+01
2.23299741e-08 -7.29672054e+02 6.57791010e+01 2.88133316e-01 5.15767544e-02 -1.94891760e+01
2.37385230e-08 -7.29606608e+02 7.03620559e+01 2.83107407e-01 4.48008160e-02 -1.93226970e+01
2.45845943e-08 -7.29594323e+02 6.74455028e+01 2.58461734e-01 4.97234667e-02 -1.94568211e+01
2.48752935e-08 -7.29576484e+02 7.16469404e+01 2.91936339e-01 4.43817093e-02 -1.93027952e+01
2.51132116e-08 -7.29568566e+02 6.93243146e+01 3.04775236e-01 4.77677130e-02 -1.93682975e+01
2.53173869e-08 -7.29553674e+02 7.24758670e+01 2.63480278e-01 4.25989811e-02 -1.92865919e+01
2.55026660e-08 -7.29547282e+02 6.74996465e+01 2.53913395e-01 4.79352107e-02 -1.94230629e+01
2.58982392e-08 -7.29516461e+02 6.62532915e+01 2.84735252e-01 5.06969539e-02 -1.94564600e+01
2.67816445e-08 -7.29473761e+02 6.73506326e+01 2.65683603e-01 4.84190913e-02 -1.94589004e+01
2.76570399e-08 -7.29445226e+02 7.21795890e+01 2.62764672e-01 4.34995549e-02 -1.92985876e+01
2.81648701e-08 -7.29430565e+02 7.12386232e+01 2.57702643e-01 4.41536284e-02 -1.93388438e+01
2.88433417e-08 -7.29391295e+02 6.89617867e+01 2.57366313e-01 4.69907671e-02 -1.93706955e+01
2.93218354e-08 -7.29390618e+02 6.66147146e+01 2.49211744e-01 4.90904438e-02 -1.94807892e+01
3.01402154e-08 -7.29330487e+02 6.92458262e+01 2.36068723e-01 4.79236433e-02 -1.93826060e+01
3.09969824e-08 -7.29327003e+02 6.86835923e+01 2.73046690e-01 4.55956453e-02 -1.93988306e+01
3.12980812e-08 -7.29304620e+02 7.17027260e+01 2.95598590e-01 4.29789659e-02 -1.92929309e+01
3.18324924e-08 -7.29286443e+02 6.82654413e+01 3.36184241e-01 4.75273821e-02 -1.93879762e+01
3.32453626e-08 -7.29212397e+02 6.72937140e+01 2.16395256e-01 4.83301089e-02 -1.94645936e+01
3.45712678e-08 -7.29200239e+02 6.70858628e+01 2.71897736e-01 4.90604314e-02 -1.94650066e+01
3.54053124e-08 -7.29158463e+02 6.99841684e+01 2.82031260e-01 4.44368623e-02 -1.93414601e+01
3.62583863e-08 -7.29145571e+02 7.16238985e+01 2.65040590e-01 4.31948031e-02 -1.93208644e+01
3.69451094e-08 -7.29114482e+02 6.68079746e+01 2.14048405e-01 5.01363694e-02 -1.94799957e+01
3.84201693e-08 -7.29061087e+02 7.05047163e+01 2.59026906e-01 4.36286511e-02 -1.93487668e+01
4.06422942e-08 -7.28995728e+02 6.58566427e+01 2.49893989e-01 5.18966217e-02 -1.94900021e+01
4.18312401e-08 -7.28995696e+02 6.83049746e+01 2.85840950e-01 4.77740056e-02 -1.94239305e+01
4.18582629e-08 -7.28987797e+02 6.67834113e+01 2.28471316e-01 5.06707872e-02 -1.94620703e+01
4.19663470e-08 -7.28983871e+02 7.11343333e+01 2.71683915e-01 4.40234321e-02 -1.93052721e+01
4.20846332e-08 -7.28975525e+02 7.11510144e+01 2.79871319e-01 4.50453291e-02 -1.93072134e+01
4.22291752e-08 -7.28970347e+02 7.04238663e+01 2.25749949e-01 4.44694501e-02 -1.93687427e+01
4.34317689e-08 -7.28913511e+02 6.87890075e+01 2.64162740e-01 4.82346054e-02 -1.93792089e+01
4.46550689e-08 -7.28907340e+02 7.11610245e+01 2.33296029e-01 4.34191587e-02 -1.93373825e+01
4.49834666e-08 -7.28892248e+02 7.20096234e+01 2.58478881e-01 4.37883128e-02 -1.93048883e+01
4.55399495e-08 -7.28876103e+02 6.94417872e+01 3.33766705e-01 4.64367029e-02 -1.93492609e+01
4.65456959e-08 -7.28842127e+02 6.60133903e+01 2.52250290e-01 5.14931893e-02 -1.94965616e+01
4.72815992e-08 -7.28837790e+02 6.61654696e+01 2.31240107e-01 5.14168434e-02 -1.94879511e+01
4.79780651e-08 -7.28806467e+02 6.99429503e+01 2.26381401e-01 4.68301176e-02 -1.93752898e+01
4.89127946e-08 -7.28792349e+02 6.69267227e+01 2.56127684e-01 5.10257859e-02 -1.94527721e+01
5.00259288e-08 -7.28755103e+02 7.05050308e+01 3.26688451e-01 4.49304929e-02 -1.93234437e+01
5.13804762e-08 -7.28732046e+02 6.84576616e+01 2.62482063e-01 4.64541842e-02 -1.94227876e+01
5.20331187e-08 -7.28723090e+02 6.68712193e+01 2.64392368e-01 5.07698345e-02 -1.94671967e+01
5.27574855e-08 -7.28697879e+02 6.86001690e+01 3.03508912e-01 4.62858023e-02 -1.94000972e+01
5.34807336e-08 -7.28689064e+02 6.60922234e+01 2.93685850e-01 5.07642585e-02 -1.94800504e+01
5.39334800e-08 -7.28674398e+02 6.93755752e+01 2.28447386e-01 4.77070810e-02 -1.93892228e+01
5.49561043e-08 -7.28645004e+02 6.66793971e+01 2.61764990e-01 5.12934404e-02 -1.94655179e+01
5.68791306e-08 -7.28599262e+02 7.11298578e+01 2.73519833e-01 4.41343513e-02 -1.93049816e+01
5.89687902e-08 -7.28565943e+02 6.95666765e+01 2.37221756e-01 4.47784867e-02 -1.93848932e+01
6.05940156e-08 -7.28538146e+02 7.17581312e+01 2.53214499e-01 4.43071945e-02 -1.93064531e+01
6.16303791e-08 -7.28525218e+02 6.80152157e+01 2.31652800e-01 4.94161673e-02 -1.94379681e+01
6.24359939e-08 -7.28505571e+02 6.64907864e+01 2.19527928e-01 5.03790891e-02 -1.94776289e+01
6.32627419e-08 -7.28492202e+02 6.70403875e+01 2.11739034e-01 4.99391898e-02 -1.94678716e+01
6.41801771e-08 -7.28470196e+02 6.97175064e+01 3.07245957e-01 4.69640088e-02 -1.93605146e+01
6.55791948e-08 -7.28442489e+02 6.89961604e+01 2.20142152e-01 4.78734818e-02 -1.93957890e+01
6.82296045e-08 -7.28384937e+02 6.65435784e+01 2.51791175e-01 4.90716103e-02 -1.94636550e+01
7.56609855e-08 -7.28233932e+02 6.76778132e+01 2.99290566e-01 4.74020377e-02 -1.94271657e+01
8.12909421e-08 -7.28229048e+02 7.18638670e+01 2.38029918e-01 4.33451393e-02 -1.93149832e+01
8.17270140e-08 -7.28216609e+02 6.89650287e+01 2.23657091e-01 4.81473100e-02 -1.94040308e+01
8.53448540e-08 -7.28137295e+02 7.07556854e+01 2.17345921e-01 4.45473003e-02 -1.93469358e+01
8.86127611e-08 -7.28133234e+02 6.63296057e+01 2.58354642e-01 5.01030461e-02 -1.94625163e+01
8.95033511e-08 -7.28110761e+02 6.82072101e+01 2.60720066e-01 4.63263494e-02 -1.94210205e+01
9.07679427e-08 -7.28098430e+02 6.84978098e+01 2.66478211e-01 4.83368197e-02 -1.93857576e+01
9.18526008e-08 -7.28080391e+02 7.12556668e+01 2.76245829e-01 4.47086745e-02 -1.93041382e+01
9.49799476e-08 -7.28025486e+02 6.94722733e+01 2.34969016e-01 4.65467666e-02 -1.94016306e+01
9.80860183e-08 -7.28008694e+02 6.91071692e+01 2.57855011e-01 4.82018787e-02 -1.93946851e+01
9.86934511e-08 -7.28006413e+02 6.72536559e+01 2.27894944e-01 5.01265593e-02 -1.94640475e+01
9.87382736e-08 -7.28001136e+02 6.67770657e+01 2.58637945e-01 4.85288460e-02 -1.94571567e+01
9.86893469e-08 -7.28000742e+02 6.56565669e+01 2.45965150e-01 5.14591702e-02 -1.95018388e+01
9.87016537e-08 -7.27994242e+02 7.09918048e+01 2.49521480e-01 4.33006712e-02 -1.93334893e+01
9.91843626e-08 -7.27984343e+02 6.80770095e+01 2.31639113e-01 4.92914962e-02 -1.94362848e+01
1.01545768e-07 -7.27940973e+02 7.20252093e+01 2.82780900e-01 4.36455086e-02 -1.92908779e+01
1.04853078e-07 -7.27913308e+02 7.00498195e+01 2.72128817e-01 4.64804205e-02 -1.93683616e+01
1.09024515e-07 -7.27856897e+02 6.90222876e+01 3.28860486e-01 4.69408046e-02 -1.93752943e+01
1.12834036e-07 -7.27837262e+02 7.01965178e+01 3.00727856e-01 4.48617569e-02 -1.93544684e+01
1.15438895e-07 -7.27804762e+02 6.71233794e+01 2.33053281e-01 4.86552367e-02 -1.94706917e+01
1.17297697e-07 -7.27798405e+02 6.92636814e+01 3.01865088e-01 4.74192359e-02 -1.93563699e+01
1.17664105e-07 -7.27791869e+02 7.18097153e+01 2.67399696e-01 4.41833396e-02 -1.93046653e+01
1.19599850e-07 -7.27759368e+02 6.89748530e+01 2.77164179e-01 4.55504607e-02 -1.93754450e+01
1.21842285e-07 -7.27747831e+02 6.91135977e+01 2.74415803e-01 4.56156815e-02 -1.93971421e+01
1.24597366e-07 -7.27708349e+02 7.09302104e+01 2.63143272e-01 4.35112631e-02 -1.93211958e+01
1.30999004e-07 -7.27641692e+02 6.94384810e+01 2.10609190e-01 4.66505020e-02 -1.93998070e+01
1.37837068e-07 -7.27599267e+02 7.17503728e+01 2.83333162e-01 4.35244041e-02 -1.92897874e+01
1.42231020e-07 -7.27572011e+02 6.68854036e+01 3.00577269e-01 4.95404283e-02 -1.94319250e+01
1.46791221e-07 -7.27529755e+02 6.61362405e+01 2.48999415e-01 5.00438620e-02 -1.94783403e+01
1.50358557e-07 -7.27516928e+02 6.85834614e+01 2.97827625e-01 4.87199878e-02 -1.93869630e+01
1.53897488e-07 -7.27476931e+02 7.18658500e+01 2.44212466e-01 4.37664444e-02 -1.93050207e+01
1.57186376e-07 -7.27467603e+02 7.14511807e+01 2.65908757e-01 4.32860516e-02 -1.93035270e+01
1.59343325e-07 -7.27443145e+02 6.95624030e+01 2.82117779e-01 4.63344338e-02 -1.93848134e+01
1.64119767e-07 -7.27402147e+02 6.78632025e+01 2.39494838e-01 4.69448274e-02 -1.94360303e+01
1.67525334e-07 -7.27395006e+02 6.82265924e+01 2.59116622e-01 4.76450951e-02 -1.94348412e+01
1.69540507e-07 -7.27371700e+02 6.90229697e+01 2.31061874e-01 4.77171236e-02 -1.94118255e+01
1.71479404e-07 -7.27365481e+02 7.04304391e+01 2.37969044e-01 4.61512715e-02 -1.93591379e+01
1.72261966e-07 -7.27355951e+02 7.14291183e+01 2.66050104e-01 4.48200056e-02 -1.93165474e+01
1.73164251e-07 -7.27348369e+02 7.13610913e+01 2.95410441e-01 4.39877211e-02 -1.93165109e+01
1.73822345e-07 -7.27341706e+02 6.63185413e+01 2.76221313e-01 4.98388418e-02 -1.94606704e+01
1.74357072e-07 -7.27335569e+02 6.79345649e+01 2.36447569e-01 4.91025341e-02 -1.94172166e+01
1.86249957e-07 -7.27207190e+02 6.69187875e+01 3.03059147e-01 4.87285409e-02 -1.94392987e+01
1.98902615e-07 -7.27193392e+02 6.75536507e+01 3.25273681e-01 4.88779615e-02 -1.94193409e+01
1.99652722e-07 -7.27192958e+02 6.83959090e+01 2.90770989e-01 4.69447026e-02 -1.93833257e+01
1.99755010e-07 -7.27185725e+02 7.04276170e+01 2.99074948e-01 4.52090010e-02 -1.93480164e+01
2.00543630e-07 -7.27178423e+02 6.90650504e+01 3.28404592e-01 4.64800746e-02 -1.93722619e+01
2.02573254e-07 -7.27159011e+02 7.03437784e+01 2.20616477e-01 4.58672825e-02 -1.93586080e+01
2.04336391e-07 -7.27154346e+02 6.85133969e+01 2.41657343e-01 4.70382765e-02 -1.93937712e+01
2.05667835e-07 -7.27139416e+02 6.89573069e+01 2.21291178e-01 4.70319335e-02 -1.94186390e+01
2.08152981e-07 -7.27123675e+02 6.78942464e+01 2.56230534e-01 4.70759077e-02 -1.94382369e+01
2.11575463e-07 -7.27100219e+02 6.69556386e+01 2.48985121e-01 4.83990147e-02 -1.94653367e+01
2.16686605e-07 -7.27069379e+02 6.98903280e+01 2.81294350e-01 4.71038122e-02 -1.93541769e+01
2.27727184e-07 -7.26995304e+02 6.65511709e+01 2.76090882e-01 4.91753552e-02 -1.94558607e+01
2.35769687e-07 -7.26991941e+02 7.09185961e+01 2.96968057e-01 4.52629541e-02 -1.93138217e+01
2.36062912e-07 -7.26986169e+02 6.98952616e+01 2.53110432e-01 4.68883276e-02 -1.93539849e+01
2.36084581e-07 -7.26985094e+02 7.02001932e+01 2.17061212e-01 4.59574758e-02 -1.93684252e+01
2.36450928e-07 -7.26976430e+02 7.12338953e+01 2.37830125e-01 4.47691782e-02 -1.93348069e+01
2.38649495e-07 -7.26959976e+02 6.78610931e+01 2.76421359e-01 4.71631489e-02 -1.94094139e+01
2.43241031e-07 -7.26931792e+02 6.60214070e+01 2.41097276e-01 5.03659608e-02 -1.94906041e+01
2.48357247e-07 -7.26911594e+02 6.99068905e+01 2.88356658e-01 4.50642139e-02 -1.93686677e+01
2.50663228e-07 -7.26906556e+02 6.91471507e+01 2.69226417e-01 4.74428293e-02 -1.93653607e+01
2.50656732e-07 -7.26904984e+02 6.90492813e+01 2.93468689e-01 4.77686138e-02 -1.93901904e+01
2.51031023e-07 -7.26896932e+02 6.89304901e+01 2.78931385e-01 4.59716557e-02 -1.93716867e+01
2.51867278e-07 -7.26891668e+02 7.15400210e+01 2.79603284e-01 4.41321695e-02 -1.92968235e+01
2.53737616e-07 -7.26875538e+02 6.77909044e+01 2.60159118e-01 4.70315193e-02 -1.94216116e+01
2.57270313e-07 -7.26857376e+02 7.05342222e+01 3.09513956e-01 4.49405075e-02 -1.93376112e+01
2.66684619e-07 -7.26797808e+02 6.73447603e+01 2.81020603e-01 4.99894272e-02 -1.94232299e+01
2.77476893e-07 -7.26770676e+02 6.60652960e+01 2.82348399e-01 5.04638953e-02 -1.94701340e+01
2.86139264e-07 -7.26729902e+02 6.94925754e+01 2.71132402e-01 4.76680594e-02 -1.93751103e+01
2.93938971e-07 -7.26709918e+02 6.81136946e+01 2.31831877e-01 4.67360522e-02 -1.94291787e+01
2.96657383e-07 -7.26704742e+02 6.98903564e+01 2.94061579e-01 4.66058747e-02 -1.93632139e+01
2.98695812e-07 -7.26689617e+02 6.66532499e+01 2.52047484e-01 5.07701525e-02 -1.94774663e+01
3.01417497e-07 -7.26679911e+02 7.00209560e+01 2.74872215e-01 4.68853127e-02 -1.93487360e+01
3.08066090e-07 -7.26639706e+02 7.13780269e+01 2.85525433e-01 4.32467682e-02 -1.93145965e+01
3.15546894e-07 -7.26624920e+02 6.72868061e+01 2.22502162e-01 4.90288647e-02 -1.94456862e+01
3.18187805e-07 -7.26616345e+02 6.77631688e+01 3.17388663e-01 4.90777539e-02 -1.94044644e+01
3.18857039e-07 -7.26614046e+02 7.03717848e+01 2.68099726e-01 4.63566941e-02 -1.93389289e+01
3.18867491e-07 -7.26609627e+02 6.75966754e+01 2.21919801e-01 4.95427075e-02 -1.94534107e+01
3.18929707e-07 -7.26606997e+02 7.07744020e+01 2.51860269e-01 4.52875558e-02 -1.93513976e+01
3.21974839e-07 -7.26584096e+02 6.76825361e+01 2.81026899e-01 4.84633847e-02 -1.94071762e+01
3.28226020e-07 -7.26561875e+02 6.74082870e+01 3.20686645e-01 4.88268485e-02 -1.94266342e+01
3.34695076e-07 -7.26538420e+02 7.02301552e+01 2.25652753e-01 4.48539779e-02 -1.93738760e+01
3.43992134e-07 -7.26500641e+02 6.97027927e+01 2.50027759e-01 4.51627473e-02 -1.93571850e+01
3.52869390e-07 -7.26480550e+02 6.91764349e+01 2.91435953e-01 4.55647725e-02 -1.93638936e+01
3.58231419e-07 -7.26463792e+02 6.85832935e+01 3.17269971e-01 4.72757209e-02 -1.93735669e+01
3.63920316e-07 -7.26442427e+02 7.02544992e+01 3.18489223e-01 4.57559368e-02 -1.93349994e+01
3.67043341e-07 -7.26439934e+02 6.75803305e+01 3.18646140e-01 4.86467814e-02 -1.94081608e+01
3.76823118e-07 -7.26383961e+02 6.80642830e+01 2.76314893e-01 4.69198150e-02 -1.94266157e+01
3.86928194e-07 -7.26379574e+02 6.90024491e+01 2.94346347e-01 4.78664795e-02 -1.93678202e+01
3.87868484e-07 -7.26372459e+02 6.78825101e+01 3.15393123e-01 4.75740327e-02 -1.94020905e+01
3.92018293e-07 -7.26351729e+02 6.78020687e+01 3.03646961e-01 4.82142532e-02 -1.93999257e+01
3.98697348e-07 -7.26332005e+02 6.67507719e+01 3.00525440e-01 5.01254920e-02 -1.94572795e+01
4.01412292e-07 -7.26331403e+02 6.68356937e+01 2.49183495e-01 5.05555284e-02 -1.94727001e+01
4.02193499e-07 -7.26321485e+02 6.86287662e+01 3.27841837e-01 4.71443352e-02 -1.93852313e+01
4.09279515e-07 -7.26290040e+02 7.03225892e+01 2.15281898e-01 4.53276248e-02 -1.93639286e+01
4.20855946e-07 -7.26259038e+02 6.58278279e+01 2.75479506e-01 5.10677506e-02 -1.94880978e+01
4.32911788e-07 -7.26226915e+02 6.99841504e+01 2.92626614e-01 4.64053599e-02 -1.93371788e+01
4.38504051e-07 -7.26226454e+02 7.06490217e+01 2.68751634e-01 4.39316763e-02 -1.93263725e+01
4.39481354e-07 -7.26215835e+02 6.66976335e+01 2.90705031e-01 5.06765835e-02 -1.94601072e+01
4.46250788e-07 -7.26189374e+02 6.73110127e+01 2.29264429e-01 4.99410431e-02 -1.94452990e+01
4.51895969e-07 -7.26183871e+02 6.95212979e+01 2.82851730e-01 4.53707372e-02 -1.93818156e+01
4.73344436e-07 -7.26092074e+02 6.78177975e+01 2.81411214e-01 4.80946052e-02 -1.94378565e+01
4.96539201e-07 -7.26079471e+02 7.01811627e+01 3.15620134e-01 4.56790139e-02 -1.93288834e+01
5.03366433e-07 -7.26058180e+02 7.18736205e+01 2.84672178e-01 4.32187409e-02 -1.92973135e+01
5.10846620e-07 -7.26043255e+02 7.01803684e+01 2.94846410e-01 4.54751005e-02 -1.93278678e+01
5.39280925e-07 -7.25945522e+02 6.86404304e+01 2.64419453e-01 4.81953032e-02 -1.94156357e+01
5.75358837e-07 -7.25905107e+02 6.75460177e+01 2.14178504e-01 4.92223236e-02 -1.94476385e+01
5.85743484e-07 -7.25902683e+02 7.17517780e+01 2.50546919e-01 4.31177470e-02 -1.93067668e+01
6.19690795e-07 -7.25789001e+02 6.81859139e+01 2.50703424e-01 4.84429499e-02 -1.94014613e+01
6.63169126e-07 -7.25757429e+02 7.10347838e+01 2.51350460e-01 4.44105403e-02 -1.93177583e+01
6.72816952e-07 -7.25753214e+02 6.87544250e+01 2.84474244e-01 4.81473799e-02 -1.93767917e+01
6.81558554e-07 -7.25725148e+02 6.79923536e+01 2.18198284e-01 4.88019720e-02 -1.94429268e+01
6.89895771e-07 -7.25722048e+02 7.14907191e+01 2.94024026e-01 4.41911092e-02 -1.93012176e+01
6.98213222e-07 -7.25694709e+02 7.03579540e+01 3.15541744e-01 4.49041956e-02 -1.93255056e+01
7.08998370e-07 -7.25684573e+02 7.07386922e+01 2.76363982e-01 4.55176355e-02 -1.93414120e+01
7.16696343e-07 -7.25666511e+02 6.70641727e+01 3.02160749e-01 4.98531676e-02 -1.94467404e+01
7.22419881e-07 -7.25661933e+02 6.63614637e+01 2.56271319e-01 4.96762687e-02 -1.94819516e+01
7.22903020e-07 -7.25658516e+02 6.69959679e+01 3.06692665e-01 4.94060944e-02 -1.94468675e+01
7.26298987e-07 -7.25645941e+02 7.08644434e+01 3.04243493e-01 4.48083035e-02 -1.93262704e+01
7.35297034e-07 -7.25627282e+02 6.91357707e+01 3.17609728e-01 4.68117587e-02 -1.93777999e+01
7.42025892e-07 -7.25620989e+02 7.04793178e+01 2.80697381e-01 4.60807622e-02 -1.93434600e+01
7.44440069e-07 -7.25614132e+02 7.09970425e+01 2.33727326e-01 4.42400621e-02 -1.93465488e+01
7.51901069e-07 -7.25594473e+02 6.84598783e+01 3.15347495e-01 4.76584927e-02 -1.94005412e+01
7.62715368e-07 -7.25578880e+02 6.77867587e+01 2.54087080e-01 4.90704010e-02 -1.94141179e+01
7.68837310e-07 -7.25571781e+02 6.80883730e+01 2.81043938e-01 4.84267998e-02 -1.94290506e+01
7.76580694e-07 -7.25552265e+02 6.99884475e+01 3.14625958e-01 4.62435909e-02 -1.93450182e+01
7.83179111e-07 -7.25548112e+02 6.85453512e+01 2.24102478e-01 4.85118785e-02 -1.94141943e+01
7.83155040e-07 -7.25545668e+02 6.61549640e+01 2.66938885e-01 5.14126719e-02 -1.94760982e+01
7.87057915e-07 -7.25531563e+02 7.17595415e+01 2.65370052e-01 4.40409911e-02 -1.93060276e+01
7.94848305e-07 -7.25519302e+02 6.69285732e+01 2.69945829e-01 5.05097724e-02 -1.94423164e+01
8.23385593e-07 -7.25455345e+02 6.72158396e+01 2.46808451e-01 4.91634739e-02 -1.94355132e+01
8.56861609e-07 -7.25432056e+02 6.81804943e+01 2.42406687e-01 4.66976812e-02 -1.94148182e+01
8.65084662e-07 -7.25429454e+02 6.76877677e+01 2.48380696e-01 4.97841952e-02 -1.94269944e+01
8.77880074e-07 -7.25396308e+02 6.86118496e+01 2.31759087e-01 4.76560571e-02 -1.94270150e+01
9.08562478e-07 -7.25354258e+02 6.62592610e+01 2.45022227e-01 5.12355968e-02 -1.94814875e+01
9.26884113e-07 -7.25349286e+02 6.92910672e+01 2.88029343e-01 4.51999259e-02 -1.93687439e+01
9.26116770e-07 -7.25349253e+02 6.68441687e+01 2.98628298e-01 5.03724647e-02 -1.94405057e+01
9.24071618e-07 -7.25347054e+02 6.84666444e+01 2.30773452e-01 4.73833750e-02 -1.94319402e+01
9.22292856e-07 -7.25346450e+02 6.98614071e+01 3.04054281e-01 4.51353109e-02 -1.93397666e+01
9.21566746e-07 -7.25341978e+02 6.75390341e+01 2.36420008e-01 4.76835673e-02 -1.94390097e+01
9.26469392e-07 -7.25329218e+02 6.98656834e+01 2.39025469e-01 4.46303362e-02 -1.93679492e+01
9.37895269e-07 -7.25310852e+02 6.82417806e+01 2.54815103e-01 4.84252053e-02 -1.94324371e+01
9.68643873e-07 -7.25258642e+02 6.66625329e+01 2.83535233e-01 4.95407071e-02 -1.94465203e+01
9.98320128e-07 -7.25243220e+02 6.67044798e+01 2.82170799e-01 4.90943024e-02 -1.94493411e+01
1.00498674e-06 -7.25238621e+02 6.87292803e+01 2.84001117e-01 4.85649430e-02 -1.93886122e+01
1.00395786e-06 -7.25238608e+02 6.75354630e+01 3.11113004e-01 4.95315023e-02 -1.94198562e+01
1.03274842e-06 -7.25176386e+02 6.88938048e+01 2.93897890e-01 4.66467605e-02 -1.93987528e+01
1.06507585e-06 -7.25169352e+02 6.63606823e+01 2.68707732e-01 5.11846960e-02 -1.94753334e+01
1.06529530e-06 -7.25169306e+02 7.02296295e+01 2.38380193e-01 4.60485112e-02 -1.93699786e+01
1.15075057e-06 -7.25014367e+02 7.02615250e+01 2.70778596e-01 4.40657776e-02 -1.93497158e+01
1.24248644e-06 -7.25003286e+02 6.99981930e+01 2.30124841e-01 4.46922914e-02 -1.93678701e+01
1.29186557e-06 -7.24931040e+02 6.71075977e+01 2.93922375e-01 4.86377374e-02 -1.94310074e+01
1.33968786e-06 -7.24922645e+02 6.64821601e+01 2.64743799e-01 5.09471031e-02 -1.94608470e+01
1.34124297e-06 -7.24922047e+02 6.76414033e+01 2.38831264e-01 4.75588133e-02 -1.94469745e+01
1.34216449e-06 -7.24914629e+02 6.79241373e+01 2.21732268e-01 4.75026089e-02 -1.94321511e+01
1.36466988e-06 -7.24882380e+02 6.66766190e+01 2.39769308e-01 4.91214012e-02 -1.94696271e+01
1.39367266e-06 -7.24865723e+02 6.87003626e+01 2.61496924e-01 4.80915631e-02 -1.94139748e+01
1.41222111e-06 -7.24849280e+02 6.66685601e+01 2.42557914e-01 4.91045980e-02 -1.94722168e+01
1.48733924e-06 -7.24757457e+02 6.86169995e+01 3.13800350e-01 4.66344570e-02 -1.93793734e+01
1.56161935e-06 -7.24743099e+02 7.01611791e+01 3.02931940e-01 4.54848202e-02 -1.93291741e+01
1.58293292e-06 -7.24723731e+02 6.86315208e+01 3.00919116e-01 4.75198900e-02 -1.93742406e+01
1.60647181e-06 -7.24706899e+02 7.10744171e+01 2.60269829e-01 4.34405286e-02 -1.93302797e+01
1.64016909e-06 -7.24675730e+02 6.79731140e+01 2.40284417e-01 4.75400388e-02 -1.94155722e+01
1.66176541e-06 -7.24673839e+02 6.92087081e+01 2.97576062e-01 4.76129461e-02 -1.93782218e+01
1.68065761e-06 -7.24646649e+02 7.01508988e+01 2.52845474e-01 4.50782618e-02 -1.93728887e+01
1.70230573e-06 -7.24641409e+02 6.85548686e+01 3.05380106e-01 4.63941632e-02 -1.93924903e+01
1.70362951e-06 -7.24638434e+02 6.88923062e+01 2.45481839e-01 4.82024622e-02 -1.94058966e+01
1.70720873e-06 -7.24630569e+02 6.97385204e+01 2.47479660e-01 4.66507307e-02 -1.93577853e+01
1.76150288e-06 -7.24570063e+02 6.74053707e+01 2.82802605e-01 4.77468574e-02 -1.94336841e+01
1.81034746e-06 -7.24568296e+02 7.05522064e+01 2.51111345e-01 4.53358197e-02 -1.93321223e+01
1.83026467e-06 -7.24541700e+02 6.67462343e+01 2.84003839e-01 5.01089322e-02 -1.94644232e+01
1.86038180e-06 -7.24528862e+02 6.94118653e+01 3.03124260e-01 4.66548928e-02 -1.93764141e+01
1.89236490e-06 -7.24501104e+02 6.65264370e+01 2.65811694e-01 5.10913432e-02 -1.94671682e+01
1.92792874e-06 -7.24484842e+02 7.06660467e+01 2.97752772e-01 4.49084308e-02 -1.93169036e+01
1.94223557e-06 -7.24479603e+02 6.90217915e+01 2.20991849e-01 4.72699627e-02 -1.93930885e+01
1.98124394e-06 -7.24438825e+02 6.88345346e+01 2.51379054e-01 4.79077125e-02 -1.94122908e+01
2.01687748e-06 -7.24436881e+02 6.84663334e+01 2.47019662e-01 4.62550497e-02 -1.94068268e+01
2.01563331e-06 -7.24433406e+02 6.83676428e+01 2.44485179e-01 4.67447081e-02 -1.94035081e+01
2.04668046e-06 -7.24399931e+02 7.02054292e+01 2.87239357e-01 4.49637722e-02 -1.93582369e+01
2.07837707e-06 -7.24395738e+02 6.79079064e+01 2.36516481e-01 4.91555051e-02 -1.94217342e+01
2.11675039e-06 -7.24357056e+02 6.81538400e+01 3.07317231e-01 4.81862852e-02 -1.93900557e+01
2.15992770e-06 -7.24348342e+02 7.00902180e+01 2.47238854e-01 4.44829164e-02 -1.93685381e+01
2.16763386e-06 -7.24343265e+02 6.80546633e+01 3.22889063e-01 4.81315710e-02 -1.93986041e+01
2.24914048e-06 -7.24269226e+02 6.81375887e+01 2.20430072e-01 4.75013611e-02 -1.94229081e+01
2.34239511e-06 -7.24254045e+02 6.97777833e+01 2.94731107e-01 4.47902285e-02 -1.93548615e+01
2.39736431e-06 -7.24216474e+02 6.91367019e+01 2.55476901e-01 4.53603057e-02 -1.93839101e+01
2.45769440e-06 -7.24197420e+02 7.08510248e+01 3.06790615e-01 4.47243274e-02 -1.93167864e+01
2.47484116e-06 -7.24195823e+02 6.85611073e+01 3.05196252e-01 4.83665264e-02 -1.93931788e+01
2.47602922e-06 -7.24189813e+02 6.79296810e+01 2.67741060e-01 4.77239576e-02 -1.94056467e+01
2.56213918e-06 -7.24121938e+02 6.66050453e+01 2.68001880e-01 5.01634228e-02 -1.94522351e+01
2.64697043e-06 -7.24116866e+02 7.04550703e+01 2.68628117e-01 4.51553156e-02 -1.93578200e+01
2.64618213e-06 -7.24115872e+02 7.09259207e+01 2.91894820e-01 4.42876342e-02 -1.93303750e+01
2.64859651e-06 -7.24108400e+02 7.05870227e+01 2.77086011e-01 4.59014214e-02 -1.93377123e+01
2.68031662e-06 -7.24085523e+02 6.88352432e+01 2.47256430e-01 4.83046592e-02 -1.93929377e+01
2.72496852e-06 -7.24068641e+02 6.94660398e+01 2.43575257e-01 4.65072228e-02 -1.93653907e+01
2.77888198e-06 -7.24039820e+02 6.97145824e+01 2.83987625e-01 4.54984043e-02 -1.93755443e+01
2.87554522e-06 -7.23993917e+02 6.84912505e+01 3.13608108e-01 4.77387492e-02 -1.93982249e+01
2.93662914e-06 -7.23990600e+02 7.09420611e+01 2.58090284e-01 4.53656863e-02 -1.93302384e+01
2.93251200e-06 -7.23990065e+02 6.78018433e+01 2.27477282e-01 4.85776325e-02 -1.94503749e+01
2.92488212e-06 -7.23989155e+02 6.75135062e+01 2.35637253e-01 4.98729619e-02 -1.94427987e+01
2.93676190e-06 -7.23975350e+02 6.98251465e+01 2.77548958e-01 4.58459553e-02 -1.93755680e+01
2.95989115e-06 -7.23966781e+02 7.11096662e+01 2.56283294e-01 4.37514879e-02 -1.93356527e+01
2.97125101e-06 -7.23961023e+02 6.77817661e+01 3.19191497e-01 4.85392418e-02 -1.94120487e+01
3.06135186e-06 -7.23901262e+02 6.71856087e+01 2.82010775e-01 4.95586560e-02 -1.94531293e+01
3.14473312e-06 -7.23899730e+02 6.69156023e+01 2.59578985e-01 4.91001084e-02 -1.94449142e+01
3.16988640e-06 -7.23878782e+02 7.09027948e+01 2.51931612e-01 4.46037500e-02 -1.93228307e+01
3.28800380e-06 -7.23820640e+02 6.86069581e+01 2.68313618e-01 4.85471790e-02 -1.93906446e+01
3.40040488e-06 -7.23804122e+02 7.05058923e+01 2.80657418e-01 4.50839465e-02 -1.93237398e+01
3.41790370e-06 -7.23803651e+02 7.00401365e+01 2.61059582e-01 4.62797868e-02 -1.93448456e+01
3.41357020e-06 -7.23800007e+02 7.04792100e+01 2.72841612e-01 4.41277858e-02 -1.93490040e+01
3.46779705e-06 -7.23765763e+02 6.91191034e+01 2.63843062e-01 4.80388937e-02 -1.93823568e+01
3.51933647e-06 -7.23763554e+02 7.05936088e+01 2.41235946e-01 4.51235896e-02 -1.93588441e+01
3.55387840e-06 -7.23739715e+02 6.89849332e+01 2.16749908e-01 4.70172145e-02 -1.93982895e+01
3.60418913e-06 -7.23728672e+02 6.64000139e+01 2.84671691e-01 5.03660422e-02 -1.94705359e+01
3.61680347e-06 -7.23726043e+02 6.93304695e+01 2.89019199e-01 4.56250000e-02 -1.93594398e+01
3.63117584e-06 -7.23714119e+02 6.86902320e+01 3.06231640e-01 4.81656648e-02 -1.93871990e+01
3.70964187e-06 -7.23676939e+02 6.70411886e+01 2.52183310e-01 4.84862964e-02 -1.94606258e+01
3.86166003e-06 -7.23627407e+02 7.15070730e+01 2.60883301e-01 4.33495277e-02 -1.93107355e+01
3.95692137e-06 -7.23620943e+02 7.15603859e+01 2.58358220e-01 4.33574740e-02 -1.93155488e+01
4.02317594e-06 -7.23587805e+02 6.89491104e+01 2.97746793e-01 4.60945422e-02 -1.93705634e+01
4.08519654e-06 -7.23583421e+02 6.95040493e+01 3.18296007e-01 4.58591420e-02 -1.93584998e+01
4.08799662e-06 -7.23579778e+02 7.14340088e+01 2.46423040e-01 4.37889800e-02 -1.93251378e+01
4.18406336e-06 -7.23530904e+02 6.78280281e+01 3.02389348e-01 4.83548130e-02 -1.94019544e+01
4.27231681e-06 -7.23530778e+02 6.73759485e+01 2.43687785e-01 4.82784370e-02 -1.94573137e+01
4.27358174e-06 -7.23523669e+02 6.72077827e+01 3.04816342e-01 4.87552657e-02 -1.94281555e+01
4.29060414e-06 -7.23516173e+02 7.02865335e+01 2.79847460e-01 4.63031755e-02 -1.93454212e+01
4.31666274e-06 -7.23504920e+02 6.77283288e+01 3.14893215e-01 4.88782081e-02 -1.94151131e+01
4.40402135e-06 -7.23469725e+02 7.09286784e+01 2.51707952e-01 4.42496421e-02 -1.93233785e+01
4.58243361e-06 -7.23419170e+02 7.06517024e+01 2.38501565e-01 4.45986301e-02 -1.93372559e+01
4.71316987e-06 -7.23406211e+02 6.84662143e+01 2.91025234e-01 4.72131632e-02 -1.94117384e+01
4.76531406e-06 -7.23390528e+02 7.06593276e+01 2.85065956e-01 4.48651078e-02 -1.93194818e+01
4.79635509e-06 -7.23386513e+02 6.96482859e+01 2.82132463e-01 4.49138026e-02 -1.93688503e+01
4.79853920e-06 -7.23382961e+02 7.00917998e+01 2.24903829e-01 4.53018002e-02 -1.93754802e+01
4.79474420e-06 -7.23381437e+02 6.88439981e+01 2.94801528e-01 4.78246837e-02 -1.93731892e+01
4.78795057e-06 -7.23379142e+02 6.63734524e+01 2.53640272e-01 5.07213904e-02 -1.94818004e+01
4.82107746e-06 -7.23361072e+02 6.93799157e+01 3.09925573e-01 4.65481936e-02 -1.93721585e+01
4.86521681e-06 -7.23354189e+02 7.01554360e+01 3.09601484e-01 4.53636904e-02 -1.93456707e+01
4.95263713e-06 -7.23319094e+02 6.89312514e+01 3.03621789e-01 4.60311562e-02 -1.93831763e+01
5.03241441e-06 -7.23315270e+02 6.89044505e+01 2.84329821e-01 4.80209765e-02 -1.93938286e+01
5.06007139e-06 -7.23301521e+02 6.99999342e+01 2.71451412e-01 4.67266795e-02 -1.93596489e+01
5.11648639e-06 -7.23286449e+02 6.86279786e+01 2.42768157e-01 4.61114879e-02 -1.94074261e+01
5.24141227e-06 -7.23246953e+02 7.05778423e+01 2.63492371e-01 4.52900500e-02 -1.93279973e+01
5.37242788e-06 -7.23230097e+02 6.79540355e+01 2.48118652e-01 4.82712297e-02 -1.94427297e+01
5.54948035e-06 -7.23176106e+02 6.77544108e+01 2.42745798e-01 4.78896159e-02 -1.94476430e+01
5.69006468e-06 -7.23172681e+02 7.00848416e+01 2.81421308e-01 4.51949113e-02 -1.93360976e+01
5.73728324e-06 -7.23153016e+02 7.03958126e+01 3.01959924e-01 4.54016387e-02 -1.93263203e+01
5.78508523e-06 -7.23149337e+02 6.80665993e+01 3.16691988e-01 4.80824999e-02 -1.93963417e+01
5.78577669e-06 -7.23146120e+02 6.89237189e+01 2.17141001e-01 4.70560819e-02 -1.94008005e+01
5.81729913e-06 -7.23131863e+02 7.08595024e+01 2.38192085e-01 4.42348116e-02 -1.93344493e+01
5.88977508e-06 -7.23114724e+02 6.79271417e+01 2.66013467e-01 4.81230016e-02 -1.94382828e+01
5.94653135e-06 -7.23105973e+02 6.92706550e+01 2.52290139e-01 4.52618921e-02 -1.93832154e+01
5.95979476e-06 -7.23103595e+02 6.67058184e+01 2.47974306e-01 5.02408849e-02 -1.94576069e+01
5.95419349e-06 -7.23101198e+02 7.06220569e+01 2.52156501e-01 4.54228100e-02 -1.93529894e+01
6.03570712e-06 -7.23069987e+02 7.01745985e+01 2.21734833e-01 4.53945863e-02 -1.93645934e+01
6.18538944e-06 -7.23045455e+02 6.77786971e+01 2.64606604e-01 4.72202643e-02 -1.94239048e+01
6.25717975e-06 -7.23040109e+02 6.85682124e+01 3.20750369e-01 4.72793334e-02 -1.93830748e+01
6.26629731e-06 -7.23035885e+02 7.02534370e+01 2.75273649e-01 4.61748544e-02 -1.93385132e+01
6.32179405e-06 -7.23015913e+02 6.69674451e+01 3.00826482e-01 4.91500684e-02 -1.94388988e+01
6.36583612e-06 -7.23015244e+02 6.64368122e+01 2.85500101e-01 5.06446533e-02 -1.94633476e+01
6.44128518e-06 -7.22985908e+02 6.91111448e+01 2.71432375e-01 4.65698420e-02 -1.94000827e+01
6.57148388e-06 -7.22968427e+02 6.90473043e+01 2.75620251e-01 4.80611677e-02 -1.93848874e+01
6.71912112e-06 -7.22935019e+02 6.73938022e+01 2.55262304e-01 4.97836541e-02 -1.94318714e+01
6.81764701e-06 -7.22932380e+02 6.78043598e+01 2.51450657e-01 4.95205094e-02 -1.94371223e+01
6.84862406e-06 -7.22919338e+02 6.90362731e+01 2.89166294e-01 4.56453085e-02 -1.93786881e+01
7.01130049e-06 -7.22879135e+02 6.96116591e+01 2.26617396e-01 4.58879541e-02 -1.93730115e+01
7.13011894e-06 -7.22878669e+02 6.76643690e+01 2.47832098e-01 4.78310500e-02 -1.94473661e+01
7.17328350e-06 -7.22860491e+02 6.86279341e+01 2.52400212e-01 4.86057124e-02 -1.94068744e+01
7.21553394e-06 -7.22860185e+02 7.12712307e+01 2.88886860e-01 4.43416858e-02 -1.93101472e+01
7.31349943e-06 -7.22827137e+02 6.77124300e+01 2.48382503e-01 4.84565755e-02 -1.94198408e+01
7.44705032e-06 -7.22817090e+02 6.86474193e+01 2.97570381e-01 4.77358959e-02 -1.94013356e+01
7.47963049e-06 -7.22811733e+02 6.92398199e+01 2.20320404e-01 4.69690441e-02 -1.94014745e+01
7.49585221e-06 -7.22806102e+02 7.08699479e+01 3.01901559e-01 4.45060996e-02 -1.93184359e+01
7.50084787e-06 -7.22803738e+02 6.90872603e+01 2.23917275e-01 4.60209536e-02 -1.94016747e+01
7.55636252e-06 -7.22784787e+02 6.95609958e+01 2.77448117e-01 4.71844471e-02 -1.93747096e+01
7.79579187e-06 -7.22735218e+02 6.77638197e+01 2.71091218e-01 4.74993191e-02 -1.94352506e+01
8.08209117e-06 -7.22705603e+02 6.88757969e+01 2.74493439e-01 4.61497246e-02 -1.93775380e+01
8.43285655e-06 -7.22644313e+02 6.79518070e+01 2.22896776e-01 4.87397931e-02 -1.94409596e+01
8.79139153e-06 -7.22614950e+02 6.88564699e+01 2.23722042e-01 4.72932054e-02 -1.93974334e+01
8.89800051e-06 -7.22613335e+02 6.73463174e+01 2.58886717e-01 4.96261133e-02 -1.94305793e+01
8.87585391e-06 -7.22613277e+02 6.88972396e+01 3.17264582e-01 4.67846437e-02 -1.93708648e+01
8.90080469e-06 -7.22601102e+02 6.76166714e+01 2.32878884e-01 4.86176670e-02 -1.94539827e+01
8.98952212e-06 -7.22586800e+02 6.99273991e+01 3.05926262e-01 4.52718460e-02 -1.93405460e+01
9.09530575e-06 -7.22571060e+02 6.86695409e+01 3.09575084e-01 4.76316714e-02 -1.93764472e+01
9.21526811e-06 -7.22553949e+02 6.91701834e+01 2.90360479e-01 4.57027749e-02 -1.93835478e+01
9.39899091e-06 -7.22525059e+02 6.82284899e+01 2.20739873e-01 4.73117914e-02 -1.94256172e+01
9.54635118e-06 -7.22515992e+02 6.74309717e+01 3.11144139e-01 4.88046574e-02 -1.94237888e+01
9.84893604e-06 -7.22456848e+02 6.84978315e+01 3.08024317e-01 4.72206294e-02 -1.93998816e+01
1.01251407e-05 -7.22453149e+02 6.90849471e+01 3.00722500e-01 4.58007243e-02 -1.93751635e+01
1.01595783e-05 -7.22443422e+02 6.92773246e+01 3.07089536e-01 4.70687470e-02 -1.93601435e+01
1.01859471e-05 -7.22441287e+02 6.86146712e+01 2.26674756e-01 4.79884600e-02 -1.94208330e+01
1.02133708e-05 -7.22431412e+02 6.79269635e+01 2.33522092e-01 4.73382863e-02 -1.94297842e+01
1.02727009e-05 -7.22423040e+02 7.08968235e+01 2.42726727e-01 4.51035241e-02 -1.93366999e+01
1.03782177e-05 -7.22404388e+02 6.73793368e+01 2.66539594e-01 4.83942038e-02 -1.94275533e+01
1.04580808e-05 -7.22400969e+02 6.94705136e+01 2.30750085e-01 4.66220983e-02 -1.93748301e+01
1.04693415e-05 -7.22395584e+02 6.66058536e+01 2.68277160e-01 4.99520001e-02 -1.94720423e+01
1.04916641e-05 -7.22390054e+02 6.80884101e+01 2.24483277e-01 4.74414409e-02 -1.94355981e+01
1.09092599e-05 -7.22312367e+02 6.94416826e+01 2.57391831e-01 4.52293704e-02 -1.93854273e+01
1.14162108e-05 -7.22291158e+02 6.64377158e+01 2.60360924e-01 5.05738944e-02 -1.94770229e+01
1.16496279e-05 -7.22265287e+02 6.73500899e+01 2.77712784e-01 4.84627663e-02 -1.94257671e+01
1.17701306e-05 -7.22263754e+02 7.01645578e+01 2.25802006e-01 4.55046214e-02 -1.93708871e+01
1.17536601e-05 -7.22261433e+02 6.95782780e+01 2.43059623e-01 4.55275861e-02 -1.93665934e+01
1.17903138e-05 -7.22250897e+02 6.64843776e+01 2.71797614e-01 4.98360248e-02 -1.94709432e+01
1.18382315e-05 -7.22246642e+02 7.12200123e+01 2.49524714e-01 4.44999973e-02 -1.93293541e+01
1.18718753e-05 -7.22238578e+02 6.98794812e+01 2.52794009e-01 4.49647297e-02 -1.93556633e+01
1.20794560e-05 -7.22205575e+02 6.99315761e+01 2.50888799e-01 4.48989858e-02 -1.93552882e+01
1.22485434e-05 -7.22203849e+02 6.93443049e+01 2.28088928e-01 4.72349496e-02 -1.93890347e+01
1.22477413e-05 -7.22199055e+02 6.78387959e+01 2.34679166e-01 4.88688200e-02 -1.94453659e+01
1.22854841e-05 -7.22191050e+02 6.74468248e+01 2.65925942e-01 5.00120110e-02 -1.94349279e+01
1.24504255e-05 -7.22165869e+02 7.00774026e+01 2.35570422e-01 4.47602056e-02 -1.93685034e+01
1.27330402e-05 -7.22139518e+02 6.64092536e+01 2.76199364e-01 5.01768084e-02 -1.94633956e+01
1.28736508e-05 -7.22137077e+02 7.03600156e+01 2.55713289e-01 4.57375749e-02 -1.93390982e+01
1.29142031e-05 -7.22126599e+02 7.01200555e+01 3.02385102e-01 4.57991725e-02 -1.93353297e+01
1.30784502e-05 -7.22105231e+02 6.73708046e+01 2.97985133e-01 4.83842441e-02 -1.94252441e+01
1.35099392e-05 -7.22055527e+02 6.81386896e+01 2.74549654e-01 4.67583830e-02 -1.94139074e+01
1.39101460e-05 -7.22039636e+02 6.92662724e+01 2.76112843e-01 4.54275586e-02 -1.93707165e+01
1.40481741e-05 -7.22029088e+02 7.01062756e+01 2.52137428e-01 4.58857767e-02 -1.93461576e+01
1.42911898e-05 -7.21998879e+02 6.80964712e+01 3.07930772e-01 4.86586785e-02 -1.94022356e+01
1.44803581e-05 -7.21995907e+02 6.96227843e+01 2.25124319e-01 4.59108521e-02 -1.93753848e+01
1.46310712e-05 -7.21971659e+02 7.08984593e+01 2.57719250e-01 4.38421087e-02 -1.93294351e+01
1.50143839e-05 -7.21937671e+02 6.95154373e+01 2.46150250e-01 4.68235245e-02 -1.93908260e+01
1.52320431e-05 -7.21935930e+02 6.83619168e+01 2.93465573e-01 4.79988168e-02 -1.94118350e+01
1.53073057e-05 -7.21921211e+02 6.80925072e+01 2.44404032e-01 4.75201858e-02 -1.94367236e+01
1.55547556e-05 -7.21897291e+02 6.95426665e+01 2.92124596e-01 4.64247138e-02 -1.93756267e+01
1.58629835e-05 -7.21875289e+02 6.86475651e+01 2.60210611e-01 4.62682277e-02 -1.94105686e+01
1.68335949e-05 -7.21774287e+02 7.01240594e+01 3.01405312e-01 4.48811199e-02 -1.93396432e+01
1.76970424e-05 -7.21766059e+02 6.96829337e+01 2.80945812e-01 4.59166840e-02 -1.93482424e+01
1.78019574e-05 -7.21755819e+02 6.95002190e+01 2.28133762e-01 4.68173836e-02 -1.93796037e+01
1.81535992e-05 -7.21720567e+02 7.09497709e+01 2.68799621e-01 4.39674018e-02 -1.93347498e+01
1.84250700e-05 -7.21719167e+02 7.07033222e+01 2.74341279e-01 4.54023767e-02 -1.93394541e+01
1.85734665e-05 -7.21697980e+02 6.89193711e+01 2.33312926e-01 4.69614697e-02 -1.94140473e+01
1.87216247e-05 -7.21696509e+02 6.78672396e+01 3.01103918e-01 4.80415694e-02 -1.94216497e+01
1.89387295e-05 -7.21668461e+02 7.06314498e+01 2.84771346e-01 4.48817081e-02 -1.93420434e+01
1.92367219e-05 -7.21658458e+02 6.96443520e+01 2.96070866e-01 4.61145479e-02 -1.93703166e+01
1.95345521e-05 -7.21631238e+02 6.64507489e+01 2.48084221e-01 5.03884702e-02 -1.94773877e+01
1.99121468e-05 -7.21613406e+02 6.93166687e+01 2.43600696e-01 4.57144450e-02 -1.93761306e+01
2.01278142e-05 -7.21602985e+02 7.10795696e+01 2.79600170e-01 4.39275299e-02 -1.93250939e+01
2.02684879e-05 -7.21592820e+02 6.80582396e+01 2.34244681e-01 4.72282307e-02 -1.94327440e+01
2.05970281e-05 -7.21564347e+02 6.98881094e+01 2.71160375e-01 4.63772125e-02 -1.93706924e+01
2.10671445e-05 -7.21540963e+02 6.66693901e+01 2.74957664e-01 4.97057673e-02 -1.94526833e+01
2.12907924e-05 -7.21536440e+02 6.67008808e+01 2.51793498e-01 5.02289262e-02 -1.94724625e+01
2.12788512e-05 -7.21535424e+02 7.12838755e+01 2.50202392e-01 4.39064077e-02 -1.93252262e+01
2.12479558e-05 -7.21532692e+02 6.88728461e+01 2.41125801e-01 4.60764931e-02 -1.94073797e+01
2.12447437e-05 -7.21529072e+02 7.08012758e+01 2.36835268e-01 4.47495620e-02 -1.93465265e+01
2.13969044e-05 -7.21511834e+02 6.71851794e+01 2.75069299e-01 5.00853904e-02 -1.94474184e+01
2.15586051e-05 -7.21507290e+02 6.83354303e+01 2.25883195e-01 4.84039111e-02 -1.94253063e+01
2.17641042e-05 -7.21486309e+02 6.72725000e+01 2.47142204e-01 4.82540203e-02 -1.94520537e+01
2.19656723e-05 -7.21482091e+02 7.04048771e+01 2.79299482e-01 4.42648923e-02 -1.93439107e+01
2.19860060e-05 -7.21477803e+02 6.71292738e+01 2.66374972e-01 5.00384703e-02 -1.94547279e+01
2.19916550e-05 -7.21474919e+02 6.93747224e+01 2.20292183e-01 4.66129345e-02 -1.93937841e+01
2.21460010e-05 -7.21457236e+02 6.89655878e+01 2.89468889e-01 4.69656947e-02 -1.93682647e+01
2.25666747e-05 -7.21430727e+02 6.68461151e+01 2.35880737e-01 5.00615540e-02 -1.94678365e+01
2.31522408e-05 -7.21399415e+02 7.03068350e+01 2.39567531e-01 4.50944783e-02 -1.93474597e+01
2.35608610e-05 -7.21388863e+02 6.96793250e+01 2.43710929e-01 4.69988194e-02 -1.93744219e+01
2.36263238e-05 -7.21387183e+02 7.07275207e+01 2.45857234e-01 4.48146293e-02 -1.93505482e+01
2.38684515e-05 -7.21361974e+02 6.79787111e+01 2.38796575e-01 4.86771073e-02 -1.94400511e+01
2.42977622e-05 -7.21344789e+02 6.93915505e+01 2.25453599e-01 4.59019707e-02 -1.93942792e+01
2.44867247e-05 -7.21339757e+02 6.99100860e+01 2.85263098e-01 4.65875490e-02 -1.93583373e+01
2.47796346e-05 -7.21314505e+02 7.06439139e+01 2.41925635e-01 4.47085890e-02 -1.93381460e+01
2.53388086e-05 -7.21288481e+02 6.88271443e+01 2.64471105e-01 4.68676874e-02 -1.94098327e+01
2.59985215e-05 -7.21256530e+02 6.90449992e+01 3.07727938e-01 4.71116403e-02 -1.93804540e+01
2.65270145e-05 -7.21241380e+02 6.68733388e+01 2.53263007e-01 4.89748368e-02 -1.94574162e+01
2.73929578e-05 -7.21186330e+02 6.86926457e+01 2.55993370e-01 4.84068144e-02 -1.93972787e+01
2.84125508e-05 -7.21161037e+02 6.97697290e+01 2.92835511e-01 4.54724973e-02 -1.93461159e+01
2.89158306e-05 -7.21144467e+02 6.94533962e+01 2.94251670e-01 4.67841062e-02 -1.93748031e+01
2.91661083e-05 -7.21137090e+02 7.00303599e+01 2.76174678e-01 4.61020569e-02 -1.93422107e+01
2.93923213e-05 -7.21122399e+02 6.76076830e+01 3.03521788e-01 4.90961398e-02 -1.94170161e+01
2.96026977e-05 -7.21116126e+02 6.95800840e+01 2.80779092e-01 4.70161325e-02 -1.93724415e+01
3.02832472e-05 -7.21070789e+02 7.04122792e+01 2.67167085e-01 4.59779456e-02 -1.93461035e+01
3.14731734e-05 -7.21032246e+02 6.94134282e+01 2.64493365e-01 4.53018772e-02 -1.93700411e+01
3.21347130e-05 -7.21022185e+02 6.92858549e+01 2.71480025e-01 4.75299830e-02 -1.93835125e+01
3.29168384e-05 -7.20977959e+02 7.04310333e+01 2.89295998e-01 4.56908180e-02 -1.93398143e+01
3.39732704e-05 -7.20952029e+02 6.87439780e+01 2.52699710e-01 4.80679032e-02 -1.93908134e+01
3.43144785e-05 -7.20951149e+02 6.85184886e+01 2.43369989e-01 4.67902623e-02 -1.94214942e+01
3.44092638e-05 -7.20939888e+02 6.84530411e+01 2.35065020e-01 4.69673331e-02 -1.94069944e+01
3.45001975e-05 -7.20939183e+02 6.96743950e+01 2.46924970e-01 4.69392704e-02 -1.93783578e+01
3.45055152e-05 -7.20932934e+02 6.85424887e+01 2.69043548e-01 4.78550283e-02 -1.94157643e+01
3.45406479e-05 -7.20930484e+02 6.84573039e+01 2.37842900e-01 4.82017086e-02 -1.94048431e+01
3.47894252e-05 -7.20912009e+02 6.68939525e+01 2.82059600e-01 4.91916054e-02 -1.94543062e+01
3.50623830e-05 -7.20908116e+02 7.03519511e+01 2.87141253e-01 4.44486988e-02 -1.93384121e+01
3.52497724e-05 -7.20894734e+02 6.76861408e+01 2.57179402e-01 4.95159500e-02 -1.94257125e+01
3.54503839e-05 -7.20890071e+02 6.74186505e+01 2.66268743e-01 4.98413139e-02 -1.94430887e+01
3.59576212e-05 -7.20859887e+02 6.99531347e+01 2.81983867e-01 4.55375350e-02 -1.93662652e+01
3.64856146e-05 -7.20854043e+02 6.76886209e+01 2.37671546e-01 4.82342756e-02 -1.94486378e+01
3.67642829e-05 -7.20838069e+02 6.89939580e+01 2.41544572e-01 4.69491374e-02 -1.94098922e+01
3.70268044e-05 -7.20833099e+02 6.91303772e+01 2.56268655e-01 4.63152086e-02 -1.93735879e+01
3.70068214e-05 -7.20832487e+02 6.98307119e+01 2.72954217e-01 4.66535452e-02 -1.93525404e+01
3.71992034e-05 -7.20816140e+02 6.82506855e+01 2.49405661e-01 4.71734438e-02 -1.94287944e+01
3.79637415e-05 -7.20785314e+02 6.75762447e+01 2.92518549e-01 4.92871601e-02 -1.94307068e+01
3.85643525e-05 -7.20777867e+02 7.04409150e+01 2.95415334e-01 4.45849423e-02 -1.93341007e+01
3.96051486e-05 -7.20726054e+02 7.05469304e+01 2.53916932e-01 4.50741418e-02 -1.93550277e+01
4.06392881e-05 -7.20719000e+02 6.97979277e+01 3.07099788e-01 4.58541128e-02 -1.93460309e+01
4.07068420e-05 -7.20716066e+02 6.82783763e+01 2.46990510e-01 4.81534825e-02 -1.94040976e+01
4.06383812e-05 -7.20715709e+02 7.05382870e+01 2.62530441e-01 4.42537894e-02 -1.93370036e+01
4.13616321e-05 -7.20674552e+02 6.75163383e+01 2.69899989e-01 4.83087368e-02 -1.94229927e+01
4.21922488e-05 -7.20668872e+02 6.94909427e+01 3.04282381e-01 4.58749761e-02 -1.93548727e+01
4.25814515e-05 -7.20649617e+02 6.86950480e+01 2.30993918e-01 4.76578260e-02 -1.94004022e+01
4.30724837e-05 -7.20639220e+02 6.71373573e+01 2.41180105e-01 4.98842579e-02 -1.94506204e+01
4.33057290e-05 -7.20632146e+02 6.91387211e+01 2.26279308e-01 4.72650830e-02 -1.93989595e+01
4.35987432e-05 -7.20619108e+02 6.84887198e+01 3.06022939e-01 4.72051536e-02 -1.93850510e+01
4.38360855e-05 -7.20614595e+02 6.93125320e+01 2.88886441e-01 4.55208103e-02 -1.93745774e+01
4.40285318e-05 -7.20603715e+02 7.06017379e+01 2.80222720e-01 4.54740571e-02 -1.93303495e+01
4.42161975e-05 -7.20599408e+02 6.86802320e+01 2.32044157e-01 4.79477578e-02 -1.94031523e+01
4.43462195e-05 -7.20591200e+02 6.82378397e+01 2.23555153e-01 4.76919259e-02 -1.94212452e+01
4.44171342e-05 -7.20589540e+02 7.08225463e+01 2.51654933e-01 4.51048965e-02 -1.93333518e+01
4.48000750e-05 -7.20567496e+02 7.10382661e+01 2.77835986e-01 4.40156636e-02 -1.93251900e+01
4.53740137e-05 -7.20557330e+02 6.93912905e+01 2.39649471e-01 4.72582334e-02 -1.93875730e+01
4.55349277e-05 -7.20553737e+02 6.65711080e+01 2.69855479e-01 5.02255601e-02 -1.94601683e+01
4.63169781e-05 -7.20516951e+02 6.69601157e+01 2.37414046e-01 4.98565681e-02 -1.94594576e+01
4.78431760e-05 -7.20482205e+02 6.68064934e+01 2.58451463e-01 4.97218169e-02 -1.94525137e+01
4.85339239e-05 -7.20481325e+02 6.67520569e+01 2.71831978e-01 5.02608071e-02 -1.94530526e+01
4.88972667e-05 -7.20460739e+02 6.95269813e+01 2.31977947e-01 4.59172050e-02 -1.93917476e+01
4.93752650e-05 -7.20455115e+02 6.72703965e+01 2.38948463e-01 4.96628845e-02 -1.94566346e+01
4.93751375e-05 -7.20454081e+02 6.89215964e+01 2.50847515e-01 4.70349600e-02 -1.94100433e+01
4.96379560e-05 -7.20437907e+02 6.86189774e+01 2.84692591e-01 4.79581452e-02 -1.94047058e+01
5.00158720e-05 -7.20432199e+02 6.78156969e+01 2.67705172e-01 4.73556099e-02 -1.94227345e+01
5.00095480e-05 -7.20431496e+02 7.02730021e+01 2.31494602e-01 4.55428618e-02 -1.93618067e+01
4.99206481e-05 -7.20429103e+02 6.85125672e+01 2.82117451e-01 4.64340844e-02 -1.94010624e+01
5.04672732e-05 -7.20403226e+02 6.95254016e+01 2.23428955e-01 4.63586597e-02 -1.93851719e+01
5.09885592e-05 -7.20401728e+02 6.80714740e+01 2.84440354e-01 4.80384459e-02 -1.93989931e+01
5.13489583e-05 -7.20382575e+02 7.04534036e+01 2.86488836e-01 4.56721499e-02 -1.93359884e+01
5.18898880e-05 -7.20374040e+02 6.91198021e+01 2.49477008e-01 4.57153229e-02 -1.93953848e+01
5.21240081e-05 -7.20366910e+02 6.88515601e+01 2.61379628e-01 4.63712026e-02 -1.94067130e+01
5.24167711e-05 -7.20356199e+02 7.05967773e+01 2.62854047e-01 4.46285314e-02 -1.93500771e+01
5.26260902e-05 -7.20352259e+02 7.07440835e+01 2.48957611e-01 4.42802987e-02 -1.93362182e+01
5.25731302e-05 -7.20351553e+02 6.89165582e+01 2.31958289e-01 4.65505837e-02 -1.94108889e+01
5.24448587e-05 -7.20350489e+02 7.00885176e+01 2.72293899e-01 4.45833638e-02 -1.93510745e+01
5.30783207e-05 -7.20321101e+02 6.66636165e+01 2.80987870e-01 4.99951002e-02 -1.94569687e+01
5.37177263e-05 -7.20319670e+02 6.81484595e+01 2.23582221e-01 4.83318733e-02 -1.94299036e+01
5.44909764e-05 -7.20286141e+02 6.89523027e+01 2.32523187e-01 4.73039512e-02 -1.94098853e+01
5.57414051e-05 -7.20267444e+02 7.03553323e+01 2.91613502e-01 4.46505492e-02 -1.93417944e+01
5.62211955e-05 -7.20262264e+02 6.89029509e+01 2.64604889e-01 4.67433339e-02 -1.94063787e+01
5.66212748e-05 -7.20246661e+02 7.09079597e+01 2.83128782e-01 4.48523813e-02 -1.93245203e+01
5.70244968e-05 -7.20241362e+02 6.73548181e+01 2.52931067e-01 4.97128758e-02 -1.94511272e+01
5.69876521e-05 -7.20241291e+02 6.75662945e+01 2.64503200e-01 4.97092417e-02 -1.94311579e+01
5.70160534e-05 -7.20233724e+02 6.98504795e+01 2.67133091e-01 4.52050930e-02 -1.93727565e+01
5.71413069e-05 -7.20230235e+02 6.86429873e+01 2.83286114e-01 4.74635226e-02 -1.93807431e+01
5.71414150e-05 -7.20227065e+02 6.85391104e+01 2.75597152e-01 4.83884446e-02 -1.93922772e+01
5.73870787e-05 -7.20215033e+02 6.72416742e+01 2.80602864e-01 4.96509620e-02 -1.94316420e+01
5.87575201e-05 -7.20173602e+02 7.00998146e+01 2.63422959e-01 4.59206172e-02 -1.93443626e+01
6.00130400e-05 -7.20165679e+02 6.67285965e+01 2.68191431e-01 4.94068070e-02 -1.94603710e+01
6.02491619e-05 -7.20159088e+02 7.07280414e+01 2.49694623e-01 4.42207888e-02 -1.93386108e+01
6.04439334e-05 -7.20152568e+02 6.73491192e+01 2.37530022e-01 4.87894046e-02 -1.94428096e+01
6.08238996e-05 -7.20139929e+02 6.73997834e+01 2.66672266e-01 4.97607416e-02 -1.94324656e+01
6.13727123e-05 -7.20127943e+02 6.85248214e+01 2.91058574e-01 4.79590170e-02 -1.93851858e+01
6.16191253e-05 -7.20125225e+02 6.97923787e+01 2.54890252e-01 4.68245346e-02 -1.93688683e+01
6.15919444e-05 -7.20122171e+02 7.01561609e+01 2.70811729e-01 4.56176538e-02 -1.93395723e+01
6.30895901e-05 -7.20071168e+02 6.93885480e+01 2.51606559e-01 4.53595922e-02 -1.93836313e+01
6.49180055e-05 -7.20057771e+02 6.99418031e+01 2.78612370e-01 4.65134804e-02 -1.93589242e+01
6.56724171e-05 -7.20041426e+02 6.86194778e+01 2.50886071e-01 4.81460905e-02 -1.93957193e+01
6.61645298e-05 -7.20036125e+02 6.70307594e+01 2.82743651e-01 4.93667345e-02 -1.94384302e+01
6.62254858e-05 -7.20032924e+02 7.04056725e+01 2.52098762e-01 4.45852357e-02 -1.93568633e+01
6.64029298e-05 -7.20024134e+02 6.69259578e+01 2.80013506e-01 4.92344036e-02 -1.94535946e+01
6.66914102e-05 -7.20017590e+02 6.77802833e+01 2.94155944e-01 4.83077647e-02 -1.94263730e+01
6.74311305e-05 -7.19995528e+02 6.95643499e+01 2.69542575e-01 4.51210908e-02 -1.93683595e+01
6.86068751e-05 -7.19976333e+02 6.67916472e+01 2.50574485e-01 4.96544643e-02 -1.94681723e+01
6.93665858e-05 -7.19966779e+02 6.96174862e+01 2.96238872e-01 4.58476478e-02 -1.93508810e+01
6.96503244e-05 -7.19961498e+02 6.85060063e+01 3.05809743e-01 4.72867892e-02 -1.93852172e+01
6.99857837e-05 -7.19950536e+02 7.07547668e+01 2.42632530e-01 4.48586108e-02 -1.93451369e+01
7.03154448e-05 -7.19945420e+02 6.88805899e+01 2.26675532e-01 4.65139394e-02 -1.94070570e+01
7.09623936e-05 -7.19925655e+02 7.01870134e+01 2.53139470e-01 4.54108769e-02 -1.93671833e+01
7.20099175e-05 -7.19909425e+02 6.76221777e+01 2.38057337e-01 4.81200638e-02 -1.94352178e+01
7.30250512e-05 -7.19891021e+02 6.67107137e+01 2.77244669e-01 4.99228619e-02 -1.94597747e+01
7.36031841e-05 -7.19886917e+02 6.82839475e+01 3.08135207e-01 4.77950860e-02 -1.93935259e+01
7.42053854e-05 -7.19868152e+02 6.71478460e+01 2.88462345e-01 4.94036229e-02 -1.94451565e+01
7.51285407e-05 -7.19855486e+02 6.69518945e+01 2.88504724e-01 4.95023204e-02 -1.94478861e+01
7.60935224e-05 -7.19836026e+02 7.02519208e+01 2.67821378e-01 4.59481164e-02 -1.93561055e+01
7.67908469e-05 -7.19830499e+02 6.72853639e+01 2.53568006e-01 4.84202158e-02 -1.94516510e+01
7.78458366e-05 -7.19802272e+02 6.84366479e+01 3.01091636e-01 4.69309786e-02 -1.93956644e+01
7.88140495e-05 -7.19798925e+02 7.06467123e+01 2.50928321e-01 4.47723597e-02 -1.93505012e+01
7.87328318e-05 -7.19797676e+02 6.84025408e+01 2.66547235e-01 4.82651079e-02 -1.93953533e+01
7.90390513e-05 -7.19784549e+02 6.86226279e+01 2.50212025e-01 4.68120368e-02 -1.94171285e+01
7.94044157e-05 -7.19781755e+02 6.74626785e+01 2.66248811e-01 4.90214626e-02 -1.94477870e+01
8.04914894e-05 -7.19750934e+02 6.72961272e+01 2.84157955e-01 4.85955108e-02 -1.94417144e+01
8.19476105e-05 -7.19739040e+02 6.89147462e+01 3.01793791e-01 4.72870513e-02 -1.93864039e+01
8.31564141e-05 -7.19715100e+02 6.78002344e+01 2.41433022e-01 4.91751514e-02 -1.94291086e+01
8.39315853e-05 -7.19713685e+02 6.81468708e+01 2.54536298e-01 4.84013102e-02 -1.94307016e+01
8.38204738e-05 -7.19711095e+02 6.97850093e+01 2.80219572e-01 4.53254901e-02 -1.93692463e+01
8.37491321e-05 -7.19708732e+02 6.87842360e+01 2.69827119e-01 4.62449513e-02 -1.94023263e+01
8.39702021e-05 -7.19699188e+02 6.66063922e+01 2.62748391e-01 5.01260131e-02 -1.94635811e+01
8.43357641e-05 -7.19693374e+02 7.05576895e+01 2.88866405e-01 4.47673185e-02 -1.93384565e+01
8.58994419e-05 -7.19656128e+02 6.92850730e+01 2.67978393e-01 4.69472525e-02 -1.93912030e+01
8.73277885e-05 -7.19653390e+02 6.89365665e+01 2.86830654e-01 4.78307083e-02 -1.93864129e+01
8.74405900e-05 -7.19646900e+02 7.07939118e+01 2.58885851e-01 4.41650510e-02 -1.93329062e+01
8.75959847e-05 -7.19643177e+02 6.83281512e+01 2.93307450e-01 4.80544070e-02 -1.94098536e+01
8.75187422e-05 -7.19642005e+02 7.03734839e+01 2.42282016e-01 4.46284334e-02 -1.93541383e+01
8.78434652e-05 -7.19629155e+02 6.73772454e+01 2.60747026e-01 4.82566493e-02 -1.94358026e+01
8.82109731e-05 -7.19626960e+02 7.00547964e+01 2.74361935e-01 4.46831720e-02 -1.93549169e+01
8.82307084e-05 -7.19622057e+02 6.86164054e+01 2.34252772e-01 4.71283000e-02 -1.94014151e+01
8.84279381e-05 -7.19615842e+02 6.86253829e+01 2.70196711e-01 4.62680641e-02 -1.93971586e+01
8.89210777e-05 -7.19604303e+02 6.95509240e+01 2.95998230e-01 4.66230604e-02 -1.93679779e+01
8.92907056e-05 -7.19600860e+02 6.92532148e+01 2.31862175e-01 4.67680943e-02 -1.93838099e+01
9.01066665e-05 -7.19579564e+02 6.86341906e+01 2.99706034e-01 4.72750217e-02 -1.93976614e+01
9.21838583e-05 -7.19548747e+02 6.95098004e+01 2.47954451e-01 4.53306991e-02 -1.93755489e+01
9.34020028e-05 -7.19546417e+02 6.99547784e+01 2.31348662e-01 4.59688622e-02 -1.93724265e+01
9.33933311e-05 -7.19542280e+02 6.89620535e+01 2.40838901e-01 4.61102102e-02 -1.93930445e+01
9.39413112e-05 -7.19528106e+02 7.00843956e+01 2.70889984e-01 4.63083991e-02 -1.93496027e+01
9.43123017e-05 -7.19527691e+02 6.75085158e+01 2.67385446e-01 4.96443616e-02 -1.94302430e+01
9.43335510e-05 -7.19521011e+02 6.73137901e+01 2.77191301e-01 4.92295541e-02 -1.94468554e+01
9.44419373e-05 -7.19518729e+02 6.98893323e+01 2.36664812e-01 4.60557929e-02 -1.93774660e+01
9.46670447e-05 -7.19509614e+02 6.83361753e+01 2.86808002e-01 4.70798395e-02 -1.94110397e+01
9.50380902e-05 -7.19504236e+02 6.86910662e+01 2.96980355e-01 4.68633098e-02 -1.93800391e+01
9.54972508e-05 -7.19493341e+02 6.85341714e+01 2.47594588e-01 4.75752749e-02 -1.94216592e+01
9.57535793e-05 -7.19492190e+02 6.99885345e+01 2.77685397e-01 4.52169082e-02 -1.93443611e+01
9.60533976e-05 -7.19480467e+02 7.00078729e+01 2.90473491e-01 4.56071595e-02 -1.93581222e+01
9.65903929e-05 -7.19474360e+02 6.84375361e+01 2.42146737e-01 4.66777499e-02 -1.94147840e+01
9.77745873e-05 -7.19449585e+02 6.79098284e+01 2.78286741e-01 4.73727459e-02 -1.94155952e+01
1.00063043e-04 -7.19421477e+02 7.08416170e+01 2.79260078e-01 4.43577619e-02 -1.93313509e+01
1.02090910e-04 -7.19402694e+02 6.78675733e+01 3.00607886e-01 4.84801538e-02 -1.94076688e+01
1.03272356e-04 -7.19391751e+02 6.92443178e+01 2.56757981e-01 4.70113560e-02 -1.93718058e+01
1.04556412e-04 -7.19371398e+02 7.02461793e+01 2.55757904e-01 4.45550866e-02 -1.93557219e+01
1.05727846e-04 -7.19362727e+02 6.70318460e+01 2.62340192e-01 4.90863881e-02 -1.94581330e+01
1.06015238e-04 -7.19359297e+02 6.71346392e+01 2.71690559e-01 4.98473293e-02 -1.94398024e+01
1.08225091e-04 -7.19315292e+02 7.04912450e+01 2.45963963e-01 4.52200474e-02 -1.93429115e+01
1.10651235e-04 -7.19307831e+02 6.89199315e+01 2.78370427e-01 4.65306070e-02 -1.93988241e+01
1.10722627e-04 -7.19307333e+02 6.95057007e+01 2.39560303e-01 4.64493267e-02 -1.93716965e+01
1.11526941e-04 -7.19286805e+02 6.93835085e+01 2.27738239e-01 4.60713545e-02 -1.93872060e+01
1.12492056e-04 -7.19283342e+02 7.07613317e+01 2.59733520e-01 4.50976888e-02 -1.93323713e+01
1.12996949e-04 -7.19271227e+02 6.82103494e+01 2.61169283e-01 4.72002922e-02 -1.94049676e+01
1.13508428e-04 -7.19267620e+02 7.07800484e+01 2.65495152e-01 4.51586870e-02 -1.93347031e+01
1.14040604e-04 -7.19255251e+02 7.09532659e+01 2.77197224e-01 4.44409916e-02 -1.93223567e+01
1.14365273e-04 -7.19255241e+02 6.90437809e+01 2.25246372e-01 4.67363279e-02 -1.93973510e+01
1.15134984e-04 -7.19235280e+02 6.71803693e+01 2.37410904e-01 4.95251040e-02 -1.94564548e+01
1.17520683e-04 -7.19207658e+02 7.01616262e+01 2.34324682e-01 4.53772354e-02 -1.93666352e+01
1.18929739e-04 -7.19204599e+02 6.91362960e+01 2.66866593e-01 4.56558724e-02 -1.93857642e+01
1.19090558e-04 -7.19198307e+02 7.02239870e+01 2.76418681e-01 4.59897328e-02 -1.93428958e+01
1.20206407e-04 -7.19179371e+02 6.76230381e+01 2.89560196e-01 4.92729686e-02 -1.94218162e+01
1.21258716e-04 -7.19174137e+02 6.75222855e+01 2.41024956e-01 4.92880347e-02 -1.94372302e+01
1.21663395e-04 -7.19166061e+02 7.03169870e+01 2.59772748e-01 4.45131184e-02 -1.93472096e+01
1.22325268e-04 -7.19156636e+02 6.74543871e+01 2.45863451e-01 4.96141556e-02 -1.94424948e+01
1.23401514e-04 -7.19141918e+02 6.86903170e+01 2.57212081e-01 4.69984160e-02 -1.94140094e+01
1.23932528e-04 -7.19141339e+02 6.78412022e+01 2.43018281e-01 4.90869718e-02 -1.94271751e+01
1.24741647e-04 -7.19122337e+02 6.72480611e+01 2.83695774e-01 4.96064645e-02 -1.94337098e+01
1.26463848e-04 -7.19107226e+02 7.05612388e+01 2.47945692e-01 4.48997403e-02 -1.93401144e+01
1.27766163e-04 -7.19095171e+02 6.82855052e+01 2.88776916e-01 4.80794176e-02 -1.94131029e+01
1.28941489e-04 -7.19082262e+02 6.85753727e+01 2.75766641e-01 4.83557801e-02 -1.94018035e+01
1.29919365e-04 -7.19073383e+02 6.89393552e+01 2.54863570e-01 4.78072671e-02 -1.94003395e+01
1.30771553e-04 -7.19062540e+02 7.01739336e+01 2.44630536e-01 4.53048005e-02 -1.93675582e+01
1.31432578e-04 -7.19056622e+02 6.98509467e+01 2.62669411e-01 4.54475017e-02 -1.93523147e+01
1.31993475e-04 -7.19047381e+02 6.87747611e+01 2.60503047e-01 4.61071801e-02 -1.93976657e+01
1.33348071e-04 -7.19029604e+02 6.76520331e+01 2.93885158e-01 4.84163280e-02 -1.94277090e+01
1.34549714e-04 -7.19022716e+02 6.93889157e+01 2.85025462e-01 4.61657883e-02 -1.93593377e+01
1.34851673e-04 -7.19018457e+02 6.83732611e+01 2.71997537e-01 4.85339446e-02 -1.94121632e+01
1.34981106e-04 -7.19014142e+02 6.97619252e+01 2.86789469e-01 4.55169830e-02 -1.93668892e+01
1.35251986e-04 -7.19007798e+02 6.75382341e+01 2.91854348e-01 4.82626954e-02 -1.94256521e+01
1.35710255e-04 -7.19000724e+02 6.99277641e+01 2.91502258e-01 4.52638915e-02 -1.93573398e+01
1.35815207e-04 -7.18999584e+02 6.73464751e+01 2.79920908e-01 4.96875763e-02 -1.94365495e+01
1.35712586e-04 -7.18995583e+02 6.86418263e+01 2.30185989e-01 4.74486543e-02 -1.94184319e+01
1.35655089e-04 -7.18993772e+02 6.77011051e+01 2.35175697e-01 4.84022932e-02 -1.94457853e+01
1.35509259e-04 -7.18991080e+02 7.04579853e+01 2.59277105e-01 4.53776946e-02 -1.93533357e+01
1.36094122e-04 -7.18978541e+02 6.78055434e+01 2.85644384e-01 4.90689253e-02 -1.94240918e+01
1.36546321e-04 -7.18977751e+02 6.92686920e+01 2.94552739e-01 4.58539278e-02 -1.93743388e+01
1.36275694e-04 -7.18975854e+02 6.88138892e+01 2.61804563e-01 4.81081594e-02 -1.93976694e+01
1.36042188e-04 -7.18974525e+02 6.75437857e+01 2.64094850e-01 4.81052158e-02 -1.94281262e+01
1.36656206e-04 -7.18960242e+02 6.86874480e+01 2.36091857e-01 4.80096114e-02 -1.94062285e+01
1.38263336e-04 -7.18944497e+02 6.68835511e+01 2.57339593e-01 4.93556889e-02 -1.94549064e+01
1.39422682e-04 -7.18936839e+02 6.87193493e+01 2.51644312e-01 4.64716296e-02 -1.93938183e+01
1.41202952e-04 -7.18912597e+02 6.69880129e+01 2.81501925e-01 4.97972852e-02 -1.94470424e+01
1.42481599e-04 -7.18912008e+02 6.75132373e+01 2.33894825e-01 4.88896847e-02 -1.94498662e+01
1.42378617e-04 -7.18907393e+02 6.99926639e+01 2.96038068e-01 4.53730934e-02 -1.93437183e+01
1.44286895e-04 -7.18878922e+02 6.69034772e+01 2.61677570e-01 4.92064297e-02 -1.94567978e+01
1.46003415e-04 -7.18876883e+02 6.89941726e+01 3.03608809e-01 4.64422023e-02 -1.93773672e+01
1.46054180e-04 -7.18871577e+02 6.80909575e+01 2.74682586e-01 4.86809990e-02 -1.94051271e+01
1.47430109e-04 -7.18851567e+02 7.00701211e+01 2.36987248e-01 4.53324294e-02 -1.93602658e+01
1.48605845e-04 -7.18848936e+02 6.87539924e+01 2.69197516e-01 4.78689846e-02 -1.94043317e+01
1.48343419e-04 -7.18848445e+02 6.87602710e+01 2.77977555e-01 4.80895661e-02 -1.93885721e+01
1.48394202e-04 -7.18841608e+02 6.99514285e+01 2.60267077e-01 4.63215123e-02 -1.93677203e+01
1.48461996e-04 -7.18840864e+02 6.90003299e+01 2.69420101e-01 4.67612688e-02 -1.93742754e+01
1.48513781e-04 -7.18834266e+02 6.79654431e+01 2.60837237e-01 4.88210323e-02 -1.94130389e+01
1.48882325e-04 -7.18829247e+02 6.91385684e+01 2.46910814e-01 4.75709635e-02 -1.93877856e+01
1.49362147e-04 -7.18821185e+02 7.01483681e+01 2.74094353e-01 4.59893385e-02 -1.93438200e+01
1.51797238e-04 -7.18790468e+02 6.98963814e+01 2.96635048e-01 4.59293407e-02 -1.93460827e+01
1.54636201e-04 -7.18777277e+02 7.06505611e+01 2.49205302e-01 4.47137008e-02 -1.93387040e+01
1.55845035e-04 -7.18768215e+02 7.01422397e+01 2.73866138e-01 4.55315655e-02 -1.93407299e+01
1.56135023e-04 -7.18766884e+02 7.01032043e+01 2.91667608e-01 4.58600398e-02 -1.93495090e+01
1.55974530e-04 -7.18763619e+02 7.04662799e+01 2.87668795e-01 4.50754195e-02 -1.93317796e+01
1.55933730e-04 -7.18760751e+02 6.82291492e+01 2.50218464e-01 4.83117693e-02 -1.94071182e+01
1.57479575e-04 -7.18737369e+02 6.72977683e+01 2.41885211e-01 4.87676989e-02 -1.94539243e+01
1.59570204e-04 -7.18727606e+02 6.97394952e+01 2.50835195e-01 4.52965082e-02 -1.93637147e+01
1.60247422e-04 -7.18722226e+02 6.89827730e+01 2.72714262e-01 4.78062284e-02 -1.93904196e+01
1.60849180e-04 -7.18713466e+02 7.05672021e+01 2.72600215e-01 4.54198801e-02 -1.93403841e+01
1.62729644e-04 -7.18692416e+02 6.88238932e+01 2.38942165e-01 4.75668609e-02 -1.94107379e+01
1.64172043e-04 -7.18689053e+02 6.95132592e+01 2.67833702e-01 4.56166898e-02 -1.93817477e+01
1.64372708e-04 -7.18683323e+02 6.82826988e+01 2.84657710e-01 4.74262367e-02 -1.93950238e+01
1.64399078e-04 -7.18682069e+02 6.79587072e+01 2.39705284e-01 4.89254549e-02 -1.94312778e+01
1.64343555e-04 -7.18677348e+02 6.69876788e+01 2.61222384e-01 4.98725862e-02 -1.94576359e+01
1.64598813e-04 -7.18672310e+02 6.91174209e+01 2.78975680e-01 4.71997101e-02 -1.93702933e+01
1.64785375e-04 -7.18668425e+02 6.98682976e+01 2.47992037e-01 4.59226438e-02 -1.93772986e+01
1.65928480e-04 -7.18651893e+02 7.02283854e+01 2.89168388e-01 4.48669225e-02 -1.93425344e+01
1.67174009e-04 -7.18646750e+02 6.82315030e+01 2.37114982e-01 4.73023940e-02 -1.94275069e+01
1.67704233e-04 -7.18638913e+02 6.91832217e+01 2.29005578e-01 4.69158133e-02 -1.93916006e+01
1.67850900e-04 -7.18638331e+02 6.71285045e+01 2.61097025e-01 4.88062335e-02 -1.94455081e+01
1.68431150e-04 -7.18625397e+02 6.87645124e+01 2.96600871e-01 4.67794760e-02 -1.93792759e+01
1.69458510e-04 -7.18619480e+02 7.02049371e+01 2.75157271e-01 4.47580106e-02 -1.93534573e+01
1.70763464e-04 -7.18603455e+02 6.81520913e+01 2.98963536e-01 4.83427727e-02 -1.94073487e+01
1.71668040e-04 -7.18602195e+02 6.94930960e+01 2.77493632e-01 4.63734842e-02 -1.93579593e+01
1.71348186e-04 -7.18600529e+02 6.80672541e+01 2.49303734e-01 4.73645997e-02 -1.94166091e+01
1.71553869e-04 -7.18593153e+02 6.87075569e+01 2.48879931e-01 4.65618651e-02 -1.93951041e+01
1.73358355e-04 -7.18573034e+02 6.94669116e+01 2.52217190e-01 4.55196930e-02 -1.93725147e+01
1.74789011e-04 -7.18569961e+02 6.68385072e+01 2.63448565e-01 4.95124709e-02 -1.94557514e+01
1.74957621e-04 -7.18564455e+02 6.89423709e+01 2.43239443e-01 4.76069464e-02 -1.94041719e+01
1.75638896e-04 -7.18555545e+02 6.98043858e+01 2.60609468e-01 4.50085004e-02 -1.93679770e+01
1.76545188e-04 -7.18547503e+02 6.94690924e+01 2.52807643e-01 4.68379730e-02 -1.93870170e+01
1.77329416e-04 -7.18540022e+02 7.08230388e+01 2.55621669e-01 4.48524394e-02 -1.93354312e+01
1.78928980e-04 -7.18522946e+02 7.01218011e+01 2.85795236e-01 4.49003299e-02 -1.93454003e+01
1.79920589e-04 -7.18522241e+02 6.91597596e+01 2.49910649e-01 4.74032139e-02 -1.93952356e+01
1.80488440e-04 -7.18510026e+02 6.75172353e+01 2.69852065e-01 4.80317027e-02 -1.94323598e+01
1.81197085e-04 -7.18507712e+02 6.96391689e+01 2.31341767e-01 4.63227354e-02 -1.93819831e+01
1.81120855e-04 -7.18504213e+02 6.95488992e+01 2.33772608e-01 4.65000446e-02 -1.93866249e+01
1.80929595e-04 -7.18503167e+02 6.98578752e+01 2.34422093e-01 4.57856501e-02 -1.93770654e+01
1.80585479e-04 -7.18501366e+02 6.94938975e+01 2.88830532e-01 4.60302336e-02 -1.93749916e+01
1.80811963e-04 -7.18494017e+02 6.95482893e+01 2.49610579e-01 4.69944161e-02 -1.93782320e+01
1.83576505e-04 -7.18464566e+02 6.92847692e+01 2.81747067e-01 4.69342658e-02 -1.93839369e+01
1.87057985e-04 -7.18449626e+02 6.76523762e+01 2.88887488e-01 4.80729097e-02 -1.94254313e+01
1.88528344e-04 -7.18442209e+02 6.84766769e+01 2.82120649e-01 4.83418510e-02 -1.93952760e+01
1.89602011e-04 -7.18431627e+02 6.76206879e+01 2.65667990e-01 4.94883066e-02 -1.94314773e+01
1.92156784e-04 -7.18408886e+02 6.77793410e+01 2.95444927e-01 4.83744213e-02 -1.94222432e+01
1.94133704e-04 -7.18404376e+02 6.98546963e+01 2.61853615e-01 4.54662965e-02 -1.93532405e+01
1.94698466e-04 -7.18396431e+02 6.92196535e+01 2.31858431e-01 4.70186799e-02 -1.93954834e+01
1.96832056e-04 -7.18376012e+02 6.83758554e+01 3.00366979e-01 4.75594869e-02 -1.94022448e+01
1.98583809e-04 -7.18371954e+02 6.89606771e+01 2.98586259e-01 4.72885297e-02 -1.93743969e+01
1.99626705e-04 -7.18358919e+02 6.92973336e+01 2.89900178e-01 4.71414838e-02 -1.93745018e+01
2.00424413e-04 -7.18357281e+02 6.91162647e+01 2.27700285e-01 4.69206245e-02 -1.93969379e+01
1.99989489e-04 -7.18356607e+02 6.86420079e+01 2.69408632e-01 4.75987406e-02 -1.94103819e+01
2.01042428e-04 -7.18340190e+02 6.78459886e+01 2.69995655e-01 4.83180292e-02 -1.94123361e+01
2.04238769e-04 -7.18318455e+02 6.96332674e+01 2.54801851e-01 4.59385951e-02 -1.93837013e+01
2.05861812e-04 -7.18317586e+02 6.91356219e+01 2.76884742e-01 4.72133271e-02 -1.93900823e+01
2.07146257e-04 -7.18299441e+02 6.87959123e+01 2.26931159e-01 4.69801679e-02 -1.94080765e+01
2.08607585e-04 -7.18296790e+02 6.89487572e+01 2.39617384e-01 4.73775884e-02 -1.93907654e+01
2.08621776e-04 -7.18292652e+02 6.74643822e+01 2.73089514e-01 4.94658244e-02 -1.94293529e+01
2.09567458e-04 -7.18281118e+02 6.82886419e+01 2.30693830e-01 4.81048214e-02 -1.94257780e+01
2.10336145e-04 -7.18278642e+02 7.02542178e+01 2.51963043e-01 4.55969097e-02 -1.93613768e+01
2.10218678e-04 -7.18275581e+02 6.99938505e+01 2.57843204e-01 4.63520048e-02 -1.93579232e+01
2.14162061e-04 -7.18235222e+02 6.94155962e+01 2.85378481e-01 4.66625704e-02 -1.93602106e+01
2.18900501e-04 -7.18224777e+02 6.98807886e+01 2.83930703e-01 4.63057916e-02 -1.93599029e+01
2.20269799e-04 -7.18216087e+02 6.93650782e+01 2.49547426e-01 4.72329822e-02 -1.93838097e+01
2.21588236e-04 -7.18206191e+02 6.99903957e+01 2.64861545e-01 4.57902113e-02 -1.93682847e+01
2.22091511e-04 -7.18204870e+02 7.02641840e+01 2.47180200e-01 4.48955630e-02 -1.93515964e+01
2.21965121e-04 -7.18200678e+02 6.82825073e+01 2.91346886e-01 4.80588734e-02 -1.94103423e+01
2.23091676e-04 -7.18188124e+02 6.93103695e+01 2.79857860e-01 4.59414591e-02 -1.93656438e+01
2.26192711e-04 -7.18166491e+02 7.02392709e+01 2.67137770e-01 4.52820110e-02 -1.93589645e+01
2.31352787e-04 -7.18136464e+02 6.99523823e+01 2.40893419e-01 4.60873107e-02 -1.93709204e+01
2.34393639e-04 -7.18133496e+02 6.79738708e+01 2.57445666e-01 4.73829250e-02 -1.94279010e+01
2.34272037e-04 -7.18130846e+02 6.81532780e+01 2.90522259e-01 4.75172003e-02 -1.94008054e+01
2.35202641e-04 -7.18118945e+02 7.00991853e+01 2.60947496e-01 4.47700395e-02 -1.93552709e+01
2.35841187e-04 -7.18118733e+02 7.03873698e+01 2.60068275e-01 4.45554298e-02 -1.93468349e+01
2.35187558e-04 -7.18117840e+02 6.95328991e+01 2.68686628e-01 4.53057281e-02 -1.93705796e+01
2.34963209e-04 -7.18113989e+02 6.80173000e+01 2.38213034e-01 4.75450258e-02 -1.94301574e+01
2.34672965e-04 -7.18113653e+02 7.00967256e+01 2.57161140e-01 4.48157203e-02 -1.93550890e+01
2.34751179e-04 -7.18106679e+02 7.02100766e+01 2.40425660e-01 4.50622683e-02 -1.93599674e+01
2.35385611e-04 -7.18101594e+02 6.87774731e+01 2.96853112e-01 4.72938314e-02 -1.93922571e+01
2.36277315e-04 -7.18092476e+02 6.98068535e+01 2.89190065e-01 4.63169385e-02 -1.93519371e+01
2.36613178e-04 -7.18092077e+02 6.92440744e+01 3.01159500e-01 4.62132668e-02 -1.93694627e+01
2.36059600e-04 -7.18090505e+02 6.92278549e+01 2.87120440e-01 4.70125027e-02 -1.93821825e+01
2.35941200e-04 -7.18086428e+02 6.82802715e+01 2.45170764e-01 4.78112122e-02 -1.94280662e+01
2.36076761e-04 -7.18082700e+02 6.99075573e+01 2.52762166e-01 4.56002290e-02 -1.93744393e+01
2.36226220e-04 -7.18078508e+02 6.72309308e+01 2.43473362e-01 4.95040958e-02 -1.94520325e+01
2.36665763e-04 -7.18072332e+02 6.78514753e+01 2.60254192e-01 4.84141890e-02 -1.94154904e+01
2.36702490e-04 -7.18071532e+02 6.81200058e+01 2.83663355e-01 4.74216823e-02 -1.94038036e+01
2.36237673e-04 -7.18069609e+02 6.70534747e+01 2.63731651e-01 4.98352453e-02 -1.94480414e+01
2.37234204e-04 -7.18056500e+02 6.78465774e+01 2.98566888e-01 4.84564193e-02 -1.94149225e+01
2.38456506e-04 -7.18052636e+02 6.78472307e+01 2.83150680e-01 4.90261313e-02 -1.94213678e+01
2.39381121e-04 -7.18042128e+02 7.03238987e+01 2.70912288e-01 4.46449750e-02 -1.93491746e+01
2.39931508e-04 -7.18041359e+02 6.81131391e+01 2.62651201e-01 4.75959631e-02 -1.94276842e+01
2.39695806e-04 -7.18037442e+02 6.97336934e+01 2.40863544e-01 4.59137999e-02 -1.93663542e+01
2.39484150e-04 -7.18036467e+02 6.71245202e+01 2.76370597e-01 4.96749253e-02 -1.94420744e+01
2.38950649e-04 -7.18035247e+02 7.01349612e+01 2.78729589e-01 4.50436640e-02 -1.93558993e+01
2.40993484e-04 -7.18012910e+02 6.90414741e+01 2.84899930e-01 4.69922879e-02 -1.93709257e+01
2.43347103e-04 -7.18009033e+02 6.96654620e+01 2.32454783e-01 4.60484657e-02 -1.93817446e+01
2.44083644e-04 -7.18000226e+02 6.68970762e+01 2.62848834e-01 4.95144504e-02 -1.94566638e+01
2.46102967e-04 -7.17985931e+02 6.81471221e+01 2.43129134e-01 4.73883767e-02 -1.94286225e+01
2.47249717e-04 -7.17984222e+02 7.08013390e+01 2.73737219e-01 4.46106950e-02 -1.93310156e+01
2.46866135e-04 -7.17982380e+02 6.95191983e+01 2.83787967e-01 4.64423277e-02 -1.93757152e+01
2.46744578e-04 -7.17978555e+02 6.95532021e+01 2.74667264e-01 4.60843667e-02 -1.93794723e+01
2.47224906e-04 -7.17971843e+02 6.92102403e+01 2.78448139e-01 4.67353509e-02 -1.93668363e+01
2.48939812e-04 -7.17958110e+02 6.72735146e+01 2.66277509e-01 4.85387715e-02 -1.94428265e+01
2.49890115e-04 -7.17957520e+02 6.84790220e+01 2.45618283e-01 4.68878343e-02 -1.94180437e+01
2.50702523e-04 -7.17945001e+02 6.83991184e+01 2.73143107e-01 4.84842095e-02 -1.94009073e+01
2.52078282e-04 -7.17939886e+02 6.89066629e+01 2.68332402e-01 4.62111616e-02 -1.93979167e+01
2.53523565e-04 -7.17926947e+02 6.69795046e+01 2.65636030e-01 4.97447901e-02 -1.94494609e+01
2.55537182e-04 -7.17917390e+02 6.88537492e+01 2.44463881e-01 4.63096902e-02 -1.93963630e+01
2.57171109e-04 -7.17907545e+02 6.91790932e+01 2.90200517e-01 4.61248944e-02 -1.93691854e+01
2.58814287e-04 -7.17897994e+02 7.01955209e+01 2.79789857e-01 4.57358596e-02 -1.93415890e+01
2.59306397e-04 -7.17897068e+02 6.86107001e+01 2.96917499e-01 4.76550269e-02 -1.93957902e+01
2.60076821e-04 -7.17885439e+02 7.03623943e+01 2.87686580e-01 4.51208908e-02 -1.93423221e+01
2.61062898e-04 -7.17882812e+02 6.73907289e+01 2.50761287e-01 4.84646610e-02 -1.94409040e+01
2.61488887e-04 -7.17875534e+02 6.84884226e+01 2.71592140e-01 4.70113017e-02 -1.93928796e+01
2.62910821e-04 -7.17865323e+02 6.71553866e+01 2.81277432e-01 4.94737936e-02 -1.94404104e+01
2.64186831e-04 -7.17859179e+02 6.98406928e+01 2.42348795e-01 4.63079206e-02 -1.93732123e+01
2.64753668e-04 -7.17854377e+02 6.92445803e+01 3.02634296e-01 4.64672617e-02 -1.93689463e+01
2.64890153e-04 -7.17851488e+02 6.82353735e+01 2.50115845e-01 4.70632043e-02 -1.94215160e+01
2.65551413e-04 -7.17842752e+02 6.84444040e+01 2.43720303e-01 4.77181200e-02 -1.94032238e+01
2.67526146e-04 -7.17830037e+02 7.07041787e+01 2.71372895e-01 4.45484988e-02 -1.93368116e+01
2.69234934e-04 -7.17823333e+02 6.89575057e+01 2.93179688e-01 4.67028247e-02 -1.93734585e+01
2.70002180e-04 -7.17817686e+02 6.83572449e+01 2.54803884e-01 4.85692173e-02 -1.94136496e+01
2.69873393e-04 -7.17817624e+02 6.74690945e+01 2.44355965e-01 4.85012685e-02 -1.94397998e+01
2.70283008e-04 -7.17808021e+02 6.87371052e+01 2.88277564e-01 4.65039855e-02 -1.93862749e+01
2.72187064e-04 -7.17796936e+02 7.05136499e+01 2.65650604e-01 4.49232772e-02 -1.93357033e+01
2.73657824e-04 -7.17790567e+02 7.01897452e+01 2.60724250e-01 4.54140180e-02 -1.93448544e+01
2.74266244e-04 -7.17785834e+02 6.90074663e+01 2.75822184e-01 4.66869079e-02 -1.93738073e+01
2.74162027e-04 -7.17784666e+02 6.82997090e+01 2.34390453e-01 4.73699200e-02 -1.94245850e+01
2.73477178e-04 -7.17784180e+02 6.72956116e+01 2.76737964e-01 4.95809894e-02 -1.94385067e+01
2.73916051e-04 -7.17774825e+02 6.94254565e+01 2.31961522e-01 4.65061178e-02 -1.93837904e+01
2.74919970e-04 -7.17770191e+02 6.70191900e+01 2.50809992e-01 4.95279458e-02 -1.94566576e+01
2.75239782e-04 -7.17765844e+02 6.90236430e+01 2.58123122e-01 4.70672702e-02 -1.94016088e+01
2.75774751e-04 -7.17759657e+02 6.78332129e+01 2.52130649e-01 4.90958683e-02 -1.94329175e+01
2.79172008e-04 -7.17734845e+02 6.76709057e+01 2.80703844e-01 4.90098424e-02 -1.94192574e+01
2.83384647e-04 -7.17722929e+02 6.74561210e+01 2.65483864e-01 4.87774521e-02 -1.94288682e+01
2.84526188e-04 -7.17720116e+02 6.71885520e+01 2.60249134e-01 4.93631515e-02 -1.94413143e+01
2.84535416e-04 -7.17716211e+02 6.95060099e+01 2.72031073e-01 4.70360627e-02 -1.93713598e+01
2.86008922e-04 -7.17703168e+02 6.81818524e+01 2.52239277e-01 4.72713043e-02 -1.94119408e+01
2.88227829e-04 -7.17694077e+02 6.97670531e+01 2.53341783e-01 4.59970499e-02 -1.93785848e+01
2.88636423e-04 -7.17693659e+02 6.94528447e+01 2.37474477e-01 4.57802903e-02 -1.93847377e+01
2.88147670e-04 -7.17690813e+02 6.94319231e+01 2.57773071e-01 4.66672391e-02 -1.93675064e+01
2.88681958e-04 -7.17683310e+02 6.83774474e+01 2.77940555e-01 4.83145267e-02 -1.93971893e+01
2.89018585e-04 -7.17681813e+02 6.83666244e+01 2.55359648e-01 4.67956355e-02 -1.94125348e+01
2.89139972e-04 -7.17675823e+02 7.05029943e+01 2.73868303e-01 4.52449265e-02 -1.93438335e+01
2.90793045e-04 -7.17663782e+02 6.86838314e+01 3.01341704e-01 4.73930113e-02 -1.93894542e+01
2.92559325e-04 -7.17657031e+02 6.91304343e+01 2.31451860e-01 4.65360835e-02 -1.93993533e+01
2.93698111e-04 -7.17649360e+02 6.87535029e+01 2.90616553e-01 4.69920048e-02 -1.93799637e+01
2.94002760e-04 -7.17648288e+02 7.02108771e+01 2.62673142e-01 4.49576494e-02 -1.93458234e+01
2.94121011e-04 -7.17641910e+02 6.88004747e+01 2.60442680e-01 4.62768215e-02 -1.93918825e+01
2.95526995e-04 -7.17632108e+02 6.78665708e+01 2.90165179e-01 4.85147331e-02 -1.94103595e+01
2.96207425e-04 -7.17630632e+02 6.88650595e+01 2.52755987e-01 4.78962328e-02 -1.93953122e+01
2.98616939e-04 -7.17609362e+02 7.05482027e+01 2.72297973e-01 4.45945626e-02 -1.93409573e+01
3.04765982e-04 -7.17583268e+02 6.84652401e+01 2.82117114e-01 4.80190442e-02 -1.93917537e+01
3.10823404e-04 -7.17563275e+02 6.99044736e+01 2.78697578e-01 4.53208375e-02 -1.93496327e+01
3.13558394e-04 -7.17558996e+02 6.78918385e+01 2.85516081e-01 4.77263247e-02 -1.94141974e+01
3.14067214e-04 -7.17553380e+02 6.78741408e+01 2.54368455e-01 4.75768544e-02 -1.94253413e+01
3.16089018e-04 -7.17539546e+02 6.81226864e+01 2.80508219e-01 4.80530949e-02 -1.94206826e+01
3.18517526e-04 -7.17531386e+02 7.04230498e+01 2.63340050e-01 4.55195067e-02 -1.93423449e+01
3.20119689e-04 -7.17522858e+02 6.99171924e+01 2.73506453e-01 4.60732040e-02 -1.93653440e+01
3.21665377e-04 -7.17515093e+02 6.92115446e+01 2.38414800e-01 4.69186435e-02 -1.93972468e+01
3.22623717e-04 -7.17510243e+02 6.97980681e+01 2.92960872e-01 4.61707410e-02 -1.93567437e+01
3.22802354e-04 -7.17507327e+02 6.72193205e+01 2.46033890e-01 4.91358202e-02 -1.94532749e+01
3.25229677e-04 -7.17488689e+02 6.91269525e+01 2.53269638e-01 4.72363833e-02 -1.93969426e+01
3.27519855e-04 -7.17486552e+02 6.72524282e+01 2.54657204e-01 4.92573061e-02 -1.94526484e+01
3.28865981e-04 -7.17473870e+02 6.75920924e+01 2.38186585e-01 4.89774846e-02 -1.94413635e+01
3.30507947e-04 -7.17469899e+02 6.71088510e+01 2.65030167e-01 4.93254933e-02 -1.94526814e+01
3.30757459e-04 -7.17465705e+02 6.84476773e+01 2.71855189e-01 4.82922051e-02 -1.94095976e+01
3.30751521e-04 -7.17463276e+02 6.71373027e+01 2.57769220e-01 4.96217122e-02 -1.94523927e+01
3.30222689e-04 -7.17462249e+02 6.93705122e+01 2.74395659e-01 4.65124055e-02 -1.93636151e+01
3.30531029e-04 -7.17454768e+02 7.07450966e+01 2.62945662e-01 4.46544320e-02 -1.93361894e+01
3.34100951e-04 -7.17434200e+02 6.98789119e+01 2.54572462e-01 4.54133681e-02 -1.93572517e+01
3.39125834e-04 -7.17418214e+02 6.70928634e+01 2.52566688e-01 4.95707817e-02 -1.94534279e+01
3.43879581e-04 -7.17399725e+02 6.85004430e+01 2.68452996e-01 4.76958108e-02 -1.94141849e+01
3.48364511e-04 -7.17385607e+02 6.94514328e+01 2.62564970e-01 4.68282069e-02 -1.93671934e+01
3.52071867e-04 -7.17371895e+02 6.80619140e+01 2.32983296e-01 4.82959020e-02 -1.94302670e+01
3.55122803e-04 -7.17361674e+02 7.06805301e+01 2.73047611e-01 4.48024888e-02 -1.93346873e+01
3.55835174e-04 -7.17361205e+02 6.93577207e+01 2.42967273e-01 4.63066140e-02 -1.93765305e+01
3.57338814e-04 -7.17346638e+02 6.76296599e+01 2.58673526e-01 4.93457678e-02 -1.94338651e+01
3.60682050e-04 -7.17335900e+02 6.80046237e+01 2.88198573e-01 4.82100916e-02 -1.94054447e+01
3.64367256e-04 -7.17319689e+02 7.02499972e+01 2.84342703e-01 4.54647982e-02 -1.93404656e+01
3.67632125e-04 -7.17311355e+02 6.93761389e+01 2.85840942e-01 4.64414592e-02 -1.93789311e+01
3.68912268e-04 -7.17306070e+02 6.74744871e+01 2.59992993e-01 4.82600160e-02 -1.94368360e+01
3.69957467e-04 -7.17299047e+02 6.99938849e+01 2.89283816e-01 4.57907739e-02 -1.93465493e+01
3.70498271e-04 -7.17296483e+02 6.96952554e+01 2.71240424e-01 4.56185628e-02 -1.93740843e+01
3.69897944e-04 -7.17295633e+02 6.97112086e+01 2.42720543e-01 4.64981424e-02 -1.93740560e+01
3.68884625e-04 -7.17295313e+02 6.85682783e+01 2.97746792e-01 4.75354727e-02 -1.93958458e+01
3.68839160e-04 -7.17289233e+02 6.79734219e+01 2.73503435e-01 4.74235850e-02 -1.94182375e+01
3.68744035e-04 -7.17289164e+02 6.73099739e+01 2.80519042e-01 4.91359000e-02 -1.94334159e+01
3.68695810e-04 -7.17282849e+02 6.88363612e+01 2.96629072e-01 4.74172131e-02 -1.93808358e+01
3.68733343e-04 -7.17282295e+02 6.75173253e+01 2.44721495e-01 4.91880781e-02 -1.94391749e+01
3.68705759e-04 -7.17276352e+02 6.77668039e+01 2.42354524e-01 4.81503786e-02 -1.94300416e+01
3.69716324e-04 -7.17270166e+02 6.83271789e+01 2.85569813e-01 4.74525859e-02 -1.94111941e+01
3.69693749e-04 -7.17269809e+02 6.71148894e+01 2.74156781e-01 4.92311751e-02 -1.94461532e+01
3.70735347e-04 -7.17257919e+02 7.06385928e+01 2.64243129e-01 4.49090477e-02 -1.93415763e+01
3.72611721e-04 -7.17253027e+02 6.81026902e+01 2.96569013e-01 4.81648782e-02 -1.94043959e+01
3.73022483e-04 -7.17249058e+02 6.86090890e+01 2.49654989e-01 4.65970281e-02 -1.94031112e+01
3.72707833e-04 -7.17248056e+02 6.79883549e+01 2.87971304e-01 4.76337243e-02 -1.94119825e+01
3.71971993e-04 -7.17246355e+02 6.99535120e+01 2.47569755e-01 4.60055843e-02 -1.93704523e+01
3.71066177e-04 -7.17246276e+02 6.94242716e+01 2.71277604e-01 4.55843916e-02 -1.93694608e+01
3.71509421e-04 -7.17237332e+02 6.96858228e+01 2.96517736e-01 4.58781338e-02 -1.93575752e+01
3.74579556e-04 -7.17223190e+02 7.02972664e+01 2.79066158e-01 4.50422452e-02 -1.93489687e+01
3.77966064e-04 -7.17212654e+02 6.81075525e+01 2.42179925e-01 4.84489488e-02 -1.94183522e+01
3.80539030e-04 -7.17202962e+02 6.84409008e+01 2.68139984e-01 4.75609870e-02 -1.94162013e+01
3.83920683e-04 -7.17188334e+02 6.90198474e+01 2.61317646e-01 4.59678800e-02 -1.93896926e+01
3.86492946e-04 -7.17182905e+02 6.73236421e+01 2.77979587e-01 4.94038442e-02 -1.94364651e+01
3.86759928e-04 -7.17180292e+02 6.94128320e+01 2.72921156e-01 4.57035121e-02 -1.93799248e+01
3.88033431e-04 -7.17169701e+02 6.74032106e+01 2.46960692e-01 4.90317173e-02 -1.94402145e+01
3.89629019e-04 -7.17165405e+02 6.91807941e+01 2.71827958e-01 4.58146631e-02 -1.93788454e+01
3.92738148e-04 -7.17147227e+02 6.78026681e+01 2.44267231e-01 4.89822079e-02 -1.94324555e+01
3.95285484e-04 -7.17145737e+02 6.78076764e+01 2.57704672e-01 4.90935545e-02 -1.94249481e+01
3.94593753e-04 -7.17144075e+02 6.89125227e+01 2.62928987e-01 4.66917064e-02 -1.93815391e+01
3.93818258e-04 -7.17143016e+02 6.80011375e+01 2.69756095e-01 4.89143812e-02 -1.94201638e+01
3.92965875e-04 -7.17141753e+02 6.82872149e+01 2.46935227e-01 4.72900965e-02 -1.94239338e+01
3.92497816e-04 -7.17138746e+02 6.94184081e+01 2.62643728e-01 4.70886217e-02 -1.93728817e+01
3.92886228e-04 -7.17133124e+02 6.71486363e+01 2.72321982e-01 4.90940821e-02 -1.94438934e+01
3.92922204e-04 -7.17131900e+02 6.78966948e+01 2.84430949e-01 4.86551425e-02 -1.94114454e+01
3.92780916e-04 -7.17127193e+02 6.93421789e+01 2.33203620e-01 4.66244118e-02 -1.93874925e+01
3.92977670e-04 -7.17124239e+02 6.93565876e+01 2.61686597e-01 4.58283166e-02 -1.93713461e+01
3.92477568e-04 -7.17123083e+02 6.75549456e+01 2.53599978e-01 4.88817206e-02 -1.94305842e+01
3.92169626e-04 -7.17119157e+02 6.73278494e+01 2.44045863e-01 4.90766163e-02 -1.94473111e+01
3.92123510e-04 -7.17116660e+02 6.93552796e+01 2.79245697e-01 4.71276321e-02 -1.93736411e+01
3.91365304e-04 -7.17116371e+02 6.85656834e+01 2.79730059e-01 4.77734714e-02 -1.93886356e+01
3.90642709e-04 -7.17113702e+02 6.87751651e+01 2.74266076e-01 4.78982736e-02 -1.93968003e+01
3.89986912e-04 -7.17113074e+02 7.05745911e+01 2.59446762e-01 4.51260051e-02 -1.93433857e+01
3.89348854e-04 -7.17110323e+02 6.84613336e+01 2.93696190e-01 4.72594568e-02 -1.94012514e+01
3.92434612e-04 -7.17090724e+02 6.96030025e+01 2.86243074e-01 4.63923863e-02 -1.93693766e+01
3.95312356e-04 -7.17088960e+02 6.93166006e+01 2.70048893e-01 4.65570465e-02 -1.93667197e+01
3.95235213e-04 -7.17084463e+02 6.96654501e+01 2.56015670e-01 4.67363807e-02 -1.93701517e+01
3.95243252e-04 -7.17082260e+02 6.80846458e+01 2.77898128e-01 4.73195557e-02 -1.94144113e+01
3.96672225e-04 -7.17070622e+02 7.01260494e+01 2.45707495e-01 4.52747775e-02 -1.93564838e+01
3.98009912e-04 -7.17068838e+02 6.75881972e+01 2.50642130e-01 4.92716384e-02 -1.94368517e+01
3.97380683e-04 -7.17067131e+02 6.79987812e+01 2.57047507e-01 4.89245205e-02 -1.94214196e+01
3.97137021e-04 -7.17063412e+02 6.90680232e+01 2.57742455e-01 4.75891856e-02 -1.93907359e+01
3.97730356e-04 -7.17057495e+02 6.95409326e+01 2.61711503e-01 4.60570150e-02 -1.93832748e+01
3.99373993e-04 -7.17048520e+02 6.95732293e+01 2.67763209e-01 4.63410506e-02 -1.93797849e+01
4.01466039e-04 -7.17040386e+02 6.86315019e+01 2.89895113e-01 4.77116758e-02 -1.93977405e+01
4.05336282e-04 -7.17022737e+02 6.83811169e+01 2.39151613e-01 4.71989308e-02 -1.94206010e+01
4.08421246e-04 -7.17018493e+02 6.81023877e+01 2.61954919e-01 4.73449358e-02 -1.94234701e+01
4.08618397e-04 -7.17015115e+02 6.81858143e+01 2.33967652e-01 4.76633124e-02 -1.94252600e+01
4.09006856e-04 -7.17009941e+02 6.83730907e+01 2.37108954e-01 4.80923333e-02 -1.94206502e+01
4.08760791e-04 -7.17009656e+02 6.76041272e+01 2.59009027e-01 4.88798029e-02 -1.94420278e+01
4.09697345e-04 -7.16998738e+02 6.75938702e+01 2.83447899e-01 4.89661985e-02 -1.94231436e+01
4.10675319e-04 -7.16998202e+02 6.87591964e+01 2.60169555e-01 4.73884950e-02 -1.94084026e+01
4.09560000e-04 -7.16997522e+02 6.92191542e+01 2.61841897e-01 4.72590090e-02 -1.93767375e+01
4.09138016e-04 -7.16993612e+02 7.00208859e+01 2.64183927e-01 4.59793257e-02 -1.93510539e+01
4.09946643e-04 -7.16986924e+02 6.93469004e+01 2.53854357e-01 4.60305406e-02 -1.93904534e+01
4.11937090e-04 -7.16977281e+02 6.83091992e+01 2.64171260e-01 4.81444671e-02 -1.94011421e+01
4.12966202e-04 -7.16975256e+02 6.89915395e+01 2.50298149e-01 4.60994223e-02 -1.93939932e+01
4.12080090e-04 -7.16974921e+02 7.03651665e+01 2.51288623e-01 4.53323246e-02 -1.93542531e+01
4.11006510e-04 -7.16973818e+02 6.89129526e+01 2.63275122e-01 4.64408130e-02 -1.93834877e+01
4.11422719e-04 -7.16966255e+02 6.93339910e+01 2.62106558e-01 4.71805687e-02 -1.93829215e+01
4.13838938e-04 -7.16955466e+02 6.82091554e+01 2.44857360e-01 4.76963416e-02 -1.94121164e+01
4.16883135e-04 -7.16944940e+02 6.76774164e+01 2.84992470e-01 4.81952008e-02 -1.94254359e+01
4.19295093e-04 -7.16937260e+02 7.03301048e+01 2.46732680e-01 4.51549880e-02 -1.93544446e+01
4.20507022e-04 -7.16932503e+02 6.94227329e+01 2.61659066e-01 4.70993263e-02 -1.93775321e+01
4.23061959e-04 -7.16918532e+02 6.72340919e+01 2.65301074e-01 4.89839217e-02 -1.94479948e+01
4.24945104e-04 -7.16916916e+02 6.94844069e+01 2.83860557e-01 4.57993022e-02 -1.93620406e+01
4.26642959e-04 -7.16903943e+02 7.02157260e+01 2.75023361e-01 4.51619880e-02 -1.93538076e+01
4.28686833e-04 -7.16900663e+02 6.78511871e+01 2.67710857e-01 4.89622767e-02 -1.94188980e+01
4.30353204e-04 -7.16889557e+02 6.81311073e+01 2.94881199e-01 4.82165974e-02 -1.94059425e+01
4.40407073e-04 -7.16848217e+02 6.92577327e+01 2.77412504e-01 4.66398445e-02 -1.93862902e+01
4.49617354e-04 -7.16841092e+02 7.03449090e+01 2.48920109e-01 4.51479807e-02 -1.93548498e+01
4.50695952e-04 -7.16836762e+02 6.81702453e+01 2.77001173e-01 4.72040769e-02 -1.94107955e+01
4.50455210e-04 -7.16835500e+02 6.97197262e+01 2.42231243e-01 4.55815191e-02 -1.93769391e+01
4.50817599e-04 -7.16828510e+02 6.91200186e+01 2.94909698e-01 4.69327426e-02 -1.93716300e+01
4.51636048e-04 -7.16825208e+02 6.84361146e+01 2.70726141e-01 4.81312232e-02 -1.94118741e+01
4.51273150e-04 -7.16823460e+02 6.89322597e+01 2.59774487e-01 4.66182830e-02 -1.94025962e+01
4.50314249e-04 -7.16822806e+02 6.84863058e+01 2.90438494e-01 4.71393862e-02 -1.94015320e+01
4.49390030e-04 -7.16820914e+02 6.93585059e+01 2.55838468e-01 4.66596693e-02 -1.93711519e+01
4.48758106e-04 -7.16818964e+02 6.84081851e+01 2.80180167e-01 4.77251092e-02 -1.93931623e+01
4.47857743e-04 -7.16818274e+02 6.88173772e+01 2.51870641e-01 4.67352492e-02 -1.93898396e+01
4.46817345e-04 -7.16816961e+02 6.72420690e+01 2.74442840e-01 4.91251175e-02 -1.94434795e+01
4.47747338e-04 -7.16807482e+02 6.72900415e+01 2.62583038e-01 4.87386631e-02 -1.94416587e+01
4.49336764e-04 -7.16803200e+02 6.95288552e+01 2.58264061e-01 4.64239684e-02 -1.93837666e+01
4.50741136e-04 -7.16794600e+02 6.77041028e+01 2.79935406e-01 4.90603616e-02 -1.94243647e+01
4.51713284e-04 -7.16792219e+02 6.83839077e+01 2.96768287e-01 4.78111949e-02 -1.93992664e+01
4.51772282e-04 -7.16787687e+02 7.02747531e+01 2.62734680e-01 4.57029043e-02 -1.93481004e+01
4.51868898e-04 -7.16785132e+02 6.86601875e+01 2.55460662e-01 4.65697201e-02 -1.93980792e+01
4.51527690e-04 -7.16782542e+02 6.95157142e+01 2.92351708e-01 4.58428234e-02 -1.93649025e+01
4.51399435e-04 -7.16779046e+02 6.78012954e+01 2.69723919e-01 4.85427577e-02 -1.94330788e+01
4.51785900e-04 -7.16774177e+02 6.73444038e+01 2.58865841e-01 4.93126901e-02 -1.94468474e+01
4.51864715e-04 -7.16772037e+02 6.92856316e+01 2.67464425e-01 4.69336547e-02 -1.93703811e+01
4.55668687e-04 -7.16750867e+02 6.99942635e+01 2.67811193e-01 4.54953531e-02 -1.93650888e+01
4.59806228e-04 -7.16747194e+02 6.74643001e+01 2.46486301e-01 4.86762871e-02 -1.94403150e+01
4.60471058e-04 -7.16741326e+02 6.96025944e+01 2.75843025e-01 4.65878915e-02 -1.93724238e+01
4.62852726e-04 -7.16730243e+02 6.72142421e+01 2.55693148e-01 4.93838020e-02 -1.94497853e+01
4.65111150e-04 -7.16724912e+02 6.96870825e+01 2.42247591e-01 4.63521345e-02 -1.93716483e+01
4.67528855e-04 -7.16713245e+02 6.91304478e+01 2.88701559e-01 4.61720515e-02 -1.93801110e+01
4.68755221e-04 -7.16712983e+02 6.79248297e+01 2.48256270e-01 4.81318987e-02 -1.94354786e+01
4.67281235e-04 -7.16712888e+02 6.97031718e+01 2.57874415e-01 4.61315849e-02 -1.93605246e+01
4.66070772e-04 -7.16711516e+02 6.74372766e+01 2.81740898e-01 4.89293202e-02 -1.94349724e+01
4.65150691e-04 -7.16710185e+02 6.87122494e+01 2.50480819e-01 4.73737359e-02 -1.94120269e+01
4.64048628e-04 -7.16709604e+02 6.94374247e+01 2.45312997e-01 4.67398434e-02 -1.93869288e+01
4.64595282e-04 -7.16701192e+02 6.72641332e+01 2.74697485e-01 4.90585484e-02 -1.94423103e+01
4.65894207e-04 -7.16697351e+02 6.94973227e+01 2.68822521e-01 4.54969133e-02 -1.93705887e+01
4.66581152e-04 -7.16691594e+02 6.87407815e+01 2.51905475e-01 4.67329590e-02 -1.94092538e+01
4.66554407e-04 -7.16690802e+02 6.84872247e+01 2.90504875e-01 4.79422269e-02 -1.93931783e+01
4.65288495e-04 -7.16690373e+02 6.85815738e+01 2.83022033e-01 4.78159950e-02 -1.93890928e+01
4.64221531e-04 -7.16688738e+02 6.93872014e+01 2.55353435e-01 4.71004407e-02 -1.93803177e+01
4.63555831e-04 -7.16686588e+02 6.80323186e+01 2.47361409e-01 4.75791515e-02 -1.94289065e+01
4.62854552e-04 -7.16685110e+02 6.99592368e+01 2.68000473e-01 4.52679415e-02 -1.93520909e+01
4.63348875e-04 -7.16677810e+02 6.91198784e+01 2.95127235e-01 4.67786132e-02 -1.93712097e+01
4.66096898e-04 -7.16666646e+02 6.95608611e+01 2.49253655e-01 4.61559009e-02 -1.93682934e+01
4.67733317e-04 -7.16664115e+02 6.81048125e+01 2.70316928e-01 4.84452533e-02 -1.94225565e+01
4.66890754e-04 -7.16663595e+02 6.80711105e+01 2.38136066e-01 4.83264228e-02 -1.94300600e+01
4.67704848e-04 -7.16653998e+02 6.95684777e+01 2.89424223e-01 4.63964710e-02 -1.93589993e+01
4.69192295e-04 -7.16650568e+02 6.75401012e+01 2.59214228e-01 4.88883869e-02 -1.94431240e+01
4.71266507e-04 -7.16638554e+02 6.80919047e+01 2.93694208e-01 4.81892793e-02 -1.94094535e+01
4.79824531e-04 -7.16608115e+02 6.72573922e+01 2.73380344e-01 4.91355999e-02 -1.94386834e+01
4.86277189e-04 -7.16604952e+02 6.90163815e+01 2.55368270e-01 4.76055084e-02 -1.93925744e+01
4.86287375e-04 -7.16601418e+02 6.83234478e+01 2.74437540e-01 4.77984400e-02 -1.94162684e+01
4.89210310e-04 -7.16586365e+02 6.83616101e+01 2.84682385e-01 4.70734074e-02 -1.94039087e+01
4.91686617e-04 -7.16584608e+02 6.97427974e+01 2.39821746e-01 4.57223619e-02 -1.93760155e+01
4.91956427e-04 -7.16578620e+02 6.95556429e+01 2.85801789e-01 4.62133333e-02 -1.93581591e+01
4.95087020e-04 -7.16565301e+02 7.04458106e+01 2.62021452e-01 4.49294182e-02 -1.93484583e+01
4.97636183e-04 -7.16561652e+02 7.03327050e+01 2.70374445e-01 4.50658546e-02 -1.93415463e+01
4.98061162e-04 -7.16556941e+02 6.77595360e+01 2.66673167e-01 4.88423573e-02 -1.94203250e+01
4.97887987e-04 -7.16555687e+02 7.03593922e+01 2.61749776e-01 4.55101246e-02 -1.93471424e+01
4.96789764e-04 -7.16554701e+02 6.96462990e+01 2.84472024e-01 4.65320673e-02 -1.93630167e+01
4.95416121e-04 -7.16554569e+02 6.75332030e+01 2.69864337e-01 4.90240049e-02 -1.94275262e+01
4.94806682e-04 -7.16550512e+02 6.92578124e+01 2.71513210e-01 4.68941311e-02 -1.93871386e+01
4.94712686e-04 -7.16548291e+02 6.98011799e+01 2.58080435e-01 4.52995037e-02 -1.93705053e+01
4.96936199e-04 -7.16534931e+02 6.87534990e+01 2.35976370e-01 4.75356917e-02 -1.94041449e+01
5.02952998e-04 -7.16517595e+02 6.84734790e+01 2.37051579e-01 4.73422191e-02 -1.94188989e+01
5.06472249e-04 -7.16514257e+02 6.77668517e+01 2.51165019e-01 4.79185906e-02 -1.94334144e+01
5.06347529e-04 -7.16511431e+02 6.74517982e+01 2.63779467e-01 4.93167713e-02 -1.94349538e+01
5.08491170e-04 -7.16499188e+02 6.86983186e+01 2.67125813e-01 4.65014371e-02 -1.94017270e+01
5.10810427e-04 -7.16495640e+02 6.81243384e+01 2.64553366e-01 4.86423068e-02 -1.94206591e+01
5.10477096e-04 -7.16493835e+02 6.99072366e+01 2.70683702e-01 4.62256269e-02 -1.93624894e+01
5.11761992e-04 -7.16483980e+02 6.99817922e+01 2.84046925e-01 4.54391141e-02 -1.93485632e+01
5.13831712e-04 -7.16479089e+02 6.74150351e+01 2.58205645e-01 4.86511582e-02 -1.94446384e+01
5.14438389e-04 -7.16474963e+02 6.93655158e+01 2.85863280e-01 4.69177521e-02 -1.93695056e+01
5.15029316e-04 -7.16470139e+02 6.73941593e+01 2.71859497e-01 4.89598913e-02 -1.94414626e+01
5.15388348e-04 -7.16466910e+02 7.01649990e+01 2.82008707e-01 4.51628976e-02 -1.93483899e+01
5.14920645e-04 -7.16465297e+02 6.95581821e+01 2.68174153e-01 4.56474661e-02 -1.93771357e+01
5.16241461e-04 -7.16455156e+02 6.78043247e+01 2.68224467e-01 4.80849381e-02 -1.94321594e+01
5.17187320e-04 -7.16454955e+02 7.01728649e+01 2.47069660e-01 4.52891932e-02 -1.93603436e+01
5.15710918e-04 -7.16454218e+02 6.88632421e+01 2.70393601e-01 4.75661696e-02 -1.93837183e+01
5.14914741e-04 -7.16451391e+02 6.98081929e+01 2.44280401e-01 4.57514796e-02 -1.93755614e+01
5.14248953e-04 -7.16450149e+02 7.00342415e+01 2.59479471e-01 4.54433729e-02 -1.93656328e+01
5.14006588e-04 -7.16445683e+02 6.82418472e+01 2.78378298e-01 4.73891338e-02 -1.94146710e+01
5.13572753e-04 -7.16445177e+02 6.76441809e+01 2.60086828e-01 4.80896040e-02 -1.94353577e+01
5.23163854e-04 -7.16402477e+02 6.73465348e+01 2.75922010e-01 4.91684188e-02 -1.94359686e+01
5.33312477e-04 -7.16399642e+02 6.87890359e+01 2.43820260e-01 4.68824719e-02 -1.94095548e+01
5.33990199e-04 -7.16393290e+02 6.91442153e+01 2.47126303e-01 4.73103187e-02 -1.93884127e+01
5.36796907e-04 -7.16382521e+02 6.97065935e+01 2.45493872e-01 4.62340170e-02 -1.93682791e+01
5.39946409e-04 -7.16374920e+02 6.86351486e+01 2.79323230e-01 4.80095570e-02 -1.93958917e+01
5.40403255e-04 -7.16374160e+02 6.78414340e+01 2.40554747e-01 4.85766485e-02 -1.94304917e+01
5.38927328e-04 -7.16373734e+02 6.94220494e+01 2.88135115e-01 4.66094235e-02 -1.93636381e+01
5.41804143e-04 -7.16356927e+02 6.80132728e+01 2.48817038e-01 4.87339696e-02 -1.94259519e+01
5.45976373e-04 -7.16351672e+02 6.94340714e+01 2.60048855e-01 4.55977411e-02 -1.93760232e+01
5.48288429e-04 -7.16341837e+02 6.91095588e+01 2.63102778e-01 4.61939648e-02 -1.93935693e+01
5.50245093e-04 -7.16337872e+02 6.85505483e+01 2.39184386e-01 4.74432437e-02 -1.94052902e+01
5.49555592e-04 -7.16337685e+02 6.81422942e+01 2.51887045e-01 4.73441832e-02 -1.94229201e+01
5.49785700e-04 -7.16330392e+02 6.79144046e+01 2.44209466e-01 4.81217004e-02 -1.94350010e+01
5.52347137e-04 -7.16321739e+02 6.90787674e+01 2.41358395e-01 4.72380444e-02 -1.93964812e+01
5.52896290e-04 -7.16321730e+02 6.80325987e+01 2.91788599e-01 4.82364245e-02 -1.94091155e+01
5.52535328e-04 -7.16316396e+02 6.89822033e+01 2.68044839e-01 4.69265468e-02 -1.93983470e+01
5.53280306e-04 -7.16312377e+02 6.89474961e+01 2.35714836e-01 4.71652382e-02 -1.94022046e+01
5.52744677e-04 -7.16311674e+02 7.04826869e+01 2.62115435e-01 4.50142402e-02 -1.93429529e+01
5.51616605e-04 -7.16309808e+02 6.78998306e+01 2.41976956e-01 4.86196446e-02 -1.94329910e+01
5.50764153e-04 -7.16308111e+02 6.72493690e+01 2.62741565e-01 4.89976367e-02 -1.94455185e+01
5.49629121e-04 -7.16307278e+02 6.74831888e+01 2.52378138e-01 4.85340818e-02 -1.94384115e+01
5.48729030e-04 -7.16304735e+02 6.87214657e+01 2.37931932e-01 4.74980725e-02 -1.94021729e+01
5.47994086e-04 -7.16303302e+02 6.95728839e+01 2.62283230e-01 4.64140316e-02 -1.93800758e+01
5.47976677e-04 -7.16298149e+02 6.75991033e+01 2.69495144e-01 4.90320876e-02 -1.94358427e+01
5.50566381e-04 -7.16287240e+02 6.93577335e+01 2.75816807e-01 4.68800842e-02 -1.93801536e+01
5.53246315e-04 -7.16281760e+02 6.88072696e+01 2.52147206e-01 4.67307323e-02 -1.93910529e+01
5.53251801e-04 -7.16280557e+02 6.75136734e+01 2.72371851e-01 4.85834879e-02 -1.94286876e+01
5.51867152e-04 -7.16280116e+02 6.96391393e+01 2.51348289e-01 4.62438558e-02 -1.93806967e+01
5.51169561e-04 -7.16276435e+02 6.98802775e+01 2.86694559e-01 4.59668899e-02 -1.93529264e+01
5.50598600e-04 -7.16275530e+02 6.75771088e+01 2.66701157e-01 4.90793562e-02 -1.94372316e+01
5.50760968e-04 -7.16269199e+02 6.84687650e+01 2.74652904e-01 4.80344563e-02 -1.94086964e+01
5.54244469e-04 -7.16256296e+02 6.98941461e+01 2.83597664e-01 4.54878502e-02 -1.93587533e+01
5.56147298e-04 -7.16255647e+02 6.91029900e+01 2.61987478e-01 4.72727674e-02 -1.93795092e+01
5.55293366e-04 -7.16252716e+02 6.96616139e+01 2.42782713e-01 4.62622808e-02 -1.93792889e+01
5.59577064e-04 -7.16233711e+02 6.87265090e+01 2.35443663e-01 4.74790145e-02 -1.94074749e+01
5.63700493e-04 -7.16231288e+02 7.01189552e+01 2.47761651e-01 4.54345218e-02 -1.93573127e+01
5.63842312e-04 -7.16226556e+02 6.93706356e+01 2.74256628e-01 4.64490603e-02 -1.93831367e+01
5.63885763e-04 -7.16224473e+02 6.93792282e+01 2.61746489e-01 4.70825557e-02 -1.93790722e+01
5.63621992e-04 -7.16220838e+02 6.85326108e+01 2.42133022e-01 4.70351685e-02 -1.94150095e+01
5.64731471e-04 -7.16213894e+02 6.99513190e+01 2.74777484e-01 4.57740273e-02 -1.93625452e+01
5.66660238e-04 -7.16207362e+02 7.01473803e+01 2.48574621e-01 4.56184065e-02 -1.93582556e+01
5.66657618e-04 -7.16207237e+02 6.76868756e+01 2.42031040e-01 4.87099752e-02 -1.94372308e+01
5.67495773e-04 -7.16197773e+02 6.77671859e+01 2.86318853e-01 4.82989929e-02 -1.94188978e+01
5.69645997e-04 -7.16193001e+02 6.89313867e+01 2.65778127e-01 4.75385956e-02 -1.93966770e+01
5.73179280e-04 -7.16178795e+02 6.80134081e+01 2.75656741e-01 4.75540673e-02 -1.94139234e+01
5.77965479e-04 -7.16169684e+02 6.84677521e+01 2.49820100e-01 4.70069119e-02 -1.94156164e+01
5.78815850e-04 -7.16169179e+02 6.98090706e+01 2.78428395e-01 4.56108279e-02 -1.93535991e+01
5.78944038e-04 -7.16162597e+02 6.75543604e+01 2.66636700e-01 4.84707301e-02 -1.94289356e+01
5.80682892e-04 -7.16156523e+02 6.79553808e+01 2.83758201e-01 4.86327678e-02 -1.94164636e+01
5.95257417e-04 -7.16106967e+02 6.76301861e+01 2.56963604e-01 4.84217967e-02 -1.94398385e+01
6.08360412e-04 -7.16105707e+02 6.77772614e+01 2.62250522e-01 4.83988389e-02 -1.94353510e+01
6.08945908e-04 -7.16098401e+02 6.81035694e+01 2.91405445e-01 4.78519962e-02 -1.94079246e+01
6.10476903e-04 -7.16094021e+02 6.94044820e+01 2.37916214e-01 4.65228843e-02 -1.93864574e+01
6.10956874e-04 -7.16090172e+02 6.92905120e+01 2.48425911e-01 4.59116645e-02 -1.93872834e+01
6.15621517e-04 -7.16072230e+02 7.01135860e+01 2.50733106e-01 4.56110461e-02 -1.93559303e+01
6.26808025e-04 -7.16047572e+02 6.96791732e+01 2.80083883e-01 4.55238755e-02 -1.93608138e+01
6.33404633e-04 -7.16044487e+02 6.85397618e+01 2.66036984e-01 4.79536804e-02 -1.94096403e+01
6.34454366e-04 -7.16037614e+02 6.85356452e+01 2.69737695e-01 4.81710719e-02 -1.93998048e+01
6.38017968e-04 -7.16026647e+02 6.96112405e+01 2.59886359e-01 4.67143312e-02 -1.93716857e+01
6.40887491e-04 -7.16021959e+02 6.87523222e+01 2.92560181e-01 4.74170545e-02 -1.93898575e+01
6.41687703e-04 -7.16017496e+02 6.95171711e+01 2.87999014e-01 4.59738054e-02 -1.93617527e+01
6.41240149e-04 -7.16016694e+02 6.81973369e+01 2.47973410e-01 4.73556319e-02 -1.94219872e+01
6.40688951e-04 -7.16012564e+02 6.83614918e+01 2.43556545e-01 4.76281059e-02 -1.94222963e+01
6.43115167e-04 -7.16002500e+02 6.82990240e+01 2.69585684e-01 4.81337955e-02 -1.94166173e+01
6.45226683e-04 -7.15999330e+02 6.88882706e+01 2.94473900e-01 4.70947011e-02 -1.93845806e+01
6.45112692e-04 -7.15996198e+02 6.88962414e+01 2.89165844e-01 4.66383301e-02 -1.93879593e+01
6.51105524e-04 -7.15974298e+02 6.75913515e+01 2.47117367e-01 4.87562594e-02 -1.94361124e+01
6.57637157e-04 -7.15969465e+02 6.86226627e+01 2.85136958e-01 4.74643618e-02 -1.93872363e+01
6.60185743e-04 -7.15959924e+02 6.83300124e+01 2.53409538e-01 4.80077507e-02 -1.94055931e+01
6.63750684e-04 -7.15952032e+02 6.86113047e+01 2.64429160e-01 4.80540745e-02 -1.94039670e+01
6.67248134e-04 -7.15942764e+02 6.95476141e+01 2.88311506e-01 4.59868772e-02 -1.93677512e+01
6.68210667e-04 -7.15942472e+02 6.91844068e+01 2.36554843e-01 4.66219795e-02 -1.93941082e+01
6.66961053e-04 -7.15939853e+02 6.94974724e+01 2.71696323e-01 4.67133053e-02 -1.93763152e+01
6.66672555e-04 -7.15936682e+02 6.86889096e+01 2.94433455e-01 4.73160444e-02 -1.93904798e+01
6.71143448e-04 -7.15919898e+02 6.85297247e+01 2.85658483e-01 4.73879038e-02 -1.93902736e+01
6.76172733e-04 -7.15915031e+02 6.94077855e+01 2.87782999e-01 4.65467566e-02 -1.93727695e+01
6.78698197e-04 -7.15905802e+02 6.76126885e+01 2.69310957e-01 4.83213223e-02 -1.94275904e+01
6.81440845e-04 -7.15900296e+02 6.74396109e+01 2.70238417e-01 4.86975956e-02 -1.94339682e+01
6.81708970e-04 -7.15898353e+02 6.96325844e+01 2.81120313e-01 4.56050386e-02 -1.93661403e+01
6.82728177e-04 -7.15890666e+02 6.87532410e+01 2.89168332e-01 4.67562090e-02 -1.93872992e+01
6.83766616e-04 -7.15888644e+02 6.88514863e+01 2.63884815e-01 4.72930888e-02 -1.93846469e+01
6.82372052e-04 -7.15888093e+02 6.74610852e+01 2.69799041e-01 4.87834378e-02 -1.94391077e+01
6.80745971e-04 -7.15886760e+02 6.77463336e+01 2.52692762e-01 4.83427742e-02 -1.94376487e+01
6.79264854e-04 -7.15885793e+02 6.87340326e+01 2.51629542e-01 4.66189135e-02 -1.93972949e+01
6.78319463e-04 -7.15882892e+02 6.84641369e+01 2.92097655e-01 4.72964211e-02 -1.93961528e+01
6.77336266e-04 -7.15882037e+02 6.91157909e+01 2.51186030e-01 4.64789640e-02 -1.93819541e+01
6.75600785e-04 -7.15881367e+02 7.00769965e+01 2.56752095e-01 4.55182139e-02 -1.93531383e+01
6.74112496e-04 -7.15879792e+02 6.84801197e+01 2.42555496e-01 4.72585023e-02 -1.94175059e+01
6.74740943e-04 -7.15872859e+02 6.89700213e+01 2.91251262e-01 4.68224495e-02 -1.93854845e+01
6.75408207e-04 -7.15871148e+02 6.90616637e+01 2.38504158e-01 4.67883445e-02 -1.93996185e+01
6.75885457e-04 -7.15864800e+02 6.90871365e+01 2.49017964e-01 4.64391561e-02 -1.93845175e+01
6.76405401e-04 -7.15862946e+02 6.92738025e+01 2.47499842e-01 4.69984949e-02 -1.93893786e+01
6.74792742e-04 -7.15862918e+02 6.86975917e+01 2.49363599e-01 4.66136541e-02 -1.94040436e+01
6.76438964e-04 -7.15851450e+02 6.79891657e+01 2.41266972e-01 4.81610238e-02 -1.94314754e+01
6.78366990e-04 -7.15850537e+02 6.94186087e+01 2.86691512e-01 4.64183866e-02 -1.93738056e+01
6.81508238e-04 -7.15835610e+02 6.89180127e+01 2.37256259e-01 4.70736624e-02 -1.94033733e+01
6.85494304e-04 -7.15832165e+02 6.89184861e+01 2.77706616e-01 4.74174851e-02 -1.93928683e+01
6.87666018e-04 -7.15822648e+02 7.01749654e+01 2.65009818e-01 4.55816785e-02 -1.93486208e+01
6.91507054e-04 -7.15814364e+02 6.78183754e+01 2.80005889e-01 4.84911747e-02 -1.94255408e+01
6.96798436e-04 -7.15800775e+02 6.91309396e+01 2.43475843e-01 4.62284797e-02 -1.93929023e+01
6.99668917e-04 -7.15799441e+02 6.99572448e+01 2.67312945e-01 4.52222362e-02 -1.93612571e+01
7.00197016e-04 -7.15792622e+02 7.01849428e+01 2.56977868e-01 4.56319702e-02 -1.93534057e+01
7.02698737e-04 -7.15785653e+02 6.95947570e+01 2.54145075e-01 4.56787657e-02 -1.93788178e+01
7.03619686e-04 -7.15783336e+02 6.80633122e+01 2.60054141e-01 4.79752577e-02 -1.94276482e+01
7.02546650e-04 -7.15782048e+02 6.99962184e+01 2.59550528e-01 4.51713564e-02 -1.93596433e+01
7.01603293e-04 -7.15779369e+02 6.85584742e+01 2.77520562e-01 4.72683805e-02 -1.94064721e+01
7.04635751e-04 -7.15766805e+02 6.77044395e+01 2.55485641e-01 4.89344968e-02 -1.94291659e+01
7.06972487e-04 -7.15766053e+02 7.00371207e+01 2.59519484e-01 4.55963156e-02 -1.93640696e+01
7.05748126e-04 -7.15763617e+02 6.96040587e+01 2.42166802e-01 4.58651924e-02 -1.93776977e+01
7.05234472e-04 -7.15760854e+02 6.80130848e+01 2.66640568e-01 4.79488888e-02 -1.94266124e+01
7.04357758e-04 -7.15759448e+02 6.94119102e+01 2.73679611e-01 4.67528202e-02 -1.93671903e+01
7.02713580e-04 -7.15758872e+02 6.81519467e+01 2.80250388e-01 4.80929863e-02 -1.94039548e+01
7.00601489e-04 -7.15758813e+02 6.92143777e+01 2.79476267e-01 4.61267331e-02 -1.93726767e+01
6.98475363e-04 -7.15758295e+02 6.84016742e+01 2.47712293e-01 4.75058974e-02 -1.94202904e+01
6.98982812e-04 -7.15750719e+02 6.77795832e+01 2.84292395e-01 4.83014724e-02 -1.94204788e+01
7.00985408e-04 -7.15745909e+02 6.99209283e+01 2.71475539e-01 4.53604096e-02 -1.93541797e+01
7.09867111e-04 -7.15719056e+02 6.97379503e+01 2.46354968e-01 4.60320507e-02 -1.93762382e+01
7.18485900e-04 -7.15714941e+02 6.95757059e+01 2.53016408e-01 4.66342910e-02 -1.93720404e+01
7.17708212e-04 -7.15714563e+02 6.88505159e+01 2.71448649e-01 4.64602120e-02 -1.93963828e+01
7.18050390e-04 -7.15707345e+02 6.73813558e+01 2.65869102e-01 4.90321591e-02 -1.94410831e+01
7.20366743e-04 -7.15701461e+02 6.73601861e+01 2.65183521e-01 4.90174340e-02 -1.94412892e+01
7.20945468e-04 -7.15699076e+02 6.85300076e+01 2.39603995e-01 4.78071007e-02 -1.94125428e+01
7.27092841e-04 -7.15677935e+02 6.80741226e+01 2.41603299e-01 4.83376762e-02 -1.94243168e+01
7.33112605e-04 -7.15675820e+02 6.88068203e+01 2.83454358e-01 4.66613451e-02 -1.93848714e+01
7.32226398e-04 -7.15673698e+02 6.93200926e+01 2.90530423e-01 4.65693045e-02 -1.93728784e+01
7.31974446e-04 -7.15669855e+02 6.87457183e+01 2.43881361e-01 4.67176361e-02 -1.94058198e+01
7.31697318e-04 -7.15667797e+02 6.93303688e+01 2.83345773e-01 4.61560201e-02 -1.93778070e+01
7.31018491e-04 -7.15665057e+02 6.83430624e+01 2.54967951e-01 4.83464617e-02 -1.94135952e+01
7.32926844e-04 -7.15655946e+02 6.87347932e+01 2.56305245e-01 4.75403283e-02 -1.94074227e+01
7.36774933e-04 -7.15647923e+02 6.82546597e+01 2.64757809e-01 4.80988023e-02 -1.94043123e+01
7.37743213e-04 -7.15646648e+02 6.82816837e+01 2.51744314e-01 4.73197034e-02 -1.94204217e+01
7.38217357e-04 -7.15639993e+02 6.83154061e+01 2.80828725e-01 4.78491163e-02 -1.94115624e+01
7.39056735e-04 -7.15637710e+02 6.81478745e+01 2.58643523e-01 4.85799312e-02 -1.94188466e+01
7.38981394e-04 -7.15633545e+02 6.82054352e+01 2.83874300e-01 4.80788996e-02 -1.94122259e+01
7.42333616e-04 -7.15622031e+02 6.86380701e+01 2.67921412e-01 4.67003325e-02 -1.94034678e+01
7.45015811e-04 -7.15619644e+02 6.95927619e+01 2.85310681e-01 4.63909149e-02 -1.93654074e+01
7.47623945e-04 -7.15608417e+02 7.01021573e+01 2.53230666e-01 4.53240476e-02 -1.93567115e+01
7.49444189e-04 -7.15608093e+02 6.84241029e+01 2.78010182e-01 4.70680554e-02 -1.94061564e+01
7.47365215e-04 -7.15607317e+02 6.98040972e+01 2.74316596e-01 4.54577418e-02 -1.93576123e+01
7.45452839e-04 -7.15606562e+02 6.82572947e+01 2.78962448e-01 4.74194363e-02 -1.94027320e+01
7.44011119e-04 -7.15604534e+02 6.89404632e+01 2.38042420e-01 4.71167421e-02 -1.93976236e+01
7.43420481e-04 -7.15601496e+02 6.82810013e+01 2.79579459e-01 4.75859881e-02 -1.94001329e+01
7.43108349e-04 -7.15598718e+02 6.87697214e+01 2.77766622e-01 4.77349697e-02 -1.93938854e+01
7.42200855e-04 -7.15597283e+02 6.82995908e+01 2.74667984e-01 4.74534801e-02 -1.94143403e+01
7.40424797e-04 -7.15596854e+02 6.83880844e+01 2.60694168e-01 4.77805366e-02 -1.94176962e+01
7.39283523e-04 -7.15593715e+02 6.82497311e+01 2.86879146e-01 4.74877958e-02 -1.94061238e+01
7.45718076e-04 -7.15572971e+02 6.89884585e+01 2.48973752e-01 4.62974318e-02 -1.93950613e+01
7.52311675e-04 -7.15569349e+02 6.85863913e+01 2.85640532e-01 4.76511280e-02 -1.93902381e+01
7.52837499e-04 -7.15564920e+02 6.93462838e+01 2.76647186e-01 4.60276335e-02 -1.93799500e+01
7.52660464e-04 -7.15563160e+02 6.86940489e+01 2.91908644e-01 4.74259457e-02 -1.93900802e+01
7.60603009e-04 -7.15537434e+02 6.91554569e+01 2.85593705e-01 4.68519400e-02 -1.93821901e+01
7.68351541e-04 -7.15536067e+02 6.86550799e+01 2.46839191e-01 4.71708691e-02 -1.93986786e+01
7.69579454e-04 -7.15527602e+02 6.86145801e+01 2.84117256e-01 4.73461427e-02 -1.94008604e+01
7.71702507e-04 -7.15523888e+02 6.95560058e+01 2.77435900e-01 4.59533859e-02 -1.93736766e+01
7.71231576e-04 -7.15522165e+02 6.86799722e+01 2.65678337e-01 4.76722359e-02 -1.94055886e+01
7.69504046e-04 -7.15521716e+02 6.86242550e+01 2.66463098e-01 4.66482677e-02 -1.94006452e+01
7.72057101e-04 -7.15508925e+02 6.97191046e+01 2.53990228e-01 4.55067545e-02 -1.93721567e+01
7.74658076e-04 -7.15508293e+02 6.96382038e+01 2.74038208e-01 4.58533367e-02 -1.93598472e+01
7.78723623e-04 -7.15491868e+02 6.79958090e+01 2.71728412e-01 4.86720077e-02 -1.94199208e+01
7.84025054e-04 -7.15488005e+02 6.79481841e+01 2.50546470e-01 4.86783958e-02 -1.94273168e+01
7.84581215e-04 -7.15483795e+02 6.87385136e+01 2.88139103e-01 4.75457101e-02 -1.93886814e+01
7.85091050e-04 -7.15480049e+02 6.99152818e+01 2.59495450e-01 4.61313312e-02 -1.93614255e+01
7.84644356e-04 -7.15478275e+02 6.74322304e+01 2.59900902e-01 4.89303795e-02 -1.94412031e+01
7.83526650e-04 -7.15476244e+02 6.93084672e+01 2.71005122e-01 4.60556123e-02 -1.93712139e+01
7.82533451e-04 -7.15474156e+02 6.93065748e+01 2.73989628e-01 4.58715809e-02 -1.93755051e+01
7.80990766e-04 -7.15473535e+02 6.76875268e+01 2.66846530e-01 4.85288852e-02 -1.94345593e+01
7.80395089e-04 -7.15469032e+02 6.85181464e+01 2.68783833e-01 4.68110058e-02 -1.94037776e+01
7.83652659e-04 -7.15458570e+02 6.84279658e+01 2.49272018e-01 4.70802254e-02 -1.94145385e+01
7.85134736e-04 -7.15458570e+02 6.99099282e+01 2.62106902e-01 4.54605021e-02 -1.93665278e+01
7.84883138e-04 -7.15452565e+02 6.92766431e+01 2.52451550e-01 4.69614856e-02 -1.93795553e+01
7.84938396e-04 -7.15451765e+02 6.84580852e+01 2.66658976e-01 4.69171762e-02 -1.94027281e+01
7.88351405e-04 -7.15437284e+02 6.90269537e+01 2.85259527e-01 4.71149597e-02 -1.93771387e+01
7.92416619e-04 -7.15434772e+02 6.97205902e+01 2.60594250e-01 4.59090258e-02 -1.93747822e+01
7.92223733e-04 -7.15431117e+02 6.78811080e+01 2.53055292e-01 4.80152883e-02 -1.94320421e+01
7.95745142e-04 -7.15419277e+02 6.88119363e+01 2.58348926e-01 4.76538477e-02 -1.93918208e+01
7.97853376e-04 -7.15419135e+02 6.89422022e+01 2.46815675e-01 4.67589814e-02 -1.93902183e+01
7.95879519e-04 -7.15417577e+02 6.98350592e+01 2.77426422e-01 4.55196889e-02 -1.93619932e+01
7.94639064e-04 -7.15415599e+02 6.87685553e+01 2.81333204e-01 4.67159704e-02 -1.93949627e+01
7.94125206e-04 -7.15412217e+02 6.94429352e+01 2.58955061e-01 4.57078221e-02 -1.93777115e+01
7.95332330e-04 -7.15405913e+02 6.87726332e+01 2.59705609e-01 4.66104032e-02 -1.93924818e+01
7.96564015e-04 -7.15402459e+02 6.84835882e+01 2.47800939e-01 4.72260993e-02 -1.94161859e+01
7.95811019e-04 -7.15401146e+02 6.82610084e+01 2.62234639e-01 4.72878792e-02 -1.94083673e+01
7.94652104e-04 -7.15398719e+02 6.90624224e+01 2.43070703e-01 4.64267643e-02 -1.93964147e+01
7.95700115e-04 -7.15391865e+02 6.85961712e+01 2.59987266e-01 4.80416838e-02 -1.94027234e+01
7.97598698e-04 -7.15387291e+02 6.85131069e+01 2.87503317e-01 4.78127081e-02 -1.93962698e+01
7.96884106e-04 -7.15386997e+02 7.01952965e+01 2.65320482e-01 4.54632054e-02 -1.93541772e+01
7.98774981e-04 -7.15375926e+02 6.83273824e+01 2.66298318e-01 4.72334275e-02 -1.94147344e+01
8.03767008e-04 -7.15367866e+02 6.82395350e+01 2.76848317e-01 4.73378664e-02 -1.94063428e+01
8.04863048e-04 -7.15366529e+02 6.92788734e+01 2.69421805e-01 4.71138857e-02 -1.93788878e+01
8.03350091e-04 -7.15364974e+02 6.94074144e+01 2.63767316e-01 4.68970924e-02 -1.93733300e+01
8.02581637e-04 -7.15361789e+02 6.91017730e+01 2.52233890e-01 4.72948546e-02 -1.93915782e+01
8.01766248e-04 -7.15360349e+02 6.92167182e+01 2.84662368e-01 4.61727144e-02 -1.93771046e+01
8.01303649e-04 -7.15356292e+02 6.91337919e+01 2.71895280e-01 4.70850545e-02 -1.93760410e+01
8.00909635e-04 -7.15354674e+02 6.93640523e+01 2.88641327e-01 4.63769484e-02 -1.93724294e+01
8.00416414e-04 -7.15350871e+02 6.80410782e+01 2.72778803e-01 4.76836343e-02 -1.94203842e+01
7.99581432e-04 -7.15350102e+02 6.87438094e+01 2.43392305e-01 4.74524405e-02 -1.94081278e+01
7.97722724e-04 -7.15348870e+02 6.97499689e+01 2.55938495e-01 4.59670930e-02 -1.93625556e+01
7.97048112e-04 -7.15345142e+02 6.82898736e+01 2.41784856e-01 4.75059863e-02 -1.94176334e+01
7.99041139e-04 -7.15337232e+02 6.92019463e+01 2.63153541e-01 4.69767734e-02 -1.93897244e+01
8.01845648e-04 -7.15331472e+02 6.79392547e+01 2.62598771e-01 4.85686257e-02 -1.94173734e+01
8.02487630e-04 -7.15328969e+02 6.83119311e+01 2.86657984e-01 4.76322329e-02 -1.94068603e+01
8.00846956e-04 -7.15328908e+02 6.98497107e+01 2.73360549e-01 4.54805087e-02 -1.93633383e+01
7.99050775e-04 -7.15326805e+02 6.85648043e+01 2.41059690e-01 4.74352126e-02 -1.94142985e+01
8.02946546e-04 -7.15312574e+02 6.89919309e+01 2.77437117e-01 4.64004482e-02 -1.93896355e+01
8.08985778e-04 -7.15305127e+02 6.94185905e+01 2.63528365e-01 4.64860068e-02 -1.93686732e+01
8.11260970e-04 -7.15300294e+02 6.86300116e+01 2.90202797e-01 4.71829148e-02 -1.93940206e+01
8.12767209e-04 -7.15294763e+02 6.82289394e+01 2.48188276e-01 4.76882950e-02 -1.94239804e+01
8.12706546e-04 -7.15293780e+02 6.80718978e+01 2.84243165e-01 4.79667380e-02 -1.94147745e+01
8.13290439e-04 -7.15286683e+02 6.82426023e+01 2.69245635e-01 4.76630811e-02 -1.94183933e+01
8.22460104e-04 -7.15264808e+02 6.94730579e+01 2.67085249e-01 4.59746070e-02 -1.93801244e+01
8.29782799e-04 -7.15262182e+02 6.80936677e+01 2.54218687e-01 4.85531543e-02 -1.94194463e+01
8.31479415e-04 -7.15254082e+02 6.97741284e+01 2.67492301e-01 4.63323180e-02 -1.93653229e+01
8.33497459e-04 -7.15250665e+02 6.89276994e+01 2.90034820e-01 4.68619726e-02 -1.93804605e+01
8.33566352e-04 -7.15247261e+02 6.89441161e+01 2.89054440e-01 4.68308856e-02 -1.93795305e+01
8.32286231e-04 -7.15247080e+02 6.99307283e+01 2.75049533e-01 4.54271581e-02 -1.93547679e+01
8.31661739e-04 -7.15242113e+02 6.85969813e+01 2.64466943e-01 4.73807826e-02 -1.93930438e+01
8.33172887e-04 -7.15236795e+02 6.88295261e+01 2.43220904e-01 4.74404097e-02 -1.94032936e+01
8.33596913e-04 -7.15234434e+02 6.82369723e+01 2.88540425e-01 4.78588058e-02 -1.94046139e+01
8.32877852e-04 -7.15231865e+02 6.98787030e+01 2.52183726e-01 4.59722628e-02 -1.93682800e+01
8.31207800e-04 -7.15231791e+02 6.89838656e+01 2.83260124e-01 4.68873279e-02 -1.93892849e+01
8.30906657e-04 -7.15225943e+02 6.91556151e+01 2.50096665e-01 4.61407771e-02 -1.93882543e+01
8.31043413e-04 -7.15224798e+02 6.82955268e+01 2.52969645e-01 4.74863879e-02 -1.94087036e+01
8.29980548e-04 -7.15221849e+02 6.96666498e+01 2.59447349e-01 4.63117963e-02 -1.93751447e+01
8.29729542e-04 -7.15218748e+02 6.90925721e+01 2.89233650e-01 4.68222042e-02 -1.93755064e+01
8.28899107e-04 -7.15217194e+02 6.85574366e+01 2.61459343e-01 4.80394020e-02 -1.94009647e+01
8.27762670e-04 -7.15214837e+02 6.81278297e+01 2.57882756e-01 4.74468593e-02 -1.94168656e+01
8.34035282e-04 -7.15195532e+02 6.82658393e+01 2.81360589e-01 4.74755120e-02 -1.94099781e+01
8.40164444e-04 -7.15193446e+02 6.88780300e+01 2.71209616e-01 4.63937269e-02 -1.93924084e+01
8.41039775e-04 -7.15186804e+02 6.81187772e+01 2.47898956e-01 4.83572886e-02 -1.94191818e+01
8.41772957e-04 -7.15185037e+02 6.84000999e+01 2.53483359e-01 4.78021680e-02 -1.94041701e+01
8.40009040e-04 -7.15184343e+02 6.82056145e+01 2.46062524e-01 4.78725124e-02 -1.94148731e+01
8.40097473e-04 -7.15178180e+02 6.83140628e+01 2.76446445e-01 4.72175219e-02 -1.94055985e+01
8.42239615e-04 -7.15172592e+02 6.82334166e+01 2.65473338e-01 4.78473048e-02 -1.94049682e+01
8.43084108e-04 -7.15169515e+02 6.93466161e+01 2.75111238e-01 4.60151152e-02 -1.93702150e+01
8.41624093e-04 -7.15169401e+02 6.90025216e+01 2.55014668e-01 4.62967374e-02 -1.93892510e+01
8.41295298e-04 -7.15163649e+02 6.91590469e+01 2.83093815e-01 4.64273811e-02 -1.93828201e+01
8.43329330e-04 -7.15157915e+02 6.95917543e+01 2.59486341e-01 4.66126614e-02 -1.93709448e+01
8.43327185e-04 -7.15156991e+02 6.90028691e+01 2.78226716e-01 4.70889063e-02 -1.93780498e+01
8.42045784e-04 -7.15154303e+02 6.88760414e+01 2.55233113e-01 4.67995942e-02 -1.93884822e+01
8.41321198e-04 -7.15152056e+02 6.88768213e+01 2.66666191e-01 4.66635134e-02 -1.93991922e+01
8.39649308e-04 -7.15151624e+02 6.80380315e+01 2.61236291e-01 4.85294125e-02 -1.94157700e+01
8.38335563e-04 -7.15148535e+02 6.83481480e+01 2.88277135e-01 4.75504688e-02 -1.94024165e+01
8.38422997e-04 -7.15144761e+02 6.86932553e+01 2.41335518e-01 4.72992899e-02 -1.94023071e+01
8.38040914e-04 -7.15142788e+02 6.87901250e+01 2.82505985e-01 4.75682607e-02 -1.93908010e+01
8.36141047e-04 -7.15142644e+02 6.91221945e+01 2.43804529e-01 4.70640700e-02 -1.93914342e+01
8.34324940e-04 -7.15140482e+02 7.00488744e+01 2.75565842e-01 4.54623915e-02 -1.93539686e+01
8.37167660e-04 -7.15129216e+02 6.96496145e+01 2.69937967e-01 4.55547255e-02 -1.93681037e+01
8.40894180e-04 -7.15124917e+02 6.75319736e+01 2.58255136e-01 4.88858202e-02 -1.94372921e+01
8.42815094e-04 -7.15118004e+02 6.93126581e+01 2.85640226e-01 4.64431638e-02 -1.93685302e+01
8.43314754e-04 -7.15117064e+02 6.90680934e+01 2.83961415e-01 4.65997405e-02 -1.93756841e+01
8.41694442e-04 -7.15115196e+02 6.75549366e+01 2.56500572e-01 4.87759790e-02 -1.94381076e+01
8.41547307e-04 -7.15110762e+02 6.91664278e+01 2.69923280e-01 4.70242084e-02 -1.93758695e+01
8.42154480e-04 -7.15107096e+02 6.83727927e+01 2.58278977e-01 4.77993765e-02 -1.94179316e+01
8.44355778e-04 -7.15098899e+02 6.94633810e+01 2.49609983e-01 4.64658036e-02 -1.93842792e+01
8.45418251e-04 -7.15097909e+02 6.79561896e+01 2.69349720e-01 4.81232976e-02 -1.94259412e+01
8.44718410e-04 -7.15093904e+02 6.84207356e+01 2.40826153e-01 4.74768954e-02 -1.94165121e+01
8.44459819e-04 -7.15091863e+02 6.94016324e+01 2.63249514e-01 4.66804840e-02 -1.93828305e+01
8.42617085e-04 -7.15091616e+02 6.87732252e+01 2.74430427e-01 4.65679679e-02 -1.93913224e+01
8.41155093e-04 -7.15088682e+02 6.96045068e+01 2.64856225e-01 4.61603480e-02 -1.93768010e+01
8.40032731e-04 -7.15087629e+02 6.81860440e+01 2.75096961e-01 4.76861674e-02 -1.94166420e+01
8.37690443e-04 -7.15087611e+02 6.76630133e+01 2.63361903e-01 4.88763103e-02 -1.94290243e+01
8.36113262e-04 -7.15084745e+02 6.79077529e+01 2.46165684e-01 4.84220602e-02 -1.94304404e+01
8.35687024e-04 -7.15081975e+02 6.91971189e+01 2.84614275e-01 4.68072416e-02 -1.93799842e+01
8.35842737e-04 -7.15077719e+02 6.79136713e+01 2.73630184e-01 4.83535558e-02 -1.94248925e+01
8.35269138e-04 -7.15076688e+02 6.92156317e+01 2.80547364e-01 4.68641137e-02 -1.93815339e+01
8.33515125e-04 -7.15075268e+02 6.95858002e+01 2.79479004e-01 4.64720331e-02 -1.93659412e+01
8.32801652e-04 -7.15071748e+02 6.95264244e+01 2.77581406e-01 4.65126226e-02 -1.93647160e+01
8.34172234e-04 -7.15065331e+02 6.85410920e+01 2.42448428e-01 4.77640843e-02 -1.94108179e+01
8.35059521e-04 -7.15062957e+02 6.90627024e+01 2.88172519e-01 4.65395476e-02 -1.93799632e+01
8.35233484e-04 -7.15058263e+02 6.81283874e+01 2.66334157e-01 4.80382155e-02 -1.94224607e+01
8.34844707e-04 -7.15057228e+02 6.89996335e+01 2.82106274e-01 4.66847964e-02 -1.93778295e+01
8.33711538e-04 -7.15054326e+02 6.99987998e+01 2.70318144e-01 4.54096839e-02 -1.93537805e+01
8.32551642e-04 -7.15053355e+02 6.78974456e+01 2.73794370e-01 4.79282173e-02 -1.94222434e+01
8.31456054e-04 -7.15050306e+02 6.89428003e+01 2.85167261e-01 4.67957598e-02 -1.93795271e+01
8.32387092e-04 -7.15044467e+02 6.85219524e+01 2.55594207e-01 4.69126736e-02 -1.94046839e+01
8.34767761e-04 -7.15037940e+02 6.92214249e+01 2.73354171e-01 4.70982114e-02 -1.93769651e+01
8.38665052e-04 -7.15028507e+02 6.82293814e+01 2.83979536e-01 4.79161451e-02 -1.94031411e+01
8.40657586e-04 -7.15026517e+02 6.82568768e+01 2.78666795e-01 4.78855526e-02 -1.94131149e+01
8.38699103e-04 -7.15026516e+02 6.84491532e+01 2.56962115e-01 4.70719027e-02 -1.94046767e+01
8.37731314e-04 -7.15022176e+02 6.78748066e+01 2.72922625e-01 4.80860137e-02 -1.94252371e+01
8.37007930e-04 -7.15021583e+02 6.86798235e+01 2.72376058e-01 4.69844226e-02 -1.94031972e+01
8.35839303e-04 -7.15018317e+02 6.95005318e+01 2.84003600e-01 4.61385218e-02 -1.93640364e+01
8.34760549e-04 -7.15017508e+02 6.79704046e+01 2.74914385e-01 4.85019627e-02 -1.94145081e+01
8.33671920e-04 -7.15014274e+02 6.91147749e+01 2.71082089e-01 4.65606120e-02 -1.93906784e+01
8.33284713e-04 -7.15011780e+02 7.01098068e+01 2.59694948e-01 4.54193488e-02 -1.93549097e+01
8.31841491e-04 -7.15011084e+02 6.81488954e+01 2.50037810e-01 4.75518124e-02 -1.94218131e+01
8.33125305e-04 -7.15002061e+02 6.81454766e+01 2.59245817e-01 4.74431454e-02 -1.94159609e+01
8.36277185e-04 -7.14996862e+02 6.82763163e+01 2.67843122e-01 4.83374128e-02 -1.94121507e+01
8.37139966e-04 -7.14993339e+02 6.87927576e+01 2.46885036e-01 4.67553016e-02 -1.94046541e+01
8.39391453e-04 -7.14984850e+02 6.92314007e+01 2.79735658e-01 4.61371422e-02 -1.93792299e+01
8.40806290e-04 -7.14983298e+02 6.94701573e+01 2.68136485e-01 4.66709743e-02 -1.93773476e+01
8.40708331e-04 -7.14978433e+02 6.80421977e+01 2.62512510e-01 4.83749180e-02 -1.94139830e+01
8.42708631e-04 -7.14971894e+02 6.88868886e+01 2.84987952e-01 4.67133212e-02 -1.93829199e+01
8.42945540e-04 -7.14971204e+02 6.80392224e+01 2.56485603e-01 4.79188026e-02 -1.94160959e+01
8.41362237e-04 -7.14969000e+02 6.98438999e+01 2.73091326e-01 4.57318072e-02 -1.93558360e+01
8.43007367e-04 -7.14960658e+02 6.85946846e+01 2.71482327e-01 4.79375008e-02 -1.93971116e+01
8.46367281e-04 -7.14954381e+02 6.86516425e+01 2.78285137e-01 4.73036007e-02 -1.93887335e+01
8.47666730e-04 -7.14950927e+02 6.75983626e+01 2.66939566e-01 4.87928259e-02 -1.94303759e+01
8.46688380e-04 -7.14950033e+02 6.85059476e+01 2.62112923e-01 4.78671019e-02 -1.93988673e+01
8.45349120e-04 -7.14947439e+02 6.90115646e+01 2.64367252e-01 4.62649037e-02 -1.93915010e+01
8.45914239e-04 -7.14942046e+02 6.80940720e+01 2.77364298e-01 4.76324357e-02 -1.94135224e+01
8.46428019e-04 -7.14939564e+02 6.96539110e+01 2.80960725e-01 4.58993851e-02 -1.93662650e+01
8.45566719e-04 -7.14937426e+02 6.81216019e+01 2.81515304e-01 4.79035970e-02 -1.94144770e+01
8.43819297e-04 -7.14937044e+02 6.88946764e+01 2.85488330e-01 4.66727893e-02 -1.93838289e+01
8.41518793e-04 -7.14936231e+02 6.96187590e+01 2.80750181e-01 4.58899127e-02 -1.93674103e+01
8.39419578e-04 -7.14935384e+02 6.90792945e+01 2.40779592e-01 4.66865250e-02 -1.93952402e+01
8.39946444e-04 -7.14928333e+02 6.79040618e+01 2.48811386e-01 4.81998517e-02 -1.94256266e+01
8.40187763e-04 -7.14928142e+02 6.78135502e+01 2.70254099e-01 4.81654205e-02 -1.94210218e+01
8.38513778e-04 -7.14925667e+02 6.76013420e+01 2.65356215e-01 4.85148817e-02 -1.94328953e+01
8.37279767e-04 -7.14924430e+02 6.84540990e+01 2.72496379e-01 4.72902008e-02 -1.93971371e+01
8.35873000e-04 -7.14922376e+02 6.90176902e+01 2.79270205e-01 4.63448903e-02 -1.93840201e+01
8.34499999e-04 -7.14921062e+02 6.92684086e+01 2.59861292e-01 4.70514280e-02 -1.93797781e+01
8.42131361e-04 -7.14897650e+02 6.84534832e+01 2.63137769e-01 4.69702582e-02 -1.94074908e+01
8.49514279e-04 -7.14896812e+02 6.80429063e+01 2.46274368e-01 4.82927902e-02 -1.94264593e+01
8.47647831e-04 -7.14895394e+02 6.81296271e+01 2.43731115e-01 4.80609882e-02 -1.94214631e+01
8.47770691e-04 -7.14889874e+02 6.79235610e+01 2.47848484e-01 4.81230799e-02 -1.94264173e+01
8.47854003e-04 -7.14888535e+02 6.92245832e+01 2.56350075e-01 4.67785654e-02 -1.93779843e+01
8.46178318e-04 -7.14887175e+02 6.94884881e+01 2.56502848e-01 4.66519518e-02 -1.93731121e+01
8.44908909e-04 -7.14884882e+02 6.87957926e+01 2.45875358e-01 4.72329875e-02 -1.94064394e+01
8.43439451e-04 -7.14884000e+02 6.80701393e+01 2.79143955e-01 4.81355640e-02 -1.94172279e+01
8.42259692e-04 -7.14881028e+02 6.91757065e+01 2.45691211e-01 4.68085493e-02 -1.93855777e+01
8.40739726e-04 -7.14880954e+02 6.86065297e+01 2.85913125e-01 4.72093770e-02 -1.93911135e+01
8.39413303e-04 -7.14877533e+02 6.89741316e+01 2.73634907e-01 4.68767356e-02 -1.93940078e+01
8.42985342e-04 -7.14865837e+02 6.93606987e+01 2.53870203e-01 4.59218274e-02 -1.93812473e+01
8.46657024e-04 -7.14862155e+02 6.83421080e+01 2.84879148e-01 4.77587478e-02 -1.93998132e+01
8.45582328e-04 -7.14861719e+02 6.87918666e+01 2.61262666e-01 4.67664217e-02 -1.94029218e+01
8.43804321e-04 -7.14859710e+02 6.91983496e+01 2.86470396e-01 4.64745861e-02 -1.93734092e+01
8.41943778e-04 -7.14859477e+02 6.88225157e+01 2.67632491e-01 4.73899863e-02 -1.93999942e+01
8.40846163e-04 -7.14855667e+02 6.82494712e+01 2.83293896e-01 4.76131483e-02 -1.94085649e+01
8.47108780e-04 -7.14838055e+02 6.96920602e+01 2.56105413e-01 4.59356567e-02 -1.93652519e+01
8.52998900e-04 -7.14835078e+02 6.84437893e+01 2.69462722e-01 4.81329448e-02 -1.94040617e+01
8.56373163e-04 -7.14823534e+02 6.97852045e+01 2.60619960e-01 4.56671411e-02 -1.93617833e+01
8.60076106e-04 -7.14819763e+02 6.85669978e+01 2.47361459e-01 4.70171521e-02 -1.94064739e+01
8.59917478e-04 -7.14817245e+02 6.83358218e+01 2.63973679e-01 4.77827249e-02 -1.94169350e+01
8.59297030e-04 -7.14814551e+02 6.82352694e+01 2.51317087e-01 4.74847061e-02 -1.94203839e+01
8.59908372e-04 -7.14809173e+02 6.85312537e+01 2.84197244e-01 4.72081475e-02 -1.93945627e+01
8.64211065e-04 -7.14797938e+02 6.85616523e+01 2.86520888e-01 4.73701184e-02 -1.93982133e+01
8.66460177e-04 -7.14797288e+02 6.91397375e+01 2.66256302e-01 4.61914908e-02 -1.93881883e+01
8.64068508e-04 -7.14796810e+02 6.90012609e+01 2.57526340e-01 4.71286962e-02 -1.93975588e+01
8.66041012e-04 -7.14786100e+02 6.87647387e+01 2.50067542e-01 4.74998898e-02 -1.93963314e+01
8.69384474e-04 -7.14782423e+02 6.79738838e+01 2.49100445e-01 4.84481581e-02 -1.94253522e+01
8.68102968e-04 -7.14782392e+02 6.86545930e+01 2.74675525e-01 4.75963027e-02 -1.94019133e+01
8.65935601e-04 -7.14780768e+02 6.89976904e+01 2.73864496e-01 4.63417982e-02 -1.93882651e+01
8.66276276e-04 -7.14774957e+02 6.90456683e+01 2.61064501e-01 4.62192003e-02 -1.93884626e+01
8.66912728e-04 -7.14772636e+02 6.90530994e+01 2.66813581e-01 4.62491579e-02 -1.93838634e+01
8.65320026e-04 -7.14771978e+02 6.88498396e+01 2.61013764e-01 4.68640783e-02 -1.94020837e+01
8.62825867e-04 -7.14771754e+02 6.75981652e+01 2.63850685e-01 4.86419983e-02 -1.94327298e+01
8.61887435e-04 -7.14767503e+02 6.78029845e+01 2.59527159e-01 4.87394990e-02 -1.94290225e+01
8.68009576e-04 -7.14751005e+02 6.90156676e+01 2.50436256e-01 4.67960239e-02 -1.93869267e+01
8.74691896e-04 -7.14745450e+02 6.77915462e+01 2.71655563e-01 4.81848093e-02 -1.94236214e+01
8.75270224e-04 -7.14743022e+02 6.78847093e+01 2.50722968e-01 4.80970791e-02 -1.94288038e+01
8.76461334e-04 -7.14736085e+02 6.88558244e+01 2.77257747e-01 4.65715257e-02 -1.93916493e+01
8.76742630e-04 -7.14735712e+02 6.94922574e+01 2.62625017e-01 4.61359239e-02 -1.93680057e+01
8.76069247e-04 -7.14730971e+02 6.85707552e+01 2.63334161e-01 4.74170807e-02 -1.93951771e+01
8.75564210e-04 -7.14730205e+02 6.79171032e+01 2.69656720e-01 4.82058538e-02 -1.94258462e+01
8.73293932e-04 -7.14729508e+02 6.96123913e+01 2.80809038e-01 4.59276142e-02 -1.93667370e+01
8.74874246e-04 -7.14719956e+02 6.81176073e+01 2.81376554e-01 4.78297486e-02 -1.94091776e+01
8.76453946e-04 -7.14719222e+02 6.91508599e+01 2.71671125e-01 4.63597217e-02 -1.93762607e+01
8.74807974e-04 -7.14717061e+02 6.93762601e+01 2.51581455e-01 4.60699157e-02 -1.93781031e+01
8.76562960e-04 -7.14708575e+02 6.84294555e+01 2.65802423e-01 4.76225686e-02 -1.94134380e+01
8.77632906e-04 -7.14707947e+02 6.77247886e+01 2.58545398e-01 4.86314085e-02 -1.94333378e+01
8.75975769e-04 -7.14705701e+02 6.85631782e+01 2.53890667e-01 4.78979251e-02 -1.94085305e+01
8.74457869e-04 -7.14704759e+02 6.77691604e+01 2.72443136e-01 4.86023964e-02 -1.94265489e+01
8.73256628e-04 -7.14701796e+02 6.94300337e+01 2.64117374e-01 4.66100477e-02 -1.93703377e+01
8.74871677e-04 -7.14694420e+02 6.84199697e+01 2.66397418e-01 4.70584179e-02 -1.94079522e+01
8.75686430e-04 -7.14693266e+02 6.92024991e+01 2.86592657e-01 4.67017372e-02 -1.93751704e+01
8.73572882e-04 -7.14692597e+02 6.95728170e+01 2.69142998e-01 4.61120854e-02 -1.93638721e+01
8.71318997e-04 -7.14691777e+02 6.97132493e+01 2.61195354e-01 4.56035928e-02 -1.93659593e+01
8.69620233e-04 -7.14689845e+02 7.00025145e+01 2.70413416e-01 4.55842980e-02 -1.93546754e+01
8.67620414e-04 -7.14689725e+02 6.84717964e+01 2.60616830e-01 4.80782832e-02 -1.94082387e+01
8.67239980e-04 -7.14684075e+02 6.85850474e+01 2.82845901e-01 4.72404799e-02 -1.93999875e+01
8.68095324e-04 -7.14681092e+02 6.83575822e+01 2.47987347e-01 4.80624556e-02 -1.94137393e+01
8.66997609e-04 -7.14679948e+02 6.94340201e+01 2.55822792e-01 4.65935078e-02 -1.93828367e+01
8.64855522e-04 -7.14679384e+02 7.00099254e+01 2.60881760e-01 4.57203012e-02 -1.93585293e+01
8.62754165e-04 -7.14678158e+02 6.79359581e+01 2.48942375e-01 4.80832058e-02 -1.94275060e+01
8.65401626e-04 -7.14666633e+02 6.81672087e+01 2.60656258e-01 4.84258450e-02 -1.94156081e+01
8.72086337e-04 -7.14656108e+02 6.85748763e+01 2.73785553e-01 4.76747168e-02 -1.94046417e+01
8.75262006e-04 -7.14652683e+02 6.88065640e+01 2.80224378e-01 4.75145065e-02 -1.93902684e+01
8.74707898e-04 -7.14650717e+02 6.97383853e+01 2.61274456e-01 4.62346698e-02 -1.93644417e+01
8.80241440e-04 -7.14633489e+02 6.85988111e+01 2.45792142e-01 4.70620557e-02 -1.94061599e+01
8.84948155e-04 -7.14633321e+02 6.97743342e+01 2.65827222e-01 4.60562562e-02 -1.93685337e+01
8.83387193e-04 -7.14630366e+02 6.87007777e+01 2.60884854e-01 4.77324101e-02 -1.93955799e+01
8.82489594e-04 -7.14628697e+02 6.97328994e+01 2.57514704e-01 4.58829727e-02 -1.93729480e+01
8.81239764e-04 -7.14626545e+02 6.94907021e+01 2.63023367e-01 4.62229942e-02 -1.93680016e+01
8.80930881e-04 -7.14622745e+02 6.85468723e+01 2.86436819e-01 4.73988883e-02 -1.93943478e+01
8.80117929e-04 -7.14621733e+02 6.81419561e+01 2.53570231e-01 4.77906102e-02 -1.94147034e+01
8.79722197e-04 -7.14616995e+02 6.91785103e+01 2.66803154e-01 4.61581547e-02 -1.93862879e+01
8.79858758e-04 -7.14614763e+02 6.80636548e+01 2.60413520e-01 4.77743602e-02 -1.94237958e+01
8.79898215e-04 -7.14610253e+02 6.86109991e+01 2.46663064e-01 4.77211820e-02 -1.94060235e+01
8.80556058e-04 -7.14606611e+02 6.89571471e+01 2.81521618e-01 4.65289978e-02 -1.93843512e+01
8.80740484e-04 -7.14603178e+02 6.97882063e+01 2.54816503e-01 4.57941005e-02 -1.93707800e+01
8.79415819e-04 -7.14602962e+02 6.94204393e+01 2.49567877e-01 4.60088198e-02 -1.93806292e+01
8.77587737e-04 -7.14600686e+02 6.85871076e+01 2.86297092e-01 4.72521327e-02 -1.93937934e+01
8.76742853e-04 -7.14598233e+02 6.77423112e+01 2.63873145e-01 4.84790990e-02 -1.94315049e+01
8.76634035e-04 -7.14594281e+02 6.97972566e+01 2.69035364e-01 4.60664035e-02 -1.93598233e+01
8.81215386e-04 -7.14581192e+02 6.99453799e+01 2.63366491e-01 4.58676115e-02 -1.93597318e+01
8.84510776e-04 -7.14580118e+02 6.96786452e+01 2.56493441e-01 4.63159152e-02 -1.93720948e+01
8.83238465e-04 -7.14577417e+02 6.91083492e+01 2.68706631e-01 4.61857077e-02 -1.93832885e+01
8.82292249e-04 -7.14575605e+02 6.79445834e+01 2.64081966e-01 4.80062090e-02 -1.94261407e+01
8.82980679e-04 -7.14569211e+02 6.77648713e+01 2.72321860e-01 4.84649801e-02 -1.94236583e+01
8.83244081e-04 -7.14568343e+02 6.97232300e+01 2.56465810e-01 4.62529839e-02 -1.93694380e+01
8.82980077e-04 -7.14563159e+02 6.84477912e+01 2.58226523e-01 4.77401882e-02 -1.94017738e+01
8.87440679e-04 -7.14551635e+02 6.81126590e+01 2.66799854e-01 4.80081522e-02 -1.94216174e+01
8.89929856e-04 -7.14550869e+02 6.83081496e+01 2.83505966e-01 4.75999720e-02 -1.94031581e+01
8.88230893e-04 -7.14548803e+02 6.96986074e+01 2.63320791e-01 4.61639615e-02 -1.93719157e+01
8.87576394e-04 -7.14545689e+02 6.90816530e+01 2.80542366e-01 4.70568303e-02 -1.93784854e+01
8.87106917e-04 -7.14543204e+02 6.99321748e+01 2.64204697e-01 4.55360285e-02 -1.93584873e+01
8.88772765e-04 -7.14535295e+02 6.96557502e+01 2.68836042e-01 4.60600035e-02 -1.93622581e+01
8.89632023e-04 -7.14534601e+02 6.84677856e+01 2.53436938e-01 4.80059928e-02 -1.94075872e+01
8.88882619e-04 -7.14530330e+02 6.80331374e+01 2.68602853e-01 4.85010117e-02 -1.94166086e+01
8.88436266e-04 -7.14528945e+02 6.87449124e+01 2.65867079e-01 4.67439902e-02 -1.94010561e+01
8.87339997e-04 -7.14526145e+02 6.89897435e+01 2.57068967e-01 4.70745383e-02 -1.93853171e+01
8.89022776e-04 -7.14518513e+02 6.81693427e+01 2.69800412e-01 4.83650000e-02 -1.94119582e+01
8.89548631e-04 -7.14518292e+02 6.85145826e+01 2.73433059e-01 4.76604107e-02 -1.93952805e+01
8.91550177e-04 -7.14507392e+02 6.93070759e+01 2.83712209e-01 4.64441314e-02 -1.93708796e+01
8.94020240e-04 -7.14506074e+02 6.87208537e+01 2.55172292e-01 4.73645234e-02 -1.93942739e+01
8.91994520e-04 -7.14505273e+02 6.94645481e+01 2.81468241e-01 4.61569624e-02 -1.93668287e+01
8.90196459e-04 -7.14503455e+02 6.78870067e+01 2.70656243e-01 4.80388687e-02 -1.94206870e+01
8.88222620e-04 -7.14503056e+02 6.85946534e+01 2.66537131e-01 4.69927953e-02 -1.94060174e+01
8.87436441e-04 -7.14498575e+02 6.77554668e+01 2.62485449e-01 4.84558117e-02 -1.94259389e+01
8.90169628e-04 -7.14490263e+02 6.97674728e+01 2.55782791e-01 4.61312884e-02 -1.93677758e+01
8.90985719e-04 -7.14490069e+02 6.80240953e+01 2.58835020e-01 4.84103200e-02 -1.94177880e+01
8.88624025e-04 -7.14488916e+02 6.95817137e+01 2.79149006e-01 4.63103269e-02 -1.93651487e+01
8.86748375e-04 -7.14487640e+02 6.85437671e+01 2.54909032e-01 4.69577036e-02 -1.94054652e+01
8.84570975e-04 -7.14487177e+02 6.98566376e+01 2.66168698e-01 4.57805592e-02 -1.93653129e+01
8.82476263e-04 -7.14485726e+02 6.86223081e+01 2.53805019e-01 4.69488309e-02 -1.94079786e+01
8.80314794e-04 -7.14485426e+02 6.88694985e+01 2.79458384e-01 4.66843192e-02 -1.93912563e+01
8.77680882e-04 -7.14485064e+02 6.94577757e+01 2.53395990e-01 4.59737684e-02 -1.93811813e+01
8.77323753e-04 -7.14479591e+02 6.93103728e+01 2.73705516e-01 4.61554087e-02 -1.93722239e+01
8.78255526e-04 -7.14476281e+02 6.92614295e+01 2.55800392e-01 4.66722711e-02 -1.93893506e+01
8.80685062e-04 -7.14467428e+02 6.87538753e+01 2.54272491e-01 4.68276180e-02 -1.94046225e+01
8.82877139e-04 -7.14464635e+02 6.79101269e+01 2.55857329e-01 4.83926235e-02 -1.94225785e+01
8.82720742e-04 -7.14461127e+02 6.95561769e+01 2.62744035e-01 4.58311149e-02 -1.93688851e+01
8.81388692e-04 -7.14460997e+02 6.95524982e+01 2.57798942e-01 4.64216373e-02 -1.93776990e+01
8.80646881e-04 -7.14456162e+02 6.96675103e+01 2.65662925e-01 4.61339781e-02 -1.93724747e+01
8.81258231e-04 -7.14452950e+02 6.87238057e+01 2.48283377e-01 4.70820559e-02 -1.94074886e+01
8.84198581e-04 -7.14442867e+02 6.88199437e+01 2.84230465e-01 4.68679608e-02 -1.93866253e+01
8.88874237e-04 -7.14435734e+02 6.85335996e+01 2.78896158e-01 4.75364218e-02 -1.93939671e+01
8.89179801e-04 -7.14435511e+02 6.77038163e+01 2.64809223e-01 4.85734643e-02 -1.94301867e+01
8.86843886e-04 -7.14434340e+02 6.95291048e+01 2.78355173e-01 4.63202564e-02 -1.93708134e+01
8.84970592e-04 -7.14433085e+02 6.88133843e+01 2.46868230e-01 4.74342964e-02 -1.94006992e+01
8.83959432e-04 -7.14429973e+02 6.91710375e+01 2.54476013e-01 4.64367549e-02 -1.93816372e+01
8.83339327e-04 -7.14427832e+02 6.90511195e+01 2.57216571e-01 4.69506780e-02 -1.93834419e+01
8.83027245e-04 -7.14424026e+02 6.79413799e+01 2.67349923e-01 4.85481392e-02 -1.94223784e+01
8.83809351e-04 -7.14419407e+02 6.77481026e+01 2.57300349e-01 4.85057807e-02 -1.94297286e+01
8.83429196e-04 -7.14418226e+02 6.97065732e+01 2.76207408e-01 4.57896832e-02 -1.93623385e+01
8.84497606e-04 -7.14410349e+02 6.94795907e+01 2.80205938e-01 4.63186499e-02 -1.93715203e+01
8.85596616e-04 -7.14409072e+02 6.83043306e+01 2.56812457e-01 4.78682382e-02 -1.94074386e+01
8.84289930e-04 -7.14406648e+02 6.88833143e+01 2.71259451e-01 4.72760299e-02 -1.93847116e+01
8.84548097e-04 -7.14401837e+02 6.97913398e+01 2.60672922e-01 4.56526277e-02 -1.93680073e+01
8.86631120e-04 -7.14395293e+02 6.99092896e+01 2.70909081e-01 4.57598927e-02 -1.93592544e+01
8.86868171e-04 -7.14394636e+02 6.96349586e+01 2.63599459e-01 4.61452582e-02 -1.93743182e+01
8.85180165e-04 -7.14392449e+02 6.98198043e+01 2.61332457e-01 4.57273763e-02 -1.93616775e+01
8.83784945e-04 -7.14391134e+02 6.81908084e+01 2.52001206e-01 4.82209965e-02 -1.94162916e+01
8.83643101e-04 -7.14386120e+02 6.94297289e+01 2.59949200e-01 4.66939484e-02 -1.93742739e+01
8.86211486e-04 -7.14378682e+02 6.78880465e+01 2.61953643e-01 4.85691149e-02 -1.94227413e+01
8.87179554e-04 -7.14377268e+02 6.93145159e+01 2.81286305e-01 4.63946615e-02 -1.93768543e+01
8.87497922e-04 -7.14371317e+02 6.82998901e+01 2.73658826e-01 4.80990690e-02 -1.94047978e+01
8.87223263e-04 -7.14371222e+02 6.78856102e+01 2.74383091e-01 4.83744172e-02 -1.94194693e+01
8.85787384e-04 -7.14367904e+02 6.80316832e+01 2.52110826e-01 4.79883732e-02 -1.94260506e+01
8.85932927e-04 -7.14364239e+02 6.86659162e+01 2.76296129e-01 4.68560720e-02 -1.93970098e+01
8.86224474e-04 -7.14360590e+02 6.88793444e+01 2.50659195e-01 4.72157207e-02 -1.94018490e+01
8.84967770e-04 -7.14360418e+02 6.91660753e+01 2.56373719e-01 4.65658287e-02 -1.93924644e+01
8.84512759e-04 -7.14354970e+02 6.87251697e+01 2.61286349e-01 4.74697585e-02 -1.93924999e+01
8.84607558e-04 -7.14353541e+02 6.86588544e+01 2.56070115e-01 4.68108546e-02 -1.94013527e+01
8.84575552e-04 -7.14348393e+02 6.92864035e+01 2.50031647e-01 4.65753851e-02 -1.93888603e+01
8.83912789e-04 -7.14348378e+02 6.96849446e+01 2.60326161e-01 4.61741109e-02 -1.93655662e+01
8.81051974e-04 -7.14348221e+02 6.88415760e+01 2.50398834e-01 4.74618698e-02 -1.93972252e+01
8.79518906e-04 -7.14345208e+02 6.92712230e+01 2.58163987e-01 4.64213189e-02 -1.93767205e+01
8.78395345e-04 -7.14344120e+02 6.91270941e+01 2.59981907e-01 4.68192173e-02 -1.93927018e+01
8.75990567e-04 -7.14344035e+02 6.89732874e+01 2.47891855e-01 4.72249867e-02 -1.93955680e+01
8.73634936e-04 -7.14342850e+02 6.84239181e+01 2.83162102e-01 4.75248952e-02 -1.94028084e+01
8.71372512e-04 -7.14342565e+02 6.92841905e+01 2.74279663e-01 4.68821119e-02 -1.93782862e+01
8.69253326e-04 -7.14341065e+02 6.91497768e+01 2.70323374e-01 4.62053772e-02 -1.93844996e+01
8.67579078e-04 -7.14339765e+02 6.82206262e+01 2.56157007e-01 4.77383358e-02 -1.94110398e+01
8.65618057e-04 -7.14338935e+02 6.87114869e+01 2.54328015e-01 4.71031862e-02 -1.93953743e+01
8.65390844e-04 -7.14333641e+02 6.77406809e+01 2.64499114e-01 4.85032537e-02 -1.94273727e+01
8.64827778e-04 -7.14333574e+02 6.82331329e+01 2.75020351e-01 4.81099852e-02 -1.94123886e+01
8.66120672e-04 -7.14324021e+02 6.84520184e+01 2.73642921e-01 4.75074563e-02 -1.93974560e+01
8.69604979e-04 -7.14318873e+02 6.83752872e+01 2.65400879e-01 4.75394457e-02 -1.94021270e+01
8.69124443e-04 -7.14318464e+02 6.94948290e+01 2.66364915e-01 4.58295071e-02 -1.93718381e+01
8.67829658e-04 -7.14315202e+02 6.84047466e+01 2.68132542e-01 4.80970451e-02 -1.94068606e+01
8.67746501e-04 -7.14312000e+02 6.90212350e+01 2.76892532e-01 4.71830346e-02 -1.93816526e+01
8.67208127e-04 -7.14309786e+02 6.88894695e+01 2.82288466e-01 4.67098417e-02 -1.93864427e+01
8.66304580e-04 -7.14307430e+02 6.94764863e+01 2.51357114e-01 4.65141356e-02 -1.93775731e+01
8.64494100e-04 -7.14307313e+02 6.80900149e+01 2.74278453e-01 4.82899233e-02 -1.94122875e+01
8.62304903e-04 -7.14305846e+02 6.88365100e+01 2.64168189e-01 4.69742396e-02 -1.93874250e+01
8.60578290e-04 -7.14304666e+02 6.82604441e+01 2.53398715e-01 4.80777887e-02 -1.94190386e+01
8.58422882e-04 -7.14304205e+02 6.77961280e+01 2.61537382e-01 4.85929707e-02 -1.94281431e+01
8.56500362e-04 -7.14302495e+02 6.78570515e+01 2.57754061e-01 4.84793794e-02 -1.94249024e+01
8.57553163e-04 -7.14295106e+02 6.87159473e+01 2.69065598e-01 4.77130673e-02 -1.93973178e+01
8.58099118e-04 -7.14294553e+02 6.84672443e+01 2.48381999e-01 4.78545711e-02 -1.94115994e+01
8.56764541e-04 -7.14291565e+02 6.85862818e+01 2.77400193e-01 4.75968172e-02 -1.93933541e+01
8.55956341e-04 -7.14289784e+02 6.87861721e+01 2.49007409e-01 4.74383865e-02 -1.94031460e+01
8.54465520e-04 -7.14288396e+02 6.83249257e+01 2.63601613e-01 4.81632375e-02 -1.94078771e+01
8.55313686e-04 -7.14281157e+02 6.81478907e+01 2.73481568e-01 4.76935336e-02 -1.94153589e+01
8.58754189e-04 -7.14273712e+02 6.83279703e+01 2.52251213e-01 4.78089235e-02 -1.94184957e+01
8.60653529e-04 -7.14270072e+02 6.89161156e+01 2.77483702e-01 4.72665020e-02 -1.93840018e+01
8.60851663e-04 -7.14266596e+02 6.90668658e+01 2.73831266e-01 4.70402159e-02 -1.93882327e+01
8.61375743e-04 -7.14262201e+02 6.88959774e+01 2.53200954e-01 4.72637734e-02 -1.94002556e+01
8.61363036e-04 -7.14259966e+02 6.82583971e+01 2.65188243e-01 4.78356612e-02 -1.94175296e+01
8.59939964e-04 -7.14258851e+02 6.80430973e+01 2.67717924e-01 4.77665377e-02 -1.94165060e+01
8.60127243e-04 -7.14252884e+02 6.84562302e+01 2.76805719e-01 4.76009655e-02 -1.94065880e+01
8.60626004e-04 -7.14251028e+02 6.86148178e+01 2.77030673e-01 4.69509948e-02 -1.93967427e+01
8.60259060e-04 -7.14247084e+02 6.92115188e+01 2.82709889e-01 4.67327595e-02 -1.93757062e+01
8.62003120e-04 -7.14240330e+02 6.79618739e+01 2.58282382e-01 4.79932500e-02 -1.94258142e+01
8.62906861e-04 -7.14238322e+02 6.89710544e+01 2.76570769e-01 4.68124845e-02 -1.93807435e+01
8.64418297e-04 -7.14230190e+02 6.94535708e+01 2.47991137e-01 4.62594624e-02 -1.93800306e+01
8.65687224e-04 -7.14228717e+02 6.88666606e+01 2.45994820e-01 4.72518925e-02 -1.93979656e+01
8.65197533e-04 -7.14224669e+02 6.87806048e+01 2.47566720e-01 4.70955261e-02 -1.93974458e+01
8.66245514e-04 -7.14219643e+02 6.95291276e+01 2.55174991e-01 4.63496688e-02 -1.93789739e+01
8.66236549e-04 -7.14218029e+02 6.88121313e+01 2.47812582e-01 4.71441905e-02 -1.94041960e+01
8.66669660e-04 -7.14211996e+02 6.86571990e+01 2.73394122e-01 4.77288106e-02 -1.93954162e+01
8.67121229e-04 -7.14210323e+02 6.81512102e+01 2.48560388e-01 4.78453223e-02 -1.94212168e+01
8.66125316e-04 -7.14207640e+02 6.81198009e+01 2.78677760e-01 4.80760821e-02 -1.94109397e+01
8.64799904e-04 -7.14206729e+02 6.93205802e+01 2.56633319e-01 4.65881943e-02 -1.93765289e+01
8.63212069e-04 -7.14204660e+02 6.89469323e+01 2.62689506e-01 4.66682286e-02 -1.93968896e+01
8.61489392e-04 -7.14204067e+02 6.89608194e+01 2.60157608e-01 4.73972609e-02 -1.93910761e+01
8.58904653e-04 -7.14204014e+02 6.98006195e+01 2.56975080e-01 4.57782947e-02 -1.93658033e+01
8.56131364e-04 -7.14203880e+02 6.79344239e+01 2.55189687e-01 4.80607971e-02 -1.94257052e+01
8.53807081e-04 -7.14202796e+02 6.84846978e+01 2.80430991e-01 4.76102761e-02 -1.94029633e+01
8.54914816e-04 -7.14194648e+02 6.81818289e+01 2.53110155e-01 4.82045400e-02 -1.94197837e+01
8.58189162e-04 -7.14188488e+02 6.86489745e+01 2.46260421e-01 4.74801986e-02 -1.94037397e+01
8.58434442e-04 -7.14187411e+02 6.84635970e+01 2.69771199e-01 4.79978475e-02 -1.94034257e+01
8.56227893e-04 -7.14186980e+02 6.95843254e+01 2.62322695e-01 4.61913024e-02 -1.93670778e+01
8.53576962e-04 -7.14186957e+02 6.93237073e+01 2.53956304e-01 4.63335293e-02 -1.93868616e+01
8.51153638e-04 -7.14186011e+02 6.89276178e+01 2.60306372e-01 4.74095789e-02 -1.93901632e+01
8.49175514e-04 -7.14184955e+02 6.94628686e+01 2.71422388e-01 4.66132532e-02 -1.93732389e+01
8.47001275e-04 -7.14184482e+02 6.85385714e+01 2.59137163e-01 4.69936535e-02 -1.94034516e+01
8.44432336e-04 -7.14184375e+02 6.84066985e+01 2.63198655e-01 4.79219562e-02 -1.94031446e+01
8.42111760e-04 -7.14183331e+02 6.78556698e+01 2.63889286e-01 4.85451645e-02 -1.94250230e+01
8.41461218e-04 -7.14179269e+02 6.93332744e+01 2.75091045e-01 4.62407072e-02 -1.93790824e+01
8.41782509e-04 -7.14175910e+02 6.92042198e+01 2.53676681e-01 4.69428285e-02 -1.93882793e+01
8.41034890e-04 -7.14174388e+02 6.84415292e+01 2.54674865e-01 4.71693370e-02 -1.94087457e+01
8.39330984e-04 -7.14173310e+02 6.89823429e+01 2.64570340e-01 4.71289880e-02 -1.93949078e+01
8.37970841e-04 -7.14170977e+02 6.95065585e+01 2.73880588e-01 4.61401401e-02 -1.93663836e+01
8.36943435e-04 -7.14169108e+02 6.96096871e+01 2.56674767e-01 4.58178222e-02 -1.93729444e+01
8.35117699e-04 -7.14168688e+02 6.81683531e+01 2.76959311e-01 4.81517085e-02 -1.94106742e+01
8.33013355e-04 -7.14167499e+02 6.87413793e+01 2.66354616e-01 4.76623789e-02 -1.93979920e+01
8.30899093e-04 -7.14167115e+02 6.80588039e+01 2.73310740e-01 4.79247971e-02 -1.94129838e+01
8.30255017e-04 -7.14162400e+02 6.83129123e+01 2.77532632e-01 4.80075275e-02 -1.94071548e+01
8.29680333e-04 -7.14161839e+02 6.96346920e+01 2.61950986e-01 4.62776000e-02 -1.93729148e+01
8.29062763e-04 -7.14157238e+02 6.86093371e+01 2.80533017e-01 4.73185028e-02 -1.93994668e+01
8.28681597e-04 -7.14156098e+02 6.88782896e+01 2.50026284e-01 4.66896894e-02 -1.93993530e+01
8.26729945e-04 -7.14155299e+02 6.87535874e+01 2.51139939e-01 4.69502882e-02 -1.94050551e+01
8.24696359e-04 -7.14154368e+02 6.81729315e+01 2.51293296e-01 4.76949896e-02 -1.94200147e+01
8.22838761e-04 -7.14153153e+02 6.80885946e+01 2.62406252e-01 4.77951246e-02 -1.94148135e+01
8.21450004e-04 -7.14151092e+02 6.79527215e+01 2.63564489e-01 4.79439307e-02 -1.94215865e+01
8.21294955e-04 -7.14146878e+02 6.92160575e+01 2.75117172e-01 4.65147186e-02 -1.93836096e+01
8.22599980e-04 -7.14141264e+02 6.86321442e+01 2.69112936e-01 4.74347583e-02 -1.93928894e+01
8.22895161e-04 -7.14139498e+02 6.88935787e+01 2.72127867e-01 4.67443779e-02 -1.93948083e+01
8.20961329e-04 -7.14139313e+02 6.87060894e+01 2.77783957e-01 4.71830164e-02 -1.93984152e+01
8.18895032e-04 -7.14137883e+02 6.82424112e+01 2.78636571e-01 4.77597099e-02 -1.94056681e+01
8.16849417e-04 -7.14137660e+02 6.93375203e+01 2.52761782e-01 4.65458879e-02 -1.93783700e+01
8.14924888e-04 -7.14135946e+02 6.94689994e+01 2.70867743e-01 4.59197849e-02 -1.93736323e+01
8.17165229e-04 -7.14125540e+02 6.90302100e+01 2.49662965e-01 4.71386597e-02 -1.93933082e+01
8.18863619e-04 -7.14125111e+02 6.89733918e+01 2.79586711e-01 4.67026998e-02 -1.93816425e+01
8.16935367e-04 -7.14123600e+02 6.94328760e+01 2.61063830e-01 4.60410378e-02 -1.93804447e+01
8.17414952e-04 -7.14117291e+02 6.85070956e+01 2.78778333e-01 4.76309813e-02 -1.94029604e+01
8.18062586e-04 -7.14115351e+02 6.94620973e+01 2.58517590e-01 4.63928681e-02 -1.93809504e+01
8.16477735e-04 -7.14114513e+02 6.81436881e+01 2.68267575e-01 4.78540803e-02 -1.94188157e+01
8.14470503e-04 -7.14113618e+02 6.82276274e+01 2.66076359e-01 4.79686152e-02 -1.94174200e+01
8.12310540e-04 -7.14113168e+02 6.87395451e+01 2.74256147e-01 4.68366131e-02 -1.93970705e+01
8.09960410e-04 -7.14112758e+02 6.78858008e+01 2.64034582e-01 4.84905277e-02 -1.94228334e+01
8.07771432e-04 -7.14111925e+02 6.80165741e+01 2.58833780e-01 4.83910072e-02 -1.94231245e+01
8.06718665e-04 -7.14108713e+02 6.97093416e+01 2.54572987e-01 4.58985450e-02 -1.93700109e+01
8.06421253e-04 -7.14106007e+02 6.84884424e+01 2.49256420e-01 4.74677093e-02 -1.94061782e+01
8.04924059e-04 -7.14105772e+02 6.93091276e+01 2.51244347e-01 4.63790777e-02 -1.93802064e+01
8.02496850e-04 -7.14105391e+02 6.98158537e+01 2.63692238e-01 4.59381507e-02 -1.93626780e+01
8.00919200e-04 -7.14103053e+02 6.86055249e+01 2.67531946e-01 4.69761563e-02 -1.93967515e+01
8.00189576e-04 -7.14100558e+02 6.91683614e+01 2.64394917e-01 4.63515895e-02 -1.93885017e+01
7.99269203e-04 -7.14098699e+02 6.94168152e+01 2.59955512e-01 4.61419921e-02 -1.93819524e+01
7.98874867e-04 -7.14094893e+02 6.89482820e+01 2.81667893e-01 4.68933845e-02 -1.93820205e+01
7.98211966e-04 -7.14093700e+02 6.91734036e+01 2.61037969e-01 4.65447764e-02 -1.93904806e+01
7.96322492e-04 -7.14092977e+02 6.84030831e+01 2.69464202e-01 4.74780376e-02 -1.94008043e+01
7.96600796e-04 -7.14086357e+02 6.82763940e+01 2.77342005e-01 4.79977289e-02 -1.94088918e+01
7.97626370e-04 -7.14083739e+02 6.83512505e+01 2.74754936e-01 4.73460590e-02 -1.94060081e+01
7.96567563e-04 -7.14082356e+02 6.85770278e+01 2.61115806e-01 4.69318326e-02 -1.94025433e+01
7.95737530e-04 -7.14079170e+02 6.82191804e+01 2.61903899e-01 4.77094470e-02 -1.94095729e+01
7.94868148e-04 -7.14077885e+02 6.82146446e+01 2.67404815e-01 4.79639202e-02 -1.94172211e+01
7.93234639e-04 -7.14076629e+02 6.91980291e+01 2.53563970e-01 4.69027464e-02 -1.93835234e+01
7.92779549e-04 -7.14072381e+02 6.96056974e+01 2.75723417e-01 4.59448884e-02 -1.93663902e+01
7.92373760e-04 -7.14070993e+02 6.89929879e+01 2.45327838e-01 4.69292579e-02 -1.93952351e+01
7.91309089e-04 -7.14068416e+02 6.85323019e+01 2.51983389e-01 4.73239526e-02 -1.94119531e+01
7.93856285e-04 -7.14057936e+02 6.81732561e+01 2.68559317e-01 4.82778187e-02 -1.94130689e+01
7.96259056e-04 -7.14055690e+02 6.89448956e+01 2.62180769e-01 4.73935907e-02 -1.93922402e+01
7.96068025e-04 -7.14051763e+02 6.88992081e+01 2.66403790e-01 4.65950711e-02 -1.93879455e+01
7.95382052e-04 -7.14050755e+02 6.85136767e+01 2.55854104e-01 4.72996695e-02 -1.94117911e+01
7.93601173e-04 -7.14049590e+02 6.96559464e+01 2.58832634e-01 4.62564645e-02 -1.93696263e+01
7.92081892e-04 -7.14047932e+02 6.91684755e+01 2.50911362e-01 4.65498340e-02 -1.93919501e+01
7.92197227e-04 -7.14042650e+02 6.83988426e+01 2.63211274e-01 4.80696888e-02 -1.94075800e+01
7.91666993e-04 -7.14042609e+02 6.96626326e+01 2.74363000e-01 4.59090096e-02 -1.93657734e+01
7.89079366e-04 -7.14042542e+02 6.92880362e+01 2.53795133e-01 4.67107651e-02 -1.93867377e+01
7.87593613e-04 -7.14039724e+02 6.90558246e+01 2.64806070e-01 4.69079665e-02 -1.93928771e+01
7.87215583e-04 -7.14036847e+02 6.94205280e+01 2.68553272e-01 4.66747116e-02 -1.93755905e+01
7.87082072e-04 -7.14033409e+02 6.88663001e+01 2.79780106e-01 4.72633696e-02 -1.93899127e+01
7.87035876e-04 -7.14030308e+02 6.82008467e+01 2.55229528e-01 4.77797937e-02 -1.94131824e+01
7.86799519e-04 -7.14027354e+02 6.81853674e+01 2.54239924e-01 4.76418257e-02 -1.94165883e+01
7.85904457e-04 -7.14025927e+02 6.78746215e+01 2.68069475e-01 4.83366938e-02 -1.94239340e+01
7.84537053e-04 -7.14024181e+02 6.95124820e+01 2.78451018e-01 4.62271085e-02 -1.93687321e+01
7.83606216e-04 -7.14021647e+02 6.87576624e+01 2.80329151e-01 4.69389578e-02 -1.93932249e+01
7.82196231e-04 -7.14021126e+02 6.87545545e+01 2.72998812e-01 4.74762732e-02 -1.93900422e+01
7.79884559e-04 -7.14020911e+02 6.80527375e+01 2.73711003e-01 4.82345570e-02 -1.94165081e+01
7.77783209e-04 -7.14019867e+02 6.82660412e+01 2.75365159e-01 4.75274825e-02 -1.94077616e+01
7.78192220e-04 -7.14013215e+02 6.81888458e+01 2.63835676e-01 4.81493460e-02 -1.94179629e+01
7.78266215e-04 -7.14013010e+02 6.87042825e+01 2.49775822e-01 4.73101220e-02 -1.93989810e+01
7.75781725e-04 -7.14012954e+02 6.86682963e+01 2.77394626e-01 4.69770975e-02 -1.93971729e+01
7.73282760e-04 -7.14012808e+02 6.94591871e+01 2.60320566e-01 4.63622733e-02 -1.93715918e+01
7.70869921e-04 -7.14012549e+02 6.84150606e+01 2.79581871e-01 4.77004058e-02 -1.94045298e+01
7.68621559e-04 -7.14011994e+02 6.97742419e+01 2.58295967e-01 4.59035429e-02 -1.93672246e+01
7.66362256e-04 -7.14011780e+02 6.89437035e+01 2.59545602e-01 4.67767276e-02 -1.93867176e+01
7.64131154e-04 -7.14011169e+02 6.92140038e+01 2.77796129e-01 4.63897653e-02 -1.93807585e+01
7.62012480e-04 -7.14010678e+02 6.91752236e+01 2.53849344e-01 4.63107248e-02 -1.93890495e+01
7.62274757e-04 -7.14003837e+02 6.95409247e+01 2.69500759e-01 4.64409470e-02 -1.93720615e+01
7.63182656e-04 -7.14001631e+02 6.80092363e+01 2.66379863e-01 4.83994372e-02 -1.94198076e+01
7.63872942e-04 -7.13995382e+02 6.85693294e+01 2.82192218e-01 4.73074837e-02 -1.93960389e+01
7.63880403e-04 -7.13994946e+02 6.85917278e+01 2.75170587e-01 4.76729615e-02 -1.94008462e+01
7.61757977e-04 -7.13994291e+02 6.96534856e+01 2.74452693e-01 4.59462412e-02 -1.93652128e+01
7.59908880e-04 -7.13993152e+02 6.81797723e+01 2.50616322e-01 4.78124222e-02 -1.94177729e+01
7.60692071e-04 -7.13985589e+02 6.83352660e+01 2.56756252e-01 4.76734387e-02 -1.94074292e+01
7.61946200e-04 -7.13983189e+02 6.81294128e+01 2.55278454e-01 4.81348532e-02 -1.94219139e+01
7.60338209e-04 -7.13983158e+02 6.83453442e+01 2.59114603e-01 4.73672273e-02 -1.94140075e+01
7.59259828e-04 -7.13979375e+02 6.85426390e+01 2.68445096e-01 4.72653252e-02 -1.93967766e+01
7.59233684e-04 -7.13976569e+02 6.88145772e+01 2.63946039e-01 4.73831642e-02 -1.93995274e+01
7.58723218e-04 -7.13974064e+02 6.89374773e+01 2.76224063e-01 4.67604520e-02 -1.93830420e+01
7.57518450e-04 -7.13973091e+02 6.82100210e+01 2.73586391e-01 4.80384205e-02 -1.94077745e+01
7.57334696e-04 -7.13967901e+02 6.87695483e+01 2.75414820e-01 4.67977189e-02 -1.93908909e+01
7.56972067e-04 -7.13967386e+02 6.79604455e+01 2.69809107e-01 4.82027625e-02 -1.94178281e+01
7.54717957e-04 -7.13967209e+02 6.92281355e+01 2.52697522e-01 4.67821340e-02 -1.93885833e+01
7.52278492e-04 -7.13967206e+02 6.84173020e+01 2.58341131e-01 4.79533615e-02 -1.94117875e+01
7.51079989e-04 -7.13963746e+02 6.86234557e+01 2.58228826e-01 4.73276376e-02 -1.93970530e+01
7.50499563e-04 -7.13962094e+02 6.85873252e+01 2.76811899e-01 4.76000784e-02 -1.94007887e+01
7.52645505e-04 -7.13951407e+02 6.83243443e+01 2.57381034e-01 4.80119742e-02 -1.94091327e+01
7.54175544e-04 -7.13951348e+02 6.83911210e+01 2.65571360e-01 4.74664937e-02 -1.94124924e+01
7.53223573e-04 -7.13947282e+02 6.86344342e+01 2.81721320e-01 4.74432857e-02 -1.93939151e+01
7.53630733e-04 -7.13943611e+02 6.96102133e+01 2.62302432e-01 4.58489197e-02 -1.93692494e+01
7.53797338e-04 -7.13940184e+02 6.92387228e+01 2.72151090e-01 4.68847773e-02 -1.93771622e+01
7.52924750e-04 -7.13939269e+02 6.93736361e+01 2.51552206e-01 4.62262232e-02 -1.93832815e+01
7.52013437e-04 -7.13935953e+02 6.91264326e+01 2.74730988e-01 4.68267468e-02 -1.93858233e+01
7.51032848e-04 -7.13935221e+02 6.80476871e+01 2.64816087e-01 4.80605955e-02 -1.94151400e+01
7.49663530e-04 -7.13932949e+02 6.92922302e+01 2.62282305e-01 4.64718414e-02 -1.93753882e+01
7.48599874e-04 -7.13931404e+02 6.96243737e+01 2.70889505e-01 4.60443752e-02 -1.93648728e+01
7.47281047e-04 -7.13929820e+02 6.82428415e+01 2.56128262e-01 4.75299575e-02 -1.94165436e+01
7.45418975e-04 -7.13929738e+02 6.85474928e+01 2.76711023e-01 4.73750810e-02 -1.94030222e+01
7.43668484e-04 -7.13927867e+02 6.82402925e+01 2.55438214e-01 4.80637716e-02 -1.94127847e+01
7.41945612e-04 -7.13927720e+02 6.90964292e+01 2.75066792e-01 4.66371192e-02 -1.93781505e+01
7.39720283e-04 -7.13927219e+02 6.84482842e+01 2.61009607e-01 4.73439383e-02 -1.94119394e+01
7.38808003e-04 -7.13923536e+02 6.81611512e+01 2.76045562e-01 4.78700250e-02 -1.94129216e+01
7.40054850e-04 -7.13917198e+02 6.86130542e+01 2.58744842e-01 4.74122640e-02 -1.94083453e+01
7.41943188e-04 -7.13911781e+02 6.87113860e+01 2.50840931e-01 4.75399299e-02 -1.94030828e+01
7.42350350e-04 -7.13909439e+02 6.87301499e+01 2.74247871e-01 4.70873103e-02 -1.93988732e+01
7.42250102e-04 -7.13905398e+02 6.90359838e+01 2.65067274e-01 4.66969898e-02 -1.93820790e+01
7.41464943e-04 -7.13904896e+02 6.83466282e+01 2.71361441e-01 4.77540903e-02 -1.94114850e+01
7.40142302e-04 -7.13902315e+02 6.92213672e+01 2.57701585e-01 4.63743285e-02 -1.93801550e+01
7.38864966e-04 -7.13901694e+02 6.90616496e+01 2.59188434e-01 4.66079751e-02 -1.93837604e+01
7.36715817e-04 -7.13901485e+02 6.81397132e+01 2.59908628e-01 4.76990038e-02 -1.94155959e+01
7.36139770e-04 -7.13896608e+02 6.91163478e+01 2.60733663e-01 4.67892163e-02 -1.93919117e+01
7.35767869e-04 -7.13895835e+02 6.97257543e+01 2.63164597e-01 4.60772699e-02 -1.93660586e+01
7.34157555e-04 -7.13894335e+02 6.95768864e+01 2.56212960e-01 4.62313788e-02 -1.93716647e+01
7.33213431e-04 -7.13891754e+02 6.83501083e+01 2.54935058e-01 4.74041923e-02 -1.94143785e+01
7.32661123e-04 -7.13889187e+02 6.89046950e+01 2.61216641e-01 4.65497291e-02 -1.93914734e+01
7.31560258e-04 -7.13888104e+02 6.96668537e+01 2.62329411e-01 4.58725565e-02 -1.93671192e+01
7.29902248e-04 -7.13887069e+02 6.92616074e+01 2.49664069e-01 4.65945579e-02 -1.93837489e+01
7.28355739e-04 -7.13885691e+02 6.84719422e+01 2.48259471e-01 4.75140598e-02 -1.94127391e+01
7.26598687e-04 -7.13885244e+02 6.85605099e+01 2.77759145e-01 4.71995256e-02 -1.93962202e+01
7.24357823e-04 -7.13885213e+02 6.97727490e+01 2.66366452e-01 4.58459527e-02 -1.93642843e+01
7.23843830e-04 -7.13880014e+02 6.81710273e+01 2.52361661e-01 4.78172647e-02 -1.94203779e+01
7.23792932e-04 -7.13878692e+02 6.87110600e+01 2.73356184e-01 4.69155937e-02 -1.93921277e+01
7.21908693e-04 -7.13878572e+02 6.79270153e+01 2.60210841e-01 4.82248958e-02 -1.94251694e+01
7.19818540e-04 -7.13877835e+02 6.90351222e+01 2.47347877e-01 4.69230061e-02 -1.93928088e+01
7.17929967e-04 -7.13877170e+02 6.87752522e+01 2.66783351e-01 4.75797132e-02 -1.93941769e+01
7.18386451e-04 -7.13869921e+02 6.91379857e+01 2.80097923e-01 4.66021544e-02 -1.93815427e+01
7.19115879e-04 -7.13868472e+02 6.91094306e+01 2.80813477e-01 4.68067647e-02 -1.93791309e+01
7.17747138e-04 -7.13867076e+02 6.96833155e+01 2.62090654e-01 4.60774786e-02 -1.93664814e+01
7.16299803e-04 -7.13865854e+02 6.90766768e+01 2.48615789e-01 4.69395265e-02 -1.93922583e+01
7.15882947e-04 -7.13861589e+02 6.89884098e+01 2.63673372e-01 4.70420619e-02 -1.93947411e+01
7.17510890e-04 -7.13854663e+02 6.82539331e+01 2.77397786e-01 4.77418217e-02 -1.94069117e+01
7.18144153e-04 -7.13853158e+02 6.80780159e+01 2.54506247e-01 4.79966411e-02 -1.94227288e+01
7.16420727e-04 -7.13852812e+02 6.83688951e+01 2.57647990e-01 4.73258413e-02 -1.94095315e+01
7.14440597e-04 -7.13852038e+02 6.91354574e+01 2.70977370e-01 4.68559967e-02 -1.93869637e+01
7.12469625e-04 -7.13851682e+02 6.85830666e+01 2.62276390e-01 4.69843119e-02 -1.94008925e+01
7.10324608e-04 -7.13851412e+02 6.89220790e+01 2.69973399e-01 4.73637507e-02 -1.93888093e+01
7.08959849e-04 -7.13848874e+02 6.80326832e+01 2.70674715e-01 4.81584363e-02 -1.94189858e+01
7.07955068e-04 -7.13847592e+02 6.86409682e+01 2.77213257e-01 4.70183808e-02 -1.93961494e+01
7.06161480e-04 -7.13847291e+02 6.82708625e+01 2.73467549e-01 4.76574202e-02 -1.94117725e+01
7.04408867e-04 -7.13845907e+02 6.86403062e+01 2.53216424e-01 4.71057248e-02 -1.94074039e+01
7.04153582e-04 -7.13841365e+02 6.84763686e+01 2.66425965e-01 4.77042587e-02 -1.94093093e+01
7.03994912e-04 -7.13839698e+02 6.80453034e+01 2.70925395e-01 4.82282458e-02 -1.94176274e+01
7.02593600e-04 -7.13838694e+02 6.93157439e+01 2.71148167e-01 4.62129721e-02 -1.93740213e+01
7.01323249e-04 -7.13836662e+02 6.88669800e+01 2.63239816e-01 4.73012423e-02 -1.93889172e+01
6.99751857e-04 -7.13836524e+02 6.82787565e+01 2.68777154e-01 4.79097567e-02 -1.94140324e+01
6.98367233e-04 -7.13833970e+02 6.84166726e+01 2.65560229e-01 4.73519869e-02 -1.94107886e+01
6.97234260e-04 -7.13833114e+02 6.95359933e+01 2.68392418e-01 4.62104675e-02 -1.93676194e+01
6.95364335e-04 -7.13832685e+02 6.89539357e+01 2.67157346e-01 4.69840445e-02 -1.93949689e+01
6.93210063e-04 -7.13832664e+02 6.94097302e+01 2.75502674e-01 4.64278435e-02 -1.93749324e+01
6.91184727e-04 -7.13831882e+02 6.86220901e+01 2.61037139e-01 4.74774402e-02 -1.94070101e+01
6.91360609e-04 -7.13825510e+02 6.95599521e+01 2.54594620e-01 4.61227078e-02 -1.93734732e+01
6.91615963e-04 -7.13824478e+02 6.92066569e+01 2.76204654e-01 4.66964650e-02 -1.93818763e+01
6.89738992e-04 -7.13824289e+02 6.95708290e+01 2.70612634e-01 4.60095473e-02 -1.93670827e+01
6.88969727e-04 -7.13820058e+02 6.91570003e+01 2.51873501e-01 4.67400387e-02 -1.93914998e+01
6.90512983e-04 -7.13813166e+02 6.82113462e+01 2.65257717e-01 4.79121484e-02 -1.94091387e+01
6.90938354e-04 -7.13812159e+02 6.91990463e+01 2.61819117e-01 4.62533778e-02 -1.93813787e+01
6.90728162e-04 -7.13807125e+02 6.83326379e+01 2.67360305e-01 4.76004983e-02 -1.94132363e+01
6.90641976e-04 -7.13805748e+02 6.81195799e+01 2.68241356e-01 4.78014599e-02 -1.94131607e+01
6.89011509e-04 -7.13805196e+02 6.85344576e+01 2.68527608e-01 4.74980609e-02 -1.94072180e+01
6.88728676e-04 -7.13799920e+02 6.83577686e+01 2.66240172e-01 4.73563464e-02 -1.94108131e+01
6.88337259e-04 -7.13799671e+02 6.81495159e+01 2.67524449e-01 4.78556168e-02 -1.94178592e+01
6.87286464e-04 -7.13796323e+02 6.80463592e+01 2.55591275e-01 4.81773393e-02 -1.94225703e+01
6.86362163e-04 -7.13795704e+02 6.89918271e+01 2.68893906e-01 4.66217719e-02 -1.93835203e+01
6.84301876e-04 -7.13795680e+02 6.86618733e+01 2.64604376e-01 4.68883198e-02 -1.94015727e+01
6.82218038e-04 -7.13795148e+02 6.92322375e+01 2.78954827e-01 4.64484491e-02 -1.93758209e+01
6.80150993e-04 -7.13795093e+02 6.97104865e+01 2.63784950e-01 4.58842531e-02 -1.93660949e+01
6.77945299e-04 -7.13794989e+02 6.80267927e+01 2.56703643e-01 4.81736880e-02 -1.94232837e+01
6.76175916e-04 -7.13793664e+02 6.95173852e+01 2.63248789e-01 4.60827999e-02 -1.93700229e+01
6.74794588e-04 -7.13792423e+02 6.83965279e+01 2.53692882e-01 4.77908556e-02 -1.94144593e+01
6.73106528e-04 -7.13792018e+02 6.93597573e+01 2.59666006e-01 4.60860790e-02 -1.93781990e+01
6.71271576e-04 -7.13791227e+02 6.88410086e+01 2.51446296e-01 4.67828831e-02 -1.93968915e+01
6.69538311e-04 -7.13790533e+02 6.92041188e+01 2.58334697e-01 4.63855051e-02 -1.93808031e+01
6.68091105e-04 -7.13788900e+02 6.87999313e+01 2.58365335e-01 4.75197876e-02 -1.93963284e+01
6.66587327e-04 -7.13788384e+02 6.85405590e+01 2.52840855e-01 4.77144235e-02 -1.94090819e+01
6.64807885e-04 -7.13787591e+02 6.82506734e+01 2.75425769e-01 4.79179651e-02 -1.94068859e+01
6.63780261e-04 -7.13784824e+02 6.92219009e+01 2.79231080e-01 4.64935348e-02 -1.93786082e+01
6.63739326e-04 -7.13781060e+02 6.86008667e+01 2.75720878e-01 4.73389617e-02 -1.94016196e+01
6.62805029e-04 -7.13780982e+02 6.84892259e+01 2.56610097e-01 4.74891248e-02 -1.94027665e+01
6.60987802e-04 -7.13779896e+02 6.96287683e+01 2.66446623e-01 4.62059250e-02 -1.93704737e+01
6.61316437e-04 -7.13773343e+02 6.91613850e+01 2.61125894e-01 4.70233350e-02 -1.93862644e+01
6.61687753e-04 -7.13772107e+02 6.84240593e+01 2.51212369e-01 4.73825996e-02 -1.94120349e+01
6.59991453e-04 -7.13771820e+02 6.85402915e+01 2.51988595e-01 4.71668662e-02 -1.94074535e+01
6.58150594e-04 -7.13771038e+02 6.88855194e+01 2.77071550e-01 4.69949051e-02 -1.93846976e+01
6.56412749e-04 -7.13770453e+02 6.95037711e+01 2.73103727e-01 4.63777179e-02 -1.93714533e+01
6.54490718e-04 -7.13770247e+02 6.83502751e+01 2.54153265e-01 4.77556788e-02 -1.94160928e+01
6.52711997e-04 -7.13769240e+02 6.82655094e+01 2.50278338e-01 4.78518127e-02 -1.94162085e+01
6.51481262e-04 -7.13767367e+02 6.87323191e+01 2.63489420e-01 4.69126950e-02 -1.94018107e+01
6.50503088e-04 -7.13765590e+02 6.84427684e+01 2.50242381e-01 4.73937045e-02 -1.94103084e+01
6.49655045e-04 -7.13763321e+02 6.84509844e+01 2.54753059e-01 4.72449879e-02 -1.94096837e+01
6.48345273e-04 -7.13762969e+02 6.95863271e+01 2.65286676e-01 4.60368131e-02 -1.93733684e+01
6.47365775e-04 -7.13759692e+02 6.86113136e+01 2.65216764e-01 4.76606807e-02 -1.94043050e+01
6.47560714e-04 -7.13755713e+02 6.89596790e+01 2.52993294e-01 4.69569087e-02 -1.93980202e+01
6.46887970e-04 -7.13755111e+02 6.87035030e+01 2.63567475e-01 4.68393478e-02 -1.94005771e+01
6.46402297e-04 -7.13750564e+02 6.89081280e+01 2.59728469e-01 4.70654976e-02 -1.93881111e+01
6.46279986e-04 -7.13748830e+02 6.82805190e+01 2.76239584e-01 4.77273384e-02 -1.94092800e+01
6.44939596e-04 -7.13748061e+02 6.95021619e+01 2.55358870e-01 4.63702584e-02 -1.93754681e+01
6.43549893e-04 -7.13746489e+02 6.84528131e+01 2.52738495e-01 4.78389585e-02 -1.94093831e+01
6.43112268e-04 -7.13742768e+02 6.91899767e+01 2.65179324e-01 4.64893640e-02 -1.93875987e+01
6.42526374e-04 -7.13741653e+02 6.88233044e+01 2.62014572e-01 4.69866691e-02 -1.94005884e+01
6.41184471e-04 -7.13740294e+02 6.83257959e+01 2.61503615e-01 4.74581846e-02 -1.94139127e+01
6.39857351e-04 -7.13739141e+02 6.89314578e+01 2.79423980e-01 4.71214462e-02 -1.93864545e+01
6.38160577e-04 -7.13738949e+02 6.82185058e+01 2.68859562e-01 4.81057294e-02 -1.94137444e+01
6.36957197e-04 -7.13736262e+02 6.82447753e+01 2.54301876e-01 4.77021238e-02 -1.94181654e+01
6.35848256e-04 -7.13735777e+02 6.90550538e+01 2.63291005e-01 4.67383426e-02 -1.93928838e+01
6.33913796e-04 -7.13735701e+02 6.88169826e+01 2.68983895e-01 4.67514885e-02 -1.93903224e+01
6.31971826e-04 -7.13735257e+02 6.83972507e+01 2.53372216e-01 4.77595137e-02 -1.94144086e+01
6.30829229e-04 -7.13732666e+02 6.95198919e+01 2.70363170e-01 4.63548590e-02 -1.93727225e+01
6.31710046e-04 -7.13725821e+02 6.90338072e+01 2.63624549e-01 4.64159799e-02 -1.93895448e+01
6.33675751e-04 -7.13719794e+02 6.84654453e+01 2.62354560e-01 4.74460274e-02 -1.94111057e+01
6.34083469e-04 -7.13717871e+02 6.87528722e+01 2.50273269e-01 4.73923044e-02 -1.93998071e+01
6.32611000e-04 -7.13717787e+02 6.86556421e+01 2.63979656e-01 4.72794682e-02 -1.93944791e+01
6.31145966e-04 -7.13715854e+02 6.89326082e+01 2.63840916e-01 4.69013792e-02 -1.93966145e+01
6.29680840e-04 -7.13715779e+02 6.96374408e+01 2.62987620e-01 4.59849378e-02 -1.93678053e+01
6.28767649e-04 -7.13712104e+02 6.84342753e+01 2.66619348e-01 4.74040367e-02 -1.94101038e+01
6.27949636e-04 -7.13711723e+02 6.82985801e+01 2.68926983e-01 4.74991516e-02 -1.94116503e+01
6.27389724e-04 -7.13707237e+02 6.92629012e+01 2.50136075e-01 4.64800267e-02 -1.93849412e+01
6.26790429e-04 -7.13706974e+02 6.85767008e+01 2.59820924e-01 4.70213247e-02 -1.94049743e+01
6.25499233e-04 -7.13704707e+02 6.87544521e+01 2.72099876e-01 4.73275634e-02 -1.93898244e+01
6.24388459e-04 -7.13703872e+02 6.83157722e+01 2.58981728e-01 4.79357389e-02 -1.94087241e+01
6.22843633e-04 -7.13703006e+02 6.90870540e+01 2.66332145e-01 4.63969358e-02 -1.93833526e+01
6.22092525e-04 -7.13699633e+02 6.82267041e+01 2.54467422e-01 4.77554812e-02 -1.94141850e+01
6.21975972e-04 -7.13696725e+02 6.83799445e+01 2.68194335e-01 4.74602884e-02 -1.94107555e+01
6.21739551e-04 -7.13693738e+02 6.92514441e+01 2.56260557e-01 4.67003798e-02 -1.93870499e+01
6.20823801e-04 -7.13693015e+02 6.86346199e+01 2.56488554e-01 4.76890905e-02 -1.94029153e+01
6.19023140e-04 -7.13692891e+02 6.88644849e+01 2.72372952e-01 4.70133688e-02 -1.93859319e+01
6.17180352e-04 -7.13692322e+02 6.92000979e+01 2.51219282e-01 4.64534052e-02 -1.93858702e+01
6.17271791e-04 -7.13685949e+02 6.95340177e+01 2.55008492e-01 4.61753789e-02 -1.93761147e+01
6.17519185e-04 -7.13684855e+02 6.83217244e+01 2.72055657e-01 4.79915768e-02 -1.94081623e+01
6.16102562e-04 -7.13683887e+02 6.85868247e+01 2.54825032e-01 4.76802335e-02 -1.94028502e+01
6.15031351e-04 -7.13681681e+02 6.85934061e+01 2.55748840e-01 4.72574647e-02 -1.94086421e+01
6.13717193e-04 -7.13681508e+02 6.86532676e+01 2.73935052e-01 4.76049136e-02 -1.93954939e+01
6.11883960e-04 -7.13681009e+02 6.83170018e+01 2.59143956e-01 4.78935894e-02 -1.94154885e+01
6.10172474e-04 -7.13680455e+02 6.84192896e+01 2.50221735e-01 4.77155320e-02 -1.94105522e+01
6.08799641e-04 -7.13678859e+02 6.91700498e+01 2.55404800e-01 4.63920620e-02 -1.93844253e+01
6.07854812e-04 -7.13676906e+02 6.85653728e+01 2.63456191e-01 4.70949376e-02 -1.93998979e+01
6.07228490e-04 -7.13674266e+02 6.94797066e+01 2.57752907e-01 4.62239011e-02 -1.93735540e+01
6.07277270e-04 -7.13670092e+02 6.88109312e+01 2.52640133e-01 4.68661521e-02 -1.94010951e+01
6.06710128e-04 -7.13669474e+02 6.88485756e+01 2.72158343e-01 4.73021232e-02 -1.93878871e+01
6.06176207e-04 -7.13665202e+02 6.83205104e+01 2.55077396e-01 4.78066130e-02 -1.94163281e+01
6.05480109e-04 -7.13665112e+02 6.92832686e+01 2.72921223e-01 4.67558919e-02 -1.93771905e+01
6.03762787e-04 -7.13664227e+02 6.90084581e+01 2.74748482e-01 4.67466701e-02 -1.93890643e+01
6.04397781e-04 -7.13656370e+02 6.85441807e+01 2.59972993e-01 4.73091432e-02 -1.94091613e+01
6.05486651e-04 -7.13653958e+02 6.88384449e+01 2.59134548e-01 4.70614824e-02 -1.94007357e+01
6.05938171e-04 -7.13648230e+02 6.91808839e+01 2.68402752e-01 4.69410780e-02 -1.93801312e+01
6.06155795e-04 -7.13646577e+02 6.86621553e+01 2.77854951e-01 4.73629039e-02 -1.93926536e+01
6.04882116e-04 -7.13645781e+02 6.89975842e+01 2.63007685e-01 4.65035377e-02 -1.93918394e+01
6.03133036e-04 -7.13645712e+02 6.92249125e+01 2.54484283e-01 4.65222169e-02 -1.93819189e+01
6.01346865e-04 -7.13645057e+02 6.87168101e+01 2.70556711e-01 4.69658818e-02 -1.93993370e+01
6.00047161e-04 -7.13643385e+02 6.85388305e+01 2.62421940e-01 4.71556310e-02 -1.94009051e+01
6.00489270e-04 -7.13636938e+02 6.90337545e+01 2.53886188e-01 4.65447663e-02 -1.93899647e+01
6.00937145e-04 -7.13635228e+02 6.89347558e+01 2.57657307e-01 4.65754855e-02 -1.93935553e+01
5.99584361e-04 -7.13634789e+02 6.82223082e+01 2.59099320e-01 4.76888411e-02 -1.94125495e+01
5.97835308e-04 -7.13634415e+02 6.86910187e+01 2.69080119e-01 4.74456554e-02 -1.93928352e+01
5.95993384e-04 -7.13634305e+02 6.91345950e+01 2.70780415e-01 4.63651282e-02 -1.93842260e+01
5.94268388e-04 -7.13633557e+02 6.85624903e+01 2.64769925e-01 4.71046307e-02 -1.94054466e+01
5.92853931e-04 -7.13632416e+02 6.87994350e+01 2.75343064e-01 4.68667194e-02 -1.93938068e+01
5.91801200e-04 -7.13630457e+02 6.86925963e+01 2.50448287e-01 4.72223456e-02 -1.94057862e+01
5.90675671e-04 -7.13629567e+02 6.82643098e+01 2.54050544e-01 4.78181426e-02 -1.94176379e+01
5.89038219e-04 -7.13629353e+02 6.90017411e+01 2.57378746e-01 4.65181106e-02 -1.93898973e+01
5.87245761e-04 -7.13629006e+02 6.86912064e+01 2.70580683e-01 4.73951241e-02 -1.94007631e+01
5.85516414e-04 -7.13628596e+02 6.92308655e+01 2.63335663e-01 4.63015904e-02 -1.93792031e+01
5.83947400e-04 -7.13627718e+02 6.94110618e+01 2.74052517e-01 4.63453920e-02 -1.93751084e+01
5.83136286e-04 -7.13624722e+02 6.81393295e+01 2.56081542e-01 4.79195162e-02 -1.94201675e+01
5.82112052e-04 -7.13624576e+02 6.81817127e+01 2.73304819e-01 4.78174884e-02 -1.94118962e+01
5.80415153e-04 -7.13623905e+02 6.94699785e+01 2.68138114e-01 4.64828592e-02 -1.93722853e+01
5.78864836e-04 -7.13623269e+02 6.91123352e+01 2.70010182e-01 4.69720580e-02 -1.93807084e+01
5.78127596e-04 -7.13619802e+02 6.90075979e+01 2.64167752e-01 4.66174287e-02 -1.93929651e+01
5.77525978e-04 -7.13618693e+02 6.80676257e+01 2.67027466e-01 4.81853145e-02 -1.94162777e+01
5.76633352e-04 -7.13616241e+02 6.89224041e+01 2.55928725e-01 4.69672720e-02 -1.93897135e+01
5.76669651e-04 -7.13611915e+02 6.88467708e+01 2.77391352e-01 4.71708501e-02 -1.93918572e+01
5.76106237e-04 -7.13611535e+02 6.85194790e+01 2.60282215e-01 4.77490476e-02 -1.94021372e+01
5.74879040e-04 -7.13609525e+02 6.92120696e+01 2.63242168e-01 4.62397721e-02 -1.93833905e+01
5.74342541e-04 -7.13606748e+02 6.90003051e+01 2.59924376e-01 4.70409024e-02 -1.93945415e+01
5.74247491e-04 -7.13603202e+02 6.88442363e+01 2.58942360e-01 4.67161611e-02 -1.93977677e+01
5.73412588e-04 -7.13602999e+02 6.92331609e+01 2.60881992e-01 4.62816238e-02 -1.93853388e+01
5.73519423e-04 -7.13596186e+02 6.94740929e+01 2.55748637e-01 4.62071121e-02 -1.93757451e+01
5.73690060e-04 -7.13595737e+02 6.89628299e+01 2.62054127e-01 4.72615760e-02 -1.93924801e+01
5.73732668e-04 -7.13589391e+02 6.94900597e+01 2.68778047e-01 4.61092466e-02 -1.93702870e+01
5.74038287e-04 -7.13588007e+02 6.94058164e+01 2.71051519e-01 4.61187494e-02 -1.93741201e+01
5.72947536e-04 -7.13586540e+02 6.85129015e+01 2.51579015e-01 4.76203618e-02 -1.94101914e+01
5.71888135e-04 -7.13585053e+02 6.84639433e+01 2.67345404e-01 4.75007407e-02 -1.94090941e+01
5.71006411e-04 -7.13582971e+02 6.90983994e+01 2.71193169e-01 4.66870388e-02 -1.93795300e+01
5.70098571e-04 -7.13581579e+02 6.87281714e+01 2.59275579e-01 4.68381746e-02 -1.93983800e+01
5.68896097e-04 -7.13580538e+02 6.87443374e+01 2.73471222e-01 4.72855515e-02 -1.93901609e+01
5.67505382e-04 -7.13579819e+02 6.94934300e+01 2.61415325e-01 4.64407895e-02 -1.93749884e+01
5.66057551e-04 -7.13578991e+02 6.91928569e+01 2.63642498e-01 4.63476667e-02 -1.93803459e+01
5.64623920e-04 -7.13578235e+02 6.89386725e+01 2.53529377e-01 4.67332537e-02 -1.93919409e+01
5.64137748e-04 -7.13574063e+02 6.87610910e+01 2.53906992e-01 4.74608445e-02 -1.94000766e+01
5.63747024e-04 -7.13572961e+02 6.86912863e+01 2.69891475e-01 4.69052565e-02 -1.93956727e+01
5.62270632e-04 -7.13572651e+02 6.88662295e+01 2.57356958e-01 4.71247456e-02 -1.93997719e+01
5.60589307e-04 -7.13572295e+02 6.85806427e+01 2.59477686e-01 4.76065914e-02 -1.93998346e+01
5.59479529e-04 -7.13569960e+02 6.89396093e+01 2.57722026e-01 4.71777032e-02 -1.93961934e+01
5.59436835e-04 -7.13565795e+02 6.83273355e+01 2.68158379e-01 4.78960868e-02 -1.94116036e+01
5.60008883e-04 -7.13561262e+02 6.93149735e+01 2.58760167e-01 4.62564975e-02 -1.93786623e+01
5.59612759e-04 -7.13560549e+02 6.89774025e+01 2.54274401e-01 4.68583918e-02 -1.93967278e+01
5.58178609e-04 -7.13559738e+02 6.86205844e+01 2.59336867e-01 4.74910390e-02 -1.94065922e+01
5.56714919e-04 -7.13559145e+02 6.89407876e+01 2.75646281e-01 4.66843275e-02 -1.93882506e+01
5.55292032e-04 -7.13558201e+02 6.95394038e+01 2.66488800e-01 4.61712896e-02 -1.93738794e+01
5.53788759e-04 -7.13557911e+02 6.82516529e+01 2.73076340e-01 4.79000934e-02 -1.94109954e+01
5.52147416e-04 -7.13557482e+02 6.91725294e+01 2.56218050e-01 4.65234488e-02 -1.93829169e+01
5.51088675e-04 -7.13555095e+02 6.92424714e+01 2.75599993e-01 4.67049936e-02 -1.93783296e+01
5.50075275e-04 -7.13554506e+02 6.94338838e+01 2.64680008e-01 4.62021722e-02 -1.93784727e+01
5.48532652e-04 -7.13554056e+02 6.87728626e+01 2.53991881e-01 4.69927128e-02 -1.94026930e+01
5.46861954e-04 -7.13553951e+02 6.93202139e+01 2.63092559e-01 4.66759795e-02 -1.93819148e+01
5.45724862e-04 -7.13551565e+02 6.95837969e+01 2.60798308e-01 4.60313089e-02 -1.93714263e+01
5.45185320e-04 -7.13549274e+02 6.80851786e+01 2.58249613e-01 4.80495053e-02 -1.94203981e+01
5.44320336e-04 -7.13548084e+02 6.83477813e+01 2.67388125e-01 4.75535453e-02 -1.94050226e+01
5.43991137e-04 -7.13543833e+02 6.86155920e+01 2.62624184e-01 4.69817593e-02 -1.94022729e+01
5.43694465e-04 -7.13542516e+02 6.80943209e+01 2.62083250e-01 4.79767182e-02 -1.94162485e+01
5.43048974e-04 -7.13539555e+02 6.85351286e+01 2.74653973e-01 4.72097934e-02 -1.94000972e+01
5.42523832e-04 -7.13537794e+02 6.92163601e+01 2.63164708e-01 4.69036454e-02 -1.93820176e+01
5.41734655e-04 -7.13535811e+02 6.90283562e+01 2.59084915e-01 4.70663142e-02 -1.93865936e+01
5.40563110e-04 -7.13535467e+02 6.91220914e+01 2.50466955e-01 4.66624309e-02 -1.93905952e+01
5.38903333e-04 -7.13535305e+02 6.82639722e+01 2.70984919e-01 4.78865340e-02 -1.94073933e+01
5.37187206e-04 -7.13535191e+02 6.83856001e+01 2.75230643e-01 4.77424345e-02 -1.94031400e+01
5.35594125e-04 -7.13534590e+02 6.84732027e+01 2.51468410e-01 4.76877455e-02 -1.94099617e+01
5.35488912e-04 -7.13528936e+02 6.87957071e+01 2.76402739e-01 4.72647945e-02 -1.93934869e+01
5.35270940e-04 -7.13528741e+02 6.81101337e+01 2.59905697e-01 4.80747335e-02 -1.94166613e+01
5.33996447e-04 -7.13527049e+02 6.90230245e+01 2.73516955e-01 4.65426224e-02 -1.93859662e+01
5.32716242e-04 -7.13526885e+02 6.90487576e+01 2.69529110e-01 4.64654821e-02 -1.93870019e+01
5.31142264e-04 -7.13526311e+02 6.93443360e+01 2.68214873e-01 4.62214072e-02 -1.93794975e+01
5.29561701e-04 -7.13526190e+02 6.92396992e+01 2.53987590e-01 4.63672493e-02 -1.93842868e+01
5.27921235e-04 -7.13525861e+02 6.93528271e+01 2.72409406e-01 4.65096427e-02 -1.93732338e+01
5.26311945e-04 -7.13525640e+02 6.89685315e+01 2.78294943e-01 4.69584509e-02 -1.93839894e+01
5.24659599e-04 -7.13525494e+02 6.91455243e+01 2.74471315e-01 4.68343246e-02 -1.93790529e+01
5.23072061e-04 -7.13525045e+02 6.89677791e+01 2.53943416e-01 4.71328837e-02 -1.93951199e+01
5.21706301e-04 -7.13524068e+02 6.93331918e+01 2.63068103e-01 4.61527991e-02 -1.93799561e+01
5.20290066e-04 -7.13523826e+02 6.92865534e+01 2.74057378e-01 4.66711803e-02 -1.93769093e+01
5.19628096e-04 -7.13519962e+02 6.85071958e+01 2.68435347e-01 4.77454414e-02 -1.94055060e+01
5.19213410e-04 -7.13518764e+02 6.85573550e+01 2.51479269e-01 4.74444001e-02 -1.94046871e+01
5.18897795e-04 -7.13514527e+02 6.91432934e+01 2.56842265e-01 4.64717692e-02 -1.93843430e+01
5.18320249e-04 -7.13514331e+02 6.88498414e+01 2.51044632e-01 4.68867607e-02 -1.93992364e+01
5.17082450e-04 -7.13512654e+02 6.85690988e+01 2.65307060e-01 4.74867847e-02 -1.94065188e+01
5.16095121e-04 -7.13511498e+02 6.91565333e+01 2.53057072e-01 4.64809745e-02 -1.93868875e+01
5.15471518e-04 -7.13508418e+02 6.87913561e+01 2.78812463e-01 4.70668666e-02 -1.93897630e+01
5.14952908e-04 -7.13506854e+02 6.87286153e+01 2.50054728e-01 4.72079915e-02 -1.94003983e+01
5.13721586e-04 -7.13506550e+02 6.83543574e+01 2.71602262e-01 4.75797783e-02 -1.94041696e+01
5.12502815e-04 -7.13504949e+02 6.82856380e+01 2.71791632e-01 4.76743284e-02 -1.94069046e+01
5.11258046e-04 -7.13504757e+02 6.90768012e+01 2.58822612e-01 4.64410284e-02 -1.93874838e+01
5.09613248e-04 -7.13504738e+02 6.91752094e+01 2.58595602e-01 4.65348320e-02 -1.93817116e+01
5.08148497e-04 -7.13503859e+02 6.84200208e+01 2.51826711e-01 4.76653009e-02 -1.94097677e+01
5.07110568e-04 -7.13502173e+02 6.93154181e+01 2.68133009e-01 4.64762664e-02 -1.93815027e+01
5.06220930e-04 -7.13500715e+02 6.86900448e+01 2.55729652e-01 4.69992171e-02 -1.94037204e+01
5.05004869e-04 -7.13500327e+02 6.85965167e+01 2.69660217e-01 4.74086441e-02 -1.93955962e+01
5.03544461e-04 -7.13499851e+02 6.89536894e+01 2.54003297e-01 4.66502843e-02 -1.93937607e+01
5.02010505e-04 -7.13499773e+02 6.82076580e+01 2.64553158e-01 4.77163547e-02 -1.94116718e+01
5.00583515e-04 -7.13498889e+02 6.87062727e+01 2.63591649e-01 4.70876153e-02 -1.93940026e+01
4.99819870e-04 -7.13496172e+02 6.90523566e+01 2.52232265e-01 4.67352165e-02 -1.93937412e+01
4.99095575e-04 -7.13495132e+02 6.82118146e+01 2.66678309e-01 4.76704153e-02 -1.94138602e+01
4.97696442e-04 -7.13495131e+02 6.85880079e+01 2.70114188e-01 4.74736869e-02 -1.94038457e+01
4.96350461e-04 -7.13493893e+02 6.83990046e+01 2.64291042e-01 4.79424334e-02 -1.94073918e+01
4.95051237e-04 -7.13493717e+02 6.86622413e+01 2.67052666e-01 4.75007469e-02 -1.93948738e+01
4.93596704e-04 -7.13493123e+02 6.92246531e+01 2.62200319e-01 4.62989491e-02 -1.93848269e+01
4.93335759e-04 -7.13488125e+02 6.80639885e+01 2.65382511e-01 4.80952703e-02 -1.94181140e+01
4.92948375e-04 -7.13488032e+02 6.91699112e+01 2.58913683e-01 4.63423473e-02 -1.93849099e+01
4.91503462e-04 -7.13487341e+02 6.87465007e+01 2.51865784e-01 4.73432379e-02 -1.93990822e+01
4.90186605e-04 -7.13486742e+02 6.89628796e+01 2.50036990e-01 4.69133291e-02 -1.93936563e+01
4.88995268e-04 -7.13485552e+02 6.86996095e+01 2.64481091e-01 4.69866665e-02 -1.93949403e+01
4.87663941e-04 -7.13485539e+02 6.93319818e+01 2.54184216e-01 4.64947974e-02 -1.93806375e+01
4.86158491e-04 -7.13485080e+02 6.87074823e+01 2.75882270e-01 4.72640640e-02 -1.93915493e+01
4.84850000e-04 -7.13484273e+02 6.92808685e+01 2.58634091e-01 4.67528513e-02 -1.93828579e+01
4.83773752e-04 -7.13482870e+02 6.84913078e+01 2.64272729e-01 4.71865752e-02 -1.94061166e+01
4.82607410e-04 -7.13482445e+02 6.84623852e+01 2.71606801e-01 4.76964275e-02 -1.94060998e+01
4.81159978e-04 -7.13482221e+02 6.90685275e+01 2.51003058e-01 4.68859896e-02 -1.93908626e+01
4.79769725e-04 -7.13481577e+02 6.86242619e+01 2.56521968e-01 4.72137372e-02 -1.94068925e+01
4.79385350e-04 -7.13477173e+02 6.88776646e+01 2.76723709e-01 4.68662839e-02 -1.93870725e+01
4.79576218e-04 -7.13474122e+02 6.87561949e+01 2.56291492e-01 4.70005891e-02 -1.93958350e+01
4.79649730e-04 -7.13470213e+02 6.88864158e+01 2.68997345e-01 4.72403859e-02 -1.93877961e+01
4.79416715e-04 -7.13468436e+02 6.92191749e+01 2.70868005e-01 4.64167496e-02 -1.93773246e+01
4.78276651e-04 -7.13468318e+02 6.91293903e+01 2.69371386e-01 4.63923468e-02 -1.93823103e+01
4.77006898e-04 -7.13467097e+02 6.84286460e+01 2.74183199e-01 4.76715406e-02 -1.94015102e+01
4.76038679e-04 -7.13465726e+02 6.88178223e+01 2.64249978e-01 4.72827898e-02 -1.93985885e+01
4.75024488e-04 -7.13464707e+02 6.92597837e+01 2.58633553e-01 4.67884813e-02 -1.93825577e+01
4.75110834e-04 -7.13458716e+02 6.81272303e+01 2.68872651e-01 4.80358057e-02 -1.94148621e+01
4.75064088e-04 -7.13458239e+02 6.92330322e+01 2.56645704e-01 4.64492465e-02 -1.93815228e+01
4.73747414e-04 -7.13457611e+02 6.92067036e+01 2.65720839e-01 4.66072770e-02 -1.93780725e+01
4.72368653e-04 -7.13457413e+02 6.93696664e+01 2.73986583e-01 4.64581119e-02 -1.93746441e+01
4.71493543e-04 -7.13454666e+02 6.82139419e+01 2.69739463e-01 4.80181923e-02 -1.94121941e+01
4.70635127e-04 -7.13454400e+02 6.90665443e+01 2.61362322e-01 4.70743170e-02 -1.93859878e+01
4.69226051e-04 -7.13454008e+02 6.89886697e+01 2.60145103e-01 4.72073233e-02 -1.93907983e+01
4.68377061e-04 -7.13451368e+02 6.83638888e+01 2.65481076e-01 4.79478394e-02 -1.94072553e+01
4.67458672e-04 -7.13451276e+02 6.90325088e+01 2.72265732e-01 4.67632426e-02 -1.93817888e+01
4.65946455e-04 -7.13451193e+02 6.84957309e+01 2.60693154e-01 4.73213650e-02 -1.94092993e+01
4.65035361e-04 -7.13448536e+02 6.81007473e+01 2.64833612e-01 4.81080599e-02 -1.94172731e+01
4.64188960e-04 -7.13448179e+02 6.89110788e+01 2.77628381e-01 4.68601035e-02 -1.93863854e+01
4.64077616e-04 -7.13442369e+02 6.89311215e+01 2.58713093e-01 4.71676914e-02 -1.93897332e+01
4.64213761e-04 -7.13440929e+02 6.87025052e+01 2.54763886e-01 4.69940561e-02 -1.93999147e+01
4.63377140e-04 -7.13439321e+02 6.89866241e+01 2.69656416e-01 4.70459865e-02 -1.93910620e+01
4.62415012e-04 -7.13438430e+02 6.89850717e+01 2.67091117e-01 4.72105357e-02 -1.93883399e+01
4.61135273e-04 -7.13438208e+02 6.84257298e+01 2.62567517e-01 4.73866765e-02 -1.94046697e+01
4.59792388e-04 -7.13437607e+02 6.86155792e+01 2.59482976e-01 4.74909130e-02 -1.94063156e+01
4.58652104e-04 -7.13436519e+02 6.87359570e+01 2.65170345e-01 4.71447893e-02 -1.94014848e+01
4.57406917e-04 -7.13436388e+02 6.92167499e+01 2.72160930e-01 4.66816128e-02 -1.93823480e+01
4.56103586e-04 -7.13435571e+02 6.92087851e+01 2.69948579e-01 4.63169824e-02 -1.93807467e+01
4.54855796e-04 -7.13435211e+02 6.90302121e+01 2.60827901e-01 4.64850968e-02 -1.93889654e+01
4.54276917e-04 -7.13431465e+02 6.92535001e+01 2.65884785e-01 4.63002551e-02 -1.93829088e+01
4.54781073e-04 -7.13426341e+02 6.84741318e+01 2.66254103e-01 4.74026628e-02 -1.94084103e+01
4.54606756e-04 -7.13425570e+02 6.85820986e+01 2.59807009e-01 4.72030546e-02 -1.94069004e+01
4.53735615e-04 -7.13423522e+02 6.92048687e+01 2.59185779e-01 4.63193283e-02 -1.93844993e+01
4.52835545e-04 -7.13422885e+02 6.82642952e+01 2.60590775e-01 4.78852895e-02 -1.94104722e+01
4.51687764e-04 -7.13421942e+02 6.87177645e+01 2.52671472e-01 4.74081683e-02 -1.94002319e+01
4.51123376e-04 -7.13418732e+02 6.88023215e+01 2.77854754e-01 4.71005266e-02 -1.93920154e+01
4.50356424e-04 -7.13418687e+02 6.94615788e+01 2.59465531e-01 4.63346399e-02 -1.93778642e+01
4.49013946e-04 -7.13418048e+02 6.90100326e+01 2.68342470e-01 4.66841425e-02 -1.93911147e+01
4.47898962e-04 -7.13417004e+02 6.83510663e+01 2.72438554e-01 4.77680473e-02 -1.94084610e+01
4.46827302e-04 -7.13416183e+02 6.90042152e+01 2.76955700e-01 4.67320524e-02 -1.93856823e+01
4.46489273e-04 -7.13411867e+02 6.84202370e+01 2.59586252e-01 4.78494240e-02 -1.94068184e+01
4.46150865e-04 -7.13411039e+02 6.91122537e+01 2.60112949e-01 4.66178827e-02 -1.93907090e+01
4.44904541e-04 -7.13410806e+02 6.82529565e+01 2.70575725e-01 4.79539042e-02 -1.94107633e+01
4.43733770e-04 -7.13409654e+02 6.85722813e+01 2.59260124e-01 4.77081552e-02 -1.94049020e+01
4.42766766e-04 -7.13408514e+02 6.93636920e+01 2.71500435e-01 4.63580646e-02 -1.93774164e+01
4.41721710e-04 -7.13407724e+02 6.85614714e+01 2.74942729e-01 4.74965940e-02 -1.94012768e+01
4.40435384e-04 -7.13407691e+02 6.88223153e+01 2.53113923e-01 4.69504157e-02 -1.94005139e+01
4.39092251e-04 -7.13407177e+02 6.95567619e+01 2.62467582e-01 4.61705533e-02 -1.93726451e+01
4.37769048e-04 -7.13407071e+02 6.82315415e+01 2.63311322e-01 4.80055018e-02 -1.94114795e+01
4.36466125e-04 -7.13406483e+02 6.84410196e+01 2.56605520e-01 4.74914581e-02 -1.94118841e+01
4.35496093e-04 -7.13404866e+02 6.89573070e+01 2.50383593e-01 4.68891013e-02 -1.93947764e+01
4.34657168e-04 -7.13403684e+02 6.92876950e+01 2.59540204e-01 4.67315768e-02 -1.93819039e+01
4.33744585e-04 -7.13402414e+02 6.86839009e+01 2.56127018e-01 4.74199488e-02 -1.93983614e+01
4.33127999e-04 -7.13399875e+02 6.85735907e+01 2.70575188e-01 4.75635134e-02 -1.93971875e+01
4.32392004e-04 -7.13399158e+02 6.88431831e+01 2.67135436e-01 4.73307288e-02 -1.93903256e+01
4.31252307e-04 -7.13398497e+02 6.89708009e+01 2.61355480e-01 4.65702387e-02 -1.93898034e+01
4.30043196e-04 -7.13398118e+02 6.91455406e+01 2.57147113e-01 4.66129190e-02 -1.93901245e+01
4.28765097e-04 -7.13397795e+02 6.83393230e+01 2.54278163e-01 4.78031757e-02 -1.94119029e+01
4.27494286e-04 -7.13397399e+02 6.90043781e+01 2.73234660e-01 4.66068827e-02 -1.93870154e+01
4.26266490e-04 -7.13396892e+02 6.83199968e+01 2.58883654e-01 4.75167692e-02 -1.94127013e+01
4.25077173e-04 -7.13396331e+02 6.86867781e+01 2.69716539e-01 4.74252450e-02 -1.94002651e+01
4.23899813e-04 -7.13395783e+02 6.82738256e+01 2.65938294e-01 4.79364827e-02 -1.94089008e+01
4.22901810e-04 -7.13394390e+02 6.82539850e+01 2.63958102e-01 4.78767371e-02 -1.94150539e+01
4.22197424e-04 -7.13392462e+02 6.94537040e+01 2.60369119e-01 4.63455820e-02 -1.93744728e+01
4.21653377e-04 -7.13390314e+02 6.84006994e+01 2.65261117e-01 4.74978569e-02 -1.94106106e+01
4.21128807e-04 -7.13388296e+02 6.86676988e+01 2.73022906e-01 4.70257373e-02 -1.93961401e+01
4.20362451e-04 -7.13387300e+02 6.88984238e+01 2.66925777e-01 4.71387332e-02 -1.93950928e+01
4.19267427e-04 -7.13386857e+02 6.90561274e+01 2.65664597e-01 4.64585664e-02 -1.93867330e+01
4.17988244e-04 -7.13386756e+02 6.92040341e+01 2.59986073e-01 4.64641689e-02 -1.93872509e+01
4.16942034e-04 -7.13385214e+02 6.84587504e+01 2.75784135e-01 4.75835838e-02 -1.94026103e+01
4.16035025e-04 -7.13384455e+02 6.87250823e+01 2.50470328e-01 4.71639492e-02 -1.94016257e+01
4.14814950e-04 -7.13384432e+02 6.86811952e+01 2.55141002e-01 4.70244603e-02 -1.94032093e+01
4.14065523e-04 -7.13381419e+02 6.92078681e+01 2.75724213e-01 4.65753905e-02 -1.93779841e+01
4.13350432e-04 -7.13381232e+02 6.95329314e+01 2.63403493e-01 4.62390285e-02 -1.93733709e+01
4.12047372e-04 -7.13381078e+02 6.86652971e+01 2.75357628e-01 4.72762456e-02 -1.93934290e+01
4.10796241e-04 -7.13380658e+02 6.92005272e+01 2.54656349e-01 4.65552603e-02 -1.93837914e+01
4.09569009e-04 -7.13380406e+02 6.86316179e+01 2.63301833e-01 4.71753574e-02 -1.94046599e+01
4.08397356e-04 -7.13379732e+02 6.86527928e+01 2.68937417e-01 4.70342471e-02 -1.94005110e+01
4.07370659e-04 -7.13378785e+02 6.87928498e+01 2.75929942e-01 4.72753757e-02 -1.93906150e+01
4.06370316e-04 -7.13377994e+02 6.83267563e+01 2.62886640e-01 4.75581122e-02 -1.94081217e+01
4.05235355e-04 -7.13377723e+02 6.93485384e+01 2.55015695e-01 4.64614337e-02 -1.93814703e+01
4.04281270e-04 -7.13376053e+02 6.85525873e+01 2.63186976e-01 4.75254588e-02 -1.94071845e+01
4.03631855e-04 -7.13374283e+02 6.86966468e+01 2.71134000e-01 4.75264233e-02 -1.93960726e+01
4.02765876e-04 -7.13373692e+02 6.88034902e+01 2.54344998e-01 4.68890580e-02 -1.93970565e+01
4.01564785e-04 -7.13373600e+02 6.88099812e+01 2.70725247e-01 4.67995222e-02 -1.93922584e+01
4.00316128e-04 -7.13373265e+02 6.83027958e+01 2.67895264e-01 4.79255444e-02 -1.94079246e+01
3.99140403e-04 -7.13372827e+02 6.93877302e+01 2.61028127e-01 4.65085381e-02 -1.93797262e+01
3.98128117e-04 -7.13371689e+02 6.92315279e+01 2.63115027e-01 4.62857788e-02 -1.93828702e+01
3.97307312e-04 -7.13370299e+02 6.91002108e+01 2.54460059e-01 4.66633593e-02 -1.93916042e+01
3.96298657e-04 -7.13370117e+02 6.84079762e+01 2.59873689e-01 4.75978364e-02 -1.94055215e+01
3.95185427e-04 -7.13369270e+02 6.88810317e+01 2.72409651e-01 4.67695154e-02 -1.93883678e+01
3.94148121e-04 -7.13368718e+02 6.84782635e+01 2.60123699e-01 4.73647709e-02 -1.94036196e+01
3.92954488e-04 -7.13368680e+02 6.87937517e+01 2.70784606e-01 4.69617415e-02 -1.93900540e+01
3.91670932e-04 -7.13368606e+02 6.84107535e+01 2.59304726e-01 4.76283054e-02 -1.94123091e+01
3.90621916e-04 -7.13367389e+02 6.86040406e+01 2.57901878e-01 4.76538518e-02 -1.94038493e+01
3.89791299e-04 -7.13366207e+02 6.89198351e+01 2.72889103e-01 4.67125444e-02 -1.93875868e+01
3.88728468e-04 -7.13366194e+02 6.83419912e+01 2.55442975e-01 4.76101224e-02 -1.94138528e+01
3.87615548e-04 -7.13365286e+02 6.81318184e+01 2.63439773e-01 4.79935706e-02 -1.94173110e+01
3.86953256e-04 -7.13362960e+02 6.92806009e+01 2.70367402e-01 4.65121389e-02 -1.93755650e+01
3.86194458e-04 -7.13362555e+02 6.90139673e+01 2.65992085e-01 4.69191753e-02 -1.93839198e+01
3.85034824e-04 -7.13362318e+02 6.84979542e+01 2.69051153e-01 4.75722170e-02 -1.93996645e+01
3.84091130e-04 -7.13360808e+02 6.82779722e+01 2.67349204e-01 4.79848953e-02 -1.94103963e+01
3.83206530e-04 -7.13360274e+02 6.90227350e+01 2.63109134e-01 4.68088455e-02 -1.93844616e+01
3.82294556e-04 -7.13358918e+02 6.87983210e+01 2.60983133e-01 4.67823930e-02 -1.93965326e+01
3.81503300e-04 -7.13357762e+02 6.91487721e+01 2.54403115e-01 4.68287203e-02 -1.93884958e+01
3.80541882e-04 -7.13357309e+02 6.89802998e+01 2.68720513e-01 4.68805523e-02 -1.93921666e+01
3.79539084e-04 -7.13356384e+02 6.92891804e+01 2.66382073e-01 4.66727054e-02 -1.93771724e+01
3.78495706e-04 -7.13356159e+02 6.93078287e+01 2.69327363e-01 4.64988639e-02 -1.93750803e+01
3.77338070e-04 -7.13355855e+02 6.94129596e+01 2.66187946e-01 4.64744569e-02 -1.93740946e+01
3.76674330e-04 -7.13353026e+02 6.92819143e+01 2.68192047e-01 4.67249631e-02 -1.93794244e+01
3.76062395e-04 -7.13352449e+02 6.81884965e+01 2.64691815e-01 4.78145645e-02 -1.94128278e+01
3.75078781e-04 -7.13351609e+02 6.87274022e+01 2.62859226e-01 4.75366514e-02 -1.93975703e+01
3.74013882e-04 -7.13351480e+02 6.92965885e+01 2.62093155e-01 4.62419582e-02 -1.93798366e+01
3.72955392e-04 -7.13350621e+02 6.83601893e+01 2.56462752e-01 4.75237744e-02 -1.94126580e+01
3.72461430e-04 -7.13347477e+02 6.87398524e+01 2.66027942e-01 4.70440797e-02 -1.94004173e+01
3.71953029e-04 -7.13346695e+02 6.85443406e+01 2.55856683e-01 4.73903774e-02 -1.94029636e+01
3.70909185e-04 -7.13346442e+02 6.88354069e+01 2.66988558e-01 4.71938672e-02 -1.93970746e+01
3.70203635e-04 -7.13343850e+02 6.90512911e+01 2.52415455e-01 4.66746884e-02 -1.93910768e+01
3.70045224e-04 -7.13340643e+02 6.91123807e+01 2.64833108e-01 4.69564721e-02 -1.93875143e+01
3.69525219e-04 -7.13340004e+02 6.85379345e+01 2.58512882e-01 4.72265049e-02 -1.94032406e+01
3.68463797e-04 -7.13339741e+02 6.89952668e+01 2.71123482e-01 4.67068045e-02 -1.93899124e+01
3.67449779e-04 -7.13338860e+02 6.82456992e+01 2.68023185e-01 4.76808140e-02 -1.94109335e+01
3.66948074e-04 -7.13335820e+02 6.86447241e+01 2.54638290e-01 4.74183309e-02 -1.94057862e+01
3.66432580e-04 -7.13335014e+02 6.88675764e+01 2.57766512e-01 4.73020866e-02 -1.93938428e+01
3.65679009e-04 -7.13333282e+02 6.94374514e+01 2.68954818e-01 4.62716880e-02 -1.93753446e+01
3.65185330e-04 -7.13331061e+02 6.91410072e+01 2.69437931e-01 4.68939812e-02 -1.93810605e+01
3.64491927e-04 -7.13330426e+02 6.86113936e+01 2.66783005e-01 4.72992341e-02 -1.94042197e+01
3.64045108e-04 -7.13326862e+02 6.82103083e+01 2.64153616e-01 4.78406464e-02 -1.94155853e+01
3.63637441e-04 -7.13326009e+02 6.90211373e+01 2.58077808e-01 4.70437114e-02 -1.93926080e+01
3.62656334e-04 -7.13325609e+02 6.86568614e+01 2.58371379e-01 4.72558504e-02 -1.93978830e+01
3.62030654e-04 -7.13322809e+02 6.90507034e+01 2.58292224e-01 4.67141945e-02 -1.93859556e+01
3.61430982e-04 -7.13322267e+02 6.85134950e+01 2.72682985e-01 4.73550445e-02 -1.93994440e+01
3.60350170e-04 -7.13322143e+02 6.92671103e+01 2.68319859e-01 4.66996283e-02 -1.93776121e+01
3.59317805e-04 -7.13321350e+02 6.89130121e+01 2.55537620e-01 4.72139014e-02 -1.93939486e+01
3.58404576e-04 -7.13320577e+02 6.92515461e+01 2.69814177e-01 4.66802151e-02 -1.93773081e+01
3.57847034e-04 -7.13317810e+02 6.90854414e+01 2.54963096e-01 4.66701879e-02 -1.93870271e+01
3.57368790e-04 -7.13316594e+02 6.92437748e+01 2.66332482e-01 4.63192321e-02 -1.93793173e+01
3.56478616e-04 -7.13316142e+02 6.87931494e+01 2.54915384e-01 4.71518952e-02 -1.93954059e+01
3.55419247e-04 -7.13315891e+02 6.85759348e+01 2.69330849e-01 4.75588880e-02 -1.93976357e+01
3.54304846e-04 -7.13315767e+02 6.84634834e+01 2.64218549e-01 4.73889925e-02 -1.94087911e+01
3.54026179e-04 -7.13310815e+02 6.82452808e+01 2.60200969e-01 4.79842532e-02 -1.94135655e+01
3.53837232e-04 -7.13310173e+02 6.87853831e+01 2.52349540e-01 4.70732570e-02 -1.94013649e+01
3.52804009e-04 -7.13310008e+02 6.93318476e+01 2.63757542e-01 4.62651191e-02 -1.93807521e+01
3.51998842e-04 -7.13308088e+02 6.92136363e+01 2.64714490e-01 4.65014180e-02 -1.93789384e+01
3.51496271e-04 -7.13306210e+02 6.93432843e+01 2.70634796e-01 4.65537826e-02 -1.93763618e+01
3.50661062e-04 -7.13306190e+02 6.89413259e+01 2.51483062e-01 4.68778479e-02 -1.93953014e+01
3.49667990e-04 -7.13305227e+02 6.85624230e+01 2.56536347e-01 4.74993612e-02 -1.94021820e+01
3.48769459e-04 -7.13304680e+02 6.86685780e+01 2.58899363e-01 4.71454867e-02 -1.93977541e+01
3.47764845e-04 -7.13304340e+02 6.88647161e+01 2.71084729e-01 4.67926880e-02 -1.93891874e+01
3.48241082e-04 -7.13295308e+02 6.93401105e+01 2.68172701e-01 4.64977989e-02 -1.93793449e+01
3.48780623e-04 -7.13294568e+02 6.90660541e+01 2.73755921e-01 4.67553672e-02 -1.93814860e+01
3.48172717e-04 -7.13292142e+02 6.91736687e+01 2.70400965e-01 4.66609233e-02 -1.93786840e+01
3.47482498e-04 -7.13291880e+02 6.89543245e+01 2.67140537e-01 4.70929934e-02 -1.93862474e+01
3.46490919e-04 -7.13291202e+02 6.89970071e+01 2.71212590e-01 4.69185987e-02 -1.93836112e+01
3.45529472e-04 -7.13290782e+02 6.88919329e+01 2.61846014e-01 4.72925877e-02 -1.93918177e+01
3.44598657e-04 -7.13289942e+02 6.90523277e+01 2.56557335e-01 4.65606655e-02 -1.93892974e+01
3.43671211e-04 -7.13289516e+02 6.82412323e+01 2.58119747e-01 4.78968805e-02 -1.94139147e+01
3.42859608e-04 -7.13288015e+02 6.87846133e+01 2.52649746e-01 4.72536819e-02 -1.94006817e+01
3.41999956e-04 -7.13287881e+02 6.89300315e+01 2.62370623e-01 4.69026176e-02 -1.93877599e+01
3.40898468e-04 -7.13287812e+02 6.86451457e+01 2.76091433e-01 4.72462503e-02 -1.93969050e+01
3.39806623e-04 -7.13287641e+02 6.91311898e+01 2.57176644e-01 4.65605210e-02 -1.93896976e+01
3.38730592e-04 -7.13287499e+02 6.87110314e+01 2.59654183e-01 4.75024950e-02 -1.93979176e+01
3.37631771e-04 -7.13287484e+02 6.83218998e+01 2.60375737e-01 4.75866662e-02 -1.94097540e+01
3.36611183e-04 -7.13286899e+02 6.83140968e+01 2.58000967e-01 4.76371245e-02 -1.94139281e+01
3.35660491e-04 -7.13286485e+02 6.91580334e+01 2.73255269e-01 4.67861419e-02 -1.93800336e+01
3.34685127e-04 -7.13286063e+02 6.88987276e+01 2.51762815e-01 4.70323183e-02 -1.93952984e+01
3.33670225e-04 -7.13285903e+02 6.86580952e+01 2.59672193e-01 4.75868865e-02 -1.94014444e+01
3.32980789e-04 -7.13283546e+02 6.83288173e+01 2.68307940e-01 4.77493453e-02 -1.94063079e+01
3.32340161e-04 -7.13283098e+02 6.90008497e+01 2.69442607e-01 4.65773610e-02 -1.93879181e+01
3.31441412e-04 -7.13282306e+02 6.86766705e+01 2.71040811e-01 4.72696153e-02 -1.94001815e+01
3.30669451e-04 -7.13281106e+02 6.86434552e+01 2.72466429e-01 4.71257931e-02 -1.93991478e+01
3.30145087e-04 -7.13278825e+02 6.92202977e+01 2.71595449e-01 4.67453345e-02 -1.93800031e+01
3.29614692e-04 -7.13277665e+02 6.91120346e+01 2.58401824e-01 4.69473194e-02 -1.93883987e+01
3.29176475e-04 -7.13274832e+02 6.89729816e+01 2.59471115e-01 4.71748002e-02 -1.93916780e+01
3.28622130e-04 -7.13274379e+02 6.86147859e+01 2.63182376e-01 4.72582235e-02 -1.94050927e+01
3.27619397e-04 -7.13274289e+02 6.85270153e+01 2.63025557e-01 4.77361152e-02 -1.94029979e+01
3.26664186e-04 -7.13273563e+02 6.88283965e+01 2.57166480e-01 4.71919423e-02 -1.93997593e+01
3.25726571e-04 -7.13273382e+02 6.84815937e+01 2.73298966e-01 4.74018030e-02 -1.94032290e+01
3.24840877e-04 -7.13272353e+02 6.89364690e+01 2.69799479e-01 4.71729064e-02 -1.93908420e+01
3.23964616e-04 -7.13272128e+02 6.92196867e+01 2.63569381e-01 4.63895386e-02 -1.93847052e+01
3.22945578e-04 -7.13271999e+02 6.90137765e+01 2.59668059e-01 4.68173048e-02 -1.93864124e+01
3.22564942e-04 -7.13267836e+02 6.92407665e+01 2.57537630e-01 4.67225269e-02 -1.93830409e+01
3.22421989e-04 -7.13266226e+02 6.87503297e+01 2.75757533e-01 4.70550143e-02 -1.93934431e+01
3.21805659e-04 -7.13265007e+02 6.89742550e+01 2.53304998e-01 4.69496015e-02 -1.93916181e+01
3.21021213e-04 -7.13264451e+02 6.90304768e+01 2.70011540e-01 4.65543107e-02 -1.93862644e+01
3.20203468e-04 -7.13263452e+02 6.91948763e+01 2.69629643e-01 4.66269151e-02 -1.93840575e+01
3.19476877e-04 -7.13262339e+02 6.87592978e+01 2.65046444e-01 4.71979528e-02 -1.93922120e+01
3.18947690e-04 -7.13260113e+02 6.93453586e+01 2.64797794e-01 4.63149646e-02 -1.93802686e+01
3.18259575e-04 -7.13260002e+02 6.85563068e+01 2.54158257e-01 4.72818320e-02 -1.94068387e+01
3.17486871e-04 -7.13258320e+02 6.93334480e+01 2.59732969e-01 4.64248318e-02 -1.93822755e+01
3.16772329e-04 -7.13257852e+02 6.82741490e+01 2.62881117e-01 4.79003900e-02 -1.94137549e+01
3.15964099e-04 -7.13256774e+02 6.87770526e+01 2.76433915e-01 4.70755308e-02 -1.93919938e+01
3.15256327e-04 -7.13255682e+02 6.85771217e+01 2.53945616e-01 4.73955128e-02 -1.94035723e+01
3.14435680e-04 -7.13255331e+02 6.85264896e+01 2.54068516e-01 4.76014233e-02 -1.94075162e+01
3.13717057e-04 -7.13253603e+02 6.87647870e+01 2.64449943e-01 4.68626520e-02 -1.93950082e+01
3.13141782e-04 -7.13252346e+02 6.87084420e+01 2.63209425e-01 4.73950359e-02 -1.93950333e+01
3.12919125e-04 -7.13248374e+02 6.91126924e+01 2.56184617e-01 4.66426498e-02 -1.93905243e+01
3.12721879e-04 -7.13246948e+02 6.83493499e+01 2.60994933e-01 4.75743946e-02 -1.94124674e+01
3.11934459e-04 -7.13246760e+02 6.89772441e+01 2.55213399e-01 4.70664445e-02 -1.93913563e+01
3.11022838e-04 -7.13246146e+02 6.84409080e+01 2.69240977e-01 4.73705196e-02 -1.94041161e+01
3.10141088e-04 -7.13245782e+02 6.89862591e+01 2.53256110e-01 4.68235553e-02 -1.93945740e+01
3.09227106e-04 -7.13245393e+02 6.87026283e+01 2.65837144e-01 4.75236392e-02 -1.93965981e+01
3.08393585e-04 -7.13244525e+02 6.82895592e+01 2.66118483e-01 4.79352190e-02 -1.94105545e+01
3.07503988e-04 -7.13244515e+02 6.83729421e+01 2.70113519e-01 4.78089265e-02 -1.94059746e+01
3.06522768e-04 -7.13244261e+02 6.88475853e+01 2.66330838e-01 4.68130661e-02 -1.93906568e+01
3.05705469e-04 -7.13243200e+02 6.93440480e+01 2.57394071e-01 4.63995328e-02 -1.93797070e+01
3.05041549e-04 -7.13241954e+02 6.88306764e+01 2.60934013e-01 4.72275568e-02 -1.93986096e+01
3.04619587e-04 -7.13239314e+02 6.91002884e+01 2.70139281e-01 4.66151167e-02 -1.93813209e+01
3.04105769e-04 -7.13238673e+02 6.83954700e+01 2.60897748e-01 4.74720403e-02 -1.94071082e+01
3.03204260e-04 -7.13238596e+02 6.85141624e+01 2.54891756e-01 4.76288982e-02 -1.94078878e+01
3.02243650e-04 -7.13238364e+02 6.82985383e+01 2.59854457e-01 4.77391803e-02 -1.94104266e+01
3.01497433e-04 -7.13236885e+02 6.90489707e+01 2.72247548e-01 4.65936749e-02 -1.93857337e+01
3.00819784e-04 -7.13236209e+02 6.91455120e+01 2.54128665e-01 4.66102101e-02 -1.93870337e+01
3.00065210e-04 -7.13235253e+02 6.84679255e+01 2.59558563e-01 4.76919178e-02 -1.94093947e+01
2.99394276e-04 -7.13234030e+02 6.87972478e+01 2.59177634e-01 4.73561859e-02 -1.93988015e+01
2.98971277e-04 -7.13231426e+02 6.87626795e+01 2.75252577e-01 4.72566528e-02 -1.93936604e+01
2.98613825e-04 -7.13229766e+02 6.88745362e+01 2.69976327e-01 4.67924314e-02 -1.93891801e+01
2.97887149e-04 -7.13229643e+02 6.86063311e+01 2.55645242e-01 4.74990829e-02 -1.94020739e+01
2.97047713e-04 -7.13228755e+02 6.82333225e+01 2.66746794e-01 4.78961290e-02 -1.94128981e+01
2.96348515e-04 -7.13227700e+02 6.83114275e+01 2.58497407e-01 4.77422320e-02 -1.94140160e+01
2.95644938e-04 -7.13226853e+02 6.82775131e+01 2.61899092e-01 4.79352157e-02 -1.94117986e+01
2.94934350e-04 -7.13225858e+02 6.85725453e+01 2.54438268e-01 4.72754009e-02 -1.94045565e+01
2.94151581e-04 -7.13225512e+02 6.89322014e+01 2.56522991e-01 4.71765003e-02 -1.93933637e+01
2.93252711e-04 -7.13225323e+02 6.84884110e+01 2.55883500e-01 4.73533396e-02 -1.94071516e+01
2.92522648e-04 -7.13223842e+02 6.83868876e+01 2.58352897e-01 4.78227379e-02 -1.94104118e+01
2.91842507e-04 -7.13223323e+02 6.85004908e+01 2.63284002e-01 4.76059319e-02 -1.94079249e+01
2.91074185e-04 -7.13222459e+02 6.82908285e+01 2.70170965e-01 4.77862372e-02 -1.94093795e+01
2.90320628e-04 -7.13221851e+02 6.83244558e+01 2.63033882e-01 4.77855564e-02 -1.94081865e+01
2.89832888e-04 -7.13219168e+02 6.93160603e+01 2.71623868e-01 4.63969115e-02 -1.93769989e+01
2.89637029e-04 -7.13216548e+02 6.89064830e+01 2.54089993e-01 4.69326455e-02 -1.93931656e+01
2.89208953e-04 -7.13215469e+02 6.92269331e+01 2.64849015e-01 4.64690807e-02 -1.93790741e+01
2.88482291e-04 -7.13214923e+02 6.92844548e+01 2.63426912e-01 4.66952085e-02 -1.93805386e+01
2.87819196e-04 -7.13213417e+02 6.90037775e+01 2.67251430e-01 4.66329490e-02 -1.93857330e+01
2.87095895e-04 -7.13213300e+02 6.88525041e+01 2.56329412e-01 4.68879617e-02 -1.93984371e+01
2.86177733e-04 -7.13213168e+02 6.84513942e+01 2.67105561e-01 4.73368296e-02 -1.94046212e+01
2.85384819e-04 -7.13212193e+02 6.88680773e+01 2.66212165e-01 4.72219572e-02 -1.93951752e+01
2.84706320e-04 -7.13211273e+02 6.84781433e+01 2.63011161e-01 4.75849515e-02 -1.94087972e+01
2.83982170e-04 -7.13210631e+02 6.85379105e+01 2.54828338e-01 4.74255144e-02 -1.94083600e+01
2.83267827e-04 -7.13209654e+02 6.87541722e+01 2.73821117e-01 4.73354882e-02 -1.93936517e+01
2.82627788e-04 -7.13208500e+02 6.87160317e+01 2.65365430e-01 4.72349755e-02 -1.93936890e+01
2.81881673e-04 -7.13208285e+02 6.82496382e+01 2.64014559e-01 4.78776275e-02 -1.94138156e+01
2.81018562e-04 -7.13207978e+02 6.89661211e+01 2.54875144e-01 4.67227283e-02 -1.93930238e+01
2.80170213e-04 -7.13207677e+02 6.84251149e+01 2.61584592e-01 4.77512934e-02 -1.94098623e+01
2.79636105e-04 -7.13205140e+02 6.85960812e+01 2.70484959e-01 4.73250564e-02 -1.94024089e+01
2.79155265e-04 -7.13204461e+02 6.92558969e+01 2.60680151e-01 4.64124015e-02 -1.93843251e+01
2.78387808e-04 -7.13203990e+02 6.90450788e+01 2.73561503e-01 4.68700705e-02 -1.93828882e+01
2.77543266e-04 -7.13203882e+02 6.87240810e+01 2.75326809e-01 4.72756224e-02 -1.93946384e+01
2.76637482e-04 -7.13203873e+02 6.91578689e+01 2.57953157e-01 4.64615614e-02 -1.93867080e+01
2.75932446e-04 -7.13202331e+02 6.85575121e+01 2.57232522e-01 4.74135509e-02 -1.94023111e+01
2.75270602e-04 -7.13202019e+02 6.86907177e+01 2.64538283e-01 4.69692742e-02 -1.93976831e+01
2.74399677e-04 -7.13202013e+02 6.83035586e+01 2.69117078e-01 4.77863924e-02 -1.94080867e+01
2.73537015e-04 -7.13201661e+02 6.93267497e+01 2.66095723e-01 4.64231689e-02 -1.93760780e+01
2.72682981e-04 -7.13201612e+02 6.87991594e+01 2.53395567e-01 4.70129457e-02 -1.93976709e+01
2.71988233e-04 -7.13200108e+02 6.85990732e+01 2.57445538e-01 4.75247727e-02 -1.94058512e+01
2.71340036e-04 -7.13199728e+02 6.88337492e+01 2.54998629e-01 4.72374953e-02 -1.93984462e+01
2.70697942e-04 -7.13198192e+02 6.89548034e+01 2.54510878e-01 4.70064628e-02 -1.93953457e+01
2.70462256e-04 -7.13194817e+02 6.87485280e+01 2.56333349e-01 4.69892857e-02 -1.93979311e+01
2.70072667e-04 -7.13194416e+02 6.90823198e+01 2.66021343e-01 4.67254958e-02 -1.93824683e+01
2.69319079e-04 -7.13193749e+02 6.87804036e+01 2.69836119e-01 4.72397597e-02 -1.93909831e+01
2.68614156e-04 -7.13193003e+02 6.83103339e+01 2.57214105e-01 4.77220663e-02 -1.94127049e+01
2.67821835e-04 -7.13193002e+02 6.88096646e+01 2.55594383e-01 4.71965225e-02 -1.93953132e+01
2.67210057e-04 -7.13190922e+02 6.86823202e+01 2.74746537e-01 4.71742426e-02 -1.93963344e+01
2.66713466e-04 -7.13190066e+02 6.84174057e+01 2.71374887e-01 4.77177651e-02 -1.94047627e+01
2.65977625e-04 -7.13189792e+02 6.92541810e+01 2.58552037e-01 4.66874362e-02 -1.93831572e+01
2.65193191e-04 -7.13189317e+02 6.87735992e+01 2.70695237e-01 4.73793465e-02 -1.93935834e+01
2.64472187e-04 -7.13188581e+02 6.87194102e+01 2.68483490e-01 4.70097832e-02 -1.93941795e+01
2.63720060e-04 -7.13188357e+02 6.92357042e+01 2.68668959e-01 4.63670127e-02 -1.93804100e+01
2.62941669e-04 -7.13187837e+02 6.88676192e+01 2.56999281e-01 4.68333854e-02 -1.93938078e+01
2.62246454e-04 -7.13186997e+02 6.87642480e+01 2.53353895e-01 4.72846627e-02 -1.93999099e+01
2.61629488e-04 -7.13185893e+02 6.86595731e+01 2.58973438e-01 4.71195912e-02 -1.94038054e+01
2.60980634e-04 -7.13185307e+02 6.91783162e+01 2.60845123e-01 4.65358767e-02 -1.93872648e+01
2.60416586e-04 -7.13183565e+02 6.85600265e+01 2.72578806e-01 4.75011395e-02 -1.94015972e+01
2.59795693e-04 -7.13183425e+02 6.91768769e+01 2.59041997e-01 4.64571667e-02 -1.93865795e+01
2.59378893e-04 -7.13180123e+02 6.84008998e+01 2.70202914e-01 4.75068032e-02 -1.94049424e+01
2.59072852e-04 -7.13179128e+02 6.89730130e+01 2.59978033e-01 4.70818078e-02 -1.93888540e+01
2.58449357e-04 -7.13178287e+02 6.84799015e+01 2.72848354e-01 4.75567761e-02 -1.94013993e+01
2.57755478e-04 -7.13177849e+02 6.85450707e+01 2.68234505e-01 4.72792550e-02 -1.94041541e+01
2.56963243e-04 -7.13177788e+02 6.90254412e+01 2.69429678e-01 4.68304114e-02 -1.93896193e+01
2.56249513e-04 -7.13176757e+02 6.86247733e+01 2.72653703e-01 4.73390714e-02 -1.93957847e+01
2.55730560e-04 -7.13175187e+02 6.87357571e+01 2.60916885e-01 4.73247983e-02 -1.93951054e+01
2.55200863e-04 -7.13174248e+02 6.84905864e+01 2.60153427e-01 4.73788823e-02 -1.94039096e+01
2.54489713e-04 -7.13174112e+02 6.83718471e+01 2.62641461e-01 4.74985244e-02 -1.94103687e+01
2.53868909e-04 -7.13172478e+02 6.90397285e+01 2.72807069e-01 4.66570941e-02 -1.93840640e+01
2.53252629e-04 -7.13172317e+02 6.90452888e+01 2.63454993e-01 4.65384581e-02 -1.93870553e+01
2.52486857e-04 -7.13171879e+02 6.88935763e+01 2.54349960e-01 4.69210814e-02 -1.93937992e+01
2.51918382e-04 -7.13170170e+02 6.91556540e+01 2.57049822e-01 4.66502027e-02 -1.93844098e+01
2.51505862e-04 -7.13168501e+02 6.92207113e+01 2.56236332e-01 4.66409023e-02 -1.93855132e+01
2.50997363e-04 -7.13167562e+02 6.86696515e+01 2.59027581e-01 4.75308960e-02 -1.94006836e+01
2.50295884e-04 -7.13167443e+02 6.83388727e+01 2.64955092e-01 4.75656391e-02 -1.94105575e+01
2.49574131e-04 -7.13166682e+02 6.92169752e+01 2.66404847e-01 4.64765878e-02 -1.93839956e+01
2.48962045e-04 -7.13165698e+02 6.84813828e+01 2.67873727e-01 4.73141908e-02 -1.94033699e+01
2.48302369e-04 -7.13165333e+02 6.87999021e+01 2.66303587e-01 4.70476226e-02 -1.93981201e+01
2.47895225e-04 -7.13162327e+02 6.94105301e+01 2.63222307e-01 4.63831694e-02 -1.93770459e+01
2.47529617e-04 -7.13161627e+02 6.87165431e+01 2.69424573e-01 4.70909858e-02 -1.93989202e+01
2.46848717e-04 -7.13161180e+02 6.86225360e+01 2.62218501e-01 4.72026768e-02 -1.93985059e+01
2.46123810e-04 -7.13160853e+02 6.89066061e+01 2.65867556e-01 4.71197351e-02 -1.93943844e+01
2.45475029e-04 -7.13159804e+02 6.86693865e+01 2.53434100e-01 4.73728735e-02 -1.94028329e+01
2.44993723e-04 -7.13158123e+02 6.85276776e+01 2.54355450e-01 4.73935073e-02 -1.94066704e+01
2.44456695e-04 -7.13157537e+02 6.90720520e+01 2.62022385e-01 4.66702268e-02 -1.93844638e+01
2.43734927e-04 -7.13157381e+02 6.93407788e+01 2.61658896e-01 4.64613530e-02 -1.93776906e+01
2.43031310e-04 -7.13156663e+02 6.88463111e+01 2.62595360e-01 4.72384682e-02 -1.93969793e+01
2.42364992e-04 -7.13156217e+02 6.91728730e+01 2.63088976e-01 4.67551520e-02 -1.93814742e+01
2.41616547e-04 -7.13156193e+02 6.86387346e+01 2.66133507e-01 4.70642801e-02 -1.93987186e+01
2.40945996e-04 -7.13155120e+02 6.88955278e+01 2.74325512e-01 4.70664854e-02 -1.93878192e+01
2.40287896e-04 -7.13155007e+02 6.86675470e+01 2.70542689e-01 4.74278331e-02 -1.93952033e+01
2.39555255e-04 -7.13154572e+02 6.90755265e+01 2.73889158e-01 4.66927687e-02 -1.93827426e+01
2.38867421e-04 -7.13154103e+02 6.88765492e+01 2.67767398e-01 4.71608402e-02 -1.93888183e+01
2.38542782e-04 -7.13150639e+02 6.85833025e+01 2.57804107e-01 4.75853222e-02 -1.94051507e+01
2.38213526e-04 -7.13150207e+02 6.90873384e+01 2.58489107e-01 4.65376948e-02 -1.93878771e+01
2.37474543e-04 -7.13150197e+02 6.87637406e+01 2.55699661e-01 4.72861199e-02 -1.94009932e+01
2.36691783e-04 -7.13150154e+02 6.91890455e+01 2.71775055e-01 4.65087811e-02 -1.93799830e+01
2.35999663e-04 -7.13149399e+02 6.85441430e+01 2.61353174e-01 4.76063405e-02 -1.94063847e+01
2.35410401e-04 -7.13148499e+02 6.82979742e+01 2.62173007e-01 4.77415421e-02 -1.94131116e+01
2.34879134e-04 -7.13147262e+02 6.84377141e+01 2.72286253e-01 4.75915461e-02 -1.94036721e+01
2.34250872e-04 -7.13147200e+02 6.91877188e+01 2.58220740e-01 4.65395147e-02 -1.93870616e+01
2.33616990e-04 -7.13146026e+02 6.84537660e+01 2.69899237e-01 4.75032216e-02 -1.94023125e+01
2.32997530e-04 -7.13145854e+02 6.85852965e+01 2.55973810e-01 4.74748493e-02 -1.94027202e+01
2.32244854e-04 -7.13145842e+02 6.86466876e+01 2.69912434e-01 4.72550089e-02 -1.94009765e+01
2.31520965e-04 -7.13145442e+02 6.85492684e+01 2.58048710e-01 4.74833798e-02 -1.94024904e+01
2.30870111e-04 -7.13144816e+02 6.82825054e+01 2.59972170e-01 4.78296388e-02 -1.94131898e+01
2.30200653e-04 -7.13144594e+02 6.93777578e+01 2.67980744e-01 4.63437745e-02 -1.93760468e+01
2.29495295e-04 -7.13144299e+02 6.92087492e+01 2.71255718e-01 4.66590813e-02 -1.93790355e+01
2.28856911e-04 -7.13143510e+02 6.85690133e+01 2.55747854e-01 4.72700136e-02 -1.94044785e+01
2.28199298e-04 -7.13143398e+02 6.86455493e+01 2.53777808e-01 4.72734317e-02 -1.94045147e+01
2.27463700e-04 -7.13143312e+02 6.92998012e+01 2.66496581e-01 4.66096366e-02 -1.93797967e+01
2.26921468e-04 -7.13141517e+02 6.86215538e+01 2.64456020e-01 4.74947037e-02 -1.93979299e+01
2.26422477e-04 -7.13141058e+02 6.88687875e+01 2.60873279e-01 4.70883178e-02 -1.93907958e+01
2.25765649e-04 -7.13140671e+02 6.84242571e+01 2.64906470e-01 4.74567602e-02 -1.94086705e+01
2.25064278e-04 -7.13140626e+02 6.85774537e+01 2.53697753e-01 4.73917459e-02 -1.94053402e+01
2.24371579e-04 -7.13140181e+02 6.85298545e+01 2.60820876e-01 4.75900997e-02 -1.94071946e+01
2.23702856e-04 -7.13139940e+02 6.89552047e+01 2.57345259e-01 4.67017308e-02 -1.93923535e+01
2.23014900e-04 -7.13139685e+02 6.90013946e+01 2.70577873e-01 4.70165067e-02 -1.93884703e+01
2.22308315e-04 -7.13139631e+02 6.89866212e+01 2.57922288e-01 4.69334624e-02 -1.93887182e+01
2.21586484e-04 -7.13139534e+02 6.93350389e+01 2.68911707e-01 4.63592217e-02 -1.93768143e+01
2.21035236e-04 -7.13137958e+02 6.89992497e+01 2.59935077e-01 4.70324324e-02 -1.93881793e+01
2.20722272e-04 -7.13135713e+02 6.85425517e+01 2.57582792e-01 4.76236962e-02 -1.94062126e+01
2.20402803e-04 -7.13134198e+02 6.85442289e+01 2.68278172e-01 4.76539765e-02 -1.94021185e+01
2.19872441e-04 -7.13133875e+02 6.88407340e+01 2.55212066e-01 4.68985223e-02 -1.93963214e+01
2.19255295e-04 -7.13133164e+02 6.83496851e+01 2.69103787e-01 4.77542529e-02 -1.94069825e+01
2.18716365e-04 -7.13132142e+02 6.91111911e+01 2.63290953e-01 4.65576830e-02 -1.93835529e+01
2.18371652e-04 -7.13129665e+02 6.88959756e+01 2.65324377e-01 4.72030607e-02 -1.93897194e+01
2.18029656e-04 -7.13128620e+02 6.86424651e+01 2.62213665e-01 4.71698888e-02 -1.93980558e+01
2.17441546e-04 -7.13128411e+02 6.88665517e+01 2.64501994e-01 4.69399060e-02 -1.93897132e+01
2.16758211e-04 -7.13128259e+02 6.85027642e+01 2.59301747e-01 4.76605621e-02 -1.94045479e+01
2.16075243e-04 -7.13128067e+02 6.86919460e+01 2.55460619e-01 4.73275439e-02 -1.93994977e+01
2.15444131e-04 -7.13127454e+02 6.85108078e+01 2.62320202e-01 4.72787892e-02 -1.94036386e+01
2.14977002e-04 -7.13125753e+02 6.83958032e+01 2.60412008e-01 4.75924297e-02 -1.94070643e+01
2.14452922e-04 -7.13125679e+02 6.83067357e+01 2.68025200e-01 4.77188992e-02 -1.94098604e+01
2.13771842e-04 -7.13125459e+02 6.92240397e+01 2.63822398e-01 4.67544046e-02 -1.93829228e+01
2.13116732e-04 -7.13125162e+02 6.89512770e+01 2.54175496e-01 4.68226290e-02 -1.93933927e+01
2.12474686e-04 -7.13124838e+02 6.90732264e+01 2.60482648e-01 4.68056318e-02 -1.93850140e+01
2.11870289e-04 -7.13124204e+02 6.86879789e+01 2.68997188e-01 4.72955221e-02 -1.93941779e+01
2.11536178e-04 -7.13121341e+02 6.93671096e+01 2.62285310e-01 4.64388348e-02 -1.93790113e+01
2.11872011e-04 -7.13121029e+02 6.92628444e+01 2.64871868e-01 4.64139549e-02 -1.93788773e+01
2.12003107e-04 -7.13120104e+02 6.93690063e+01 2.62475441e-01 4.63991873e-02 -1.93791066e+01
2.12239169e-04 -7.13118804e+02 6.87690744e+01 2.73050453e-01 4.71066343e-02 -1.93952416e+01
2.12436131e-04 -7.13118248e+02 6.88014239e+01 2.60449280e-01 4.72549716e-02 -1.93936087e+01
2.12507616e-04 -7.13118131e+02 6.85785534e+01 2.70834859e-01 4.73102351e-02 -1.93980283e+01
2.12525148e-04 -7.13118083e+02 6.85231970e+01 2.56668455e-01 4.76133230e-02 -1.94069373e+01
2.12622322e-04 -7.13117217e+02 6.91878325e+01 2.68032715e-01 4.64413296e-02 -1.93828603e+01
2.12762448e-04 -7.13116766e+02 6.85746780e+01 2.59961746e-01 4.73151791e-02 -1.94063707e+01
2.13085059e-04 -7.13114188e+02 6.83634000e+01 2.58469604e-01 4.76460099e-02 -1.94096821e+01
2.13365149e-04 -7.13114137e+02 6.84454279e+01 2.59118669e-01 4.76553348e-02 -1.94060745e+01
2.13569389e-04 -7.13112275e+02 6.87029579e+01 2.69467892e-01 4.74202209e-02 -1.93980986e+01
2.13852702e-04 -7.13111485e+02 6.87528414e+01 2.73189046e-01 4.73062716e-02 -1.93938823e+01
2.13974276e-04 -7.13111139e+02 6.86665134e+01 2.65634975e-01 4.71966302e-02 -1.93958348e+01
2.14120845e-04 -7.13110115e+02 6.85324229e+01 2.71698619e-01 4.74308880e-02 -1.93995785e+01
2.14280901e-04 -7.13109644e+02 6.87196830e+01 2.56117066e-01 4.70565232e-02 -1.94015345e+01
2.14360272e-04 -7.13109375e+02 6.85320312e+01 2.56458392e-01 4.74468467e-02 -1.94043022e+01
2.14526948e-04 -7.13108090e+02 6.87073379e+01 2.71329065e-01 4.70586071e-02 -1.93947384e+01
2.14694272e-04 -7.13107815e+02 6.84862677e+01 2.56878885e-01 4.73914618e-02 -1.94079116e+01
2.15066068e-04 -7.13104632e+02 6.93540113e+01 2.67053063e-01 4.64613401e-02 -1.93771787e+01
2.15482026e-04 -7.13103948e+02 6.83324864e+01 2.61403409e-01 4.76381032e-02 -1.94118495e+01
2.15744873e-04 -7.13102194e+02 6.88424530e+01 2.68861996e-01 4.71835479e-02 -1.93897886e+01
2.16030783e-04 -7.13101299e+02 6.92029843e+01 2.67786330e-01 4.64227011e-02 -1.93819219e+01
2.16215587e-04 -7.13100484e+02 6.92027020e+01 2.69699786e-01 4.67209807e-02 -1.93815963e+01
2.16343934e-04 -7.13100112e+02 6.87486927e+01 2.72330878e-01 4.72909927e-02 -1.93927024e+01
2.16481405e-04 -7.13099214e+02 6.92029848e+01 2.62613426e-01 4.66581041e-02 -1.93808652e+01
2.16582687e-04 -7.13099176e+02 6.88619911e+01 2.53574152e-01 4.69861097e-02 -1.93965475e+01
2.16596045e-04 -7.13099091e+02 6.87904250e+01 2.65309348e-01 4.73709502e-02 -1.93961683e+01
2.16775031e-04 -7.13097525e+02 6.88069468e+01 2.61738225e-01 4.69846093e-02 -1.93928537e+01
2.17076655e-04 -7.13096309e+02 6.91518070e+01 2.63811476e-01 4.67932992e-02 -1.93822296e+01
2.17309699e-04 -7.13095379e+02 6.84868776e+01 2.65185163e-01 4.73626379e-02 -1.94065749e+01
2.17473003e-04 -7.13094807e+02 6.85457934e+01 2.56422848e-01 4.73086006e-02 -1.94062432e+01
2.17667465e-04 -7.13093591e+02 6.88721233e+01 2.68447470e-01 4.67794028e-02 -1.93912746e+01
2.17807420e-04 -7.13093521e+02 6.84517129e+01 2.68306485e-01 4.73996275e-02 -1.94049945e+01
2.17935865e-04 -7.13092413e+02 6.87349038e+01 2.59629649e-01 4.74338306e-02 -1.93985321e+01
2.18098535e-04 -7.13092028e+02 6.83361498e+01 2.60662859e-01 4.78092316e-02 -1.94111613e+01
2.18280807e-04 -7.13090742e+02 6.89698907e+01 2.64997924e-01 4.69759307e-02 -1.93927554e+01
2.18514578e-04 -7.13089887e+02 6.92718360e+01 2.63624973e-01 4.66541164e-02 -1.93801550e+01
2.18716218e-04 -7.13088898e+02 6.83766971e+01 2.61905248e-01 4.76720022e-02 -1.94073265e+01
2.18836166e-04 -7.13088791e+02 6.91051744e+01 2.67902341e-01 4.68030501e-02 -1.93821020e+01
2.18847927e-04 -7.13088790e+02 6.88726022e+01 2.53749194e-01 4.70392398e-02 -1.93970718e+01
2.18882446e-04 -7.13088475e+02 6.88508721e+01 2.63743647e-01 4.73025179e-02 -1.93931832e+01
2.18917672e-04 -7.13088468e+02 6.86947620e+01 2.59121715e-01 4.74716767e-02 -1.93996124e+01
2.18990617e-04 -7.13087809e+02 6.92223599e+01 2.69249407e-01 4.66352625e-02 -1.93819102e+01
2.19171941e-04 -7.13086813e+02 6.85654335e+01 2.71739385e-01 4.74466654e-02 -1.93985691e+01
2.19339319e-04 -7.13086282e+02 6.88043600e+01 2.55345051e-01 4.72207362e-02 -1.93966574e+01
2.19422568e-04 -7.13086054e+02 6.84237662e+01 2.56952297e-01 4.75646816e-02 -1.94087100e+01
2.19462086e-04 -7.13085922e+02 6.84472526e+01 2.61715572e-01 4.74109170e-02 -1.94083688e+01
2.19515217e-04 -7.13085570e+02 6.88322497e+01 2.68156445e-01 4.72736538e-02 -1.93944314e+01
2.19726983e-04 -7.13083994e+02 6.92433838e+01 2.61153246e-01 4.64306782e-02 -1.93837698e+01
2.19909047e-04 -7.13083913e+02 6.91843144e+01 2.65562553e-01 4.66642924e-02 -1.93804071e+01
2.19975420e-04 -7.13083390e+02 6.86324109e+01 2.55016955e-01 4.74379623e-02 -1.94033347e+01
2.20063488e-04 -7.13083112e+02 6.88428099e+01 2.60315396e-01 4.71895805e-02 -1.93924688e+01
2.20384547e-04 -7.13080476e+02 6.91574852e+01 2.69779096e-01 4.65084985e-02 -1.93817660e+01
2.20678882e-04 -7.13080441e+02 6.85595885e+01 2.71869685e-01 4.73069406e-02 -1.94001118e+01
2.20698267e-04 -7.13080301e+02 6.90489435e+01 2.70976176e-01 4.67207027e-02 -1.93833826e+01
2.20718723e-04 -7.13080256e+02 6.84592486e+01 2.62842962e-01 4.74827784e-02 -1.94040279e+01
2.20995568e-04 -7.13077795e+02 6.88130207e+01 2.72315450e-01 4.70533974e-02 -1.93902334e+01
2.21456115e-04 -7.13076091e+02 6.91321875e+01 2.70293427e-01 4.67546199e-02 -1.93812475e+01
2.21653864e-04 -7.13076009e+02 6.90801577e+01 2.70756832e-01 4.68437993e-02 -1.93827647e+01
2.21685239e-04 -7.13075808e+02 6.84751025e+01 2.69006301e-01 4.74487344e-02 -1.94022157e+01
2.21877089e-04 -7.13074280e+02 6.84100847e+01 2.63184135e-01 4.75382409e-02 -1.94096590e+01
2.22236885e-04 -7.13072568e+02 6.84299171e+01 2.56657596e-01 4.75796773e-02 -1.94092364e+01
2.22638676e-04 -7.13070668e+02 6.85992885e+01 2.56538374e-01 4.74107395e-02 -1.94021390e+01
2.22899661e-04 -7.13070224e+02 6.85330260e+01 2.61436102e-01 4.76216918e-02 -1.94027618e+01
2.22963932e-04 -7.13070091e+02 6.89394101e+01 2.67103161e-01 4.70428881e-02 -1.93926313e+01
2.22994338e-04 -7.13069951e+02 6.91191478e+01 2.56421858e-01 4.67887055e-02 -1.93872304e+01
2.23020703e-04 -7.13069854e+02 6.85811730e+01 2.67439366e-01 4.75780066e-02 -1.94022166e+01
2.23428717e-04 -7.13066299e+02 6.91991498e+01 2.65138137e-01 4.64883273e-02 -1.93844128e+01
2.24080224e-04 -7.13064029e+02 6.86743407e+01 2.71193975e-01 4.74131587e-02 -1.93958060e+01
2.24530715e-04 -7.13062281e+02 6.92068899e+01 2.65742111e-01 4.67401528e-02 -1.93810044e+01
2.24811234e-04 -7.13061531e+02 6.85143578e+01 2.59426412e-01 4.76048922e-02 -1.94073139e+01
2.25148375e-04 -7.13059286e+02 6.90603871e+01 2.72889222e-01 4.67788605e-02 -1.93834914e+01
2.25492147e-04 -7.13058479e+02 6.92270769e+01 2.64146178e-01 4.67143922e-02 -1.93811056e+01
2.25590228e-04 -7.13058416e+02 6.85631164e+01 2.56486664e-01 4.73127744e-02 -1.94043497e+01
2.25853163e-04 -7.13056150e+02 6.90905795e+01 2.71002967e-01 4.66328913e-02 -1.93829111e+01
2.26154694e-04 -7.13055746e+02 6.89881887e+01 2.65638012e-01 4.70287378e-02 -1.93910891e+01
2.26337370e-04 -7.13054536e+02 6.84521472e+01 2.68765557e-01 4.76488427e-02 -1.94034325e+01
2.26890772e-04 -7.13050865e+02 6.85287862e+01 2.56701973e-01 4.75420105e-02 -1.94051214e+01
2.27512505e-04 -7.13049060e+02 6.87407418e+01 2.72952275e-01 4.72829470e-02 -1.93946253e+01
2.27793340e-04 -7.13048397e+02 6.85456968e+01 2.71595095e-01 4.75158088e-02 -1.94011873e+01
2.27960029e-04 -7.13047597e+02 6.84455862e+01 2.60340726e-01 4.74204695e-02 -1.94076896e+01
2.28261208e-04 -7.13045757e+02 6.87143597e+01 2.60338654e-01 4.71947790e-02 -1.93962583e+01
2.28619947e-04 -7.13044456e+02 6.91325381e+01 2.65645969e-01 4.65977772e-02 -1.93821828e+01
2.28923854e-04 -7.13043100e+02 6.90810928e+01 2.64388486e-01 4.65894273e-02 -1.93846594e+01
2.29111631e-04 -7.13042816e+02 6.87525871e+01 2.63587106e-01 4.73277393e-02 -1.93944222e+01
2.29241200e-04 -7.13041970e+02 6.88539691e+01 2.63491266e-01 4.68047643e-02 -1.93929587e+01
2.29450504e-04 -7.13040991e+02 6.89957629e+01 2.64989210e-01 4.70554520e-02 -1.93903789e+01
2.29605103e-04 -7.13040622e+02 6.91038144e+01 2.61707667e-01 4.68395060e-02 -1.93886526e+01
2.29665958e-04 -7.13040461e+02 6.85505997e+01 2.72038303e-01 4.73808961e-02 -1.94002096e+01
2.29726220e-04 -7.13040098e+02 6.90426475e+01 2.60018980e-01 4.66811771e-02 -1.93911651e+01
2.29811710e-04 -7.13039717e+02 6.89866640e+01 2.71865112e-01 4.69971864e-02 -1.93870472e+01
2.29894800e-04 -7.13039375e+02 6.86562556e+01 2.64579180e-01 4.71098939e-02 -1.93978332e+01
2.30051464e-04 -7.13038354e+02 6.86916190e+01 2.54454265e-01 4.72165621e-02 -1.94018185e+01
2.30182625e-04 -7.13038234e+02 6.88879100e+01 2.62529235e-01 4.72286039e-02 -1.93921125e+01
2.30277322e-04 -7.13037532e+02 6.87511011e+01 2.63789130e-01 4.69298181e-02 -1.93968024e+01
2.30419695e-04 -7.13036998e+02 6.88916720e+01 2.59407773e-01 4.71281679e-02 -1.93960915e+01
2.30489877e-04 -7.13036923e+02 6.86481537e+01 2.57776087e-01 4.71610831e-02 -1.94033517e+01
2.30620131e-04 -7.13035869e+02 6.86407450e+01 2.65334927e-01 4.71174044e-02 -1.94013374e+01
2.30776241e-04 -7.13035569e+02 6.85074123e+01 2.65404045e-01 4.74721472e-02 -1.94064075e+01
2.30905558e-04 -7.13034748e+02 6.90495042e+01 2.63472317e-01 4.67101600e-02 -1.93903917e+01
2.31064826e-04 -7.13034190e+02 6.86187320e+01 2.67423717e-01 4.71481956e-02 -1.93990132e+01
2.31147080e-04 -7.13034036e+02 6.93360696e+01 2.65267081e-01 4.64314671e-02 -1.93782378e+01
2.31224578e-04 -7.13033520e+02 6.89052845e+01 2.59216505e-01 4.68469980e-02 -1.93957721e+01
2.31454609e-04 -7.13032048e+02 6.89154391e+01 2.68809884e-01 4.67526183e-02 -1.93903148e+01
2.31929304e-04 -7.13029423e+02 6.85587766e+01 2.67888283e-01 4.74090298e-02 -1.94038980e+01
2.32293991e-04 -7.13028904e+02 6.84410759e+01 2.62180447e-01 4.77102793e-02 -1.94060597e+01
2.32373178e-04 -7.13028741e+02 6.83641746e+01 2.67076645e-01 4.76259562e-02 -1.94082998e+01
2.32514854e-04 -7.13027686e+02 6.88741490e+01 2.62655372e-01 4.71549511e-02 -1.93908775e+01
2.32681072e-04 -7.13027312e+02 6.83420779e+01 2.65389079e-01 4.77304801e-02 -1.94084950e+01
2.32886628e-04 -7.13025920e+02 6.90446825e+01 2.70457721e-01 4.68043648e-02 -1.93875176e+01
2.33247644e-04 -7.13024214e+02 6.87704547e+01 2.62516251e-01 4.73613646e-02 -1.93952922e+01
2.33579809e-04 -7.13023073e+02 6.84007327e+01 2.61168227e-01 4.76721075e-02 -1.94073214e+01
2.33816183e-04 -7.13022191e+02 6.87919383e+01 2.69383072e-01 4.73150300e-02 -1.93935524e+01
2.33953942e-04 -7.13021895e+02 6.85577756e+01 2.62648222e-01 4.75731407e-02 -1.94050151e+01
2.34090392e-04 -7.13021025e+02 6.86571734e+01 2.70825063e-01 4.73243484e-02 -1.93956776e+01
2.34452750e-04 -7.13018803e+02 6.86220241e+01 2.55190641e-01 4.73606649e-02 -1.94032596e+01
2.34990388e-04 -7.13016444e+02 6.87265572e+01 2.57727059e-01 4.72921556e-02 -1.93976031e+01
2.35290370e-04 -7.13016250e+02 6.88266291e+01 2.68653872e-01 4.69057962e-02 -1.93945970e+01
2.35874229e-04 -7.13011493e+02 6.88320598e+01 2.65345057e-01 4.68393638e-02 -1.93933295e+01
2.36461105e-04 -7.13011274e+02 6.89090392e+01 2.73093558e-01 4.70086759e-02 -1.93883560e+01
2.36560436e-04 -7.13010653e+02 6.84675191e+01 2.59701256e-01 4.76645678e-02 -1.94076306e+01
2.36744694e-04 -7.13009717e+02 6.86894825e+01 2.62355566e-01 4.70384893e-02 -1.93985041e+01
2.36911467e-04 -7.13009245e+02 6.89181946e+01 2.68601371e-01 4.71065521e-02 -1.93917879e+01
2.37152924e-04 -7.13007680e+02 6.87782038e+01 2.60559426e-01 4.71805996e-02 -1.93998794e+01
2.37342447e-04 -7.13007647e+02 6.84036403e+01 2.60882025e-01 4.76575737e-02 -1.94074726e+01
2.37422637e-04 -7.13007005e+02 6.92037701e+01 2.66408857e-01 4.65854034e-02 -1.93801786e+01
2.37507257e-04 -7.13006934e+02 6.84505249e+01 2.64388476e-01 4.74661293e-02 -1.94046018e+01
2.37528996e-04 -7.13006822e+02 6.87011474e+01 2.62506173e-01 4.73772492e-02 -1.93965353e+01
2.37556366e-04 -7.13006703e+02 6.83926556e+01 2.64453530e-01 4.76600031e-02 -1.94092552e+01
2.37632817e-04 -7.13006178e+02 6.85477040e+01 2.66047607e-01 4.73454682e-02 -1.94004347e+01
2.37988651e-04 -7.13003712e+02 6.87797720e+01 2.69920886e-01 4.70292516e-02 -1.93921483e+01
2.38312651e-04 -7.13003456e+02 6.92600886e+01 2.67337743e-01 4.65803709e-02 -1.93793714e+01
2.38461122e-04 -7.13002467e+02 6.89039367e+01 2.67498790e-01 4.71124478e-02 -1.93929787e+01
2.38649073e-04 -7.13001880e+02 6.86608606e+01 2.61910698e-01 4.70881951e-02 -1.93994363e+01
2.38935471e-04 -7.13000069e+02 6.91693784e+01 2.58536943e-01 4.67038594e-02 -1.93848350e+01
2.39259499e-04 -7.12999169e+02 6.89008292e+01 2.59761230e-01 4.67993738e-02 -1.93924594e+01
2.39511255e-04 -7.12997966e+02 6.84576956e+01 2.63547850e-01 4.75244053e-02 -1.94042295e+01
2.39713344e-04 -7.12997482e+02 6.88344603e+01 2.61111634e-01 4.70477026e-02 -1.93923294e+01
2.39844126e-04 -7.12996875e+02 6.89306274e+01 2.67696843e-01 4.69012517e-02 -1.93874287e+01
2.39928092e-04 -7.12996782e+02 6.92007968e+01 2.63720844e-01 4.65614890e-02 -1.93847869e+01
2.40035756e-04 -7.12995978e+02 6.87534362e+01 2.72320722e-01 4.72331745e-02 -1.93931511e+01
2.40221726e-04 -7.12995233e+02 6.88987195e+01 2.66687372e-01 4.71751190e-02 -1.93900270e+01
2.40579749e-04 -7.12993000e+02 6.90375056e+01 2.72232350e-01 4.68402887e-02 -1.93853632e+01
2.40910514e-04 -7.12992484e+02 6.89021059e+01 2.71264397e-01 4.70624187e-02 -1.93883612e+01
2.41013508e-04 -7.12992145e+02 6.84063226e+01 2.63293580e-01 4.77323285e-02 -1.94076652e+01
2.41056481e-04 -7.12992127e+02 6.86676188e+01 2.64866105e-01 4.74882316e-02 -1.93998117e+01
2.41321661e-04 -7.12989948e+02 6.88629030e+01 2.69357601e-01 4.68484763e-02 -1.93922658e+01
2.41666342e-04 -7.12989271e+02 6.88553987e+01 2.61912350e-01 4.69945885e-02 -1.93914542e+01
2.41793134e-04 -7.12988898e+02 6.85881265e+01 2.61658896e-01 4.72332266e-02 -1.94011963e+01
2.42195358e-04 -7.12985949e+02 6.87209221e+01 2.56713508e-01 4.71453601e-02 -1.93987174e+01
2.42602663e-04 -7.12985536e+02 6.90198095e+01 2.57955469e-01 4.69673769e-02 -1.93900090e+01
2.42839579e-04 -7.12983998e+02 6.91032149e+01 2.56809313e-01 4.67329725e-02 -1.93879773e+01
2.43033743e-04 -7.12983937e+02 6.92646227e+01 2.61139079e-01 4.64916350e-02 -1.93814014e+01
2.43086045e-04 -7.12983567e+02 6.89110842e+01 2.64496183e-01 4.67507586e-02 -1.93923638e+01
2.43201666e-04 -7.12982986e+02 6.85763975e+01 2.61638164e-01 4.75803295e-02 -1.94035695e+01
2.43830389e-04 -7.12978409e+02 6.84393471e+01 2.68782726e-01 4.75596172e-02 -1.94052733e+01
2.44437377e-04 -7.12978008e+02 6.84589925e+01 2.58671130e-01 4.74910567e-02 -1.94075409e+01
2.44601907e-04 -7.12977063e+02 6.87730766e+01 2.55080425e-01 4.71663262e-02 -1.93987174e+01
2.44718063e-04 -7.12977058e+02 6.88468635e+01 2.63561206e-01 4.69770624e-02 -1.93912756e+01
2.45254438e-04 -7.12972689e+02 6.84915563e+01 2.59663585e-01 4.75372137e-02 -1.94078253e+01
2.45808162e-04 -7.12972543e+02 6.88917210e+01 2.61294659e-01 4.72004556e-02 -1.93929664e+01
2.45960392e-04 -7.12971451e+02 6.89921280e+01 2.64939031e-01 4.68846952e-02 -1.93863696e+01
2.46230544e-04 -7.12970347e+02 6.90096086e+01 2.63421097e-01 4.69108847e-02 -1.93914107e+01
2.46423870e-04 -7.12969881e+02 6.87805500e+01 2.59476046e-01 4.69626835e-02 -1.93964339e+01
2.46521009e-04 -7.12969559e+02 6.88828138e+01 2.62295973e-01 4.70822054e-02 -1.93958560e+01
2.46687945e-04 -7.12968528e+02 6.90103836e+01 2.62782858e-01 4.66589318e-02 -1.93902547e+01
2.46987775e-04 -7.12967130e+02 6.86255853e+01 2.62044842e-01 4.74061901e-02 -1.93990189e+01
2.47179364e-04 -7.12966976e+02 6.83708845e+01 2.63762666e-01 4.76980860e-02 -1.94088264e+01
2.47200695e-04 -7.12966957e+02 6.86550655e+01 2.64402748e-01 4.72675125e-02 -1.93970858e+01
2.47395066e-04 -7.12965405e+02 6.85784636e+01 2.66840847e-01 4.72254046e-02 -1.94014800e+01
2.47817087e-04 -7.12963549e+02 6.86097050e+01 2.59707955e-01 4.72283920e-02 -1.94040119e+01
2.48272019e-04 -7.12961737e+02 6.91418034e+01 2.69731551e-01 4.67389292e-02 -1.93825733e+01
2.48572370e-04 -7.12961130e+02 6.83960253e+01 2.62769180e-01 4.76217164e-02 -1.94074626e+01
2.48769350e-04 -7.12960153e+02 6.86696429e+01 2.62779686e-01 4.74774427e-02 -1.94002126e+01
2.49147531e-04 -7.12958093e+02 6.90050895e+01 2.61166874e-01 4.69074872e-02 -1.93875551e+01
2.49456109e-04 -7.12957676e+02 6.86560340e+01 2.70020107e-01 4.72935805e-02 -1.93961453e+01
2.49778481e-04 -7.12955511e+02 6.92752748e+01 2.65082163e-01 4.64992225e-02 -1.93802068e+01
2.50102069e-04 -7.12955086e+02 6.84100002e+01 2.65487264e-01 4.75445066e-02 -1.94069696e+01
2.50377889e-04 -7.12953307e+02 6.90567785e+01 2.56964491e-01 4.67390006e-02 -1.93894084e+01
2.50776697e-04 -7.12951902e+02 6.87919836e+01 2.65111829e-01 4.72100365e-02 -1.93926886e+01
2.50953927e-04 -7.12951894e+02 6.86402986e+01 2.59133013e-01 4.74262615e-02 -1.94003637e+01
2.51001139e-04 -7.12951526e+02 6.88614146e+01 2.71652745e-01 4.70819595e-02 -1.93898518e+01
2.51161600e-04 -7.12950616e+02 6.84332164e+01 2.60930513e-01 4.75101919e-02 -1.94076990e+01
2.51294016e-04 -7.12950472e+02 6.85692237e+01 2.70589632e-01 4.73543736e-02 -1.94002395e+01
2.51326054e-04 -7.12950361e+02 6.91645353e+01 2.68226489e-01 4.67281395e-02 -1.93821128e+01
2.51365612e-04 -7.12950157e+02 6.87576796e+01 2.65941085e-01 4.73320995e-02 -1.93944363e+01
2.51408584e-04 -7.12950019e+02 6.88663080e+01 2.72521190e-01 4.70058146e-02 -1.93902163e+01
2.51448222e-04 -7.12949842e+02 6.89981152e+01 2.66666053e-01 4.67059698e-02 -1.93897301e+01
2.51679089e-04 -7.12948184e+02 6.89230162e+01 2.62324053e-01 4.71030225e-02 -1.93937320e+01
2.51937614e-04 -7.12947788e+02 6.85327985e+01 2.59744849e-01 4.75626836e-02 -1.94040951e+01
2.52020273e-04 -7.12947528e+02 6.84675667e+01 2.68091242e-01 4.75038988e-02 -1.94036431e+01
2.52454935e-04 -7.12944344e+02 6.84622359e+01 2.66173533e-01 4.75233817e-02 -1.94038385e+01
2.53014010e-04 -7.12943102e+02 6.87752550e+01 2.61981650e-01 4.72615052e-02 -1.93988358e+01
2.53403497e-04 -7.12941268e+02 6.89101199e+01 2.71459753e-01 4.68967006e-02 -1.93902291e+01
2.53883485e-04 -7.12939317e+02 6.89424266e+01 2.61295198e-01 4.67556088e-02 -1.93928141e+01
2.54134274e-04 -7.12939292e+02 6.85231824e+01 2.61016244e-01 4.74506317e-02 -1.94031857e+01
2.54175033e-04 -7.12938996e+02 6.87462473e+01 2.66445854e-01 4.70675047e-02 -1.93983078e+01
2.54326209e-04 -7.12938103e+02 6.92178852e+01 2.61572895e-01 4.65988863e-02 -1.93839211e+01
2.54461485e-04 -7.12937933e+02 6.85169913e+01 2.66630476e-01 4.75715805e-02 -1.94043555e+01
2.54483923e-04 -7.12937927e+02 6.87075232e+01 2.59457101e-01 4.73749741e-02 -1.94007621e+01
2.54616848e-04 -7.12936889e+02 6.85915740e+01 2.59108197e-01 4.72848963e-02 -1.94022587e+01
2.54808810e-04 -7.12936419e+02 6.86291366e+01 2.70480128e-01 4.72447899e-02 -1.93981939e+01
2.54871217e-04 -7.12936399e+02 6.88819188e+01 2.66785407e-01 4.68824032e-02 -1.93899314e+01
2.54925087e-04 -7.12935997e+02 6.88808131e+01 2.68499800e-01 4.70385934e-02 -1.93935007e+01
2.55208467e-04 -7.12934178e+02 6.91798638e+01 2.64540297e-01 4.66618327e-02 -1.93847772e+01
2.55567625e-04 -7.12933183e+02 6.87163341e+01 2.71862978e-01 4.72354839e-02 -1.93957340e+01
2.55864331e-04 -7.12931857e+02 6.88802361e+01 2.63402898e-01 4.72047724e-02 -1.93923470e+01
2.57012298e-04 -7.12924244e+02 6.84487414e+01 2.67336896e-01 4.75668815e-02 -1.94054889e+01
2.58162904e-04 -7.12922909e+02 6.86648361e+01 2.57858883e-01 4.71819139e-02 -1.94009605e+01
2.58546183e-04 -7.12921277e+02 6.86569314e+01 2.70578621e-01 4.73715701e-02 -1.93974244e+01
2.58944268e-04 -7.12919832e+02 6.88061878e+01 2.68082980e-01 4.69390242e-02 -1.93946188e+01
2.59169725e-04 -7.12919536e+02 6.86467308e+01 2.62406828e-01 4.74869563e-02 -1.94006563e+01
2.59208983e-04 -7.12919529e+02 6.91141802e+01 2.65624069e-01 4.66804212e-02 -1.93868074e+01
2.59253079e-04 -7.12919196e+02 6.92387933e+01 2.64205873e-01 4.65122570e-02 -1.93817225e+01
2.59478254e-04 -7.12917793e+02 6.86322938e+01 2.61929600e-01 4.72148898e-02 -1.94029282e+01
2.60086092e-04 -7.12914519e+02 6.85537393e+01 2.69868483e-01 4.74372312e-02 -1.94010971e+01
2.60551161e-04 -7.12914218e+02 6.91967853e+01 2.63509070e-01 4.65360299e-02 -1.93838923e+01
2.60672446e-04 -7.12913588e+02 6.85280237e+01 2.68351213e-01 4.74748578e-02 -1.94033752e+01
2.60916415e-04 -7.12912347e+02 6.86379196e+01 2.57705467e-01 4.72789118e-02 -1.94014047e+01
2.61108097e-04 -7.12912119e+02 6.89439731e+01 2.57901045e-01 4.69735548e-02 -1.93914684e+01
2.61171605e-04 -7.12911861e+02 6.85082526e+01 2.65443891e-01 4.73812994e-02 -1.94032248e+01
2.61475885e-04 -7.12909791e+02 6.86273580e+01 2.66452556e-01 4.73726927e-02 -1.93978794e+01
2.61871315e-04 -7.12908837e+02 6.89218635e+01 2.67359353e-01 4.68207815e-02 -1.93918789e+01
2.62056351e-04 -7.12908378e+02 6.88257979e+01 2.63749938e-01 4.70323209e-02 -1.93921218e+01
2.62582404e-04 -7.12904830e+02 6.91102272e+01 2.59535013e-01 4.66440942e-02 -1.93876211e+01
2.63072994e-04 -7.12904642e+02 6.85919113e+01 2.62574717e-01 4.75224795e-02 -1.94013710e+01
2.63285930e-04 -7.12903212e+02 6.85964486e+01 2.62961773e-01 4.72758464e-02 -1.94003926e+01
2.63762519e-04 -7.12901026e+02 6.87136504e+01 2.59439305e-01 4.73642955e-02 -1.93987940e+01
2.64055386e-04 -7.12900991e+02 6.89009644e+01 2.60872959e-01 4.71068839e-02 -1.93946758e+01
2.64379159e-04 -7.12898576e+02 6.84846754e+01 2.60331941e-01 4.74707644e-02 -1.94067634e+01
2.64927679e-04 -7.12896845e+02 6.85970670e+01 2.69856725e-01 4.73303248e-02 -1.94001169e+01
2.65645108e-04 -7.12893170e+02 6.87257400e+01 2.56949737e-01 4.71668095e-02 -1.94005289e+01
2.66144406e-04 -7.12893086e+02 6.89982319e+01 2.70182071e-01 4.67836439e-02 -1.93868028e+01
2.66234998e-04 -7.12892490e+02 6.91722170e+01 2.64780500e-01 4.65463542e-02 -1.93834304e+01
2.66351775e-04 -7.12892209e+02 6.87629405e+01 2.67649200e-01 4.72584829e-02 -1.93968482e+01
2.66447454e-04 -7.12891771e+02 6.88006392e+01 2.63152201e-01 4.69852877e-02 -1.93974242e+01
2.66747552e-04 -7.12889959e+02 6.90920014e+01 2.67786093e-01 4.66339468e-02 -1.93852213e+01
2.67007274e-04 -7.12889824e+02 6.88411645e+01 2.68113452e-01 4.71848467e-02 -1.93915307e+01
2.67101977e-04 -7.12889250e+02 6.88889299e+01 2.66295116e-01 4.71364217e-02 -1.93930628e+01
2.67303553e-04 -7.12888316e+02 6.85959815e+01 2.68323447e-01 4.73615877e-02 -1.94015873e+01
2.68115878e-04 -7.12883187e+02 6.84786625e+01 2.61831659e-01 4.75891452e-02 -1.94056760e+01
2.68964612e-04 -7.12881988e+02 6.91314687e+01 2.67335139e-01 4.66246567e-02 -1.93833180e+01
2.69480756e-04 -7.12879354e+02 6.90663840e+01 2.60646131e-01 4.67638996e-02 -1.93866421e+01
2.69839434e-04 -7.12879326e+02 6.85190585e+01 2.67486078e-01 4.74163649e-02 -1.94032336e+01
2.70048422e-04 -7.12877807e+02 6.86851512e+01 2.66407683e-01 4.71396009e-02 -1.93967741e+01
2.70447039e-04 -7.12876376e+02 6.91031650e+01 2.68510158e-01 4.67082747e-02 -1.93836970e+01
2.70713352e-04 -7.12875838e+02 6.87456501e+01 2.70496916e-01 4.71651146e-02 -1.93940002e+01
2.70818549e-04 -7.12875599e+02 6.90396113e+01 2.65960175e-01 4.66870924e-02 -1.93883030e+01
2.71002622e-04 -7.12874479e+02 6.88522011e+01 2.70563360e-01 4.71086025e-02 -1.93911357e+01
2.71201867e-04 -7.12874129e+02 6.86499530e+01 2.61649905e-01 4.71536484e-02 -1.94009655e+01
2.71328286e-04 -7.12873547e+02 6.85951648e+01 2.66213648e-01 4.73303302e-02 -1.93994028e+01
2.71744339e-04 -7.12871066e+02 6.87011323e+01 2.60325447e-01 4.71754257e-02 -1.93979167e+01
2.72361727e-04 -7.12869008e+02 6.88284285e+01 2.60241556e-01 4.71631230e-02 -1.93940059e+01
2.73083577e-04 -7.12865774e+02 6.89662118e+01 2.69709465e-01 4.69017301e-02 -1.93872273e+01
2.73961507e-04 -7.12862588e+02 6.88641925e+01 2.63893326e-01 4.71652506e-02 -1.93919344e+01
2.74793420e-04 -7.12859709e+02 6.91732081e+01 2.63264185e-01 4.66714894e-02 -1.93836109e+01
2.75449432e-04 -7.12857818e+02 6.86189096e+01 2.58463513e-01 4.73317633e-02 -1.94021332e+01
2.76564601e-04 -7.12851637e+02 6.88085847e+01 2.63171920e-01 4.70642367e-02 -1.93974540e+01
2.77615718e-04 -7.12850222e+02 6.88946896e+01 2.63310335e-01 4.69077363e-02 -1.93944687e+01
2.78618923e-04 -7.12844431e+02 6.86076986e+01 2.59855859e-01 4.72745119e-02 -1.94027963e+01
2.79732766e-04 -7.12842236e+02 6.89786896e+01 2.65512305e-01 4.67504779e-02 -1.93900493e+01
2.80388698e-04 -7.12839747e+02 6.89565787e+01 2.63800016e-01 4.68396851e-02 -1.93922468e+01
2.81115441e-04 -7.12837059e+02 6.88296213e+01 2.61491952e-01 4.71347999e-02 -1.93934025e+01
2.81673799e-04 -7.12835777e+02 6.87118088e+01 2.61357097e-01 4.73309101e-02 -1.94000399e+01
2.82248063e-04 -7.12832987e+02 6.91310306e+01 2.66227344e-01 4.66896108e-02 -1.93847704e+01
2.82747969e-04 -7.12832236e+02 6.86413141e+01 2.65791917e-01 4.74157978e-02 -1.93987218e+01
2.82963950e-04 -7.12831460e+02 6.89898170e+01 2.64746266e-01 4.69656527e-02 -1.93903277e+01
2.83417498e-04 -7.12829034e+02 6.91106834e+01 2.65278071e-01 4.67034613e-02 -1.93842932e+01
2.84464426e-04 -7.12824090e+02 6.87811123e+01 2.61754051e-01 4.70044332e-02 -1.93958765e+01
2.85695793e-04 -7.12820393e+02 6.90522912e+01 2.63857558e-01 4.68529154e-02 -1.93885807e+01
2.86528650e-04 -7.12818266e+02 6.86844744e+01 2.61583472e-01 4.71350197e-02 -1.93997567e+01
2.86873265e-04 -7.12817988e+02 6.88670245e+01 2.69764022e-01 4.70618258e-02 -1.93911506e+01
2.88209869e-04 -7.12808989e+02 6.88805169e+01 2.68741678e-01 4.70037819e-02 -1.93901964e+01
2.90171668e-04 -7.12804405e+02 6.89504822e+01 2.65946788e-01 4.68611745e-02 -1.93886028e+01
2.91035314e-04 -7.12803041e+02 6.86733772e+01 2.67122554e-01 4.71874050e-02 -1.93987684e+01
2.91528071e-04 -7.12801022e+02 6.85899439e+01 2.62206748e-01 4.73440701e-02 -1.94033311e+01
2.92173603e-04 -7.12798618e+02 6.88258590e+01 2.68983919e-01 4.70595934e-02 -1.93936809e+01
2.92645350e-04 -7.12797795e+02 6.89274985e+01 2.59083026e-01 4.69219848e-02 -1.93924296e+01
2.93086509e-04 -7.12795606e+02 6.87684567e+01 2.69318245e-01 4.71683357e-02 -1.93946650e+01
2.93638962e-04 -7.12794028e+02 6.89642915e+01 2.65480773e-01 4.68713565e-02 -1.93882822e+01
2.94282826e-04 -7.12791227e+02 6.89474090e+01 2.67960352e-01 4.69560899e-02 -1.93902131e+01
2.95136806e-04 -7.12788233e+02 6.88963975e+01 2.68624824e-01 4.69618881e-02 -1.93915118e+01
2.97102956e-04 -7.12777971e+02 6.87643015e+01 2.61781965e-01 4.70525429e-02 -1.93977273e+01
2.98809502e-04 -7.12776752e+02 6.88677851e+01 2.62421737e-01 4.69132853e-02 -1.93931643e+01
2.99071924e-04 -7.12776215e+02 6.87147598e+01 2.63955073e-01 4.71402982e-02 -1.93990779e+01
2.99574066e-04 -7.12773398e+02 6.86645766e+01 2.63076342e-01 4.73126724e-02 -1.93986259e+01
3.01131016e-04 -7.12765860e+02 6.87286620e+01 2.60790015e-01 4.72022235e-02 -1.93995998e+01
3.03716489e-04 -7.12756308e+02 6.88468873e+01 2.65029711e-01 4.69543515e-02 -1.93942176e+01
3.05545096e-04 -7.12753833e+02 6.87435268e+01 2.63221309e-01 4.71536465e-02 -1.93985854e+01
3.07142693e-04 -7.12745893e+02 6.89215547e+01 2.62246495e-01 4.70121328e-02 -1.93913311e+01
3.08779193e-04 -7.12743191e+02 6.89372252e+01 2.63888431e-01 4.68592510e-02 -1.93916332e+01
3.09337727e-04 -7.12742276e+02 6.87447305e+01 2.64409759e-01 4.72709178e-02 -1.93970779e+01
3.09958018e-04 -7.12739187e+02 6.86975275e+01 2.63367295e-01 4.72672107e-02 -1.93977697e+01
3.11110774e-04 -7.12734854e+02 6.88697906e+01 2.63331452e-01 4.70931136e-02 -1.93940097e+01
3.12600551e-04 -7.12729635e+02 6.87878707e+01 2.61780938e-01 4.71951189e-02 -1.93965281e+01
3.16573861e-04 -7.12709686e+02 6.87618629e+01 2.62621202e-01 4.71316597e-02 -1.93963806e+01
3.20415958e-04 -7.12705413e+02 6.88230315e+01 2.64921751e-01 4.71046010e-02 -1.93949485e+01
3.21904905e-04 -7.12700416e+02 6.88879298e+01 2.65575472e-01 4.69863138e-02 -1.93918087e+01
3.22877086e-04 -7.12699376e+02 6.88157281e+01 2.64279214e-01 4.70387329e-02 -1.93948988e+01
