0.00000000e+00 -1.95287291e+05 4.05422812e+01 3.67095333e-01 2.94008939e-02 -1.82058882e+01
0.00000000e+00 -1.87006140e+05 4.19988721e+01 3.10412893e-01 7.36716150e-02 -1.81551885e+01
0.00000000e+00 -1.74678276e+05 4.41397819e+01 2.27824722e-01 2.64257560e-02 -1.81959047e+01
0.00000000e+00 -1.69455536e+05 8.66277332e+01 4.40974675e-01 5.44904539e-02 -2.09773159e+01
0.00000000e+00 -1.65621648e+05 4.66774746e+01 1.94208808e-01 7.74455731e-02 -1.80886616e+01
0.00000000e+00 -1.61623336e+05 8.95031201e+01 4.46574297e-01 4.24470148e-02 -2.08906022e+01
0.00000000e+00 -1.61441797e+05 8.63661408e+01 3.75934800e-01 6.39471086e-02 -2.08931199e+01
0.00000000e+00 -1.59132932e+05 4.38853472e+01 2.61917612e-01 4.09020119e-02 -1.82830213e+01
0.00000000e+00 -1.55397574e+05 8.40237854e+01 4.23954993e-01 7.00371352e-02 -2.08770187e+01
0.00000000e+00 -1.53704325e+05 4.92234958e+01 3.29982169e-01 7.28347261e-02 -1.80089069e+01
0.00000000e+00 -1.47525673e+05 8.00503727e+01 4.96514847e-01 7.25192669e-02 -2.09318476e+01
0.00000000e+00 -1.44013436e+05 4.25584968e+01 1.01172986e-01 7.04053433e-02 -1.84852552e+01
0.00000000e+00 -1.40357429e+05 8.60331332e+01 3.09081707e-01 4.51242979e-02 -2.08718238e+01
0.00000000e+00 -1.37144769e+05 5.00374096e+01 3.35193917e-01 7.57721325e-02 -1.80858583e+01
0.00000000e+00 -1.37049118e+05 8.02456735e+01 4.31615251e-01 7.98776832e-02 -2.08113893e+01
0.00000000e+00 -1.31361915e+05 4.23773003e+01 3.45994464e-01 6.09854289e-02 -1.85139675e+01
0.00000000e+00 -1.26214224e+05 8.17204519e+01 3.64888844e-01 6.19162878e-02 -2.08091437e+01
0.00000000e+00 -1.22799507e+05 5.55600465e+01 2.40330402e-01 3.43410516e-02 -1.80293170e+01
0.00000000e+00 -1.20144347e+05 4.38339169e+01 3.79571593e-01 4.11351585e-02 -1.85349882e+01
0.00000000e+00 -1.17868049e+05 8.69269194e+01 4.45775087e-01 2.33417648e-02 -2.06612534e+01
0.00000000e+00 -1.13651819e+05 8.56197443e+01 4.06285680e-01 6.90576723e-02 -2.04962297e+01
0.00000000e+00 -1.12341070e+05 7.87140816e+01 3.89615117e-01 3.29298480e-02 -2.08532745e+01
0.00000000e+00 -1.11198269e+05 4.17379839e+01 1.88481532e-01 5.80562688e-02 -1.87609903e+01
0.00000000e+00 -1.11163769e+05 8.03326242e+01 3.87730494e-01 6.10399131e-02 -2.07326647e+01
0.00000000e+00 -1.09698647e+05 4.42829994e+01 1.62766310e-01 6.90433267e-02 -1.86353998e+01
0.00000000e+00 -1.04461576e+05 4.10142085e+01 2.38627188e-01 2.85169048e-02 -1.88775974e+01
0.00000000e+00 -1.03827448e+05 4.54794791e+01 3.71429800e-01 2.15737629e-02 -1.86196546e+01
0.00000000e+00 -1.02934800e+05 5.45062544e+01 4.96732539e-01 6.00325741e-02 -1.81243014e+01
0.00000000e+00 -1.02763338e+05 7.86105838e+01 2.95577819e-01 4.38966026e-02 -2.08002530e+01
0.00000000e+00 -1.02029274e+05 7.83562004e+01 4.67629911e-01 4.79215000e-02 -2.07418876e+01
0.00000000e+00 -1.00849107e+05 8.50844881e+01 3.71038128e-01 4.91541352e-02 -2.05533911e+01
0.00000000e+00 -9.75589337e+04 6.98345957e+01 4.94816270e-01 6.78655957e-02 -2.09257985e+01
0.00000000e+00 -9.59691027e+04 4.17670258e+01 2.48153946e-01 6.88965002e-02 -1.88581270e+01
0.00000000e+00 -9.52081619e+04 4.96445239e+01 3.82480007e-01 6.64005154e-02 -1.84289154e+01
0.00000000e+00 -9.44294281e+04 8.01092957e+01 2.98220978e-01 2.77674827e-02 -2.06910265e+01
0.00000000e+00 -9.42977097e+04 5.91765948e+01 1.74301503e-01 3.05775609e-02 -1.81531103e+01
0.00000000e+00 -9.21330679e+04 8.31440324e+01 1.61138153e-01 5.03696338e-02 -2.05989354e+01
0.00000000e+00 -9.17421418e+04 8.08548184e+01 1.68652942e-01 3.90379764e-02 -2.06903140e+01
0.00000000e+00 -9.05238625e+04 8.29761341e+01 4.42397187e-01 5.43429102e-02 -2.04812753e+01
0.00000000e+00 -8.98210038e+04 4.29530126e+01 3.07701794e-01 4.69756280e-02 -1.88545147e+01
0.00000000e+00 -8.89690658e+04 5.34174193e+01 3.30624688e-01 2.02530594e-02 -1.84071432e+01
0.00000000e+00 -8.80367749e+04 5.92610189e+01 4.61699225e-01 3.00320032e-02 -1.81166457e+01
0.00000000e+00 -8.63576561e+04 6.11479250e+01 4.80398193e-01 2.13337849e-02 -1.80785377e+01
0.00000000e+00 -8.60823923e+04 5.47957296e+01 4.19547117e-01 2.30697841e-02 -1.83425865e+01
0.00000000e+00 -8.41690077e+04 6.20705791e+01 2.53130232e-01 5.57032606e-02 -1.80748481e+01
0.00000000e+00 -8.40439904e+04 6.98843031e+01 1.49965097e-01 7.81092299e-02 -2.08720237e+01
0.00000000e+00 -8.30265764e+04 4.32020824e+01 4.71827133e-01 4.87913602e-02 -1.88544979e+01
0.00000000e+00 -8.27222793e+04 8.11169027e+01 2.05947423e-01 7.37461126e-02 -2.04062694e+01
0.00000000e+00 -8.15617152e+04 6.63867607e+01 4.94253483e-01 5.78041310e-02 -2.09183371e+01
0.00000000e+00 -8.09853803e+04 8.44086972e+01 2.06145810e-01 6.55462257e-02 -2.03290535e+01
0.00000000e+00 -8.06477841e+04 4.52353106e+01 3.95140874e-01 4.69472653e-02 -1.87956736e+01
0.00000000e+00 -8.05929255e+04 8.64353223e+01 3.79624104e-01 4.32077984e-02 -2.03510808e+01
0.00000000e+00 -7.99745014e+04 4.35107466e+01 1.06879766e-01 4.68135738e-02 -1.89887839e+01
0.00000000e+00 -7.90782331e+04 6.64024394e+01 3.61402276e-01 5.86604276e-02 -2.09321637e+01
0.00000000e+00 -7.76860635e+04 8.23706181e+01 1.98270199e-01 7.26539014e-02 -2.03102490e+01
0.00000000e+00 -7.70105121e+04 6.51304760e+01 3.97484059e-01 4.01075240e-02 -2.09453790e+01
0.00000000e+00 -7.70030167e+04 4.84293619e+01 3.22215558e-01 4.26254062e-02 -1.87026148e+01
0.00000000e+00 -7.66077902e+04 5.36728817e+01 1.25031563e-01 5.25785208e-02 -1.85221626e+01
0.00000000e+00 -7.65412482e+04 7.94242720e+01 1.98212924e-01 6.57104936e-02 -2.04783365e+01
0.00000000e+00 -7.53006270e+04 7.06128046e+01 2.56887232e-01 3.31385259e-02 -2.07978283e+01
0.00000000e+00 -7.48551891e+04 6.37891191e+01 3.07515228e-01 6.91522449e-02 -1.80918807e+01
0.00000000e+00 -7.46049703e+04 7.20020598e+01 4.16098332e-01 4.92883691e-02 -2.07000224e+01
0.00000000e+00 -7.37361523e+04 8.49139210e+01 3.11768863e-01 3.96040015e-02 -2.03596966e+01
0.00000000e+00 -7.35320749e+04 6.71532172e+01 4.25146979e-01 7.85651805e-02 -2.07869257e+01
0.00000000e+00 -7.13100598e+04 6.42527578e+01 4.10315433e-01 2.07155224e-02 -2.08762677e+01
0.00000000e+00 -7.04600262e+04 7.14550024e+01 2.26139517e-01 2.45444920e-02 -2.07191853e+01
0.00000000e+00 -7.02037157e+04 6.06511036e+01 4.69323898e-01 2.89424656e-02 -2.09856571e+01
0.00000000e+00 -6.88412860e+04 5.93243862e+01 2.75830704e-01 2.51224447e-02 -1.83726248e+01
0.00000000e+00 -6.88272848e+04 4.49577137e+01 1.39666697e-01 5.14216793e-02 -1.90070405e+01
0.00000000e+00 -6.85712875e+04 5.52278871e+01 3.97076583e-01 7.44379951e-02 -1.84338107e+01
0.00000000e+00 -6.83336795e+04 5.80847553e+01 3.67065203e-01 6.19713156e-02 -1.83375556e+01
0.00000000e+00 -6.79574372e+04 4.65914853e+01 1.21059572e-01 6.19838362e-02 -1.89257374e+01
0.00000000e+00 -6.79298474e+04 6.60925669e+01 3.08045115e-01 4.25213556e-02 -1.80865800e+01
0.00000000e+00 -6.62574703e+04 7.39298362e+01 3.94279414e-01 6.24971228e-02 -2.05252211e+01
0.00000000e+00 -6.55902985e+04 6.88353271e+01 4.03424727e-01 2.65322085e-02 -1.80219886e+01
0.00000000e+00 -6.55510660e+04 6.85246948e+01 3.79794157e-01 6.12515756e-02 -2.07139866e+01
0.00000000e+00 -6.53037843e+04 6.04769123e+01 3.05209113e-01 5.50201384e-02 -1.83021146e+01
0.00000000e+00 -6.51833359e+04 5.68946968e+01 4.50096287e-01 2.82045847e-02 -1.84467212e+01
0.00000000e+00 -6.49212482e+04 5.30646945e+01 1.07700247e-01 7.27359625e-02 -1.86549376e+01
0.00000000e+00 -6.48913256e+04 6.47301999e+01 3.87584132e-01 6.81052713e-02 -2.08263882e+01
0.00000000e+00 -6.40896104e+04 8.74457945e+01 1.19217251e-01 6.34005969e-02 -2.00635734e+01
0.00000000e+00 -6.31670329e+04 8.95267079e+01 4.37961378e-01 3.94725324e-02 -2.00823891e+01
0.00000000e+00 -6.27537756e+04 5.51984251e+01 2.57160897e-01 6.13612898e-02 -1.85447291e+01
0.00000000e+00 -6.13657306e+04 5.80047261e+01 2.38063926e-01 3.14322117e-02 -1.85009794e+01
0.00000000e+00 -6.12557026e+04 8.90727670e+01 4.54119548e-01 7.40391358e-02 -1.96408845e+01
0.00000000e+00 -6.08154911e+04 5.48330632e+01 1.54747552e-01 7.24462800e-02 -1.86092332e+01
0.00000000e+00 -6.07190137e+04 5.40624438e+01 3.01974034e-01 2.51155556e-02 -1.86670820e+01
0.00000000e+00 -5.99889313e+04 5.87884528e+01 4.10584960e-01 3.87879865e-02 -2.09735320e+01
0.00000000e+00 -5.91124055e+04 4.95361347e+01 3.97721428e-01 4.91074691e-02 -1.88067884e+01
0.00000000e+00 -5.88105166e+04 4.72632928e+01 1.05366090e-01 7.81276990e-02 -1.89811528e+01
0.00000000e+00 -5.83176975e+04 7.49614066e+01 3.72594812e-01 3.62831301e-02 -2.04601323e+01
0.00000000e+00 -5.79043240e+04 5.84206399e+01 1.14013834e-01 2.16215725e-02 -1.86021331e+01
0.00000000e+00 -5.78284790e+04 4.39040421e+01 1.11881626e-01 3.95447622e-02 -1.92158127e+01
0.00000000e+00 -5.75515569e+04 4.25453305e+01 1.98003232e-01 2.79296519e-02 -1.92821975e+01
0.00000000e+00 -5.74467716e+04 6.41452928e+01 4.97335165e-01 2.50607098e-02 -2.07136943e+01
0.00000000e+00 -5.70631286e+04 4.62903098e+01 3.88599935e-01 4.69147333e-02 -1.89948572e+01
0.00000000e+00 -5.45616883e+04 6.22301311e+01 4.47869666e-01 4.51803891e-02 -1.83242741e+01
0.00000000e+00 -5.43058459e+04 7.13983335e+01 2.99702767e-01 4.94061335e-02 -2.05385322e+01
0.00000000e+00 -5.41397442e+04 5.98052904e+01 1.07726965e-01 4.88200464e-02 -1.85262036e+01
0.00000000e+00 -5.31335757e+04 8.87578732e+01 4.78783030e-01 4.90662147e-02 -1.99165621e+01
0.00000000e+00 -5.17118972e+04 6.52032945e+01 2.94139945e-01 2.73793424e-02 -1.83360533e+01
0.00000000e+00 -5.16581936e+04 6.35405277e+01 3.09586842e-01 4.16889870e-02 -1.83567839e+01
0.00000000e+00 -5.04294485e+04 8.44135131e+01 2.18958358e-01 6.44130321e-02 -1.99683163e+01
0.00000000e+00 -4.97216310e+04 8.52357062e+01 3.13658644e-01 4.09088766e-02 -2.00817505e+01
0.00000000e+00 -4.90194313e+04 7.47680595e+01 1.04672871e-01 3.59213182e-02 -2.04455519e+01
0.00000000e+00 -4.88896426e+04 6.20521403e+01 4.07566972e-01 6.75305567e-02 -1.84015421e+01
0.00000000e+00 -4.88725484e+04 4.31018907e+01 1.02099012e-01 2.58128901e-02 -1.94050969e+01
0.00000000e+00 -4.84904344e+04 5.53142180e+01 3.33311186e-01 4.28415003e-02 -1.87065601e+01
0.00000000e+00 -4.78364846e+04 6.39734623e+01 3.05999524e-01 6.46947739e-02 -2.06888671e+01
0.00000000e+00 -4.70102251e+04 8.18982734e+01 1.13530764e-01 6.71229396e-02 -1.80897920e+01
0.00000000e+00 -4.68777727e+04 6.99575357e+01 3.49813475e-01 6.96654501e-02 -2.04285984e+01
0.00000000e+00 -4.68347293e+04 8.90690505e+01 1.36595165e-01 7.42193809e-02 -1.94531785e+01
0.00000000e+00 -4.63186800e+04 7.77930822e+01 2.62293911e-01 6.09761232e-02 -1.80524530e+01
0.00000000e+00 -4.49039786e+04 5.96892359e+01 2.13011621e-01 7.76486832e-02 -2.08221210e+01
0.00000000e+00 -4.48327593e+04 5.14920554e+01 4.87052962e-01 6.17701934e-02 -1.88464781e+01
0.00000000e+00 -4.45859977e+04 5.02590719e+01 1.35681426e-01 2.15546358e-02 -1.91094791e+01
0.00000000e+00 -4.43293094e+04 7.74039377e+01 4.89406179e-01 5.53912081e-02 -2.01456495e+01
0.00000000e+00 -4.43190289e+04 7.73430513e+01 3.53875526e-01 5.46705294e-02 -1.80298496e+01
0.00000000e+00 -4.41477093e+04 5.11981238e+01 3.72109199e-01 5.22917063e-02 -1.89143799e+01
0.00000000e+00 -4.34517709e+04 7.05890727e+01 4.80367087e-01 4.61642779e-02 -2.03790744e+01
0.00000000e+00 -4.30632987e+04 4.30475383e+01 4.95524422e-01 5.48572387e-02 -1.92997040e+01
0.00000000e+00 -4.30605530e+04 7.05303982e+01 4.02602745e-01 6.90985314e-02 -2.03422656e+01
0.00000000e+00 -4.28937703e+04 7.82586098e+01 1.85183798e-01 2.37369284e-02 -1.80769288e+01
0.00000000e+00 -4.24932211e+04 6.47065133e+01 4.41335303e-01 6.91019356e-02 -2.05446089e+01
0.00000000e+00 -4.23356714e+04 6.68274506e+01 4.03752579e-01 5.89200021e-02 -1.83269206e+01
0.00000000e+00 -4.19757819e+04 6.15888325e+01 1.33601919e-01 5.66773161e-02 -1.85927495e+01
0.00000000e+00 -4.17359599e+04 8.38077886e+01 4.52459840e-01 6.94924805e-02 -1.80921988e+01
0.00000000e+00 -4.10911849e+04 5.88266655e+01 1.55246686e-01 6.96206783e-02 -2.08351226e+01
0.00000000e+00 -4.10554918e+04 5.95010871e+01 4.75717284e-01 5.04610589e-02 -1.85800329e+01
0.00000000e+00 -4.06116610e+04 7.85122287e+01 1.74365090e-01 6.81210532e-02 -2.00579670e+01
0.00000000e+00 -4.05847228e+04 7.39144247e+01 1.60539749e-01 2.69791819e-02 -2.03270190e+01
0.00000000e+00 -4.05444307e+04 8.20129613e+01 3.82211294e-01 5.73171766e-02 -1.80017401e+01
0.00000000e+00 -4.01216182e+04 4.37215225e+01 4.64761404e-01 3.93444716e-02 -1.93417207e+01
0.00000000e+00 -3.98891717e+04 8.58932621e+01 3.22058800e-01 7.22908106e-02 -1.82411239e+01
0.00000000e+00 -3.97383845e+04 5.78298555e+01 4.97212086e-01 2.95659685e-02 -1.87070903e+01
0.00000000e+00 -3.97351395e+04 4.75327971e+01 2.92604346e-01 7.27278103e-02 -1.91453987e+01
0.00000000e+00 -3.95274332e+04 8.38330868e+01 3.89069310e-01 7.99489717e-02 -1.94378964e+01
0.00000000e+00 -3.91948994e+04 5.49196905e+01 4.50820707e-01 3.99338181e-02 -1.88191954e+01
0.00000000e+00 -3.87968560e+04 5.64224297e+01 4.65774275e-01 2.01338322e-02 -2.07219135e+01
0.00000000e+00 -3.86255408e+04 4.86158782e+01 3.17215369e-01 6.12323370e-02 -1.91142512e+01
0.00000000e+00 -3.79838131e+04 8.55629899e+01 2.04813588e-01 2.44038870e-02 -1.99690071e+01
0.00000000e+00 -3.74297671e+04 4.69599176e+01 4.89253740e-01 6.41555124e-02 -1.91598213e+01
0.00000000e+00 -3.72685979e+04 6.86350608e+01 3.75423531e-01 7.49687107e-02 -1.83988909e+01
0.00000000e+00 -3.72387903e+04 6.09115009e+01 4.84305745e-01 2.56818796e-02 -2.05597135e+01
0.00000000e+00 -3.67126081e+04 8.49304891e+01 2.40442000e-01 3.33171195e-02 -1.99610991e+01
0.00000000e+00 -3.66475452e+04 4.99880802e+01 1.25152756e-01 3.08432141e-02 -1.92115102e+01
0.00000000e+00 -3.65874707e+04 4.96815546e+01 3.85869198e-01 2.16048093e-02 -1.91688870e+01
0.00000000e+00 -3.65058816e+04 8.75276630e+01 4.29555618e-01 5.81897687e-02 -1.80072652e+01
0.00000000e+00 -3.63031165e+04 5.11828790e+01 3.21705335e-01 2.77793062e-02 -1.91014215e+01
0.00000000e+00 -3.62567505e+04 8.73440394e+01 1.71655279e-01 7.26828864e-02 -1.84365677e+01
0.00000000e+00 -3.61051322e+04 8.84735947e+01 3.76503669e-01 5.94061292e-02 -1.80469722e+01
0.00000000e+00 -3.61006954e+04 5.35937192e+01 2.96828608e-01 4.31612260e-02 -1.89594499e+01
0.00000000e+00 -3.59534612e+04 7.68645263e+01 3.14312541e-01 5.25719350e-02 -2.01125534e+01
0.00000000e+00 -3.56453217e+04 7.35386923e+01 1.05601283e-01 2.67024924e-02 -2.02845585e+01
0.00000000e+00 -3.52682729e+04 8.61806411e+01 1.73926329e-01 6.70184178e-02 -1.82687559e+01
0.00000000e+00 -3.52503678e+04 5.77743895e+01 4.47318399e-01 2.89894782e-02 -2.06566570e+01
0.00000000e+00 -3.47212921e+04 6.71353276e+01 4.47089694e-01 7.26371482e-02 -2.03284099e+01
0.00000000e+00 -3.44297181e+04 5.20340134e+01 1.99327076e-01 4.92110799e-02 -2.09718253e+01
0.00000000e+00 -3.43453929e+04 6.68919674e+01 2.48025208e-01 7.81451054e-02 -2.03688911e+01
0.00000000e+00 -3.42831432e+04 5.72951812e+01 4.20223435e-01 5.26248862e-02 -1.87745581e+01
0.00000000e+00 -3.37308062e+04 7.43706630e+01 1.18816839e-01 3.12543559e-02 -2.02407858e+01
0.00000000e+00 -3.37211947e+04 5.21549900e+01 1.25564471e-01 2.89764871e-02 -1.91637429e+01
0.00000000e+00 -3.34607790e+04 5.82366944e+01 3.95809049e-01 5.22979505e-02 -2.06732943e+01
0.00000000e+00 -3.31333884e+04 7.57958525e+01 4.24738136e-01 6.41044797e-02 -2.00092276e+01
0.00000000e+00 -3.30432340e+04 8.25392851e+01 2.58557339e-01 6.24830673e-02 -1.97874225e+01
0.00000000e+00 -3.27302828e+04 6.11621121e+01 1.16828105e-01 4.62926392e-02 -1.87570036e+01
0.00000000e+00 -3.27169599e+04 5.24013540e+01 3.19933078e-01 4.22483586e-02 -1.90593954e+01
0.00000000e+00 -3.23340234e+04 7.92831170e+01 1.05784667e-01 4.57090346e-02 -1.82115946e+01
0.00000000e+00 -3.22893920e+04 8.20497937e+01 3.36612320e-01 7.19853000e-02 -1.83472927e+01
0.00000000e+00 -3.22815327e+04 4.47518904e+01 4.16573960e-01 5.66453909e-02 -1.93850890e+01
0.00000000e+00 -3.22363850e+04 5.66463054e+01 1.65280241e-01 3.17994968e-02 -1.89658084e+01
0.00000000e+00 -3.22231465e+04 5.13892705e+01 4.94766546e-01 6.66014182e-02 -2.08884278e+01
0.00000000e+00 -3.21800920e+04 7.74091085e+01 3.42409813e-01 3.63741087e-02 -1.81706358e+01
0.00000000e+00 -3.21799236e+04 4.78421347e+01 1.26621580e-01 6.01061979e-02 -1.93145878e+01
0.00000000e+00 -3.19882302e+04 7.78175371e+01 2.40078606e-01 6.85131230e-02 -1.99199549e+01
0.00000000e+00 -3.19243507e+04 5.50533305e+01 4.91328078e-01 5.13633871e-02 -2.07341871e+01
0.00000000e+00 -3.16018546e+04 6.80183445e+01 2.34102579e-01 5.78336245e-02 -2.03585396e+01
0.00000000e+00 -3.14458143e+04 5.17158873e+01 4.51977061e-01 6.36659899e-02 -2.08741294e+01
0.00000000e+00 -3.14161933e+04 8.41171695e+01 1.54400766e-01 4.27240765e-02 -1.99077775e+01
0.00000000e+00 -3.13441681e+04 7.97667597e+01 2.45251322e-01 4.12085462e-02 -1.81531439e+01
0.00000000e+00 -3.11998344e+04 8.15682372e+01 1.40214686e-01 5.93523908e-02 -1.82547906e+01
0.00000000e+00 -3.04807765e+04 8.23887321e+01 2.15296890e-01 3.26442397e-02 -1.81054278e+01
0.00000000e+00 -3.03416504e+04 7.92828107e+01 2.67996179e-01 2.68376444e-02 -1.99977461e+01
0.00000000e+00 -3.03119009e+04 5.32884052e+01 1.13864406e-01 4.61049014e-02 -2.08853765e+01
0.00000000e+00 -3.00526074e+04 5.49220334e+01 2.60148989e-01 4.55540970e-02 -2.07715946e+01
0.00000000e+00 -3.00457781e+04 6.03657370e+01 1.11412457e-01 6.92639391e-02 -1.88157292e+01
0.00000000e+00 -2.97003193e+04 7.32158734e+01 3.91314224e-01 2.24149784e-02 -2.00904420e+01
0.00000000e+00 -2.95915497e+04 6.57176947e+01 4.07998529e-01 7.79240454e-02 -1.85890188e+01
0.00000000e+00 -2.90179880e+04 5.20760327e+01 4.78204470e-01 3.91716665e-02 -2.07782522e+01
0.00000000e+00 -2.90133189e+04 8.36141750e+01 4.50745794e-01 6.71216554e-02 -1.95129078e+01
0.00000000e+00 -2.89672535e+04 5.17061793e+01 3.29781166e-01 2.31108820e-02 -1.92156215e+01
0.00000000e+00 -2.86448059e+04 7.94150146e+01 2.48725845e-01 2.05762857e-02 -1.82469561e+01
0.00000000e+00 -2.85695564e+04 8.70806715e+01 2.34357821e-01 6.19856867e-02 -1.82959656e+01
0.00000000e+00 -2.85157479e+04 6.18649884e+01 3.46750912e-01 2.34299693e-02 -1.87928183e+01
0.00000000e+00 -2.84792524e+04 8.40416931e+01 4.84597351e-01 7.72285828e-02 -1.90640826e+01
0.00000000e+00 -2.81716260e+04 7.86009040e+01 3.09405135e-01 3.27877339e-02 -1.82138179e+01
0.00000000e+00 -2.80294383e+04 7.70498244e+01 2.36743491e-01 2.48376822e-02 -1.83101728e+01
0.00000000e+00 -2.79789957e+04 8.07225725e+01 4.35116523e-01 5.59530428e-02 -1.81990455e+01
0.00000000e+00 -2.79557267e+04 8.39390777e+01 2.14108294e-01 6.69243165e-02 -1.84001847e+01
0.00000000e+00 -2.79501965e+04 5.19131761e+01 3.39005058e-01 6.25094288e-02 -2.08432409e+01
0.00000000e+00 -2.76920263e+04 5.57518071e+01 2.82737693e-01 3.08401522e-02 -2.06598849e+01
0.00000000e+00 -2.76872076e+04 4.21295688e+01 1.66941332e-01 2.63660594e-02 -1.97653362e+01
0.00000000e+00 -2.76477312e+04 5.87819816e+01 3.59872035e-01 2.48650041e-02 -1.89186368e+01
0.00000000e+00 -2.75719379e+04 6.16019486e+01 3.65087320e-01 3.68825455e-02 -1.87595610e+01
0.00000000e+00 -2.75587608e+04 7.64871994e+01 4.99892720e-01 4.76614735e-02 -1.82338354e+01
0.00000000e+00 -2.73991883e+04 5.57888821e+01 2.32297959e-01 4.66537979e-02 -1.90142786e+01
0.00000000e+00 -2.71248852e+04 8.09070121e+01 1.10657999e-01 6.96224037e-02 -1.96866750e+01
0.00000000e+00 -2.69020188e+04 6.76674550e+01 2.62042755e-01 3.59413912e-02 -1.85847780e+01
0.00000000e+00 -2.68346175e+04 7.20874970e+01 3.80960061e-01 4.30342423e-02 -2.01224752e+01
0.00000000e+00 -2.67829816e+04 4.79286188e+01 2.83704843e-01 4.77579596e-02 -1.93706481e+01
0.00000000e+00 -2.63195447e+04 6.61612076e+01 4.80000639e-01 5.02657418e-02 -1.85602288e+01
0.00000000e+00 -2.63040263e+04 5.24985053e+01 1.69195173e-01 3.27979546e-02 -2.07956445e+01
0.00000000e+00 -2.59853307e+04 8.68379369e+01 4.53660201e-01 6.78550680e-02 -1.84924329e+01
0.00000000e+00 -2.57985161e+04 4.54785297e+01 4.65170607e-01 4.97048016e-02 -1.94578089e+01
0.00000000e+00 -2.57835109e+04 8.61772119e+01 1.73451305e-01 2.87451178e-02 -1.81036146e+01
0.00000000e+00 -2.55420600e+04 5.95746957e+01 1.59981736e-01 7.42373795e-02 -2.05650832e+01
0.00000000e+00 -2.53157192e+04 8.57058025e+01 4.75125927e-01 5.62783579e-02 -1.81925891e+01
0.00000000e+00 -2.50743992e+04 4.78518845e+01 1.74727709e-01 7.24912396e-02 -1.93962698e+01
0.00000000e+00 -2.50025896e+04 5.82219131e+01 2.76816975e-01 2.09156553e-02 -2.04861702e+01
0.00000000e+00 -2.49303655e+04 6.55130745e+01 3.83638387e-01 2.05528108e-02 -2.02168211e+01
0.00000000e+00 -2.48242538e+04 5.35122816e+01 1.49590453e-01 2.40964073e-02 -1.92721447e+01
0.00000000e+00 -2.45670033e+04 5.54858223e+01 1.79511727e-01 6.74127277e-02 -1.90639204e+01
0.00000000e+00 -2.45078423e+04 4.50512365e+01 3.80922569e-01 4.76806098e-02 -1.95338668e+01
0.00000000e+00 -2.43524043e+04 5.85128787e+01 2.21803679e-01 6.18744868e-02 -2.05751434e+01
0.00000000e+00 -2.42805850e+04 5.02315374e+01 3.02695390e-01 6.12588275e-02 -1.92681134e+01
0.00000000e+00 -2.41470902e+04 6.11538836e+01 1.23147058e-01 5.59438257e-02 -2.05121918e+01
0.00000000e+00 -2.40823328e+04 6.65618768e+01 2.57967338e-01 2.52821492e-02 -1.87175326e+01
0.00000000e+00 -2.40645636e+04 6.16711452e+01 4.35838278e-01 3.76136935e-02 -1.87958683e+01
0.00000000e+00 -2.38162013e+04 5.17977055e+01 4.21456090e-01 7.51353139e-02 -1.91536411e+01
0.00000000e+00 -2.38147318e+04 7.74673223e+01 2.09958754e-01 5.56332520e-02 -1.99084992e+01
0.00000000e+00 -2.37538698e+04 6.63240106e+01 2.59764108e-01 3.22799751e-02 -1.86997885e+01
0.00000000e+00 -2.37276372e+04 8.81409299e+01 1.51225069e-01 6.56534658e-02 -1.86540721e+01
0.00000000e+00 -2.36373940e+04 5.89869178e+01 1.14860867e-01 6.16357951e-02 -2.05817386e+01
0.00000000e+00 -2.34936786e+04 6.92894815e+01 1.96558129e-01 4.56192724e-02 -2.02100565e+01
0.00000000e+00 -2.33348577e+04 4.87845022e+01 3.38693600e-01 4.13810782e-02 -1.93921799e+01
0.00000000e+00 -2.32523856e+04 5.61353207e+01 3.55914741e-01 4.82071275e-02 -2.05857863e+01
0.00000000e+00 -2.32087857e+04 6.89054923e+01 4.43845872e-01 6.12754633e-02 -2.01123888e+01
0.00000000e+00 -2.30615003e+04 5.06014895e+01 2.03905994e-01 3.00704322e-02 -1.93936628e+01
0.00000000e+00 -2.20128527e+04 5.74793587e+01 4.50174030e-01 2.01056418e-02 -2.03896207e+01
0.00000000e+00 -2.19242335e+04 7.30045993e+01 2.62448283e-01 4.88270890e-02 -2.00389908e+01
0.00000000e+00 -2.18931687e+04 4.35754418e+01 2.21151422e-01 7.91435967e-02 -1.96573346e+01
0.00000000e+00 -2.17706274e+04 4.55175176e+01 2.07128296e-01 3.31751339e-02 -2.09680063e+01
0.00000000e+00 -2.17507574e+04 7.34675463e+01 1.71050612e-01 2.21100507e-02 -1.85769055e+01
0.00000000e+00 -2.17137166e+04 7.74605958e+01 1.50573876e-01 6.86724839e-02 -1.97511342e+01
0.00000000e+00 -2.15905999e+04 8.32011147e+01 4.60018843e-01 7.11068979e-02 -1.91717131e+01
0.00000000e+00 -2.15012259e+04 8.50376662e+01 3.22113715e-01 6.43784914e-02 -1.93171649e+01
0.00000000e+00 -2.14555229e+04 6.88640375e+01 1.90371414e-01 6.78528202e-02 -2.01324240e+01
0.00000000e+00 -2.12315095e+04 5.83572755e+01 3.71853023e-01 4.74034453e-02 -1.89724089e+01
0.00000000e+00 -2.12266241e+04 7.85691009e+01 4.14102311e-01 2.34789040e-02 -1.97967935e+01
0.00000000e+00 -2.12184598e+04 7.53675106e+01 4.69245675e-01 5.89277778e-02 -1.84302032e+01
0.00000000e+00 -2.11626594e+04 7.62539344e+01 4.68307852e-01 5.85724383e-02 -1.84133485e+01
0.00000000e+00 -2.10048502e+04 6.37576365e+01 1.50038739e-01 4.57599616e-02 -1.88461432e+01
0.00000000e+00 -2.07503922e+04 6.18665027e+01 4.41095325e-01 7.46105235e-02 -1.88309872e+01
0.00000000e+00 -2.06949647e+04 7.11689293e+01 2.15960335e-01 5.79164800e-02 -2.00658203e+01
0.00000000e+00 -2.06517981e+04 6.15655725e+01 2.97081089e-01 5.98856154e-02 -2.03753623e+01
0.00000000e+00 -2.06087833e+04 5.77179336e+01 1.35187215e-01 7.65105316e-02 -1.90677160e+01
0.00000000e+00 -2.05411884e+04 7.83654309e+01 1.88278397e-01 6.86799040e-02 -1.86029338e+01
0.00000000e+00 -2.04733973e+04 4.08161372e+01 1.54147837e-01 2.05888869e-02 -2.00270145e+01
0.00000000e+00 -2.03528736e+04 4.96075072e+01 1.07058102e-01 5.82608622e-02 -1.94470292e+01
0.00000000e+00 -2.03485262e+04 6.14561698e+01 3.79157077e-01 3.24470234e-02 -2.03069194e+01
0.00000000e+00 -2.02823309e+04 5.80231618e+01 1.10184988e-01 6.14528992e-02 -1.90715083e+01
0.00000000e+00 -2.02551808e+04 5.16036981e+01 2.11681405e-01 6.31773720e-02 -1.93058944e+01
0.00000000e+00 -2.01793735e+04 8.86196730e+01 3.83381846e-01 4.36219547e-02 -1.94783794e+01
0.00000000e+00 -1.98856511e+04 8.75777035e+01 2.68354189e-01 2.72504173e-02 -1.81439009e+01
0.00000000e+00 -1.98806681e+04 5.20483767e+01 2.04807611e-01 6.05460911e-02 -1.92994195e+01
0.00000000e+00 -1.98549343e+04 8.39748211e+01 2.02631980e-01 4.42294950e-02 -1.82861083e+01
0.00000000e+00 -1.97861192e+04 8.45453129e+01 4.06182339e-01 6.55843480e-02 -1.92189685e+01
0.00000000e+00 -1.97518360e+04 8.29789733e+01 3.41231634e-01 5.93635822e-02 -1.84199601e+01
0.00000000e+00 -1.96231858e+04 8.47648216e+01 1.23687933e-01 4.23060846e-02 -1.96899452e+01
0.00000000e+00 -1.94886626e+04 5.57252808e+01 4.07546900e-01 3.29685314e-02 -1.91572694e+01
0.00000000e+00 -1.93812515e+04 5.45970181e+01 3.93244022e-01 5.42551993e-02 -1.91472356e+01
0.00000000e+00 -1.92677488e+04 4.28998890e+01 3.85262560e-01 2.56280926e-02 -2.09399353e+01
0.00000000e+00 -1.92145423e+04 8.04223796e+01 4.01714510e-01 7.60339207e-02 -1.89977316e+01
0.00000000e+00 -1.91031635e+04 7.29359975e+01 4.41786798e-01 3.53414207e-02 -1.99341203e+01
0.00000000e+00 -1.90382270e+04 5.32520545e+01 2.81928722e-01 2.68462513e-02 -2.05580845e+01
0.00000000e+00 -1.88403146e+04 4.44071390e+01 1.26297844e-01 2.32829260e-02 -2.09364018e+01
0.00000000e+00 -1.88345061e+04 7.99716180e+01 4.03344011e-01 5.75284454e-02 -1.96252617e+01
0.00000000e+00 -1.88274737e+04 8.61826939e+01 3.49596752e-01 3.71667279e-02 -1.95836485e+01
0.00000000e+00 -1.87953398e+04 7.63578974e+01 2.93917762e-01 6.97231505e-02 -1.96728640e+01
0.00000000e+00 -1.85994055e+04 6.57203076e+01 1.69614142e-01 3.85912213e-02 -1.88319889e+01
0.00000000e+00 -1.84863590e+04 6.72903594e+01 3.72958128e-01 2.05660888e-02 -2.00328447e+01
0.00000000e+00 -1.83428054e+04 4.71082372e+01 4.60852575e-01 2.39586718e-02 -2.07049006e+01
0.00000000e+00 -1.82368094e+04 5.09060063e+01 1.51062438e-01 4.08031987e-02 -1.94608814e+01
0.00000000e+00 -1.81933688e+04 8.26783350e+01 2.16954042e-01 6.87297510e-02 -1.87691906e+01
0.00000000e+00 -1.81773302e+04 4.95056337e+01 1.49010723e-01 3.22160687e-02 -2.07420073e+01
0.00000000e+00 -1.81513816e+04 6.76000185e+01 3.65751012e-01 7.20927684e-02 -2.00368396e+01
0.00000000e+00 -1.80581477e+04 7.70135992e+01 3.92342708e-01 2.46585074e-02 -1.84506719e+01
0.00000000e+00 -1.79739770e+04 6.95459481e+01 4.81495161e-01 6.36616101e-02 -1.86405020e+01
0.00000000e+00 -1.79330176e+04 7.74747786e+01 4.57601068e-01 6.29019716e-02 -1.85126306e+01
0.00000000e+00 -1.77837406e+04 6.16656896e+01 4.11301661e-01 5.91145494e-02 -2.02803943e+01
0.00000000e+00 -1.77326304e+04 7.77807897e+01 2.31631626e-01 5.62306244e-02 -1.85147036e+01
0.00000000e+00 -1.77068074e+04 5.16673140e+01 4.13739621e-01 5.84543709e-02 -1.93011428e+01
0.00000000e+00 -1.74648557e+04 4.42383684e+01 2.74272780e-01 3.68217785e-02 -2.09084503e+01
0.00000000e+00 -1.74299594e+04 5.52101114e+01 2.40831687e-01 6.91558549e-02 -1.91891296e+01
0.00000000e+00 -1.73828531e+04 4.73543844e+01 1.40506033e-01 6.76271068e-02 -1.95921681e+01
0.00000000e+00 -1.72971284e+04 6.46149582e+01 4.40742295e-01 4.94931361e-02 -2.01627794e+01
0.00000000e+00 -1.72965742e+04 8.03624681e+01 2.36793829e-01 4.16026216e-02 -1.97449171e+01
0.00000000e+00 -1.72462239e+04 7.84056666e+01 2.63969255e-01 6.90462656e-02 -1.95248030e+01
0.00000000e+00 -1.71187991e+04 7.29800885e+01 4.71819984e-01 2.96199279e-02 -1.98665375e+01
0.00000000e+00 -1.70904611e+04 6.84867773e+01 3.93004538e-01 7.04423532e-02 -1.99758434e+01
0.00000000e+00 -1.70613480e+04 6.07194220e+01 4.19421943e-01 6.38283083e-02 -2.02934358e+01
0.00000000e+00 -1.69731309e+04 4.28853852e+01 4.65137749e-01 6.63289653e-02 -1.97499648e+01
0.00000000e+00 -1.68222328e+04 6.95671658e+01 1.48022669e-01 6.73765826e-02 -1.87865390e+01
0.00000000e+00 -1.66875897e+04 8.13208918e+01 4.09829376e-01 2.06862249e-02 -1.96180812e+01
0.00000000e+00 -1.63682670e+04 7.66189413e+01 4.58992021e-01 2.08048980e-02 -1.85097376e+01
0.00000000e+00 -1.63409002e+04 4.43239227e+01 3.46273223e-01 4.14025958e-02 -2.08666629e+01
0.00000000e+00 -1.63146632e+04 4.55533022e+01 4.23454733e-01 2.23855778e-02 -2.07152476e+01
0.00000000e+00 -1.61607169e+04 8.14248480e+01 2.17512217e-01 2.84039690e-02 -1.97036093e+01
0.00000000e+00 -1.61185108e+04 6.79387673e+01 1.94269336e-01 5.28080894e-02 -1.87830593e+01
0.00000000e+00 -1.59794737e+04 8.99321210e+01 3.67866179e-01 4.71763864e-02 -1.92800358e+01
0.00000000e+00 -1.59268385e+04 7.64486921e+01 3.40384358e-01 7.02365151e-02 -1.87136369e+01
0.00000000e+00 -1.58764645e+04 7.40264136e+01 4.14749770e-01 7.55947862e-02 -1.95866434e+01
0.00000000e+00 -1.58579614e+04 6.30394145e+01 1.83403630e-01 6.27969655e-02 -1.89549162e+01
0.00000000e+00 -1.57845811e+04 6.10037618e+01 2.08043451e-01 4.86256943e-02 -2.03204782e+01
0.00000000e+00 -1.57302163e+04 7.56339133e+01 2.60525804e-01 5.94461696e-02 -1.97609972e+01
0.00000000e+00 -1.56840678e+04 5.94739160e+01 2.19096568e-01 2.38462322e-02 -1.91996168e+01
0.00000000e+00 -1.53553688e+04 5.99675978e+01 1.72110325e-01 2.84133158e-02 -1.91746887e+01
0.00000000e+00 -1.52314707e+04 5.79178471e+01 1.04946710e-01 3.72065232e-02 -2.04116312e+01
0.00000000e+00 -1.52155878e+04 5.09992094e+01 4.62370985e-01 6.48091300e-02 -1.93633516e+01
0.00000000e+00 -1.51568253e+04 4.65952005e+01 1.42419584e-01 3.78309603e-02 -2.07985064e+01
0.00000000e+00 -1.51386538e+04 4.74797556e+01 2.47069883e-01 3.50808574e-02 -1.97017347e+01
0.00000000e+00 -1.49887067e+04 4.37348306e+01 3.94424362e-01 3.31500610e-02 -2.08090887e+01
0.00000000e+00 -1.49551516e+04 4.81073632e+01 1.99479351e-01 6.30139054e-02 -1.95969463e+01
0.00000000e+00 -1.49041273e+04 6.05847225e+01 1.86157709e-01 4.19326917e-02 -2.03078902e+01
0.00000000e+00 -1.48616362e+04 6.86935832e+01 2.60536969e-01 5.49354557e-02 -2.00257806e+01
0.00000000e+00 -1.48069069e+04 8.21825263e+01 3.01282321e-01 3.63779405e-02 -1.96295854e+01
0.00000000e+00 -1.46269476e+04 8.19635864e+01 2.99295495e-01 2.15102473e-02 -1.95956220e+01
0.00000000e+00 -1.45837384e+04 5.96072191e+01 4.04710920e-01 4.12707468e-02 -2.02589902e+01
0.00000000e+00 -1.45759872e+04 4.67336103e+01 4.03551750e-01 5.88770230e-02 -2.07518939e+01
0.00000000e+00 -1.44856993e+04 8.57899831e+01 3.68943300e-01 4.03308710e-02 -1.82942615e+01
0.00000000e+00 -1.44361929e+04 7.19846965e+01 4.47736947e-01 5.28654221e-02 -1.98489150e+01
0.00000000e+00 -1.44074824e+04 7.31607355e+01 2.50488213e-01 7.38215930e-02 -1.88398866e+01
0.00000000e+00 -1.43347363e+04 4.38108713e+01 4.26123653e-01 5.27018507e-02 -1.98079968e+01
0.00000000e+00 -1.42237609e+04 8.23606991e+01 3.44604398e-01 3.42625623e-02 -1.95999991e+01
0.00000000e+00 -1.39408280e+04 4.91383338e+01 3.70708703e-01 5.91367804e-02 -1.95233528e+01
0.00000000e+00 -1.39104702e+04 4.60427894e+01 2.36558359e-01 7.11125297e-02 -2.08329955e+01
0.00000000e+00 -1.38949234e+04 7.99912474e+01 1.65848476e-01 6.13177987e-02 -1.95049801e+01
0.00000000e+00 -1.38058572e+04 6.81984190e+01 2.13302280e-01 2.12283408e-02 -1.89350314e+01
0.00000000e+00 -1.37890996e+04 7.50206907e+01 1.90748441e-01 7.23958046e-02 -1.88699080e+01
0.00000000e+00 -1.37527946e+04 6.14860436e+01 3.56033020e-01 3.10363516e-02 -2.01545782e+01
0.00000000e+00 -1.36910232e+04 8.98777608e+01 2.02645610e-01 2.23172010e-02 -1.94280675e+01
0.00000000e+00 -1.36839232e+04 8.73742315e+01 3.00070870e-01 5.50395468e-02 -1.91551384e+01
0.00000000e+00 -1.36725678e+04 6.10712865e+01 4.48733424e-01 5.66308343e-02 -2.01999546e+01
0.00000000e+00 -1.36446849e+04 6.68211369e+01 1.45586576e-01 4.18918915e-02 -1.89028343e+01
0.00000000e+00 -1.36245576e+04 8.70102015e+01 1.46263370e-01 5.85281390e-02 -1.88068100e+01
0.00000000e+00 -1.35559195e+04 5.40057220e+01 4.43729086e-01 4.64695812e-02 -2.04207025e+01
0.00000000e+00 -1.35469071e+04 8.17611686e+01 3.20753071e-01 6.16990727e-02 -1.86743752e+01
0.00000000e+00 -1.34690686e+04 4.19354310e+01 1.19362260e-01 2.55623558e-02 -2.08851327e+01
0.00000000e+00 -1.34265920e+04 6.31118936e+01 2.06828301e-01 4.39936653e-02 -2.01915924e+01
0.00000000e+00 -1.33925151e+04 7.16309077e+01 4.81168631e-01 7.17974405e-02 -1.87837187e+01
0.00000000e+00 -1.33821699e+04 5.31388257e+01 3.64873419e-01 3.22400706e-02 -2.04133763e+01
0.00000000e+00 -1.32731668e+04 8.21565442e+01 1.20596436e-01 6.40006376e-02 -1.88589192e+01
0.00000000e+00 -1.32160768e+04 6.93137058e+01 1.67561720e-01 4.77699409e-02 -1.88148974e+01
0.00000000e+00 -1.32078688e+04 8.21017821e+01 2.56318780e-01 6.32805610e-02 -1.87741955e+01
0.00000000e+00 -1.30555004e+04 6.67083360e+01 4.36696031e-01 7.74160362e-02 -1.89112337e+01
0.00000000e+00 -1.30258388e+04 6.47722720e+01 2.40903400e-01 7.82193508e-02 -1.90071247e+01
0.00000000e+00 -1.29805113e+04 7.79523165e+01 3.67389663e-01 7.22953172e-02 -1.91740443e+01
0.00000000e+00 -1.29610767e+04 8.80851598e+01 2.71566539e-01 4.04158705e-02 -1.93932219e+01
0.00000000e+00 -1.29577803e+04 6.44309307e+01 3.83093510e-01 2.51547721e-02 -1.90129474e+01
0.00000000e+00 -1.28957088e+04 7.66457046e+01 2.87837668e-01 5.48877444e-02 -1.86249985e+01
0.00000000e+00 -1.27478594e+04 5.99007875e+01 2.93004330e-01 2.03658281e-02 -2.01165050e+01
0.00000000e+00 -1.26413074e+04 4.41836609e+01 2.80039208e-01 3.67213350e-02 -1.99447982e+01
0.00000000e+00 -1.26260428e+04 5.91381122e+01 4.15039693e-01 7.73992891e-02 -2.02300486e+01
0.00000000e+00 -1.25292116e+04 7.49114329e+01 3.21952467e-01 7.51184392e-02 -1.89621031e+01
0.00000000e+00 -1.25240505e+04 8.66543207e+01 1.21730957e-01 2.01735894e-02 -1.84280698e+01
0.00000000e+00 -1.24310519e+04 6.90107554e+01 1.90719195e-01 5.73486594e-02 -1.99720477e+01
0.00000000e+00 -1.23602418e+04 7.40445281e+01 2.05943555e-01 7.47562657e-02 -1.89678735e+01
0.00000000e+00 -1.23542100e+04 4.88041705e+01 3.96177738e-01 6.65903923e-02 -2.06307551e+01
0.00000000e+00 -1.22070092e+04 7.04304180e+01 4.99016904e-01 7.40430515e-02 -1.96813490e+01
0.00000000e+00 -1.21682285e+04 6.50043575e+01 1.75264081e-01 5.89853898e-02 -1.89781490e+01
0.00000000e+00 -1.20624853e+04 6.69705975e+01 1.61398904e-01 5.74134018e-02 -1.89245859e+01
0.00000000e+00 -1.19929141e+04 5.42584127e+01 2.70749783e-01 6.32711763e-02 -1.93511085e+01
0.00000000e+00 -1.18627599e+04 8.02852481e+01 4.07476897e-01 5.87706361e-02 -1.86384899e+01
0.00000000e+00 -1.18609640e+04 8.00353658e+01 4.79751170e-01 3.50664674e-02 -1.95634919e+01
0.00000000e+00 -1.18199847e+04 5.52597521e+01 2.95633322e-01 2.29029462e-02 -2.02511000e+01
0.00000000e+00 -1.18116384e+04 8.70463226e+01 4.90945701e-01 5.49608949e-02 -1.86167996e+01
0.00000000e+00 -1.18073891e+04 5.50304737e+01 2.05350880e-01 3.95765692e-02 -1.94143351e+01
0.00000000e+00 -1.17554239e+04 5.07457654e+01 2.23137602e-01 3.27722546e-02 -1.96570119e+01
0.00000000e+00 -1.17105859e+04 6.85920336e+01 4.03039696e-01 2.25053050e-02 -1.98221233e+01
0.00000000e+00 -1.16847969e+04 4.22778699e+01 2.87817598e-01 4.55221425e-02 -2.00519739e+01
0.00000000e+00 -1.15532454e+04 7.69704206e+01 2.52283244e-01 4.68641764e-02 -1.96920192e+01
0.00000000e+00 -1.15386111e+04 7.35928380e+01 4.52085820e-01 5.53732449e-02 -1.97034674e+01
0.00000000e+00 -1.15295710e+04 8.16741703e+01 4.06206284e-01 3.95703057e-02 -1.95220254e+01
0.00000000e+00 -1.14760585e+04 4.11069053e+01 4.93192431e-01 5.34395405e-02 -2.08424652e+01
0.00000000e+00 -1.14745787e+04 5.62207644e+01 1.11363994e-01 3.68608310e-02 -1.94219209e+01
0.00000000e+00 -1.14355177e+04 4.34373266e+01 2.08322205e-01 5.88861408e-02 -2.08517081e+01
0.00000000e+00 -1.14324814e+04 4.92068544e+01 1.38265500e-01 6.56461723e-02 -2.06715297e+01
0.00000000e+00 -1.13759826e+04 4.82561529e+01 3.32843395e-01 5.97129716e-02 -1.96485808e+01
0.00000000e+00 -1.13748333e+04 8.91177184e+01 2.08029828e-01 2.89801578e-02 -1.83164918e+01
0.00000000e+00 -1.13676544e+04 4.67858381e+01 3.11365373e-01 6.96099453e-02 -1.97109018e+01
0.00000000e+00 -1.13235561e+04 7.99805412e+01 1.80988770e-01 6.66525326e-02 -1.90547492e+01
0.00000000e+00 -1.12907859e+04 5.20945871e+01 3.87707404e-01 7.38439660e-02 -2.04867436e+01
0.00000000e+00 -1.12331124e+04 5.94379704e+01 3.31257085e-01 5.46782410e-02 -2.02294179e+01
0.00000000e+00 -1.11797537e+04 7.77979212e+01 4.52608796e-01 6.99253892e-02 -1.91272384e+01
0.00000000e+00 -1.11673849e+04 7.81479201e+01 2.86620352e-01 3.24131784e-02 -1.96549946e+01
0.00000000e+00 -1.11261426e+04 4.76365580e+01 4.17196344e-01 5.05398967e-02 -1.96953174e+01
0.00000000e+00 -1.11078163e+04 6.09484545e+01 3.50230324e-01 7.82961906e-02 -2.01281351e+01
0.00000000e+00 -1.09422283e+04 7.05357159e+01 2.88108551e-01 2.46209712e-02 -1.98034189e+01
0.00000000e+00 -1.09325845e+04 8.83981537e+01 4.99200171e-01 2.37339784e-02 -1.93008584e+01
0.00000000e+00 -1.09271291e+04 5.66269715e+01 3.40149216e-01 7.93990095e-02 -2.03075903e+01
0.00000000e+00 -1.08359625e+04 4.35160003e+01 1.67112098e-01 2.07182542e-02 -2.02309299e+01
0.00000000e+00 -1.08151326e+04 5.02517587e+01 1.29412379e-01 2.96641673e-02 -2.04838054e+01
0.00000000e+00 -1.08081581e+04 8.61665943e+01 3.57522830e-01 5.20613085e-02 -1.91775940e+01
0.00000000e+00 -1.07931808e+04 4.62629873e+01 2.81543688e-01 4.57516498e-02 -1.98443244e+01
0.00000000e+00 -1.07711464e+04 4.46558452e+01 2.53783655e-01 2.77654302e-02 -2.06277300e+01
0.00000000e+00 -1.07082640e+04 4.87076302e+01 3.25120989e-01 4.10790231e-02 -1.97195675e+01
0.00000000e+00 -1.07038210e+04 4.22391545e+01 1.71426645e-01 3.76673610e-02 -2.01742671e+01
0.00000000e+00 -1.06787909e+04 8.92618874e+01 4.71397187e-01 3.96961805e-02 -1.92307191e+01
0.00000000e+00 -1.06552567e+04 7.08050423e+01 4.88341705e-01 2.75467520e-02 -1.97451359e+01
0.00000000e+00 -1.06040067e+04 8.64642324e+01 1.21007635e-01 4.72052610e-02 -1.85571173e+01
0.00000000e+00 -1.06008170e+04 5.28928801e+01 4.83953638e-01 3.44627466e-02 -1.95002439e+01
0.00000000e+00 -1.04419879e+04 5.68995554e+01 1.09309052e-01 6.41335809e-02 -2.03734484e+01
0.00000000e+00 -1.04290898e+04 5.54716872e+01 1.35329099e-01 4.40405656e-02 -1.94416600e+01
0.00000000e+00 -1.04285209e+04 5.31418079e+01 1.21682613e-01 3.48533348e-02 -1.96101012e+01
0.00000000e+00 -1.04272963e+04 6.36406076e+01 2.16052495e-01 4.53404328e-02 -2.00971010e+01
0.00000000e+00 -1.04053328e+04 4.54866120e+01 3.11997521e-01 2.79639600e-02 -2.05614196e+01
0.00000000e+00 -1.02263057e+04 8.46328219e+01 1.50612466e-01 4.10157144e-02 -1.85073736e+01
0.00000000e+00 -1.01743210e+04 5.40602737e+01 2.47880547e-01 4.29288989e-02 -1.94792394e+01
0.00000000e+00 -1.01346906e+04 7.59360691e+01 1.24986001e-01 4.94163923e-02 -1.97164481e+01
0.00000000e+00 -1.01292437e+04 7.12306551e+01 4.62121748e-01 4.14345734e-02 -1.87467552e+01
0.00000000e+00 -1.00549010e+04 5.23540807e+01 1.73595441e-01 2.17424510e-02 -1.97637888e+01
0.00000000e+00 -9.97276406e+03 6.17305151e+01 1.54232324e-01 2.99712740e-02 -1.92557937e+01
0.00000000e+00 -9.96719367e+03 7.26624316e+01 4.63101128e-01 7.15106595e-02 -1.95040911e+01
0.00000000e+00 -9.95631624e+03 5.44494720e+01 4.72337507e-01 5.37302468e-02 -2.03163539e+01
0.00000000e+00 -9.95599249e+03 8.58167084e+01 2.83040736e-01 5.04471395e-02 -1.92270996e+01
0.00000000e+00 -9.85092131e+03 7.22217161e+01 4.67502484e-01 7.80955108e-02 -1.91258267e+01
0.00000000e+00 -9.79259020e+03 6.73374392e+01 4.40221314e-01 2.56911171e-02 -1.89801642e+01
0.00000000e+00 -9.72425024e+03 6.38480914e+01 1.23779691e-01 4.83289882e-02 -2.01053831e+01
0.00000000e+00 -9.63465143e+03 6.30013340e+01 1.98613784e-01 5.50966346e-02 -1.91022655e+01
0.00000000e+00 -9.59721733e+03 5.52128643e+01 1.45720083e-01 2.33780481e-02 -2.02088334e+01
0.00000000e+00 -9.59240130e+03 4.32245114e+01 1.67179959e-01 2.02603910e-02 -2.04836633e+01
0.00000000e+00 -9.51919500e+03 6.93501559e+01 1.01488747e-01 2.24999477e-02 -1.90694172e+01
0.00000000e+00 -9.47337740e+03 5.29188396e+01 3.49332649e-01 2.54667364e-02 -1.96579780e+01
0.00000000e+00 -9.46176854e+03 4.98658907e+01 1.04771370e-01 5.19157678e-02 -2.05673006e+01
0.00000000e+00 -9.43347768e+03 8.64429506e+01 1.82292886e-01 5.44516679e-02 -1.88975741e+01
0.00000000e+00 -9.42418417e+03 5.32381435e+01 3.33110793e-01 7.40627436e-02 -1.94367526e+01
0.00000000e+00 -9.41468000e+03 7.36339398e+01 3.96746572e-01 6.51212570e-02 -1.88498600e+01
0.00000000e+00 -9.32705803e+03 8.76615015e+01 4.36473245e-01 4.62806664e-02 -1.91521539e+01
0.00000000e+00 -9.30561963e+03 4.83509086e+01 2.99776085e-01 6.98376808e-02 -1.96918742e+01
0.00000000e+00 -9.15332370e+03 8.85072114e+01 2.56591689e-01 2.18833855e-02 -1.93134248e+01
0.00000000e+00 -9.14287575e+03 6.27133795e+01 2.90431102e-01 3.52735114e-02 -2.00267978e+01
0.00000000e+00 -9.14057154e+03 6.37448081e+01 4.90732198e-01 3.93947571e-02 -1.90379557e+01
0.00000000e+00 -9.10911006e+03 4.75607166e+01 4.82913427e-01 3.37389059e-02 -1.98544507e+01
0.00000000e+00 -9.00084820e+03 4.33060365e+01 2.92359895e-01 7.90760679e-02 -2.07890195e+01
0.00000000e+00 -8.93909542e+03 8.46142334e+01 1.35557056e-01 5.34835950e-02 -1.92006488e+01
0.00000000e+00 -8.92596844e+03 6.18828691e+01 4.96846927e-01 5.69329731e-02 -1.90734888e+01
0.00000000e+00 -8.85123909e+03 4.70832631e+01 2.24356573e-01 2.73538965e-02 -2.00407823e+01
0.00000000e+00 -8.84791759e+03 4.54236812e+01 2.54064247e-01 2.18205012e-02 -2.02731399e+01
0.00000000e+00 -8.80525269e+03 4.78853353e+01 3.13232784e-01 4.77950015e-02 -2.05268789e+01
0.00000000e+00 -8.78176378e+03 7.17220967e+01 3.56616041e-01 7.45394292e-02 -1.90661384e+01
0.00000000e+00 -8.71887645e+03 8.36574079e+01 4.46789480e-01 2.99857130e-02 -1.84534684e+01
0.00000000e+00 -8.65089860e+03 5.83546649e+01 1.22511637e-01 2.54646348e-02 -2.01026000e+01
0.00000000e+00 -8.62563924e+03 7.99037122e+01 4.00853733e-01 4.10706876e-02 -1.94896877e+01
0.00000000e+00 -8.58209740e+03 7.37683367e+01 4.53018945e-01 4.51493523e-02 -1.87197782e+01
0.00000000e+00 -8.56960757e+03 8.10645499e+01 4.33801354e-01 3.50891232e-02 -1.85239554e+01
0.00000000e+00 -8.53769767e+03 5.38700868e+01 1.17680957e-01 5.60076914e-02 -1.95394108e+01
0.00000000e+00 -8.53307726e+03 7.90752490e+01 3.81991698e-01 4.91312299e-02 -1.86433653e+01
0.00000000e+00 -8.53119704e+03 4.44780152e+01 2.03282375e-01 2.82038086e-02 -2.02397674e+01
0.00000000e+00 -8.52072557e+03 8.70809085e+01 4.16497160e-01 5.19900445e-02 -1.87615730e+01
0.00000000e+00 -8.51145391e+03 4.30737339e+01 2.35174156e-01 6.60084638e-02 -2.07701701e+01
0.00000000e+00 -8.43801809e+03 5.41342595e+01 2.38068454e-01 5.19203848e-02 -1.94986381e+01
0.00000000e+00 -8.42761387e+03 7.64564172e+01 2.27795987e-01 3.56810117e-02 -1.87168203e+01
0.00000000e+00 -8.40384728e+03 7.04297424e+01 2.09646648e-01 6.34513210e-02 -1.89598310e+01
0.00000000e+00 -8.36802145e+03 4.08197861e+01 4.86869400e-01 5.83121526e-02 -2.01760331e+01
0.00000000e+00 -8.34877431e+03 4.52586053e+01 3.21974191e-01 3.25249404e-02 -2.04822153e+01
0.00000000e+00 -8.33427931e+03 6.05673579e+01 4.08929283e-01 2.11932024e-02 -1.98796555e+01
0.00000000e+00 -8.30066908e+03 5.74690351e+01 1.44493972e-01 3.87745185e-02 -2.02156196e+01
0.00000000e+00 -8.29551281e+03 5.58893255e+01 1.78856264e-01 4.22178960e-02 -1.94846458e+01
0.00000000e+00 -8.27772257e+03 4.72254416e+01 4.88761828e-01 4.07702027e-02 -1.98603335e+01
0.00000000e+00 -8.20550694e+03 5.45319959e+01 1.49026189e-01 4.04693653e-02 -1.95757323e+01
0.00000000e+00 -8.20119186e+03 5.10215510e+01 4.23525430e-01 2.43791247e-02 -1.98376906e+01
0.00000000e+00 -8.17404273e+03 6.68365942e+01 3.33043345e-01 5.26262414e-02 -1.89744546e+01
0.00000000e+00 -8.15339642e+03 4.95803917e+01 2.43198826e-01 3.76350917e-02 -1.98236962e+01
0.00000000e+00 -8.14493864e+03 5.09250300e+01 3.90098231e-01 6.17250042e-02 -2.04210157e+01
0.00000000e+00 -8.14439450e+03 5.68119742e+01 1.04030976e-01 7.93228857e-02 -1.94166804e+01
0.00000000e+00 -8.12647186e+03 4.49471524e+01 4.14605192e-01 7.08382440e-02 -2.06444783e+01
0.00000000e+00 -8.06449897e+03 5.85702525e+01 2.82515952e-01 4.29821948e-02 -1.93303331e+01
0.00000000e+00 -8.01496871e+03 8.40347439e+01 4.89932065e-01 4.56652868e-02 -1.92549505e+01
0.00000000e+00 -7.95088121e+03 5.39270180e+01 3.99395768e-01 3.87383037e-02 -2.02254377e+01
0.00000000e+00 -7.94216980e+03 5.82387600e+01 4.17712793e-01 6.56357179e-02 -1.92573201e+01
0.00000000e+00 -7.91944126e+03 5.84936263e+01 1.60598481e-01 3.50277125e-02 -2.01431244e+01
0.00000000e+00 -7.85855037e+03 4.85637946e+01 2.12628809e-01 4.57910271e-02 -2.04876558e+01
0.00000000e+00 -7.83878040e+03 5.17395327e+01 1.24209943e-01 2.26738729e-02 -2.01505133e+01
0.00000000e+00 -7.80390729e+03 6.85190718e+01 3.60009355e-01 6.14094650e-02 -1.89572462e+01
0.00000000e+00 -7.80276758e+03 4.76439050e+01 2.24693359e-01 2.49420569e-02 -2.02224216e+01
0.00000000e+00 -7.76415910e+03 4.61454727e+01 3.39011252e-01 2.68948045e-02 -2.02532182e+01
0.00000000e+00 -7.75932793e+03 4.72771701e+01 1.57292079e-01 5.72859064e-02 -1.98929258e+01
0.00000000e+00 -7.74923353e+03 4.42873740e+01 3.59698055e-01 4.80635609e-02 -2.05835419e+01
0.00000000e+00 -7.72846474e+03 4.17368106e+01 1.40276086e-01 7.40620767e-02 -2.01901361e+01
0.00000000e+00 -7.70698478e+03 4.29666874e+01 1.52352848e-01 7.10573425e-02 -2.07810516e+01
0.00000000e+00 -7.63203663e+03 4.06244625e+01 3.93892326e-01 4.47929947e-02 -2.03552428e+01
0.00000000e+00 -7.58311223e+03 4.32636862e+01 1.10347370e-01 4.59539897e-02 -2.02438991e+01
0.00000000e+00 -7.51668220e+03 4.90808683e+01 4.77973104e-01 4.86964284e-02 -1.97404313e+01
0.00000000e+00 -7.51000392e+03 4.11517959e+01 1.49086935e-01 5.62502517e-02 -2.07783041e+01
0.00000000e+00 -7.48882352e+03 5.26618546e+01 3.58798312e-01 2.17929246e-02 -1.99434047e+01
0.00000000e+00 -7.48398895e+03 6.63327547e+01 4.59209052e-01 5.38676463e-02 -1.89783751e+01
0.00000000e+00 -7.47825361e+03 7.08103975e+01 1.86499581e-01 5.75420742e-02 -1.97571644e+01
0.00000000e+00 -7.44153316e+03 5.47221602e+01 4.51870739e-01 2.32793066e-02 -1.99777346e+01
0.00000000e+00 -7.43442642e+03 5.99333330e+01 2.69927551e-01 5.31889246e-02 -2.01186634e+01
0.00000000e+00 -7.43094602e+03 4.00249211e+01 2.29196911e-01 5.50985911e-02 -2.03881066e+01
0.00000000e+00 -7.41590318e+03 4.59438320e+01 2.45923640e-01 2.92422550e-02 -2.02789654e+01
0.00000000e+00 -7.39937230e+03 8.74718580e+01 4.37856815e-01 4.90831282e-02 -1.86920881e+01
0.00000000e+00 -7.35944692e+03 4.93991236e+01 1.24014618e-01 5.12002713e-02 -1.98298027e+01
0.00000000e+00 -7.34525907e+03 6.76859574e+01 2.28703648e-01 7.00452127e-02 -1.90918001e+01
0.00000000e+00 -7.33389291e+03 5.50988744e+01 1.48755290e-01 2.11235410e-02 -1.99478713e+01
0.00000000e+00 -7.29885398e+03 5.60423293e+01 2.39511257e-01 6.88516545e-02 -2.02657786e+01
0.00000000e+00 -7.28527794e+03 4.02827713e+01 4.03122474e-01 5.46016855e-02 -2.06980844e+01
0.00000000e+00 -7.28428630e+03 6.79974581e+01 2.99354919e-01 4.22233984e-02 -1.89840458e+01
0.00000000e+00 -7.24362652e+03 7.38663462e+01 4.71427806e-01 5.20343092e-02 -1.95729269e+01
0.00000000e+00 -7.15265242e+03 7.54362430e+01 3.48820987e-01 6.38356274e-02 -1.93629462e+01
0.00000000e+00 -7.14304787e+03 8.97818412e+01 2.21715098e-01 4.39184915e-02 -1.90655946e+01
0.00000000e+00 -7.12467520e+03 4.74856263e+01 2.37819671e-01 4.56351746e-02 -2.04760227e+01
0.00000000e+00 -7.10649474e+03 8.48359698e+01 2.78877868e-01 3.29340225e-02 -1.85216009e+01
0.00000000e+00 -7.09856091e+03 7.02757115e+01 4.28015164e-01 4.04860986e-02 -1.88808591e+01
0.00000000e+00 -7.08058632e+03 4.30097172e+01 1.83774707e-01 5.59752796e-02 -2.06838545e+01
0.00000000e+00 -7.03646980e+03 8.56251604e+01 1.75587728e-01 3.98833252e-02 -1.93274010e+01
0.00000000e+00 -6.98517245e+03 5.32952646e+01 2.71538619e-01 3.54854829e-02 -2.02150647e+01
0.00000000e+00 -6.94802470e+03 7.80240690e+01 4.87670617e-01 5.76597021e-02 -1.92868210e+01
0.00000000e+00 -6.92439751e+03 5.38536005e+01 4.30441704e-01 2.70192380e-02 -1.97291010e+01
0.00000000e+00 -6.92058176e+03 4.51453929e+01 4.81366455e-01 3.70058284e-02 -2.01395171e+01
0.00000000e+00 -6.90338119e+03 5.08590437e+01 3.03716007e-01 7.79217566e-02 -1.96327556e+01
0.00000000e+00 -6.88917386e+03 6.60825663e+01 2.90150007e-01 7.30500235e-02 -1.91403949e+01
0.00000000e+00 -6.82326749e+03 4.44243020e+01 3.73239977e-01 3.66103910e-02 -2.03683673e+01
0.00000000e+00 -6.78271408e+03 4.80452600e+01 2.12382124e-01 3.67733076e-02 -2.03711766e+01
0.00000000e+00 -6.75786657e+03 7.85809977e+01 3.35889702e-01 5.95464400e-02 -1.92197021e+01
0.00000000e+00 -6.74740632e+03 8.60063173e+01 4.07906915e-01 2.32555473e-02 -1.85006505e+01
0.00000000e+00 -6.74176660e+03 6.76034506e+01 3.09585407e-01 6.13169059e-02 -1.90304904e+01
0.00000000e+00 -6.70741659e+03 4.43459107e+01 1.84269171e-01 3.91073158e-02 -2.04679900e+01
0.00000000e+00 -6.69749016e+03 6.14058536e+01 2.32303803e-01 2.64403545e-02 -1.94171505e+01
0.00000000e+00 -6.58985671e+03 8.33928843e+01 3.61834435e-01 4.21872621e-02 -1.85902283e+01
0.00000000e+00 -6.57658754e+03 5.56185298e+01 3.76451276e-01 2.37716835e-02 -1.97706081e+01
0.00000000e+00 -6.51568123e+03 7.85090525e+01 4.19110351e-01 5.53841632e-02 -1.88105160e+01
0.00000000e+00 -6.47507145e+03 8.87840261e+01 3.37116263e-01 3.66871181e-02 -1.91768216e+01
0.00000000e+00 -6.42974671e+03 6.53443719e+01 1.06385003e-01 2.36182731e-02 -1.93637093e+01
0.00000000e+00 -6.42532380e+03 8.97514726e+01 3.81341071e-01 2.55967667e-02 -1.91715939e+01
0.00000000e+00 -6.41423748e+03 7.84308285e+01 2.10015833e-01 3.94860201e-02 -1.87343961e+01
0.00000000e+00 -6.38732662e+03 7.09594779e+01 3.78777232e-01 2.36122333e-02 -1.95763210e+01
0.00000000e+00 -6.38245185e+03 5.20640942e+01 3.23780872e-01 3.91694006e-02 -1.97380407e+01
0.00000000e+00 -6.35326135e+03 5.54806716e+01 2.34865389e-01 4.10692691e-02 -1.95709257e+01
0.00000000e+00 -6.35124547e+03 5.57963021e+01 4.61823851e-01 2.76994120e-02 -1.99455025e+01
0.00000000e+00 -6.34864345e+03 6.06830832e+01 2.98598585e-01 4.72263314e-02 -1.92788835e+01
0.00000000e+00 -6.33376336e+03 8.63192091e+01 2.34804811e-01 3.85082431e-02 -1.92704645e+01
0.00000000e+00 -6.31620277e+03 4.39050642e+01 1.44132913e-01 4.82540448e-02 -2.02582915e+01
0.00000000e+00 -6.30876326e+03 8.87034669e+01 4.97600421e-01 3.31469938e-02 -1.91484008e+01
0.00000000e+00 -6.29930759e+03 5.66669667e+01 4.04710795e-01 2.37432293e-02 -1.97549372e+01
0.00000000e+00 -6.27898994e+03 4.15254709e+01 3.10336114e-01 7.72483086e-02 -2.02080571e+01
0.00000000e+00 -6.21767240e+03 6.23713696e+01 2.69265996e-01 2.48630710e-02 -1.98119828e+01
0.00000000e+00 -6.20664318e+03 7.84311994e+01 3.91100284e-01 5.46063238e-02 -1.88192159e+01
0.00000000e+00 -6.19215486e+03 7.03727123e+01 2.93351164e-01 3.58053352e-02 -1.97151529e+01
0.00000000e+00 -6.18571068e+03 7.56916389e+01 4.01397255e-01 5.69816909e-02 -1.94198597e+01
0.00000000e+00 -6.17782935e+03 5.08486436e+01 2.63089195e-01 6.42710435e-02 -1.96980643e+01
0.00000000e+00 -6.16606947e+03 5.67246025e+01 2.01301852e-01 4.03336048e-02 -2.01398432e+01
0.00000000e+00 -6.13622705e+03 7.13304915e+01 3.01288349e-01 6.75374416e-02 -1.90797530e+01
0.00000000e+00 -6.12538402e+03 5.94280260e+01 3.33999898e-01 7.76748058e-02 -2.00386151e+01
0.00000000e+00 -6.10350743e+03 6.74014453e+01 2.61310303e-01 3.88779290e-02 -1.98154106e+01
0.00000000e+00 -6.04208400e+03 6.73850694e+01 3.07261840e-01 7.15053407e-02 -1.96915664e+01
0.00000000e+00 -6.03829377e+03 7.63298077e+01 4.97791155e-01 6.01939366e-02 -1.92681664e+01
0.00000000e+00 -6.01988435e+03 4.27673690e+01 2.52681003e-01 4.64449793e-02 -2.04394205e+01
0.00000000e+00 -5.95055316e+03 4.28826742e+01 2.30362211e-01 5.91947912e-02 -2.06154142e+01
0.00000000e+00 -5.94748493e+03 4.09327142e+01 4.41015986e-01 6.09652735e-02 -2.03287613e+01
0.00000000e+00 -5.94422731e+03 7.77669874e+01 2.30432120e-01 3.25202887e-02 -1.87706334e+01
0.00000000e+00 -5.88344964e+03 6.06630101e+01 2.33871075e-01 2.93252987e-02 -1.94596478e+01
0.00000000e+00 -5.87319488e+03 6.17519169e+01 2.16527374e-01 7.06963550e-02 -1.92815979e+01
0.00000000e+00 -5.85604756e+03 5.14290462e+01 2.69132287e-01 3.81546854e-02 -1.98376743e+01
0.00000000e+00 -5.85403600e+03 4.06572318e+01 1.83492066e-01 5.61338712e-02 -2.05331510e+01
0.00000000e+00 -5.84424862e+03 6.79415716e+01 3.08693488e-01 7.40773915e-02 -1.91982836e+01
0.00000000e+00 -5.84132627e+03 4.03385437e+01 1.60835194e-01 6.71210659e-02 -2.07303206e+01
0.00000000e+00 -5.83662993e+03 4.00496874e+01 4.01858744e-01 7.65613872e-02 -2.07119450e+01
0.00000000e+00 -5.73699449e+03 4.34687988e+01 1.73277456e-01 5.41937237e-02 -2.05651448e+01
0.00000000e+00 -5.73390819e+03 6.12636865e+01 3.01336592e-01 7.97405974e-02 -1.99313677e+01
0.00000000e+00 -5.70273840e+03 4.60530400e+01 1.10382395e-01 7.84744703e-02 -2.06153194e+01
0.00000000e+00 -5.66836956e+03 6.60513809e+01 4.82492182e-01 2.08685419e-02 -1.93475351e+01
0.00000000e+00 -5.65656104e+03 4.80015509e+01 4.86739320e-01 4.78050207e-02 -2.03082027e+01
0.00000000e+00 -5.65368366e+03 5.35767088e+01 1.83889081e-01 3.98639976e-02 -2.01977925e+01
0.00000000e+00 -5.63752134e+03 4.83249692e+01 1.21029319e-01 4.11222514e-02 -2.00892217e+01
0.00000000e+00 -5.61736733e+03 4.28441099e+01 2.33021575e-01 5.26694854e-02 -2.03448722e+01
0.00000000e+00 -5.61156927e+03 7.48624925e+01 1.82598807e-01 2.30726918e-02 -1.95058126e+01
0.00000000e+00 -5.58144209e+03 4.72080433e+01 2.38573573e-01 3.97674030e-02 -2.02739524e+01
0.00000000e+00 -5.57779099e+03 7.58547484e+01 3.55978676e-01 5.69026152e-02 -1.89090244e+01
0.00000000e+00 -5.56235583e+03 5.53573172e+01 3.83195541e-01 2.86143392e-02 -1.99010762e+01
0.00000000e+00 -5.54048444e+03 5.45782571e+01 4.81932051e-01 4.13010477e-02 -2.00818186e+01
0.00000000e+00 -5.51482282e+03 6.65486915e+01 3.29834321e-01 2.03769238e-02 -1.95075486e+01
0.00000000e+00 -5.46669646e+03 6.86565262e+01 4.44013829e-01 2.34800698e-02 -1.95436267e+01
0.00000000e+00 -5.46318475e+03 5.29027320e+01 1.92377198e-01 5.44252091e-02 -1.96824718e+01
0.00000000e+00 -5.45173322e+03 8.29277597e+01 4.19625964e-01 5.18505074e-02 -1.88936511e+01
0.00000000e+00 -5.43262056e+03 5.32002236e+01 2.44411950e-01 3.59667030e-02 -1.98001163e+01
0.00000000e+00 -5.43112235e+03 6.48009000e+01 4.15070536e-01 2.23162749e-02 -1.93994309e+01
0.00000000e+00 -5.41498522e+03 4.46029939e+01 1.83851598e-01 7.98344566e-02 -2.06280677e+01
0.00000000e+00 -5.40861623e+03 6.74440166e+01 2.14437927e-01 7.81065785e-02 -1.94999102e+01
0.00000000e+00 -5.40572663e+03 7.70244389e+01 2.48894213e-01 2.36440184e-02 -1.94383119e+01
0.00000000e+00 -5.35614897e+03 4.82354777e+01 4.48812129e-01 5.80055470e-02 -2.03595062e+01
0.00000000e+00 -5.33657523e+03 6.21994371e+01 2.39621229e-01 3.44638910e-02 -1.93556851e+01
0.00000000e+00 -5.33125318e+03 5.98779368e+01 3.94490145e-01 2.70629643e-02 -1.95419482e+01
0.00000000e+00 -5.32619705e+03 5.26844988e+01 2.06846448e-01 6.63245242e-02 -2.03197643e+01
0.00000000e+00 -5.31384120e+03 8.99338525e+01 4.56261509e-01 2.10934412e-02 -1.84608360e+01
0.00000000e+00 -5.30213829e+03 4.76914822e+01 1.29624851e-01 5.22344374e-02 -2.04371467e+01
0.00000000e+00 -5.29086497e+03 4.45877579e+01 2.16730701e-01 5.40775912e-02 -2.04885349e+01
0.00000000e+00 -5.28104129e+03 4.33968060e+01 4.83615256e-01 7.13013448e-02 -2.01058691e+01
0.00000000e+00 -5.27488341e+03 8.82126262e+01 2.05997601e-01 4.43670441e-02 -1.87438151e+01
0.00000000e+00 -5.26797659e+03 8.91788517e+01 4.95974002e-01 3.63159156e-02 -1.84691840e+01
0.00000000e+00 -5.22328506e+03 6.04869503e+01 3.84440885e-01 5.06608808e-02 -1.92952082e+01
0.00000000e+00 -5.21913781e+03 4.02729421e+01 1.51120118e-01 6.65050421e-02 -2.06332590e+01
0.00000000e+00 -5.18548557e+03 5.92833745e+01 4.38212779e-01 6.46155419e-02 -2.00090980e+01
0.00000000e+00 -5.17677836e+03 8.05572166e+01 2.46935356e-01 2.64097508e-02 -1.87489310e+01
0.00000000e+00 -5.15931863e+03 5.75044734e+01 1.89380803e-01 2.84923990e-02 -1.98857446e+01
0.00000000e+00 -5.14651444e+03 7.45734173e+01 3.57778978e-01 6.30602860e-02 -1.91035588e+01
0.00000000e+00 -5.14583323e+03 4.69258196e+01 2.78407979e-01 6.11540492e-02 -1.99820299e+01
0.00000000e+00 -5.08713583e+03 6.97785225e+01 2.35264525e-01 5.89728343e-02 -1.90624600e+01
0.00000000e+00 -5.04280532e+03 4.71126888e+01 4.20089606e-01 4.47423979e-02 -2.01040449e+01
0.00000000e+00 -5.03855138e+03 6.86345666e+01 1.53833581e-01 2.19696973e-02 -1.93459932e+01
0.00000000e+00 -5.03446039e+03 6.86590683e+01 4.48984562e-01 6.47236423e-02 -1.96050343e+01
0.00000000e+00 -5.03163064e+03 5.91385218e+01 4.00779446e-01 3.28985422e-02 -1.98789896e+01
0.00000000e+00 -5.01350116e+03 6.32231954e+01 1.88134902e-01 2.63102333e-02 -1.94751842e+01
0.00000000e+00 -5.00179230e+03 7.02478679e+01 1.48637063e-01 4.88216791e-02 -1.97332914e+01
0.00000000e+00 -4.99952472e+03 6.82279323e+01 1.99029118e-01 7.35470716e-02 -1.92997716e+01
0.00000000e+00 -4.99625909e+03 4.18300350e+01 3.75642143e-01 6.25826197e-02 -2.03667162e+01
0.00000000e+00 -4.98765558e+03 8.79741181e+01 2.29662128e-01 3.22091678e-02 -1.85476465e+01
0.00000000e+00 -4.98700623e+03 6.87109707e+01 4.19660777e-01 2.39140265e-02 -1.91913366e+01
0.00000000e+00 -4.98428820e+03 5.05589946e+01 4.97500513e-01 7.08069871e-02 -1.96818691e+01
0.00000000e+00 -4.96689087e+03 4.79079155e+01 2.96293767e-01 4.43759766e-02 -2.00799519e+01
0.00000000e+00 -4.95806387e+03 7.18715328e+01 3.45498980e-01 2.98935708e-02 -1.89908844e+01
0.00000000e+00 -4.95761028e+03 8.96398838e+01 4.84417822e-01 2.72777145e-02 -1.84350760e+01
0.00000000e+00 -4.93733184e+03 6.28323034e+01 1.77862152e-01 3.62269718e-02 -1.93555222e+01
0.00000000e+00 -4.93297380e+03 8.62118638e+01 3.34788468e-01 2.30816483e-02 -1.85942836e+01
0.00000000e+00 -4.91165315e+03 4.26030375e+01 2.14594730e-01 7.48435570e-02 -2.06302676e+01
0.00000000e+00 -4.90497292e+03 6.06421651e+01 3.85582837e-01 4.32659904e-02 -1.99307403e+01
0.00000000e+00 -4.89333954e+03 7.05003137e+01 3.24602557e-01 4.49346013e-02 -1.89784224e+01
0.00000000e+00 -4.89155214e+03 6.89382751e+01 2.44602412e-01 2.41329491e-02 -1.92339470e+01
0.00000000e+00 -4.88303824e+03 8.18839992e+01 2.03191546e-01 4.92744172e-02 -1.88535413e+01
0.00000000e+00 -4.87826293e+03 4.37818078e+01 2.97338133e-01 5.66420609e-02 -2.04451781e+01
0.00000000e+00 -4.87771179e+03 5.81418781e+01 3.36713274e-01 3.16600494e-02 -1.98863733e+01
0.00000000e+00 -4.86461224e+03 7.11228559e+01 1.28029923e-01 2.04251337e-02 -1.93905487e+01
0.00000000e+00 -4.86324293e+03 5.52226939e+01 2.21839092e-01 4.21465448e-02 -2.01160530e+01
0.00000000e+00 -4.84364237e+03 7.48431948e+01 4.39829447e-01 5.43241404e-02 -1.94167349e+01
0.00000000e+00 -4.83909618e+03 5.64924102e+01 3.05253105e-01 3.10107812e-02 -1.97395596e+01
0.00000000e+00 -4.81923508e+03 5.15265415e+01 1.34841455e-01 3.79110460e-02 -2.01312832e+01
0.00000000e+00 -4.81840807e+03 8.57369874e+01 3.96842133e-01 4.49319203e-02 -1.90472934e+01
0.00000000e+00 -4.81674634e+03 7.61533558e+01 1.87396273e-01 3.43166279e-02 -1.88747391e+01
0.00000000e+00 -4.78141220e+03 6.22022546e+01 4.02836037e-01 3.26415363e-02 -1.93596873e+01
0.00000000e+00 -4.76228541e+03 6.69186115e+01 2.94799206e-01 7.13288018e-02 -1.92252122e+01
0.00000000e+00 -4.75715103e+03 6.23533373e+01 2.60309510e-01 5.12542940e-02 -1.92761711e+01
0.00000000e+00 -4.74383965e+03 6.72165106e+01 2.92846327e-01 6.85695054e-02 -1.91886745e+01
0.00000000e+00 -4.73590036e+03 5.04851113e+01 2.94147064e-01 4.81475524e-02 -1.98674450e+01
0.00000000e+00 -4.72397236e+03 6.04368444e+01 3.10093680e-01 2.69313421e-02 -1.96906133e+01
0.00000000e+00 -4.71168582e+03 4.05059536e+01 1.33269502e-01 7.19567673e-02 -2.06083521e+01
0.00000000e+00 -4.71137643e+03 4.04178351e+01 2.32200321e-01 7.31889890e-02 -2.05011353e+01
0.00000000e+00 -4.71041056e+03 5.32179842e+01 3.42877488e-01 5.30600116e-02 -2.01910794e+01
0.00000000e+00 -4.70054297e+03 6.25087640e+01 2.94303411e-01 7.64100840e-02 -1.93263683e+01
0.00000000e+00 -4.68336871e+03 4.98021134e+01 1.82499114e-01 4.20956735e-02 -2.00482496e+01
0.00000000e+00 -4.66903128e+03 7.47490887e+01 4.96865200e-01 3.49390159e-02 -1.88306150e+01
0.00000000e+00 -4.66773168e+03 6.24170383e+01 4.58687324e-01 2.75193589e-02 -1.96612280e+01
0.00000000e+00 -4.65581377e+03 6.12088213e+01 3.43842965e-01 4.41151539e-02 -1.99210084e+01
0.00000000e+00 -4.63337006e+03 7.08564368e+01 2.68747540e-01 2.73008433e-02 -1.95699198e+01
0.00000000e+00 -4.62413123e+03 6.95538459e+01 3.45023853e-01 2.63439550e-02 -1.95553256e+01
0.00000000e+00 -4.61569668e+03 5.36526220e+01 4.07100150e-01 7.23976900e-02 -1.95707796e+01
0.00000000e+00 -4.61144737e+03 5.12218158e+01 3.74173644e-01 6.40868159e-02 -1.97166645e+01
0.00000000e+00 -4.54379486e+03 4.71814598e+01 2.37471030e-01 6.88431169e-02 -2.04526758e+01
0.00000000e+00 -4.52890948e+03 7.23503291e+01 2.79253230e-01 3.28774001e-02 -1.89889417e+01
0.00000000e+00 -4.51073809e+03 5.30531396e+01 1.24273240e-01 4.14090322e-02 -1.98663721e+01
0.00000000e+00 -4.50813065e+03 6.14786314e+01 4.24825172e-01 6.84819512e-02 -1.92786736e+01
0.00000000e+00 -4.49962143e+03 8.66964359e+01 2.99794172e-01 4.54351630e-02 -1.88292851e+01
0.00000000e+00 -4.49954468e+03 6.87919298e+01 3.01574170e-01 5.58061589e-02 -1.90716287e+01
0.00000000e+00 -4.47493205e+03 5.10301953e+01 3.77907048e-01 5.65827669e-02 -2.02448190e+01
0.00000000e+00 -4.47356628e+03 7.73265991e+01 2.75813837e-01 2.36029138e-02 -1.89214178e+01
0.00000000e+00 -4.45947542e+03 4.56258577e+01 3.25039416e-01 5.36244947e-02 -2.02031672e+01
0.00000000e+00 -4.45821276e+03 6.40176658e+01 2.83433561e-01 7.98520174e-02 -1.96841399e+01
0.00000000e+00 -4.44841606e+03 4.75164355e+01 4.95427116e-01 6.93692721e-02 -1.98870079e+01
0.00000000e+00 -4.44036730e+03 5.17657510e+01 4.53105360e-01 4.16461832e-02 -1.98492536e+01
0.00000000e+00 -4.43942077e+03 4.22942102e+01 4.54752367e-01 6.56006890e-02 -2.04073372e+01
0.00000000e+00 -4.43898845e+03 7.29249237e+01 4.66783204e-01 2.94751740e-02 -1.89518819e+01
0.00000000e+00 -4.42197194e+03 6.41959976e+01 1.81480519e-01 3.70412213e-02 -1.93149989e+01
0.00000000e+00 -4.41999894e+03 5.57576296e+01 1.99156173e-01 4.12342866e-02 -2.00722498e+01
0.00000000e+00 -4.40133747e+03 6.24159866e+01 3.50922299e-01 6.85400320e-02 -1.98676426e+01
0.00000000e+00 -4.38414177e+03 8.98449390e+01 2.09505564e-01 4.04076697e-02 -1.89834482e+01
0.00000000e+00 -4.34762415e+03 7.24066190e+01 1.56407572e-01 3.54568305e-02 -1.90254446e+01
0.00000000e+00 -4.34547188e+03 7.97023754e+01 4.57362335e-01 2.20766817e-02 -1.88243410e+01
0.00000000e+00 -4.33446646e+03 5.18649403e+01 2.40594384e-01 3.92589677e-02 -1.99905795e+01
0.00000000e+00 -4.33408638e+03 4.60324711e+01 4.33033900e-01 6.15229116e-02 -2.00560718e+01
0.00000000e+00 -4.30455226e+03 7.60104177e+01 4.57523097e-01 4.86274028e-02 -1.93937916e+01
0.00000000e+00 -4.30390736e+03 7.19918834e+01 3.14419832e-01 2.66243407e-02 -1.95003469e+01
0.00000000e+00 -4.28014260e+03 5.09715593e+01 2.70640212e-01 6.10993526e-02 -1.97910599e+01
0.00000000e+00 -4.26460037e+03 7.44290629e+01 1.97649058e-01 2.10766961e-02 -1.91620075e+01
0.00000000e+00 -4.24341340e+03 5.33168378e+01 1.07832454e-01 3.99095924e-02 -2.00926339e+01
0.00000000e+00 -4.23295763e+03 7.63349090e+01 4.21661179e-01 3.29652898e-02 -1.94226220e+01
0.00000000e+00 -4.22003136e+03 6.48482711e+01 4.09244897e-01 4.37986726e-02 -1.97763821e+01
0.00000000e+00 -4.20999854e+03 8.86478364e+01 1.42282773e-01 3.75252830e-02 -1.91210031e+01
0.00000000e+00 -4.20502559e+03 7.65819325e+01 1.79110079e-01 4.05310809e-02 -1.88844297e+01
0.00000000e+00 -4.16543478e+03 6.19538801e+01 3.47956305e-01 5.48243661e-02 -1.92850025e+01
0.00000000e+00 -4.15191546e+03 5.58689083e+01 1.96721017e-01 3.80441601e-02 -2.00062982e+01
0.00000000e+00 -4.13778964e+03 4.66878674e+01 1.54072528e-01 5.66950617e-02 -2.03807605e+01
0.00000000e+00 -4.13696960e+03 5.04206449e+01 3.71477582e-01 7.62600515e-02 -1.97542562e+01
0.00000000e+00 -4.12674585e+03 6.38933930e+01 4.72656639e-01 5.81290357e-02 -1.91864475e+01
0.00000000e+00 -4.11374275e+03 8.34818109e+01 1.74942414e-01 3.62099164e-02 -1.87180867e+01
0.00000000e+00 -4.10809708e+03 5.31023939e+01 2.82291961e-01 4.26154393e-02 -2.00856743e+01
0.00000000e+00 -4.09092625e+03 8.15848090e+01 1.10694473e-01 2.18504760e-02 -1.89094306e+01
0.00000000e+00 -4.08708012e+03 6.20429226e+01 2.04104961e-01 3.26602775e-02 -1.98077384e+01
0.00000000e+00 -4.08585402e+03 6.53790404e+01 4.21180193e-01 4.11545594e-02 -1.97399281e+01
0.00000000e+00 -4.08507245e+03 4.82361606e+01 1.53346644e-01 5.06763178e-02 -2.02813908e+01
0.00000000e+00 -4.06572879e+03 6.06474771e+01 2.54337857e-01 2.95591930e-02 -1.96660266e+01
0.00000000e+00 -4.06012525e+03 7.06750470e+01 1.62629357e-01 2.28828558e-02 -1.94053610e+01
0.00000000e+00 -4.05975979e+03 5.10403721e+01 2.36717475e-01 5.16059064e-02 -1.98723094e+01
0.00000000e+00 -4.05472048e+03 8.46277922e+01 3.13783523e-01 4.62480422e-02 -1.90174667e+01
0.00000000e+00 -4.04574608e+03 8.05782545e+01 4.73423392e-01 3.85234102e-02 -1.87023142e+01
0.00000000e+00 -4.03287117e+03 6.28795646e+01 2.98711978e-01 2.93439057e-02 -1.94821878e+01
0.00000000e+00 -4.02815612e+03 7.78319865e+01 2.70609469e-01 2.41081578e-02 -1.93407994e+01
0.00000000e+00 -4.01854253e+03 5.13857809e+01 2.66206884e-01 6.67496069e-02 -2.02805877e+01
0.00000000e+00 -3.98071002e+03 4.96582798e+01 2.70381452e-01 7.63139847e-02 -2.03505528e+01
0.00000000e+00 -3.96589249e+03 4.46183889e+01 1.81959920e-01 7.93838126e-02 -2.01674048e+01
0.00000000e+00 -3.95977684e+03 7.68864290e+01 2.73404040e-01 2.20999618e-02 -1.93047466e+01
0.00000000e+00 -3.94472163e+03 7.22691549e+01 4.25069084e-01 3.25296167e-02 -1.95033251e+01
0.00000000e+00 -3.94200025e+03 4.98946480e+01 3.90038563e-01 4.80802768e-02 -1.99649885e+01
0.00000000e+00 -3.93179424e+03 5.47217836e+01 3.16490992e-01 5.10018845e-02 -1.96462084e+01
0.00000000e+00 -3.90847870e+03 5.74720995e+01 4.68344219e-01 5.63664155e-02 -1.99969576e+01
0.00000000e+00 -3.90621872e+03 5.73813124e+01 2.55039421e-01 4.55035902e-02 -2.00183010e+01
0.00000000e+00 -3.90489587e+03 6.75082681e+01 4.35975785e-01 5.89327588e-02 -1.91096524e+01
0.00000000e+00 -3.89668282e+03 7.20916629e+01 2.24539953e-01 6.40848624e-02 -1.92550104e+01
0.00000000e+00 -3.89139455e+03 6.70915765e+01 1.90704709e-01 3.81081944e-02 -1.92123160e+01
0.00000000e+00 -3.83058980e+03 6.35748170e+01 4.30743464e-01 3.70592904e-02 -1.92992448e+01
0.00000000e+00 -3.82433549e+03 7.70221452e+01 4.71473095e-01 2.06533550e-02 -1.90605981e+01
0.00000000e+00 -3.81523183e+03 5.75111887e+01 3.10794594e-01 4.51960104e-02 -1.95513299e+01
0.00000000e+00 -3.81070303e+03 8.84686971e+01 4.12461701e-01 2.93691925e-02 -1.85321038e+01
0.00000000e+00 -3.80054339e+03 6.69927753e+01 2.04771617e-01 6.75607881e-02 -1.92679876e+01
0.00000000e+00 -3.78483856e+03 7.32110852e+01 2.09544079e-01 2.97002591e-02 -1.95168135e+01
0.00000000e+00 -3.78121736e+03 7.13755900e+01 1.52558427e-01 2.70902618e-02 -1.91941683e+01
0.00000000e+00 -3.77649505e+03 7.27672628e+01 3.07746285e-01 3.72751941e-02 -1.95480395e+01
0.00000000e+00 -3.76549148e+03 6.83262445e+01 3.66548018e-01 5.91602807e-02 -1.91192919e+01
0.00000000e+00 -3.76100615e+03 4.45455707e+01 3.01198922e-01 7.98475600e-02 -2.01472432e+01
0.00000000e+00 -3.75439741e+03 5.68554347e+01 3.10547488e-01 5.76797365e-02 -2.00608889e+01
0.00000000e+00 -3.74725342e+03 8.79586553e+01 4.51277318e-01 3.11499732e-02 -1.85394675e+01
0.00000000e+00 -3.73649134e+03 6.75993559e+01 4.77898846e-01 6.37876365e-02 -1.95840217e+01
0.00000000e+00 -3.73628445e+03 7.04425037e+01 4.64367287e-01 2.81498264e-02 -1.94611394e+01
0.00000000e+00 -3.68829676e+03 5.61552937e+01 2.76802836e-01 6.49482689e-02 -2.01017920e+01
0.00000000e+00 -3.67124872e+03 6.68741933e+01 4.40039564e-01 2.80715209e-02 -1.93040896e+01
0.00000000e+00 -3.66884899e+03 6.65773643e+01 1.65589476e-01 6.92093044e-02 -1.96663263e+01
0.00000000e+00 -3.66789317e+03 6.75328025e+01 4.60245111e-01 4.38217682e-02 -1.96565469e+01
0.00000000e+00 -3.65656756e+03 6.01208066e+01 2.59629505e-01 3.81721715e-02 -1.95153441e+01
0.00000000e+00 -3.65369638e+03 6.00614264e+01 1.33200678e-01 4.16272026e-02 -1.99430611e+01
0.00000000e+00 -3.64360184e+03 6.63218735e+01 2.33840319e-01 3.30888309e-02 -1.92919686e+01
0.00000000e+00 -3.63822083e+03 4.76055159e+01 2.30879253e-01 6.84080592e-02 -2.03796929e+01
0.00000000e+00 -3.62401918e+03 6.28556077e+01 2.40495354e-01 4.41609740e-02 -1.93436268e+01
0.00000000e+00 -3.62136470e+03 4.88219019e+01 3.70351941e-01 6.83218895e-02 -1.98976876e+01
0.00000000e+00 -3.62001754e+03 7.76769100e+01 1.30270223e-01 4.98851927e-02 -1.89889072e+01
0.00000000e+00 -3.61405122e+03 6.49699399e+01 2.67058433e-01 5.12604268e-02 -1.92305911e+01
0.00000000e+00 -3.61263086e+03 6.07179147e+01 2.74769416e-01 5.35655232e-02 -1.99375041e+01
0.00000000e+00 -3.61129416e+03 8.12975750e+01 1.96084503e-01 4.82718978e-02 -1.91730771e+01
0.00000000e+00 -3.60747316e+03 4.67975802e+01 1.01931027e-01 6.35373202e-02 -2.03991771e+01
0.00000000e+00 -3.60707085e+03 4.52128186e+01 3.37369376e-01 6.77594041e-02 -2.01763385e+01
0.00000000e+00 -3.59887139e+03 6.85001316e+01 4.23590868e-01 2.97017498e-02 -1.91949201e+01
0.00000000e+00 -3.59489639e+03 7.63858721e+01 4.67471274e-01 2.73292645e-02 -1.89026026e+01
0.00000000e+00 -3.59370181e+03 7.19536249e+01 4.73523649e-01 3.79673241e-02 -1.95079176e+01
0.00000000e+00 -3.59164304e+03 6.50410255e+01 2.71564441e-01 3.24930547e-02 -1.93513444e+01
0.00000000e+00 -3.58349954e+03 7.87736581e+01 3.11574928e-01 3.82244063e-02 -1.88097445e+01
0.00000000e+00 -3.58277043e+03 5.25111188e+01 1.84168076e-01 5.29535995e-02 -2.01869838e+01
0.00000000e+00 -3.58204720e+03 4.49971211e+01 1.51371701e-01 7.03697921e-02 -2.02392148e+01
0.00000000e+00 -3.57001391e+03 6.59103069e+01 4.97007887e-01 6.58023882e-02 -1.96323065e+01
0.00000000e+00 -3.55060536e+03 6.92236712e+01 3.31335668e-01 6.69686414e-02 -1.92572925e+01
0.00000000e+00 -3.54357004e+03 5.84931197e+01 1.93377859e-01 6.99404214e-02 -1.94950299e+01
0.00000000e+00 -3.53973902e+03 6.01535846e+01 2.31379717e-01 5.48879671e-02 -1.94226873e+01
0.00000000e+00 -3.53481458e+03 6.35072978e+01 4.20740661e-01 7.12468857e-02 -1.97263073e+01
0.00000000e+00 -3.53336299e+03 8.80666326e+01 4.06225510e-01 3.27197395e-02 -1.90729540e+01
0.00000000e+00 -3.51734888e+03 6.90484052e+01 4.10928611e-01 4.09000554e-02 -1.96136224e+01
0.00000000e+00 -3.51121474e+03 8.45401464e+01 2.47537619e-01 2.22178744e-02 -1.91528521e+01
0.00000000e+00 -3.50853840e+03 6.78648755e+01 2.88054625e-01 2.80886787e-02 -1.95399504e+01
0.00000000e+00 -3.48431804e+03 6.69176649e+01 4.18368108e-01 2.85530589e-02 -1.95110018e+01
0.00000000e+00 -3.46676777e+03 6.03476042e+01 4.76102400e-01 3.86440055e-02 -1.94551877e+01
0.00000000e+00 -3.46047267e+03 7.34473581e+01 2.59829301e-01 3.64404366e-02 -1.95263988e+01
0.00000000e+00 -3.45995288e+03 5.98726539e+01 4.50160113e-01 7.23521139e-02 -1.93864782e+01
0.00000000e+00 -3.45100669e+03 6.56913496e+01 4.86303362e-01 5.60777025e-02 -1.96947317e+01
0.00000000e+00 -3.44936306e+03 7.32509210e+01 4.93569827e-01 4.63342596e-02 -1.89268060e+01
0.00000000e+00 -3.44637421e+03 4.39260358e+01 3.85643857e-01 7.18244573e-02 -2.02890739e+01
0.00000000e+00 -3.43597989e+03 6.29359349e+01 2.85697726e-01 7.73561310e-02 -1.97186159e+01
0.00000000e+00 -3.42358103e+03 4.54878671e+01 3.47337214e-01 6.47428902e-02 -2.02957851e+01
0.00000000e+00 -3.41759532e+03 6.02672466e+01 1.85150516e-01 4.71426846e-02 -1.94724978e+01
0.00000000e+00 -3.41348583e+03 6.24730796e+01 1.88933972e-01 7.87286559e-02 -1.97569997e+01
0.00000000e+00 -3.41347505e+03 8.52217570e+01 4.32159984e-01 3.84927816e-02 -1.86645698e+01
0.00000000e+00 -3.40621339e+03 8.53371796e+01 1.33980441e-01 2.99365626e-02 -1.87257111e+01
0.00000000e+00 -3.40041037e+03 8.78363960e+01 2.62057620e-01 3.58024586e-02 -1.90928076e+01
0.00000000e+00 -3.39396714e+03 8.26278616e+01 2.16941394e-01 4.63142656e-02 -1.89071665e+01
0.00000000e+00 -3.39348079e+03 5.89844146e+01 2.60094260e-01 5.31604374e-02 -1.99814095e+01
0.00000000e+00 -3.38912438e+03 7.78428958e+01 1.78778083e-01 5.35590615e-02 -1.91366679e+01
0.00000000e+00 -3.37612023e+03 5.93007573e+01 1.59210255e-01 4.45943052e-02 -1.99593515e+01
0.00000000e+00 -3.37465450e+03 5.58152270e+01 1.00479714e-01 5.49543189e-02 -2.01252312e+01
0.00000000e+00 -3.36303158e+03 8.30983481e+01 2.55757035e-01 2.22773086e-02 -1.88278042e+01
0.00000000e+00 -3.35277446e+03 8.50638062e+01 3.79219078e-01 2.60493117e-02 -1.86698497e+01
0.00000000e+00 -3.34587720e+03 4.79339025e+01 2.40675664e-01 5.63574173e-02 -2.01717059e+01
0.00000000e+00 -3.34472567e+03 6.69505963e+01 1.85066297e-01 2.90531266e-02 -1.93915106e+01
0.00000000e+00 -3.34005450e+03 7.66167173e+01 2.33314287e-01 3.00716172e-02 -1.89439095e+01
0.00000000e+00 -3.33714174e+03 4.75024543e+01 2.74489985e-01 6.13199219e-02 -2.02854268e+01
0.00000000e+00 -3.33108510e+03 6.97417661e+01 4.68421022e-01 2.67805008e-02 -1.93842978e+01
0.00000000e+00 -3.32396232e+03 6.23862492e+01 4.42423298e-01 7.32610599e-02 -1.93465132e+01
0.00000000e+00 -3.32302301e+03 6.46980552e+01 2.12695533e-01 7.65558009e-02 -1.95639891e+01
0.00000000e+00 -3.32275967e+03 6.55694773e+01 4.26760502e-01 2.88956085e-02 -1.94479481e+01
0.00000000e+00 -3.30532141e+03 7.29276338e+01 4.14146441e-01 3.98144168e-02 -1.89590370e+01
0.00000000e+00 -3.30521402e+03 4.79061701e+01 2.07896833e-01 7.31963219e-02 -2.00096654e+01
0.00000000e+00 -3.29424952e+03 4.72012127e+01 1.55855145e-01 7.57831665e-02 -2.04151603e+01
0.00000000e+00 -3.29404433e+03 4.57556217e+01 3.45246163e-01 6.89084783e-02 -2.01571258e+01
0.00000000e+00 -3.29386702e+03 6.70085437e+01 2.42217019e-01 2.99205357e-02 -1.93442188e+01
0.00000000e+00 -3.28241596e+03 5.99280826e+01 3.00964298e-01 3.46268972e-02 -1.96377416e+01
0.00000000e+00 -3.24637108e+03 4.76035648e+01 4.93743040e-01 7.44022579e-02 -2.02923972e+01
0.00000000e+00 -3.24175131e+03 7.24840908e+01 1.75788042e-01 2.46340486e-02 -1.92942159e+01
0.00000000e+00 -3.22802062e+03 7.41095181e+01 4.99486546e-01 5.39193890e-02 -1.89909322e+01
0.00000000e+00 -3.22347157e+03 4.64683827e+01 1.09168233e-01 7.46682545e-02 -2.01472539e+01
0.00000000e+00 -3.21678357e+03 7.56835855e+01 2.52210907e-01 3.87549936e-02 -1.94594105e+01
0.00000000e+00 -3.21518373e+03 6.46905088e+01 3.12674413e-01 3.54226819e-02 -1.93427496e+01
0.00000000e+00 -3.19039933e+03 6.15180505e+01 3.20041856e-01 3.38677253e-02 -1.95538813e+01
0.00000000e+00 -3.18246759e+03 8.10653622e+01 4.47667219e-01 3.92576802e-02 -1.92222593e+01
0.00000000e+00 -3.16292294e+03 8.16057454e+01 1.73278554e-01 2.35944010e-02 -1.89043580e+01
0.00000000e+00 -3.15899558e+03 5.33085493e+01 3.43872983e-01 4.48824342e-02 -1.99082117e+01
0.00000000e+00 -3.14918267e+03 5.18210641e+01 2.35526192e-01 5.25833568e-02 -1.98974431e+01
0.00000000e+00 -3.12667498e+03 5.88880238e+01 4.95259060e-01 3.69180255e-02 -1.96578882e+01
0.00000000e+00 -3.12292499e+03 5.41598884e+01 2.01635388e-01 6.12439656e-02 -1.97125275e+01
0.00000000e+00 -3.10913390e+03 6.47182777e+01 4.94228538e-01 7.26638674e-02 -1.95694901e+01
0.00000000e+00 -3.10534141e+03 7.44791571e+01 3.02277478e-01 3.69573249e-02 -1.94674825e+01
0.00000000e+00 -3.09120871e+03 7.88124382e+01 2.43638246e-01 2.16768706e-02 -1.91236568e+01
0.00000000e+00 -3.07131767e+03 4.90854231e+01 1.30941404e-01 5.89668111e-02 -2.00863179e+01
0.00000000e+00 -3.05870938e+03 7.08382016e+01 4.75047194e-01 5.99888211e-02 -1.91255791e+01
0.00000000e+00 -3.04788092e+03 4.95160204e+01 3.24235027e-01 5.46564005e-02 -2.00905006e+01
0.00000000e+00 -3.04723792e+03 7.52969689e+01 2.57168129e-01 3.16525608e-02 -1.89843765e+01
0.00000000e+00 -3.04389086e+03 4.92943743e+01 3.68966705e-01 5.54345408e-02 -2.00802723e+01
0.00000000e+00 -3.04125949e+03 5.97226498e+01 1.18700554e-01 7.93212245e-02 -1.95659694e+01
0.00000000e+00 -3.03482167e+03 5.85373698e+01 4.50604289e-01 3.79604395e-02 -1.96579170e+01
0.00000000e+00 -3.03180169e+03 5.31246653e+01 2.50130231e-01 5.86185043e-02 -1.97706266e+01
0.00000000e+00 -3.03159592e+03 7.31026420e+01 1.16793531e-01 5.89673848e-02 -1.93477772e+01
0.00000000e+00 -3.02497026e+03 7.81811351e+01 3.22225833e-01 4.39330486e-02 -1.93225838e+01
0.00000000e+00 -3.00745468e+03 8.07322379e+01 4.89349518e-01 4.13801308e-02 -1.91907871e+01
0.00000000e+00 -2.99202275e+03 7.94646800e+01 3.68372177e-01 3.03025420e-02 -1.92815890e+01
0.00000000e+00 -2.98676944e+03 6.03037743e+01 3.26884424e-01 6.40812923e-02 -1.94114395e+01
0.00000000e+00 -2.98663447e+03 4.86928166e+01 1.49658057e-01 7.40731909e-02 -2.00029786e+01
0.00000000e+00 -2.98374467e+03 6.90128714e+01 2.19694756e-01 2.76253215e-02 -1.93875968e+01
0.00000000e+00 -2.98034812e+03 5.36645654e+01 4.29133181e-01 7.79414215e-02 -1.96503729e+01
0.00000000e+00 -2.97678699e+03 4.78752810e+01 2.45975705e-01 6.10690945e-02 -2.02150360e+01
0.00000000e+00 -2.97599611e+03 8.25120050e+01 2.22430963e-01 3.75784096e-02 -1.92474600e+01
0.00000000e+00 -2.97245260e+03 6.10048827e+01 4.58933308e-01 7.39940986e-02 -1.97816341e+01
0.00000000e+00 -2.96671874e+03 6.25512368e+01 4.47779282e-01 5.12443934e-02 -1.97854728e+01
0.00000000e+00 -2.96186649e+03 5.60828494e+01 4.87374027e-01 7.39844230e-02 -1.99931098e+01
0.00000000e+00 -2.94979535e+03 6.99390526e+01 1.64408083e-01 4.11807619e-02 -1.91535639e+01
0.00000000e+00 -2.94054390e+03 6.69106613e+01 1.46549261e-01 6.80109383e-02 -1.93790478e+01
0.00000000e+00 -2.93977340e+03 8.28065284e+01 4.93816194e-01 2.84828645e-02 -1.91440959e+01
0.00000000e+00 -2.93767226e+03 5.27969643e+01 2.27272806e-01 4.86274219e-02 -2.00402823e+01
0.00000000e+00 -2.93369793e+03 8.43178032e+01 3.51321940e-01 3.78426822e-02 -1.91364733e+01
0.00000000e+00 -2.92523079e+03 6.05090143e+01 4.93472270e-01 4.47172325e-02 -1.97909122e+01
0.00000000e+00 -2.92469085e+03 6.21710196e+01 3.44753168e-01 3.86803527e-02 -1.94393549e+01
0.00000000e+00 -2.92280918e+03 5.66718277e+01 4.75754217e-01 4.19117161e-02 -1.98070089e+01
0.00000000e+00 -2.91508937e+03 6.80625591e+01 2.22906871e-01 4.86150662e-02 -1.96823910e+01
0.00000000e+00 -2.91485330e+03 6.78363237e+01 3.38699099e-01 3.53206618e-02 -1.95936048e+01
0.00000000e+00 -2.91313703e+03 8.47878361e+01 2.48537534e-01 4.32046030e-02 -1.90114526e+01
0.00000000e+00 -2.91146099e+03 5.69065375e+01 3.89489760e-01 4.56626594e-02 -1.96303543e+01
0.00000000e+00 -2.90365670e+03 4.62019165e+01 2.08675066e-01 7.45379888e-02 -2.01673143e+01
0.00000000e+00 -2.90161053e+03 7.95131971e+01 1.56309561e-01 2.83485248e-02 -1.93224645e+01
0.00000000e+00 -2.90088329e+03 7.15633127e+01 4.39191909e-01 3.01599119e-02 -1.94133743e+01
0.00000000e+00 -2.89696403e+03 7.12908414e+01 4.37913236e-01 3.61019617e-02 -1.90499656e+01
0.00000000e+00 -2.89387721e+03 6.35951649e+01 2.18434856e-01 7.26881476e-02 -1.94267897e+01
0.00000000e+00 -2.88089890e+03 4.86194975e+01 4.74425990e-01 6.71029921e-02 -1.99553281e+01
0.00000000e+00 -2.87589472e+03 5.21819096e+01 3.94690107e-01 6.71863927e-02 -2.01455657e+01
0.00000000e+00 -2.87314044e+03 5.97769247e+01 3.82522741e-01 6.12776390e-02 -1.94204538e+01
0.00000000e+00 -2.86291964e+03 6.70741591e+01 2.47250358e-01 6.79906094e-02 -1.95457260e+01
0.00000000e+00 -2.85875297e+03 5.81666876e+01 2.46695944e-01 5.81969374e-02 -1.95326032e+01
0.00000000e+00 -2.85581007e+03 5.93463098e+01 3.92045257e-01 6.72350740e-02 -1.94390015e+01
0.00000000e+00 -2.83824438e+03 4.64499080e+01 2.25026665e-01 7.52079291e-02 -2.01443629e+01
0.00000000e+00 -2.83757223e+03 5.40812841e+01 3.35857346e-01 6.31572253e-02 -1.96855169e+01
0.00000000e+00 -2.82644926e+03 8.13293966e+01 3.28163548e-01 4.20769122e-02 -1.88249027e+01
0.00000000e+00 -2.81871818e+03 5.30631028e+01 1.94517624e-01 5.38967456e-02 -1.98497892e+01
0.00000000e+00 -2.81862085e+03 5.03746839e+01 4.40888371e-01 5.92653097e-02 -1.99105865e+01
0.00000000e+00 -2.80921965e+03 5.94134964e+01 1.25121171e-01 7.52976663e-02 -1.99462783e+01
0.00000000e+00 -2.78118481e+03 6.04551236e+01 1.17148812e-01 6.10615069e-02 -1.94908971e+01
0.00000000e+00 -2.77248164e+03 7.48896966e+01 4.26491967e-01 5.00362728e-02 -1.89804230e+01
0.00000000e+00 -2.77076962e+03 8.67907808e+01 3.59283095e-01 2.22921583e-02 -1.87215642e+01
0.00000000e+00 -2.76579652e+03 7.87506483e+01 1.19897207e-01 2.54567487e-02 -1.90451286e+01
0.00000000e+00 -2.76232024e+03 5.20569441e+01 1.82746478e-01 5.16020408e-02 -2.00692227e+01
0.00000000e+00 -2.75988747e+03 7.30777082e+01 2.05856441e-01 5.34389860e-02 -1.91088192e+01
0.00000000e+00 -2.72091698e+03 6.74256133e+01 3.66251541e-01 5.76260109e-02 -1.96157387e+01
0.00000000e+00 -2.71641403e+03 4.68408390e+01 1.58929354e-01 7.57967457e-02 -2.03627192e+01
0.00000000e+00 -2.70965735e+03 4.49565590e+01 1.96639986e-01 7.92242136e-02 -2.03626487e+01
0.00000000e+00 -2.70631676e+03 5.25606121e+01 3.97909955e-01 7.93782031e-02 -1.97258559e+01
0.00000000e+00 -2.70290970e+03 4.91862668e+01 1.97093641e-01 5.97151912e-02 -2.01573490e+01
0.00000000e+00 -2.67229978e+03 4.95159940e+01 4.37954879e-01 7.06904001e-02 -1.99020067e+01
0.00000000e+00 -2.66072838e+03 7.00721365e+01 2.04890057e-01 3.77167687e-02 -1.95882879e+01
0.00000000e+00 -2.65904097e+03 5.93726583e+01 4.48719348e-01 3.90953633e-02 -1.96835213e+01
0.00000000e+00 -2.64295796e+03 5.72120068e+01 3.28000360e-01 4.26879225e-02 -1.97187818e+01
0.00000000e+00 -2.64185658e+03 7.11594705e+01 3.87647975e-01 6.09398116e-02 -1.92889581e+01
0.00000000e+00 -2.64105611e+03 6.70193558e+01 2.37033519e-01 3.13032041e-02 -1.94021305e+01
0.00000000e+00 -2.63760415e+03 7.28049249e+01 1.74282574e-01 3.03617054e-02 -1.94570234e+01
0.00000000e+00 -2.63722906e+03 5.25202822e+01 4.48408081e-01 7.82609752e-02 -2.01142104e+01
0.00000000e+00 -2.63593117e+03 7.61614196e+01 4.93110798e-01 3.47041444e-02 -1.93214245e+01
0.00000000e+00 -2.62727923e+03 5.09457232e+01 4.95885442e-01 7.55319101e-02 -1.97902671e+01
0.00000000e+00 -2.62306731e+03 5.81149505e+01 2.23608529e-01 4.07687131e-02 -1.98045542e+01
0.00000000e+00 -2.62041263e+03 6.37101900e+01 2.85686809e-01 7.50063652e-02 -1.95091447e+01
0.00000000e+00 -2.61887047e+03 6.86549778e+01 1.70198192e-01 5.17417412e-02 -1.96541977e+01
0.00000000e+00 -2.60418400e+03 6.86409104e+01 4.06435451e-01 3.87018812e-02 -1.91584752e+01
0.00000000e+00 -2.60284816e+03 4.59247287e+01 2.64451735e-01 7.47375450e-02 -2.02597513e+01
0.00000000e+00 -2.59327457e+03 8.59519137e+01 1.53933893e-01 2.12506310e-02 -1.89033605e+01
0.00000000e+00 -2.58855920e+03 8.23161448e+01 2.39961241e-01 4.52796496e-02 -1.90365401e+01
0.00000000e+00 -2.58248626e+03 7.31869058e+01 2.82843974e-01 4.98408220e-02 -1.90558972e+01
0.00000000e+00 -2.58172163e+03 7.19424927e+01 2.77394774e-01 5.62193325e-02 -1.91509153e+01
0.00000000e+00 -2.58056622e+03 6.14398950e+01 4.47839737e-01 7.11156475e-02 -1.94007054e+01
0.00000000e+00 -2.55911211e+03 6.74525071e+01 1.23028073e-01 6.23805215e-02 -1.93319828e+01
0.00000000e+00 -2.55875085e+03 4.83795696e+01 2.07868913e-01 6.87626919e-02 -2.02620798e+01
0.00000000e+00 -2.55686471e+03 6.72006778e+01 3.29034321e-01 3.17092067e-02 -1.93615125e+01
0.00000000e+00 -2.55438858e+03 5.34402334e+01 1.21894600e-01 6.65811611e-02 -2.01693372e+01
0.00000000e+00 -2.54160369e+03 5.97233198e+01 3.14254314e-01 6.39512508e-02 -1.98993532e+01
0.00000000e+00 -2.52286305e+03 5.61114801e+01 1.98732217e-01 5.90840222e-02 -1.96654273e+01
0.00000000e+00 -2.51900412e+03 5.83593453e+01 3.55194126e-01 4.23194570e-02 -1.96541850e+01
0.00000000e+00 -2.51587863e+03 7.95057175e+01 2.12603531e-01 4.78805703e-02 -1.91619422e+01
0.00000000e+00 -2.51528206e+03 6.76801289e+01 1.23775315e-01 4.72970075e-02 -1.92605267e+01
0.00000000e+00 -2.50734366e+03 5.81984960e+01 2.04233755e-01 4.60195056e-02 -1.99083737e+01
0.00000000e+00 -2.49700553e+03 8.70776342e+01 4.55466173e-01 2.33904728e-02 -1.86937705e+01
0.00000000e+00 -2.49583324e+03 6.74618061e+01 3.40360780e-01 6.12340382e-02 -1.92457455e+01
0.00000000e+00 -2.48582949e+03 4.64433590e+01 4.78249029e-01 7.60265193e-02 -2.01289978e+01
0.00000000e+00 -2.48079084e+03 6.40671204e+01 4.28792700e-01 6.34892333e-02 -1.93045331e+01
0.00000000e+00 -2.47833934e+03 5.02002537e+01 3.27626123e-01 7.36465470e-02 -1.98952638e+01
0.00000000e+00 -2.45305023e+03 7.27486976e+01 2.86623359e-01 4.01020307e-02 -1.94883879e+01
0.00000000e+00 -2.44694064e+03 5.86772882e+01 1.84134361e-01 4.70484022e-02 -1.96252701e+01
0.00000000e+00 -2.44184462e+03 8.62077621e+01 4.85312114e-01 2.82916450e-02 -1.86576098e+01
0.00000000e+00 -2.43248632e+03 5.74409122e+01 1.79879261e-01 4.91596354e-02 -1.99537073e+01
0.00000000e+00 -2.42927222e+03 5.40783213e+01 1.15033174e-01 5.69087308e-02 -1.98346266e+01
0.00000000e+00 -2.42596452e+03 8.38768996e+01 2.97812528e-01 2.47023226e-02 -1.91044019e+01
0.00000000e+00 -2.41796745e+03 6.44917769e+01 3.95328343e-01 7.13586509e-02 -1.95536229e+01
0.00000000e+00 -2.41735405e+03 8.64704527e+01 3.40533865e-01 2.78048612e-02 -1.90723746e+01
0.00000000e+00 -2.41122597e+03 6.37742063e+01 3.54519542e-01 6.72971157e-02 -1.93639792e+01
0.00000000e+00 -2.40748854e+03 6.37768934e+01 2.52057301e-01 4.25560697e-02 -1.93914251e+01
0.00000000e+00 -2.40578617e+03 7.81748664e+01 4.63400795e-01 4.67087106e-02 -1.89310201e+01
0.00000000e+00 -2.40263846e+03 6.86428340e+01 2.67082891e-01 5.67709438e-02 -1.92131417e+01
0.00000000e+00 -2.39956853e+03 6.91633790e+01 3.51762119e-01 5.59921874e-02 -1.91729253e+01
0.00000000e+00 -2.39635761e+03 5.28527387e+01 3.63391879e-01 5.58514769e-02 -2.00262694e+01
0.00000000e+00 -2.39629377e+03 6.42550371e+01 3.62023550e-01 4.91542442e-02 -1.93022728e+01
0.00000000e+00 -2.39624575e+03 5.77306557e+01 3.55192271e-01 7.39676244e-02 -1.99276160e+01
0.00000000e+00 -2.39571290e+03 5.46440482e+01 4.92993221e-01 7.93781317e-02 -1.96383917e+01
0.00000000e+00 -2.39277004e+03 7.98360807e+01 4.59470178e-01 2.60232721e-02 -1.91336577e+01
0.00000000e+00 -2.39121821e+03 6.11647788e+01 1.52480549e-01 4.61478221e-02 -1.98541213e+01
0.00000000e+00 -2.38934510e+03 8.93290091e+01 4.54960377e-01 3.63981090e-02 -1.87023100e+01
0.00000000e+00 -2.38851935e+03 6.69936595e+01 3.54825187e-01 3.49038822e-02 -1.95490181e+01
0.00000000e+00 -2.38724621e+03 5.92353004e+01 2.26400990e-01 7.88874680e-02 -1.95871679e+01
0.00000000e+00 -2.38072098e+03 7.44729413e+01 3.01916872e-01 2.83332899e-02 -1.93239924e+01
0.00000000e+00 -2.37879843e+03 7.00411972e+01 3.22322149e-01 2.98898319e-02 -1.92942364e+01
0.00000000e+00 -2.36460648e+03 7.60132607e+01 2.06574668e-01 4.85007755e-02 -1.93479117e+01
0.00000000e+00 -2.35000296e+03 8.73700012e+01 4.06582769e-01 2.98345156e-02 -1.86482004e+01
0.00000000e+00 -2.34988141e+03 5.43580451e+01 4.67272295e-01 5.64607016e-02 -1.99711074e+01
0.00000000e+00 -2.32647123e+03 6.17477094e+01 2.91524353e-01 4.80179274e-02 -1.98047647e+01
0.00000000e+00 -2.32179376e+03 6.88179619e+01 2.22318499e-01 4.06451040e-02 -1.96076284e+01
0.00000000e+00 -2.32135394e+03 7.41582280e+01 3.89026121e-01 2.71961845e-02 -1.92199763e+01
0.00000000e+00 -2.31327843e+03 6.50132192e+01 3.68900081e-01 6.32305651e-02 -1.93112116e+01
0.00000000e+00 -2.31268072e+03 7.27293439e+01 3.65040911e-01 4.82741098e-02 -1.90499531e+01
0.00000000e+00 -2.30804458e+03 7.66321213e+01 1.09110699e-01 4.64963933e-02 -1.90673471e+01
0.00000000e+00 -2.30740507e+03 5.47171791e+01 3.58322555e-01 6.09167448e-02 -2.00214417e+01
0.00000000e+00 -2.30441229e+03 7.80140663e+01 3.51148000e-01 3.11841338e-02 -1.92793550e+01
0.00000000e+00 -2.29428907e+03 4.73071482e+01 3.45612756e-01 7.33194087e-02 -2.01706379e+01
0.00000000e+00 -2.29355249e+03 6.45925466e+01 3.84591514e-01 6.24681489e-02 -1.96688177e+01
0.00000000e+00 -2.28914550e+03 8.05935558e+01 2.49729994e-01 2.39226531e-02 -1.90222222e+01
0.00000000e+00 -2.27630690e+03 8.93064330e+01 3.99612265e-01 3.49966592e-02 -1.86770014e+01
0.00000000e+00 -2.27184157e+03 6.77369132e+01 2.20815236e-01 6.21244497e-02 -1.93146449e+01
0.00000000e+00 -2.26718827e+03 5.49265534e+01 3.65571986e-01 4.96720397e-02 -1.98907617e+01
0.00000000e+00 -2.25543672e+03 5.64594781e+01 2.85707909e-01 5.01544383e-02 -1.97057654e+01
0.00000000e+00 -2.25148513e+03 6.09707701e+01 4.27912328e-01 7.79293287e-02 -1.95418840e+01
0.00000000e+00 -2.23380071e+03 4.66972984e+01 2.21096430e-01 7.98407109e-02 -2.02837239e+01
0.00000000e+00 -2.23153695e+03 7.22377751e+01 4.59001073e-01 5.45773551e-02 -1.93416070e+01
0.00000000e+00 -2.23002088e+03 6.35683472e+01 4.65646900e-01 6.36086611e-02 -1.96750244e+01
0.00000000e+00 -2.22851016e+03 6.14600720e+01 2.18187373e-01 5.73231607e-02 -1.98537709e+01
0.00000000e+00 -2.22689934e+03 7.84528292e+01 3.25178014e-01 3.00418693e-02 -1.89312648e+01
0.00000000e+00 -2.22588512e+03 5.51895991e+01 4.37993295e-01 5.55740366e-02 -1.96919501e+01
0.00000000e+00 -2.22032090e+03 8.39886836e+01 4.01678180e-01 2.88166095e-02 -1.90995952e+01
0.00000000e+00 -2.21385619e+03 7.81867420e+01 2.25674607e-01 2.84709090e-02 -1.89983308e+01
0.00000000e+00 -2.20654214e+03 7.36168671e+01 2.93220340e-01 5.48867736e-02 -1.91901036e+01
0.00000000e+00 -2.20367693e+03 6.85856257e+01 1.06255849e-01 3.27509392e-02 -1.94738391e+01
0.00000000e+00 -2.19956819e+03 7.24235494e+01 3.14427476e-01 2.96498811e-02 -1.91968145e+01
0.00000000e+00 -2.18976131e+03 6.82014802e+01 1.43503289e-01 4.21896338e-02 -1.92720665e+01
0.00000000e+00 -2.18764620e+03 7.57653141e+01 2.51810109e-01 3.52079360e-02 -1.90028936e+01
0.00000000e+00 -2.18295890e+03 8.63176410e+01 1.94407165e-01 2.89628130e-02 -1.91097722e+01
0.00000000e+00 -2.18168042e+03 5.72302086e+01 2.85773545e-01 6.38721642e-02 -1.99692021e+01
0.00000000e+00 -2.17501218e+03 5.71596121e+01 4.65821310e-01 5.74513458e-02 -1.98970929e+01
0.00000000e+00 -2.17199638e+03 5.72383624e+01 4.05203685e-01 7.97345999e-02 -1.98826889e+01
0.00000000e+00 -2.17145533e+03 7.06907131e+01 2.37279720e-01 4.82906365e-02 -1.91468241e+01
0.00000000e+00 -2.16815521e+03 8.99941913e+01 2.91337729e-01 2.07013906e-02 -1.87726879e+01
0.00000000e+00 -2.16594407e+03 5.74817312e+01 2.24992729e-01 4.70778484e-02 -1.97180453e+01
0.00000000e+00 -2.15341666e+03 7.13059986e+01 2.11849750e-01 3.22408394e-02 -1.92258857e+01
0.00000000e+00 -2.15225367e+03 7.75589151e+01 4.04391580e-01 2.61167483e-02 -1.90681534e+01
0.00000000e+00 -2.14877860e+03 6.30420137e+01 1.95078005e-01 7.31138053e-02 -1.95457816e+01
0.00000000e+00 -2.14084730e+03 7.85671105e+01 2.94976025e-01 4.54939688e-02 -1.92212174e+01
0.00000000e+00 -2.13433613e+03 8.32131198e+01 1.23662506e-01 2.41136463e-02 -1.90222848e+01
0.00000000e+00 -2.12865922e+03 5.30868039e+01 3.89550465e-01 6.51214895e-02 -2.00521687e+01
0.00000000e+00 -2.11725246e+03 7.69559006e+01 1.67208296e-01 2.66990173e-02 -1.92170375e+01
0.00000000e+00 -2.11621333e+03 5.58357092e+01 2.76267667e-01 4.98435900e-02 -1.99056101e+01
0.00000000e+00 -2.11592026e+03 5.19884029e+01 1.42472153e-01 6.12759934e-02 -2.01163146e+01
0.00000000e+00 -2.11489396e+03 7.39577679e+01 4.82144897e-01 4.63572893e-02 -1.93450353e+01
0.00000000e+00 -2.11381544e+03 6.08543211e+01 3.07499325e-01 7.30974046e-02 -1.97717684e+01
0.00000000e+00 -2.11204469e+03 8.08364564e+01 4.75999159e-01 4.31572448e-02 -1.90782457e+01
0.00000000e+00 -2.10675947e+03 7.02652660e+01 2.61811364e-01 3.50896460e-02 -1.92106083e+01
0.00000000e+00 -2.09495256e+03 6.10042076e+01 3.38125226e-01 5.70555819e-02 -1.98196609e+01
0.00000000e+00 -2.09119920e+03 6.93501447e+01 1.86149549e-01 4.24438492e-02 -1.92167801e+01
0.00000000e+00 -2.09074160e+03 8.68749214e+01 2.60382302e-01 2.32008278e-02 -1.89930279e+01
0.00000000e+00 -2.08955914e+03 6.21732161e+01 1.93098276e-01 4.58375849e-02 -1.97912544e+01
0.00000000e+00 -2.08706534e+03 6.60021657e+01 3.02446386e-01 6.50893314e-02 -1.93653313e+01
0.00000000e+00 -2.08540983e+03 5.08820942e+01 1.44623657e-01 6.81083095e-02 -2.01816687e+01
0.00000000e+00 -2.08170027e+03 8.55795672e+01 3.49459220e-01 2.88918115e-02 -1.87304009e+01
0.00000000e+00 -2.08106834e+03 8.92639252e+01 3.49576224e-01 2.43161711e-02 -1.89458009e+01
0.00000000e+00 -2.07513705e+03 8.48390628e+01 3.79488286e-01 2.30495609e-02 -1.88745528e+01
0.00000000e+00 -2.06801463e+03 6.45917011e+01 3.81856846e-01 5.99521359e-02 -1.96673652e+01
0.00000000e+00 -2.06797867e+03 6.81150162e+01 3.19296085e-01 6.21594930e-02 -1.93158486e+01
0.00000000e+00 -2.06571860e+03 6.18246680e+01 2.31256951e-01 6.91886091e-02 -1.94836678e+01
0.00000000e+00 -2.06407474e+03 6.51166352e+01 1.46611407e-01 6.78373766e-02 -1.96133626e+01
0.00000000e+00 -2.05999154e+03 5.51735026e+01 3.88897347e-01 5.25590353e-02 -1.97650117e+01
0.00000000e+00 -2.05635222e+03 7.87968273e+01 4.15992510e-01 2.83680365e-02 -1.89400622e+01
0.00000000e+00 -2.04536228e+03 7.71097153e+01 2.21476576e-01 2.78927675e-02 -1.90789535e+01
0.00000000e+00 -2.04276968e+03 8.68314960e+01 3.96491797e-01 2.23098223e-02 -1.88410530e+01
0.00000000e+00 -2.03198481e+03 5.18710797e+01 2.77473742e-01 6.30003027e-02 -1.99154174e+01
0.00000000e+00 -2.02660236e+03 8.34272371e+01 2.04240259e-01 2.96992890e-02 -1.88372912e+01
0.00000000e+00 -2.02570188e+03 5.29809495e+01 3.23439003e-01 6.07097037e-02 -2.00354386e+01
0.00000000e+00 -2.02073224e+03 5.02666307e+01 4.66818649e-01 6.65714847e-02 -1.99719946e+01
0.00000000e+00 -2.01188693e+03 8.30065761e+01 3.84881881e-01 4.15829033e-02 -1.90111621e+01
0.00000000e+00 -2.00979561e+03 5.61474306e+01 2.67108269e-01 5.78608127e-02 -1.96899569e+01
0.00000000e+00 -1.99565027e+03 4.88268889e+01 4.35581280e-01 7.48185455e-02 -2.00215267e+01
0.00000000e+00 -1.99454196e+03 8.15452551e+01 1.87234586e-01 3.98782784e-02 -1.89139273e+01
0.00000000e+00 -1.99406907e+03 5.76886834e+01 2.04223501e-01 5.69803505e-02 -1.96380946e+01
0.00000000e+00 -1.99244877e+03 7.26467210e+01 4.55167867e-01 4.69973576e-02 -1.90482943e+01
0.00000000e+00 -1.99203744e+03 8.60646920e+01 1.73319801e-01 2.29973961e-02 -1.89251219e+01
0.00000000e+00 -1.98664946e+03 5.77628998e+01 2.57513638e-01 5.69078732e-02 -1.96167499e+01
0.00000000e+00 -1.97279656e+03 6.48731701e+01 4.79255594e-01 5.72134128e-02 -1.96281575e+01
0.00000000e+00 -1.97125449e+03 7.76340309e+01 4.35078279e-01 4.78233430e-02 -1.91245680e+01
0.00000000e+00 -1.96592901e+03 5.68016611e+01 1.05810019e-01 7.16858931e-02 -2.00156863e+01
0.00000000e+00 -1.96588189e+03 6.62198898e+01 2.88016369e-01 6.63457627e-02 -1.94651736e+01
0.00000000e+00 -1.96238732e+03 6.24033725e+01 3.03920279e-01 4.47000315e-02 -1.97289329e+01
0.00000000e+00 -1.96085294e+03 8.95432215e+01 4.80651531e-01 2.60937493e-02 -1.88976214e+01
0.00000000e+00 -1.95978835e+03 6.38558838e+01 2.06208017e-01 7.03140220e-02 -1.96156614e+01
0.00000000e+00 -1.95373274e+03 7.56914864e+01 3.24095180e-01 5.09414385e-02 -1.91493383e+01
0.00000000e+00 -1.94934684e+03 7.13472881e+01 3.16550143e-01 4.63396452e-02 -1.94837274e+01
0.00000000e+00 -1.94911700e+03 6.98335474e+01 2.69570186e-01 5.66181493e-02 -1.94785220e+01
0.00000000e+00 -1.94400986e+03 6.80848343e+01 4.49745238e-01 3.80146992e-02 -1.94923470e+01
0.00000000e+00 -1.94176977e+03 6.19558303e+01 3.06549259e-01 6.48330496e-02 -1.97669214e+01
0.00000000e+00 -1.94122175e+03 5.43403218e+01 2.90810114e-01 6.73062745e-02 -1.97451074e+01
0.00000000e+00 -1.94041944e+03 5.91257058e+01 4.88311763e-01 7.31799055e-02 -1.95155403e+01
0.00000000e+00 -1.93738160e+03 5.65040217e+01 3.24604566e-01 5.31573904e-02 -1.96984777e+01
0.00000000e+00 -1.93296007e+03 4.97170560e+01 1.61345193e-01 6.95930837e-02 -2.01482423e+01
0.00000000e+00 -1.93022950e+03 4.91518922e+01 4.09241134e-01 7.63365806e-02 -2.00004469e+01
0.00000000e+00 -1.92639991e+03 6.05886713e+01 1.23642759e-01 4.34931490e-02 -1.96801469e+01
0.00000000e+00 -1.92584771e+03 6.40050848e+01 4.97414137e-01 4.01134132e-02 -1.95632934e+01
0.00000000e+00 -1.92529781e+03 6.07589840e+01 4.93104238e-01 5.60869233e-02 -1.97610512e+01
0.00000000e+00 -1.92253591e+03 6.89388771e+01 3.80501715e-01 6.09875876e-02 -1.93371846e+01
0.00000000e+00 -1.92235024e+03 5.12211440e+01 4.07998688e-01 6.87617910e-02 -2.00750621e+01
0.00000000e+00 -1.92069276e+03 5.55650896e+01 2.10376787e-01 7.62809571e-02 -1.97176248e+01
0.00000000e+00 -1.91998762e+03 6.49979510e+01 2.45837119e-01 3.69084303e-02 -1.94897779e+01
0.00000000e+00 -1.90916352e+03 5.47774184e+01 2.31229312e-01 5.48927396e-02 -1.99650301e+01
0.00000000e+00 -1.90857256e+03 5.99934344e+01 4.40095424e-01 7.82257775e-02 -1.96283784e+01
0.00000000e+00 -1.90329153e+03 8.06503254e+01 4.31721305e-01 3.86834795e-02 -1.88503958e+01
0.00000000e+00 -1.89991328e+03 8.04151263e+01 4.45888084e-01 3.23017298e-02 -1.91628970e+01
0.00000000e+00 -1.89239637e+03 7.66389378e+01 1.28389916e-01 3.00441057e-02 -1.91229405e+01
0.00000000e+00 -1.89064303e+03 6.29540956e+01 1.06584702e-01 4.39514826e-02 -1.95370952e+01
0.00000000e+00 -1.88614188e+03 7.45562098e+01 1.73536710e-01 5.01818149e-02 -1.93482135e+01
0.00000000e+00 -1.88447133e+03 8.14319070e+01 2.73278888e-01 3.22898436e-02 -1.91971446e+01
0.00000000e+00 -1.88374088e+03 7.07044603e+01 1.89568276e-01 4.01758760e-02 -1.91946204e+01
0.00000000e+00 -1.88363078e+03 6.95253424e+01 1.89402514e-01 4.01356930e-02 -1.92385028e+01
0.00000000e+00 -1.88255385e+03 7.48404291e+01 3.07496057e-01 3.80019361e-02 -1.93774715e+01
0.00000000e+00 -1.87957266e+03 7.18278488e+01 2.52994486e-01 5.28242927e-02 -1.91791218e+01
0.00000000e+00 -1.87873886e+03 8.34197778e+01 4.17419327e-01 3.27869870e-02 -1.90927072e+01
0.00000000e+00 -1.87768263e+03 4.90422406e+01 3.89020758e-01 7.52979671e-02 -2.00374185e+01
0.00000000e+00 -1.87479294e+03 6.67906700e+01 2.11238777e-01 5.55341984e-02 -1.96416357e+01
0.00000000e+00 -1.86820619e+03 7.61698224e+01 4.48729887e-01 4.31892488e-02 -1.92738335e+01
0.00000000e+00 -1.86734270e+03 5.66032499e+01 3.93821246e-01 7.87414650e-02 -1.96454013e+01
0.00000000e+00 -1.86730348e+03 6.54220507e+01 2.19709224e-01 4.85620576e-02 -1.93429719e+01
0.00000000e+00 -1.86087237e+03 5.81095014e+01 3.59666695e-01 7.31596008e-02 -1.98668830e+01
0.00000000e+00 -1.85413739e+03 6.05320593e+01 2.23678102e-01 7.69832764e-02 -1.96680198e+01
0.00000000e+00 -1.85341705e+03 5.49109610e+01 3.18612314e-01 6.28555835e-02 -1.97317582e+01
0.00000000e+00 -1.84742861e+03 8.95233359e+01 4.80984563e-01 3.24282308e-02 -1.88630902e+01
0.00000000e+00 -1.84373947e+03 6.06820400e+01 2.33289609e-01 7.64609015e-02 -1.96462674e+01
0.00000000e+00 -1.83585978e+03 6.36819612e+01 4.17714665e-01 3.92071418e-02 -1.95432878e+01
0.00000000e+00 -1.83445972e+03 5.96927359e+01 1.53211631e-01 5.83967163e-02 -1.95759624e+01
0.00000000e+00 -1.83190776e+03 6.15233653e+01 2.31186507e-01 6.32938555e-02 -1.94803562e+01
0.00000000e+00 -1.82773901e+03 6.87129389e+01 1.74795298e-01 4.22168591e-02 -1.92674372e+01
0.00000000e+00 -1.82223057e+03 6.03043391e+01 4.51860087e-01 5.49789901e-02 -1.97762196e+01
0.00000000e+00 -1.82028310e+03 8.57951764e+01 4.95965866e-01 3.20795707e-02 -1.89885132e+01
0.00000000e+00 -1.82014125e+03 6.10594545e+01 4.26245005e-01 4.46108083e-02 -1.95271159e+01
0.00000000e+00 -1.81614930e+03 5.44517428e+01 4.05758181e-01 7.76322367e-02 -1.99850769e+01
0.00000000e+00 -1.81108227e+03 7.66258675e+01 3.51161241e-01 3.52828519e-02 -1.92993939e+01
0.00000000e+00 -1.80884085e+03 5.60166148e+01 1.59853896e-01 5.72838842e-02 -1.99825737e+01
0.00000000e+00 -1.80779754e+03 7.94320839e+01 3.82211873e-01 2.65469286e-02 -1.90643788e+01
0.00000000e+00 -1.79590771e+03 4.91016024e+01 1.78446283e-01 7.75046848e-02 -2.01016250e+01
0.00000000e+00 -1.79412960e+03 7.86202058e+01 3.33063732e-01 4.61706496e-02 -1.91164566e+01
0.00000000e+00 -1.79364033e+03 5.44042065e+01 1.05011473e-01 7.94788816e-02 -1.98258927e+01
0.00000000e+00 -1.79347032e+03 7.44054517e+01 4.77460024e-01 5.13852195e-02 -1.91605032e+01
0.00000000e+00 -1.79265515e+03 6.62944304e+01 1.27010475e-01 4.31432083e-02 -1.96642391e+01
0.00000000e+00 -1.79067558e+03 8.14550840e+01 3.13821812e-01 4.20385424e-02 -1.90880969e+01
0.00000000e+00 -1.78197848e+03 5.94925612e+01 3.03719793e-01 7.19087678e-02 -1.98198518e+01
0.00000000e+00 -1.77362204e+03 5.11542396e+01 4.51617549e-01 6.65807657e-02 -1.99762097e+01
0.00000000e+00 -1.77164747e+03 6.04878139e+01 4.89891422e-01 4.55253975e-02 -1.96671040e+01
0.00000000e+00 -1.77003010e+03 7.53704726e+01 1.09755475e-01 4.82065679e-02 -1.91694291e+01
0.00000000e+00 -1.76708861e+03 5.51857460e+01 1.47345574e-01 6.26424041e-02 -1.97881002e+01
0.00000000e+00 -1.76202171e+03 6.52516875e+01 2.72450709e-01 4.19235363e-02 -1.93844296e+01
0.00000000e+00 -1.75859578e+03 6.77956695e+01 2.91878861e-01 3.71422428e-02 -1.93240291e+01
0.00000000e+00 -1.75718495e+03 6.18693894e+01 3.42398211e-01 4.52725799e-02 -1.94966553e+01
0.00000000e+00 -1.75699833e+03 7.83598375e+01 3.31504893e-01 3.97987066e-02 -1.89385004e+01
0.00000000e+00 -1.75453687e+03 6.23234195e+01 2.48512104e-01 6.48726425e-02 -1.94665263e+01
0.00000000e+00 -1.75384989e+03 5.78224875e+01 2.23266680e-01 7.58347611e-02 -1.96577612e+01
0.00000000e+00 -1.74784071e+03 7.87655797e+01 1.56554480e-01 4.56811084e-02 -1.91325244e+01
0.00000000e+00 -1.74532428e+03 7.60023224e+01 4.69204883e-01 3.27893355e-02 -1.92426669e+01
0.00000000e+00 -1.74241486e+03 7.48188085e+01 2.39005846e-01 3.23323870e-02 -1.91110619e+01
0.00000000e+00 -1.73914597e+03 6.92409266e+01 2.18546721e-01 5.55789938e-02 -1.92705395e+01
0.00000000e+00 -1.73832154e+03 6.08102892e+01 2.42884274e-01 6.50231866e-02 -1.95125714e+01
0.00000000e+00 -1.73567858e+03 5.96088091e+01 4.17233168e-01 7.36732970e-02 -1.97533548e+01
0.00000000e+00 -1.73540097e+03 8.77869267e+01 4.10073135e-01 2.34865316e-02 -1.88547430e+01
0.00000000e+00 -1.73399985e+03 5.35842999e+01 3.80066421e-01 7.13697046e-02 -2.00179831e+01
0.00000000e+00 -1.73029422e+03 6.35925187e+01 1.94222250e-01 6.94949914e-02 -1.96065530e+01
0.00000000e+00 -1.73028998e+03 7.55362719e+01 1.96540944e-01 4.57877462e-02 -1.93470350e+01
0.00000000e+00 -1.72996260e+03 5.98726948e+01 3.09569274e-01 5.46941519e-02 -1.95340290e+01
0.00000000e+00 -1.72960019e+03 7.25806876e+01 1.16388001e-01 3.34926696e-02 -1.94108729e+01
0.00000000e+00 -1.72955396e+03 8.62403566e+01 1.59574596e-01 2.67267795e-02 -1.90540892e+01
0.00000000e+00 -1.72949166e+03 7.19510352e+01 2.97930842e-01 4.03201944e-02 -1.91254221e+01
0.00000000e+00 -1.72757122e+03 6.68227096e+01 2.65654182e-01 4.95356902e-02 -1.96272242e+01
0.00000000e+00 -1.72594969e+03 7.22487757e+01 3.35768802e-01 5.07925488e-02 -1.93898344e+01
0.00000000e+00 -1.72147087e+03 6.05163819e+01 2.42306269e-01 7.56924132e-02 -1.96458359e+01
0.00000000e+00 -1.72124223e+03 7.77257563e+01 2.25677510e-01 3.79756413e-02 -1.89850309e+01
0.00000000e+00 -1.71782535e+03 8.80383873e+01 2.97811753e-01 3.40566229e-02 -1.89497974e+01
0.00000000e+00 -1.71394807e+03 8.35987773e+01 4.17503698e-01 3.59239324e-02 -1.88014095e+01
0.00000000e+00 -1.71144727e+03 6.64797222e+01 4.44808213e-01 5.81614943e-02 -1.92809329e+01
0.00000000e+00 -1.71109677e+03 5.71868303e+01 2.29034288e-01 6.67697990e-02 -1.99489770e+01
0.00000000e+00 -1.71046048e+03 5.39025768e+01 2.89578056e-01 7.03395393e-02 -1.97851073e+01
0.00000000e+00 -1.71043736e+03 7.84098690e+01 1.08649293e-01 3.96629466e-02 -1.93013904e+01
0.00000000e+00 -1.70923735e+03 8.89520650e+01 4.38871556e-01 2.32271132e-02 -1.87905280e+01
0.00000000e+00 -1.70838118e+03 5.27962564e+01 2.41492603e-01 6.76097006e-02 -2.00663340e+01
0.00000000e+00 -1.70296577e+03 8.80336005e+01 3.09473750e-01 3.55517205e-02 -1.88888120e+01
0.00000000e+00 -1.70059658e+03 5.93160230e+01 1.08234850e-01 4.80965180e-02 -1.98168290e+01
0.00000000e+00 -1.69303118e+03 7.51058321e+01 1.41684712e-01 4.25919057e-02 -1.93979317e+01
0.00000000e+00 -1.68891122e+03 6.35663354e+01 4.04421106e-01 5.11353196e-02 -1.96773008e+01
0.00000000e+00 -1.68809817e+03 5.92609731e+01 2.68859746e-01 7.62189675e-02 -1.96338434e+01
0.00000000e+00 -1.68700690e+03 8.41185518e+01 2.67736560e-01 3.24934588e-02 -1.88166526e+01
0.00000000e+00 -1.68683099e+03 7.41330082e+01 4.26031308e-01 3.06483631e-02 -1.92120875e+01
0.00000000e+00 -1.68676069e+03 7.16864281e+01 1.22265425e-01 5.25625813e-02 -1.92605608e+01
0.00000000e+00 -1.68164370e+03 8.10702693e+01 4.29319569e-01 3.74832868e-02 -1.88568457e+01
0.00000000e+00 -1.67852032e+03 6.62812511e+01 3.81838572e-01 3.79153353e-02 -1.93861149e+01
0.00000000e+00 -1.67711752e+03 5.99434919e+01 2.09379831e-01 7.15868029e-02 -1.95913481e+01
0.00000000e+00 -1.67152021e+03 6.69248351e+01 3.40302447e-01 5.27112628e-02 -1.95887118e+01
0.00000000e+00 -1.66858202e+03 6.33271214e+01 3.50271986e-01 4.84680084e-02 -1.94050646e+01
0.00000000e+00 -1.65747508e+03 5.79659928e+01 2.02745044e-01 7.57685895e-02 -1.96735697e+01
0.00000000e+00 -1.65686363e+03 7.93741615e+01 2.27170949e-01 3.01773980e-02 -1.89878518e+01
0.00000000e+00 -1.65628483e+03 7.61352759e+01 4.69490733e-01 3.20289143e-02 -1.90178798e+01
0.00000000e+00 -1.65234375e+03 7.05364704e+01 2.30965714e-01 3.76195176e-02 -1.92268047e+01
0.00000000e+00 -1.65230677e+03 7.36452750e+01 1.69208522e-01 3.55589263e-02 -1.91551222e+01
0.00000000e+00 -1.65125295e+03 6.13821859e+01 4.17930286e-01 5.94317904e-02 -1.94411297e+01
0.00000000e+00 -1.64750358e+03 7.83814078e+01 4.90139449e-01 3.74092710e-02 -1.89059986e+01
0.00000000e+00 -1.64507503e+03 6.78129618e+01 4.17296152e-01 5.12886557e-02 -1.92246240e+01
0.00000000e+00 -1.63944262e+03 7.48870074e+01 2.21921930e-01 3.04738395e-02 -1.92804600e+01
0.00000000e+00 -1.63903577e+03 7.31041527e+01 2.81862497e-01 4.78308583e-02 -1.91212790e+01
0.00000000e+00 -1.63818963e+03 5.40653195e+01 4.77285994e-01 6.57337308e-02 -1.99444855e+01
0.00000000e+00 -1.63539443e+03 5.83375942e+01 4.62736055e-01 7.39343776e-02 -1.97903358e+01
0.00000000e+00 -1.63173103e+03 5.86148770e+01 3.80743049e-01 7.85977308e-02 -1.96736341e+01
0.00000000e+00 -1.62787958e+03 6.15212567e+01 3.04229425e-01 4.35460755e-02 -1.96591452e+01
0.00000000e+00 -1.62633235e+03 6.04280819e+01 1.39649396e-01 7.40894959e-02 -1.96637352e+01
0.00000000e+00 -1.62599392e+03 5.08535189e+01 4.76641276e-01 7.35983745e-02 -1.99336071e+01
0.00000000e+00 -1.62527656e+03 7.01975690e+01 4.83611336e-01 4.01362999e-02 -1.94207108e+01
0.00000000e+00 -1.62427878e+03 5.40335089e+01 3.36426418e-01 6.45552277e-02 -1.97982539e+01
0.00000000e+00 -1.62056688e+03 5.90289705e+01 1.78519905e-01 7.79066545e-02 -1.97380062e+01
0.00000000e+00 -1.62036402e+03 6.14985769e+01 2.15106863e-01 4.79260521e-02 -1.95443651e+01
0.00000000e+00 -1.61991207e+03 4.98651114e+01 4.66789389e-01 7.70965521e-02 -2.00100377e+01
0.00000000e+00 -1.61867928e+03 6.92470089e+01 1.55056469e-01 4.46129649e-02 -1.95724515e+01
0.00000000e+00 -1.61653684e+03 6.42071966e+01 3.91217320e-01 5.03065015e-02 -1.93551083e+01
0.00000000e+00 -1.61641842e+03 6.74809282e+01 2.42865865e-01 3.64142086e-02 -1.94852904e+01
0.00000000e+00 -1.61442287e+03 8.02402765e+01 1.34218469e-01 2.82690795e-02 -1.90694220e+01
0.00000000e+00 -1.60506857e+03 8.98623573e+01 2.14360887e-01 2.93200515e-02 -1.87234837e+01
0.00000000e+00 -1.60495740e+03 7.87907444e+01 4.94211311e-01 4.44151898e-02 -1.90380507e+01
0.00000000e+00 -1.60483001e+03 7.60144954e+01 1.58302242e-01 4.59143356e-02 -1.93158823e+01
0.00000000e+00 -1.60239380e+03 5.71734694e+01 4.56521872e-01 5.24429725e-02 -1.97721362e+01
0.00000000e+00 -1.59511612e+03 7.60637748e+01 3.70241513e-01 4.05022714e-02 -1.92942057e+01
0.00000000e+00 -1.59466727e+03 8.79266180e+01 3.97978811e-01 2.42722689e-02 -1.88645250e+01
0.00000000e+00 -1.59421956e+03 6.04011985e+01 3.05164946e-01 6.81321665e-02 -1.97820342e+01
0.00000000e+00 -1.59301148e+03 5.71644205e+01 2.73909861e-01 7.31133964e-02 -1.96643383e+01
0.00000000e+00 -1.59282819e+03 8.92603825e+01 4.32715029e-01 2.41507400e-02 -1.87414459e+01
0.00000000e+00 -1.59251902e+03 5.73809500e+01 3.30968894e-01 7.99339832e-02 -1.97050447e+01
0.00000000e+00 -1.58999658e+03 6.01713679e+01 2.95935737e-01 7.53280125e-02 -1.96591061e+01
0.00000000e+00 -1.58865661e+03 7.79301190e+01 4.12758157e-01 3.93397217e-02 -1.92201163e+01
0.00000000e+00 -1.58698933e+03 5.24325405e+01 3.09817428e-01 6.99184400e-02 -2.00422711e+01
0.00000000e+00 -1.58296655e+03 6.75811167e+01 3.21048219e-01 5.73957191e-02 -1.92997260e+01
0.00000000e+00 -1.58006529e+03 5.29167438e+01 2.01200963e-01 6.31750604e-02 -1.99887808e+01
0.00000000e+00 -1.57739493e+03 8.83139628e+01 3.28909885e-01 2.64293930e-02 -1.89421507e+01
0.00000000e+00 -1.57054629e+03 7.28058661e+01 1.77691081e-01 4.46330684e-02 -1.94500959e+01
0.00000000e+00 -1.57002195e+03 6.13383386e+01 2.22157983e-01 7.23757771e-02 -1.96141759e+01
0.00000000e+00 -1.57000159e+03 5.57565852e+01 2.67419152e-01 6.53657265e-02 -1.97249280e+01
0.00000000e+00 -1.56831406e+03 8.79887906e+01 4.66910642e-01 2.56890801e-02 -1.87373674e+01
0.00000000e+00 -1.56672406e+03 5.81123428e+01 1.45070906e-01 5.53058729e-02 -1.96992218e+01
0.00000000e+00 -1.56509161e+03 5.49184189e+01 1.35957251e-01 6.81081497e-02 -1.98115299e+01
0.00000000e+00 -1.56294621e+03 7.62611849e+01 2.99392330e-01 4.69137629e-02 -1.92347232e+01
0.00000000e+00 -1.56137123e+03 5.65494327e+01 4.29757293e-01 7.95138149e-02 -1.98328113e+01
0.00000000e+00 -1.56089585e+03 6.31406737e+01 3.42813688e-01 6.51711029e-02 -1.94469777e+01
0.00000000e+00 -1.55937969e+03 5.89580899e+01 1.43906426e-01 7.56694903e-02 -1.97003082e+01
0.00000000e+00 -1.55750651e+03 8.83636188e+01 1.74581707e-01 3.37088482e-02 -1.88302550e+01
0.00000000e+00 -1.55591163e+03 7.33868202e+01 4.78771589e-01 3.22574595e-02 -1.91775681e+01
0.00000000e+00 -1.55182788e+03 6.53273495e+01 1.11750712e-01 5.07914220e-02 -1.94192660e+01
0.00000000e+00 -1.55138618e+03 5.85052484e+01 1.79943823e-01 7.78161525e-02 -1.97313813e+01
0.00000000e+00 -1.54586899e+03 5.48504402e+01 2.03602683e-01 5.77342328e-02 -1.98936274e+01
0.00000000e+00 -1.53947262e+03 5.34708174e+01 3.70938293e-01 6.22881360e-02 -1.99221234e+01
0.00000000e+00 -1.53880102e+03 7.58879535e+01 1.58726403e-01 4.63052636e-02 -1.93050098e+01
0.00000000e+00 -1.53547211e+03 8.12735496e+01 3.47438958e-01 2.78168111e-02 -1.89488016e+01
0.00000000e+00 -1.53519051e+03 6.92000591e+01 2.05055851e-01 4.95912844e-02 -1.95485739e+01
0.00000000e+00 -1.52280464e+03 8.28313570e+01 1.63780381e-01 2.81161584e-02 -1.89566641e+01
0.00000000e+00 -1.52076973e+03 6.75313499e+01 4.32347573e-01 4.81485242e-02 -1.92390014e+01
0.00000000e+00 -1.51571382e+03 5.05337327e+01 3.90970806e-01 7.63258102e-02 -1.99991829e+01
0.00000000e+00 -1.51543101e+03 5.70695162e+01 3.64103184e-01 6.54504433e-02 -1.98882799e+01
0.00000000e+00 -1.51537438e+03 6.83921426e+01 3.29769441e-01 4.20136527e-02 -1.95207701e+01
0.00000000e+00 -1.51528195e+03 5.98901010e+01 3.26911162e-01 5.01190896e-02 -1.97625569e+01
0.00000000e+00 -1.51121746e+03 5.86076793e+01 3.70715458e-01 4.96663682e-02 -1.97265701e+01
0.00000000e+00 -1.50880959e+03 6.76364354e+01 2.09279116e-01 5.87715698e-02 -1.93663168e+01
0.00000000e+00 -1.50768596e+03 8.90973375e+01 3.79385810e-01 2.72536844e-02 -1.89027550e+01
0.00000000e+00 -1.50462207e+03 6.57258089e+01 3.43954102e-01 4.82761571e-02 -1.93259170e+01
0.00000000e+00 -1.50410955e+03 7.66609720e+01 3.13476451e-01 4.71451223e-02 -1.91663539e+01
0.00000000e+00 -1.50334677e+03 5.71522874e+01 3.42981203e-01 6.18295505e-02 -1.98856918e+01
0.00000000e+00 -1.50290244e+03 6.19189872e+01 2.77187630e-01 4.70128405e-02 -1.97130940e+01
0.00000000e+00 -1.49941986e+03 5.21336034e+01 2.32442449e-01 7.53096713e-02 -2.00750517e+01
0.00000000e+00 -1.49858933e+03 5.16677655e+01 4.28070629e-01 7.06092336e-02 -1.99504249e+01
0.00000000e+00 -1.49853098e+03 7.42424439e+01 3.29057436e-01 3.91027211e-02 -1.90688283e+01
0.00000000e+00 -1.49329921e+03 7.86255017e+01 4.64847889e-01 3.94917016e-02 -1.89297045e+01
0.00000000e+00 -1.49257989e+03 7.56394732e+01 4.55707466e-01 4.67787902e-02 -1.90644064e+01
0.00000000e+00 -1.48991140e+03 7.54475118e+01 3.96108215e-01 4.44295749e-02 -1.92712396e+01
0.00000000e+00 -1.48718202e+03 6.31012290e+01 3.86091148e-01 4.70326643e-02 -1.96520705e+01
0.00000000e+00 -1.48405199e+03 8.22522278e+01 1.03154844e-01 2.91710687e-02 -1.90284228e+01
0.00000000e+00 -1.48339872e+03 6.13290977e+01 4.68261823e-01 4.59959746e-02 -1.96118426e+01
0.00000000e+00 -1.48204312e+03 7.02040966e+01 1.77057411e-01 3.74499506e-02 -1.94796493e+01
0.00000000e+00 -1.48191188e+03 5.64919564e+01 3.36736665e-01 6.69228417e-02 -1.99119645e+01
0.00000000e+00 -1.48059451e+03 8.04893025e+01 4.21266797e-01 2.80070224e-02 -1.90243409e+01
0.00000000e+00 -1.47919977e+03 6.77168075e+01 2.12124809e-01 5.45799997e-02 -1.95706148e+01
0.00000000e+00 -1.47803293e+03 7.79498933e+01 2.97829262e-01 3.27851336e-02 -1.92350310e+01
0.00000000e+00 -1.47548460e+03 8.08858650e+01 1.24428074e-01 3.00895537e-02 -1.90268417e+01
0.00000000e+00 -1.47212309e+03 7.07176651e+01 3.41851262e-01 5.47324904e-02 -1.92608494e+01
0.00000000e+00 -1.47207604e+03 5.49983139e+01 1.19262457e-01 7.89196530e-02 -1.98407420e+01
0.00000000e+00 -1.46598403e+03 6.62081864e+01 3.24465015e-01 5.47178303e-02 -1.93209049e+01
4.94065646e-324 -1.46245408e+03 6.57848640e+01 2.91828752e-01 5.51814672e-02 -1.96182376e+01
1.48219694e-323 -1.46242632e+03 7.99806654e+01 3.58358010e-01 4.18726912e-02 -1.89776824e+01
1.97626258e-323 -1.46182241e+03 6.13264634e+01 4.33352782e-01 6.40506131e-02 -1.94704527e+01
3.35964639e-322 -1.45856133e+03 6.34930864e+01 1.59332705e-01 5.78499051e-02 -1.94680096e+01
7.60861095e-322 -1.45824409e+03 7.29819495e+01 1.57802920e-01 4.83694121e-02 -1.94071892e+01
2.25293935e-321 -1.45682683e+03 8.15576335e+01 2.12735794e-01 3.05385475e-02 -1.89412460e+01
3.64620447e-321 -1.45680915e+03 6.12623330e+01 1.14253229e-01 7.10633369e-02 -1.96755113e+01
2.97970991e-320 -1.45408355e+03 8.16054263e+01 3.89772943e-01 3.90916448e-02 -1.90687007e+01
1.00206394e-319 -1.45312996e+03 7.05472694e+01 2.74846421e-01 3.58732592e-02 -1.94162003e+01
3.90884976e-319 -1.45164337e+03 7.00183924e+01 3.96647385e-01 5.32935908e-02 -1.92195089e+01
5.15344559e-318 -1.44892079e+03 5.89801709e+01 2.48542608e-01 7.25693722e-02 -1.96384967e+01
3.03121280e-317 -1.44725511e+03 5.36129237e+01 2.00099254e-01 6.68654031e-02 -1.98865439e+01
1.66347866e-316 -1.44554183e+03 5.62115564e+01 4.63036110e-01 5.92908440e-02 -1.97021365e+01
3.35852150e-316 -1.44521189e+03 5.88022626e+01 1.13636610e-01 6.58993760e-02 -1.96666921e+01
2.41226753e-315 -1.44277936e+03 5.73549542e+01 4.34064906e-01 5.35164934e-02 -1.97236769e+01
9.36913966e-315 -1.44160406e+03 6.19735654e+01 1.16869611e-01 4.67987547e-02 -1.97299075e+01
2.53904046e-314 -1.44066465e+03 6.34410555e+01 1.52151737e-01 6.55503070e-02 -1.95350199e+01
1.14381156e-313 -1.43899948e+03 5.47446742e+01 2.42397649e-01 6.85352443e-02 -1.97948363e+01
8.67546099e-313 -1.43691388e+03 7.11177909e+01 4.73122831e-01 4.04466763e-02 -1.93831216e+01
1.83630827e-312 -1.43658633e+03 6.35537164e+01 1.50020716e-01 4.98880255e-02 -1.94830291e+01
1.15372492e-309 -1.42959821e+03 8.80628885e+01 1.28194484e-01 3.24940331e-02 -1.88723075e+01
3.34207302e-309 -1.42895157e+03 7.41458639e+01 4.13272047e-01 3.96622018e-02 -1.93208449e+01
2.80112227e-308 -1.42648227e+03 5.68004808e+01 2.85694412e-01 5.50225225e-02 -1.98409656e+01
7.27660736e-307 -1.42317647e+03 8.56592735e+01 4.38688373e-01 3.29685603e-02 -1.89618526e+01
1.82096853e-306 -1.42270465e+03 5.73941237e+01 2.95262606e-01 6.18611571e-02 -1.96630227e+01
2.37433181e-306 -1.42258741e+03 6.44136390e+01 2.00201661e-01 4.16272271e-02 -1.95263304e+01
7.51038524e-305 -1.41851050e+03 7.94695392e+01 4.91112271e-01 4.14538970e-02 -1.90736636e+01
6.61600223e-304 -1.41643251e+03 8.21798547e+01 1.05199645e-01 3.70490152e-02 -1.91344939e+01
1.37176343e-303 -1.41613930e+03 6.72740625e+01 3.29590777e-01 3.83526059e-02 -1.93845492e+01
1.68351243e-303 -1.41599973e+03 6.66866210e+01 2.11206028e-01 6.08779080e-02 -1.94299927e+01
4.82516883e-303 -1.41452342e+03 7.04235515e+01 1.24924773e-01 3.75196581e-02 -1.93249672e+01
1.49274079e-302 -1.41348911e+03 5.99887828e+01 3.34146445e-01 6.33627684e-02 -1.95414553e+01
5.33938164e-302 -1.41213727e+03 6.29944983e+01 1.82903757e-01 5.40958505e-02 -1.94789876e+01
1.02002406e-301 -1.41179175e+03 8.61417012e+01 4.58684877e-01 3.23249909e-02 -1.89393727e+01
2.36656156e-301 -1.41070130e+03 7.24187806e+01 4.88386149e-01 4.78367709e-02 -1.91128962e+01
1.26174159e-300 -1.40888533e+03 6.42830997e+01 3.19907023e-01 6.06994588e-02 -1.96309739e+01
1.19489444e-299 -1.40657801e+03 6.22733084e+01 1.76333165e-01 4.51772409e-02 -1.96844209e+01
4.03141673e-299 -1.40557663e+03 5.47838161e+01 4.27148829e-01 7.93867007e-02 -1.97631831e+01
2.24112335e-298 -1.40368551e+03 5.45264088e+01 1.47797925e-01 7.80210876e-02 -2.00060017e+01
5.25641475e-298 -1.40314997e+03 7.36605399e+01 4.77882064e-01 4.95274842e-02 -1.91483021e+01
7.04703022e-298 -1.40302555e+03 6.04976328e+01 2.22959722e-01 4.79265753e-02 -1.97331037e+01
3.31892946e-297 -1.40095895e+03 5.34297991e+01 3.60199529e-01 6.58985678e-02 -1.98763491e+01
7.22655379e-297 -1.40057966e+03 7.33169172e+01 3.22031357e-01 3.62804680e-02 -1.91322620e+01
1.01804826e-293 -1.39280491e+03 6.73893380e+01 4.11119069e-01 5.79670767e-02 -1.93185068e+01
1.92576290e-292 -1.38991525e+03 5.97398179e+01 1.87321455e-01 4.92523499e-02 -1.96948630e+01
5.11472039e-292 -1.38932029e+03 5.36621814e+01 2.15786091e-01 6.42703108e-02 -1.99400266e+01
7.66420531e-292 -1.38903305e+03 5.35996309e+01 2.54085769e-01 6.47392596e-02 -1.99134010e+01
5.11919751e-291 -1.38666000e+03 5.68405199e+01 2.09488298e-01 7.95064454e-02 -1.98085209e+01
1.13050256e-290 -1.38630779e+03 8.85085544e+01 4.31264827e-01 2.65479297e-02 -1.88622122e+01
2.86990676e-290 -1.38510242e+03 5.26048058e+01 2.84225925e-01 7.45710745e-02 -2.00249955e+01
2.35447625e-289 -1.38283057e+03 5.54384749e+01 4.94457810e-01 6.72051441e-02 -1.98737201e+01
4.32349299e-289 -1.38279868e+03 8.16052835e+01 1.25199865e-01 3.17394923e-02 -1.91641672e+01
1.29907362e-288 -1.38120237e+03 6.28654862e+01 4.84453842e-01 5.35925847e-02 -1.96426702e+01
3.19802756e-288 -1.38052408e+03 6.84724920e+01 4.25081283e-01 5.71552773e-02 -1.93985484e+01
5.81683736e-288 -1.37996385e+03 6.54231021e+01 4.78023429e-01 6.20693132e-02 -1.93980159e+01
1.44489817e-287 -1.37889379e+03 5.59252444e+01 3.30077786e-01 5.97113620e-02 -1.97594883e+01
2.41766515e-287 -1.37866695e+03 8.17273439e+01 1.90443009e-01 3.22650826e-02 -1.91606922e+01
2.74839737e-287 -1.37861846e+03 8.73790444e+01 3.30951665e-01 2.53067403e-02 -1.88495384e+01
4.67665175e-287 -1.37777099e+03 8.41364673e+01 1.77404932e-01 3.03237778e-02 -1.88970127e+01
6.81580304e-287 -1.37768587e+03 6.22770556e+01 1.85017528e-01 6.65940524e-02 -1.95550837e+01
8.75241720e-287 -1.37729945e+03 5.67702376e+01 3.27180081e-01 5.57154316e-02 -1.98223069e+01
1.35031900e-286 -1.37682961e+03 6.43343816e+01 3.55963762e-01 5.78699577e-02 -1.96312214e+01
3.06144660e-286 -1.37583758e+03 5.41954271e+01 2.17799908e-01 7.19427752e-02 -1.98362718e+01
2.08277096e-285 -1.37371447e+03 7.13948769e+01 2.35436533e-01 3.66566501e-02 -1.94177581e+01
4.01146777e-285 -1.37356288e+03 5.77565306e+01 2.56395467e-01 5.33585815e-02 -1.98102730e+01
3.61414452e-284 -1.37080239e+03 7.70687019e+01 2.54102844e-01 4.43120201e-02 -1.92308989e+01
1.25952663e-283 -1.36980256e+03 7.28285237e+01 2.21312770e-01 3.32864941e-02 -1.93111244e+01
2.39508738e-283 -1.36932638e+03 8.20543072e+01 2.94564616e-01 3.82822040e-02 -1.90859938e+01
3.16481978e-281 -1.36396073e+03 7.26935461e+01 1.39076138e-01 4.53716191e-02 -1.92025642e+01
6.36987571e-281 -1.36393228e+03 7.62458352e+01 4.44017991e-01 3.13545660e-02 -1.91171757e+01
1.36130339e-280 -1.36276032e+03 7.39372901e+01 1.03464963e-01 3.90346298e-02 -1.91956084e+01
2.81283266e-280 -1.36222070e+03 8.12657200e+01 2.87597890e-01 2.82263145e-02 -1.89938308e+01
3.61172454e-280 -1.36218212e+03 7.30581435e+01 2.33105392e-01 3.54707466e-02 -1.91875783e+01
3.98326798e-280 -1.36202408e+03 7.12791703e+01 4.77333663e-01 5.13991468e-02 -1.91834219e+01
1.25826547e-279 -1.36043986e+03 6.26822924e+01 4.02132398e-01 6.18454256e-02 -1.96592964e+01
2.84574455e-279 -1.35988908e+03 6.74517933e+01 2.38110440e-01 5.70688184e-02 -1.95332855e+01
4.87859251e-279 -1.35935161e+03 5.41953627e+01 3.26806859e-01 6.46621871e-02 -1.98432602e+01
6.60772475e-279 -1.35920935e+03 6.32512539e+01 3.85003283e-01 6.53249105e-02 -1.94732775e+01
2.47254598e-278 -1.35741577e+03 7.82756492e+01 1.44250878e-01 4.14728280e-02 -1.92418972e+01
1.01437824e-277 -1.35608050e+03 8.62963066e+01 2.92891062e-01 3.51308426e-02 -1.88591990e+01
3.84107563e-277 -1.35474582e+03 7.80374923e+01 2.52155407e-01 4.45964366e-02 -1.91208356e+01
1.14723445e-276 -1.35372137e+03 8.21582414e+01 3.56106200e-01 2.81466107e-02 -1.89432681e+01
5.86029958e-276 -1.35193543e+03 8.33221337e+01 3.33560429e-01 3.61352308e-02 -1.88735490e+01
1.30465065e-275 -1.35146036e+03 6.93275760e+01 3.05794185e-01 3.78811016e-02 -1.94413717e+01
2.92448465e-275 -1.35048670e+03 8.52907810e+01 1.18192301e-01 3.43657409e-02 -1.89474532e+01
7.91954666e-274 -1.34689124e+03 6.90860683e+01 4.76435305e-01 3.82814559e-02 -1.92729088e+01
2.10644245e-273 -1.34633625e+03 5.68656434e+01 3.01032077e-01 7.61527336e-02 -1.97213729e+01
2.73166119e-273 -1.34628928e+03 5.36058726e+01 4.25446810e-01 7.77125656e-02 -1.98159615e+01
2.00775605e-272 -1.34369324e+03 7.28056201e+01 4.03945271e-01 4.73134471e-02 -1.91257802e+01
4.66146722e-272 -1.34328566e+03 6.18210265e+01 3.73301548e-01 6.03851662e-02 -1.97084774e+01
1.32209816e-271 -1.34196690e+03 5.64838691e+01 1.90991898e-01 7.79979727e-02 -1.97896900e+01
3.49730780e-271 -1.34110656e+03 6.44378021e+01 1.58545742e-01 5.48172333e-02 -1.94458928e+01
5.05441281e-271 -1.34104505e+03 8.33878438e+01 2.78378939e-01 3.53926893e-02 -1.90730072e+01
1.96361920e-270 -1.33916356e+03 7.84281846e+01 4.23819344e-01 3.83546558e-02 -1.89541213e+01
5.49892200e-270 -1.33835805e+03 6.74014574e+01 4.10344889e-01 5.61395098e-02 -1.94834488e+01
1.30396442e-269 -1.33746507e+03 7.33169800e+01 2.40532505e-01 4.60308873e-02 -1.93801797e+01
2.43933707e-268 -1.33422819e+03 6.87109655e+01 4.92149967e-01 4.03689827e-02 -1.94116979e+01
4.99310916e-268 -1.33410207e+03 5.77462642e+01 4.29193952e-01 7.53568016e-02 -1.96714488e+01
5.82033833e-268 -1.33391930e+03 5.90722083e+01 3.94114691e-01 7.33703625e-02 -1.96357799e+01
1.77067326e-267 -1.33239436e+03 6.16438310e+01 3.19829573e-01 6.08940738e-02 -1.97306807e+01
2.95661810e-267 -1.33235519e+03 6.79095594e+01 3.60948448e-01 5.85750656e-02 -1.93827473e+01
1.20145840e-266 -1.33040960e+03 6.03353489e+01 2.31923248e-01 7.21299371e-02 -1.96975577e+01
7.25766754e-266 -1.32863009e+03 6.53940362e+01 4.30928961e-01 5.22490314e-02 -1.93294601e+01
2.78468109e-265 -1.32737756e+03 5.98453130e+01 1.41509425e-01 6.60062443e-02 -1.98345298e+01
4.90269060e-265 -1.32713753e+03 6.16555532e+01 2.80909932e-01 5.21325328e-02 -1.95178273e+01
5.99391314e-265 -1.32696228e+03 5.83867049e+01 1.14842755e-01 7.11664289e-02 -1.97179746e+01
6.81119581e-265 -1.32686971e+03 5.58078187e+01 1.71820312e-01 6.48955856e-02 -1.97934384e+01
2.57542170e-264 -1.32503679e+03 7.97286815e+01 4.67999572e-01 3.06298422e-02 -1.90718781e+01
1.57644503e-263 -1.32322460e+03 7.43988050e+01 3.24097849e-01 4.89269250e-02 -1.92206439e+01
3.76242151e-263 -1.32264483e+03 5.23232445e+01 3.04757692e-01 7.42371928e-02 -1.99362685e+01
1.88778913e-262 -1.32072007e+03 5.46636655e+01 3.78987348e-01 6.82824760e-02 -1.99241250e+01
9.18662622e-262 -1.31919511e+03 6.31121797e+01 1.84720107e-01 4.42156548e-02 -1.96268673e+01
6.43317771e-261 -1.31717287e+03 8.54481432e+01 3.04387522e-01 3.01807172e-02 -1.90127390e+01
7.21210427e-260 -1.31471013e+03 6.57848061e+01 1.17483527e-01 5.50464828e-02 -1.96497938e+01
3.74506538e-259 -1.31317241e+03 6.76916669e+01 3.98623885e-01 4.83932194e-02 -1.92629404e+01
1.13946545e-258 -1.31217596e+03 5.28391333e+01 2.39979905e-01 7.85037299e-02 -2.00158441e+01
2.64800453e-258 -1.31139093e+03 8.03375112e+01 4.34647253e-01 3.07340221e-02 -1.90790965e+01
8.18999212e-258 -1.31013287e+03 5.64660683e+01 3.18784034e-01 6.96277567e-02 -1.98941350e+01
1.67196644e-257 -1.30964404e+03 6.27138384e+01 2.76622772e-01 4.66320003e-02 -1.96647769e+01
8.12819073e-257 -1.30771697e+03 6.10075576e+01 3.79225882e-01 6.55470556e-02 -1.97094493e+01
8.83863795e-256 -1.30527475e+03 6.00177665e+01 3.57452527e-01 7.06389612e-02 -1.97136121e+01
2.89927384e-255 -1.30432797e+03 6.65070036e+01 1.95012763e-01 4.55559086e-02 -1.96062611e+01
1.51750132e-254 -1.30248916e+03 6.70850598e+01 1.77974978e-01 3.93726707e-02 -1.94942153e+01
3.14119598e-254 -1.30214762e+03 5.62442691e+01 3.62826759e-01 7.51330922e-02 -1.97229929e+01
6.71884029e-254 -1.30116508e+03 5.79333061e+01 3.47316954e-01 6.01356119e-02 -1.96449744e+01
1.15790880e-253 -1.30084559e+03 6.27129006e+01 4.97369231e-01 4.92668916e-02 -1.96087017e+01
5.01708810e-253 -1.29897290e+03 7.32188227e+01 1.44551050e-01 4.60305085e-02 -1.92013488e+01
1.35913516e-252 -1.29821404e+03 6.24744079e+01 4.84271441e-01 4.62061389e-02 -1.95237321e+01
2.11054293e-252 -1.29796134e+03 7.48562971e+01 1.02390230e-01 3.81797782e-02 -1.91821298e+01
1.02379823e-249 -1.29120008e+03 5.45700089e+01 3.10169127e-01 7.14592947e-02 -1.98022296e+01
5.45338233e-249 -1.28972978e+03 8.93369951e+01 2.67444162e-01 2.95943978e-02 -1.89050774e+01
1.44665223e-248 -1.28890851e+03 5.96284692e+01 4.11150050e-01 6.41052739e-02 -1.95524274e+01
3.81169562e-248 -1.28787658e+03 6.00035170e+01 3.34553658e-01 5.07004745e-02 -1.97201649e+01
8.02822409e-248 -1.28725267e+03 6.60543433e+01 1.05594472e-01 5.57378184e-02 -1.94406004e+01
1.33682713e-247 -1.28680417e+03 6.07084470e+01 2.15518991e-01 4.81804659e-02 -1.96715449e+01
1.08525131e-246 -1.28429079e+03 7.56558095e+01 2.06248061e-01 3.18622807e-02 -1.92188233e+01
5.05228362e-246 -1.28289226e+03 8.16682774e+01 1.21375305e-01 3.60625732e-02 -1.91477678e+01
1.06717092e-245 -1.28239594e+03 5.58649842e+01 1.22230738e-01 6.46443062e-02 -1.98256329e+01
1.03974036e-243 -1.27734439e+03 8.05855650e+01 3.95515095e-01 4.01445394e-02 -1.90544541e+01
3.40010415e-243 -1.27651059e+03 6.53262169e+01 1.17272088e-01 4.32288163e-02 -1.95241833e+01
8.45356194e-243 -1.27556351e+03 7.15020752e+01 1.92949731e-01 4.22769308e-02 -1.94581442e+01
1.63528534e-242 -1.27503660e+03 5.52619734e+01 1.74917494e-01 7.99811094e-02 -1.98899202e+01
2.43628371e-242 -1.27471644e+03 7.33008663e+01 1.26216126e-01 4.03114201e-02 -1.92032628e+01
2.94234854e-242 -1.27462887e+03 6.33786091e+01 1.61821618e-01 6.30014020e-02 -1.95249842e+01
4.21425325e-242 -1.27406719e+03 5.69505648e+01 1.49955742e-01 7.17279293e-02 -1.97571978e+01
3.83084420e-241 -1.27147782e+03 6.33558888e+01 3.63455439e-01 4.98489456e-02 -1.94382300e+01
8.18033245e-241 -1.27121289e+03 6.72150843e+01 1.65826797e-01 5.07653616e-02 -1.93584368e+01
2.59505414e-240 -1.26968142e+03 8.59222921e+01 2.10463803e-01 3.31283022e-02 -1.90076579e+01
1.04370979e-239 -1.26831843e+03 5.27819359e+01 1.54806616e-01 7.51496414e-02 -1.99767228e+01
5.18592257e-239 -1.26665811e+03 5.72830668e+01 1.36072451e-01 7.62366943e-02 -1.98178800e+01
9.04313931e-239 -1.26657915e+03 5.54183181e+01 4.91033055e-01 7.54150823e-02 -1.97362295e+01
1.49483254e-238 -1.26579474e+03 5.65194521e+01 3.29351434e-01 7.34589200e-02 -1.98673990e+01
1.66487212e-237 -1.26306855e+03 6.92225466e+01 2.26575064e-01 5.31091284e-02 -1.93014533e+01
7.71800713e-237 -1.26169338e+03 7.76520362e+01 4.24409106e-01 4.12292703e-02 -1.90001611e+01
1.44968799e-236 -1.26138516e+03 7.72724382e+01 2.87898728e-01 3.64469968e-02 -1.92522425e+01
1.10528460e-235 -1.25887797e+03 6.45572865e+01 4.87986262e-01 5.24689149e-02 -1.95737632e+01
5.46779172e-235 -1.25740368e+03 5.80152504e+01 3.36783638e-01 5.91304080e-02 -1.98219838e+01
1.80499872e-234 -1.25628186e+03 7.63421629e+01 2.84284089e-01 3.49169764e-02 -1.92667940e+01
2.82813857e-234 -1.25620115e+03 7.24260163e+01 4.84887631e-01 4.92813009e-02 -1.91626930e+01
3.48647389e-234 -1.25588061e+03 6.50073477e+01 2.82808177e-01 5.01932543e-02 -1.93919445e+01
2.11186757e-233 -1.25363055e+03 7.24825023e+01 1.20976931e-01 3.94280534e-02 -1.94264460e+01
4.78543620e-233 -1.25321636e+03 8.82761889e+01 2.48385946e-01 3.17926438e-02 -1.89154119e+01
6.46255231e-233 -1.25299288e+03 6.52467248e+01 3.28923437e-01 6.18702090e-02 -1.94470410e+01
1.20313389e-232 -1.25213349e+03 6.50175385e+01 2.32960531e-01 4.76074156e-02 -1.94201139e+01
5.09931105e-232 -1.25051349e+03 6.91091124e+01 4.32851771e-01 3.87602918e-02 -1.92875088e+01
2.24415651e-231 -1.24905734e+03 6.29723612e+01 4.94005848e-01 4.93408273e-02 -1.94391380e+01
4.42872808e-231 -1.24869156e+03 8.70323213e+01 4.45295096e-01 2.77692905e-02 -1.88698576e+01
1.54861091e-230 -1.24709379e+03 5.90337886e+01 1.29630262e-01 5.42799261e-02 -1.98185616e+01
3.40103104e-230 -1.24659339e+03 8.78332229e+01 4.47327078e-01 2.85867132e-02 -1.87659274e+01
2.37721332e-229 -1.24426466e+03 5.69420058e+01 2.88736126e-01 5.98750270e-02 -1.97296701e+01
5.07842475e-229 -1.24396291e+03 7.36092078e+01 3.29327801e-01 3.87386015e-02 -1.91191788e+01
6.46349091e-229 -1.24376297e+03 7.87593023e+01 4.00080762e-01 4.07508385e-02 -1.91333937e+01
8.13222328e-229 -1.24350371e+03 5.42581045e+01 2.82208914e-01 7.29167036e-02 -1.99571075e+01
1.62993472e-228 -1.24256265e+03 8.36163665e+01 1.58332363e-01 3.21003592e-02 -1.89347460e+01
2.09180291e-227 -1.23973528e+03 6.32496818e+01 3.20749987e-01 6.02568515e-02 -1.94541685e+01
5.93697278e-227 -1.23903408e+03 6.32688114e+01 1.77754238e-01 5.69809089e-02 -1.94908486e+01
2.10070188e-226 -1.23757292e+03 6.51378727e+01 1.26948645e-01 4.31744416e-02 -1.95739909e+01
4.07360178e-226 -1.23723863e+03 6.70225913e+01 1.14010493e-01 4.86126704e-02 -1.96090187e+01
6.70715907e-226 -1.23663183e+03 5.39567522e+01 1.00894665e-01 7.16014920e-02 -1.99934998e+01
9.37096009e-226 -1.23647831e+03 5.47010656e+01 4.38771011e-01 7.27777758e-02 -1.97766948e+01
1.94451907e-225 -1.23542483e+03 6.25845493e+01 2.28518912e-01 4.65674064e-02 -1.95643241e+01
9.84426068e-225 -1.23365826e+03 5.84121251e+01 1.11428472e-01 5.65415560e-02 -1.98468635e+01
2.07184773e-224 -1.23327126e+03 5.40454983e+01 3.32946125e-01 6.78179027e-02 -1.99168647e+01
2.57036785e-224 -1.23318503e+03 8.26848115e+01 3.59614266e-01 3.17552057e-02 -1.88829411e+01
1.69603443e-223 -1.23072596e+03 7.08919856e+01 3.06810769e-01 4.20195814e-02 -1.94335240e+01
8.23123397e-223 -1.22927066e+03 5.70086443e+01 1.90704820e-01 5.79889576e-02 -1.97898812e+01
2.78159920e-222 -1.22811324e+03 6.04292958e+01 2.97570063e-01 5.25684835e-02 -1.95876551e+01
9.10750845e-222 -1.22691399e+03 7.82552609e+01 3.80884789e-01 3.45266238e-02 -1.89877316e+01
2.30626237e-221 -1.22607825e+03 5.51025445e+01 4.60486215e-01 7.02032812e-02 -1.97549536e+01
4.11226153e-221 -1.22563058e+03 5.32050593e+01 2.68860431e-01 7.15852589e-02 -1.99487583e+01
5.33795483e-221 -1.22550416e+03 6.52307090e+01 1.53182239e-01 6.14064909e-02 -1.95776220e+01
2.49611121e-220 -1.22344667e+03 6.18995631e+01 1.40985488e-01 6.54454084e-02 -1.97241074e+01
5.15187051e-220 -1.22315741e+03 6.89020379e+01 2.17796717e-01 3.79048442e-02 -1.94247552e+01
8.26956594e-220 -1.22256050e+03 6.61159270e+01 3.76301359e-01 5.37567161e-02 -1.93349009e+01
1.25676193e-218 -1.21944068e+03 7.21185214e+01 3.15451280e-01 3.78664701e-02 -1.93704445e+01
4.97509423e-218 -1.21829414e+03 5.60287505e+01 1.35243538e-01 6.37013184e-02 -1.98293288e+01
1.12062098e-217 -1.21761203e+03 7.00253771e+01 1.47119174e-01 5.33026553e-02 -1.94379211e+01
2.66959695e-217 -1.21665708e+03 5.85348107e+01 2.42841051e-01 6.75430067e-02 -1.98353346e+01
5.24995221e-217 -1.21610755e+03 5.66855224e+01 2.17103950e-01 6.72571913e-02 -1.99068505e+01
8.40362230e-217 -1.21568027e+03 7.21784196e+01 4.05164881e-01 3.57518879e-02 -1.92894372e+01
9.85297324e-216 -1.21276591e+03 6.90842937e+01 4.41272447e-01 4.13411988e-02 -1.92501742e+01
2.21380177e-215 -1.21244629e+03 6.51878314e+01 4.33302287e-01 6.00423728e-02 -1.95157687e+01
5.58664368e-215 -1.21123101e+03 7.07806684e+01 1.05888654e-01 5.16794661e-02 -1.94130579e+01
2.85295751e-214 -1.20950048e+03 5.47455553e+01 4.98651204e-01 6.90842005e-02 -1.98484698e+01
7.67091767e-214 -1.20872312e+03 6.61464559e+01 2.30534693e-01 4.52617790e-02 -1.95897709e+01
2.03480898e-213 -1.20766369e+03 6.18324693e+01 3.64142715e-01 6.65057622e-02 -1.95400704e+01
3.70758628e-213 -1.20728396e+03 7.02822152e+01 3.03586307e-01 3.77891233e-02 -1.93997926e+01
7.21193267e-211 -1.20149195e+03 5.83299677e+01 1.70204896e-01 5.73442135e-02 -1.97194457e+01
4.39748946e-210 -1.19985558e+03 7.16552187e+01 3.79829513e-01 4.05067911e-02 -1.93758459e+01
1.26206341e-209 -1.19896353e+03 8.26105172e+01 4.79423209e-01 3.31560842e-02 -1.90055907e+01
2.00538962e-209 -1.19874228e+03 5.98583076e+01 2.84735456e-01 5.10933636e-02 -1.96655922e+01
3.11211371e-209 -1.19815169e+03 6.40291919e+01 3.26530142e-01 6.39003971e-02 -1.95310178e+01
5.12431911e-209 -1.19770234e+03 7.30695667e+01 1.23561953e-01 3.78586885e-02 -1.93882890e+01
7.51605887e-209 -1.19735833e+03 7.64252360e+01 2.89869557e-01 4.32493748e-02 -1.90799822e+01
9.68908257e-209 -1.19716742e+03 6.40252538e+01 1.80565344e-01 6.17733420e-02 -1.95072235e+01
2.15856993e-208 -1.19604182e+03 5.61492186e+01 2.21246060e-01 6.95154822e-02 -1.99164187e+01
5.00315894e-208 -1.19530942e+03 5.48756576e+01 2.53289778e-01 7.81059607e-02 -1.99033626e+01
9.41677947e-208 -1.19472368e+03 5.73787016e+01 2.60579691e-01 7.44834421e-02 -1.97437029e+01
1.55681072e-207 -1.19426489e+03 7.03930555e+01 3.83409477e-01 5.27049918e-02 -1.93507772e+01
4.37792367e-207 -1.19298263e+03 6.28497021e+01 2.03661651e-01 6.36675702e-02 -1.95375616e+01
8.53316265e-207 -1.19257840e+03 7.42123178e+01 4.18575810e-01 3.41791851e-02 -1.91621775e+01
1.68945144e-206 -1.19174011e+03 7.38112784e+01 1.64808881e-01 3.79292571e-02 -1.93719157e+01
2.65069881e-206 -1.19151301e+03 5.94315218e+01 4.57441088e-01 5.85488958e-02 -1.95703923e+01
3.88710383e-205 -1.18827678e+03 6.48351590e+01 3.90528195e-01 5.51521224e-02 -1.93777280e+01
1.61803853e-204 -1.18707062e+03 5.53073821e+01 2.75134097e-01 7.43196740e-02 -1.99111795e+01
2.96344859e-204 -1.18674298e+03 6.00428246e+01 4.27398632e-01 6.72433081e-02 -1.97017413e+01
5.07619127e-204 -1.18607150e+03 6.84457377e+01 4.95459298e-01 4.63919192e-02 -1.92381834e+01
6.69715483e-204 -1.18607141e+03 6.07631438e+01 2.39062050e-01 5.31977441e-02 -1.95900154e+01
3.43560594e-203 -1.18384208e+03 5.93435173e+01 2.88134785e-01 5.72097252e-02 -1.97890172e+01
1.79936357e-202 -1.18226925e+03 6.86888027e+01 2.26202491e-01 5.24505770e-02 -1.93157064e+01
4.99088921e-202 -1.18141047e+03 8.63471734e+01 2.08739768e-01 3.29642773e-02 -1.89702930e+01
7.20416909e-202 -1.18135043e+03 7.90572006e+01 1.77511958e-01 3.42697962e-02 -1.90409750e+01
1.31773964e-201 -1.18040905e+03 5.99653527e+01 1.97120052e-01 7.02263421e-02 -1.96763654e+01
2.01000210e-201 -1.18028911e+03 5.67179883e+01 4.29769451e-01 7.19280439e-02 -1.97003364e+01
3.06045739e-201 -1.17965640e+03 7.42346001e+01 3.95559235e-01 3.68932765e-02 -1.92784990e+01
4.48675710e-201 -1.17943149e+03 6.17243951e+01 1.35775965e-01 6.69685125e-02 -1.96490224e+01
6.33920250e-201 -1.17899346e+03 5.80959101e+01 1.81563436e-01 5.66203931e-02 -1.97448725e+01
1.63780503e-200 -1.17781020e+03 5.68543500e+01 4.76526768e-01 6.05702986e-02 -1.97680615e+01
3.61635851e-200 -1.17717154e+03 8.76921739e+01 4.36481550e-01 2.93662793e-02 -1.87861940e+01
5.22422242e-200 -1.17697702e+03 6.16787481e+01 3.12458950e-01 6.64696252e-02 -1.96623699e+01
9.53061617e-200 -1.17612805e+03 8.07428612e+01 2.89970430e-01 3.11569102e-02 -1.91131438e+01
1.36877034e-199 -1.17607215e+03 6.42090415e+01 1.21073300e-01 4.78144020e-02 -1.95253290e+01
1.65709378e-199 -1.17576223e+03 5.92043342e+01 3.62859645e-01 5.28649432e-02 -1.96959025e+01
5.41344693e-199 -1.17421852e+03 6.24789589e+01 4.35275430e-01 6.33196949e-02 -1.96132482e+01
1.05046156e-198 -1.17390899e+03 7.18449089e+01 4.25411861e-01 4.25533473e-02 -1.93566421e+01
1.25273069e-198 -1.17383710e+03 6.61832567e+01 2.98149534e-01 4.23168986e-02 -1.95225954e+01
6.40931760e-198 -1.17164986e+03 6.11185388e+01 2.89800510e-01 6.03460170e-02 -1.97403089e+01
1.46115054e-197 -1.17121547e+03 5.78278395e+01 4.64595417e-01 5.75998340e-02 -1.97324427e+01
4.28794189e-197 -1.16986704e+03 6.19448149e+01 2.16265483e-01 5.13553231e-02 -1.95550044e+01
2.09935364e-196 -1.16822074e+03 7.91414751e+01 4.05637559e-01 3.90525460e-02 -1.89759462e+01
7.37285105e-196 -1.16705669e+03 6.21846821e+01 1.62676051e-01 4.80639053e-02 -1.96799259e+01
1.36028129e-195 -1.16669965e+03 6.15063894e+01 1.35215603e-01 6.63622424e-02 -1.96339497e+01
2.14515378e-195 -1.16617526e+03 7.04166281e+01 4.20614291e-01 3.74187989e-02 -1.93067322e+01
3.41603045e-194 -1.16297925e+03 6.68544284e+01 1.96910189e-01 5.34789389e-02 -1.95787438e+01
8.47827396e-194 -1.16251420e+03 5.86224273e+01 1.36326369e-01 5.94787684e-02 -1.98517264e+01
2.71648686e-193 -1.16107107e+03 5.78100306e+01 2.43089651e-01 5.66122358e-02 -1.97485942e+01
4.50167688e-193 -1.16101715e+03 8.43210299e+01 4.40149393e-01 3.25995696e-02 -1.88467638e+01
5.13743349e-193 -1.16081017e+03 7.38180307e+01 1.06669019e-01 4.69098701e-02 -1.93030779e+01
9.09467341e-193 -1.16001254e+03 5.75753731e+01 3.30107128e-01 6.39185264e-02 -1.98334014e+01
1.57283137e-192 -1.15959602e+03 7.61655926e+01 2.90498654e-01 3.80082984e-02 -1.92726252e+01
1.89349568e-192 -1.15959173e+03 8.65626350e+01 4.63996658e-01 3.03983458e-02 -1.88105307e+01
2.27618867e-192 -1.15925022e+03 7.76294723e+01 1.15042777e-01 3.36739746e-02 -1.91688928e+01
3.56603322e-192 -1.15872607e+03 7.63596505e+01 2.96040672e-01 3.25698704e-02 -1.91288287e+01
5.63472233e-192 -1.15830473e+03 7.81938532e+01 3.12040023e-01 4.28473009e-02 -1.91067863e+01
1.49645356e-191 -1.15707712e+03 8.71459074e+01 3.74793517e-01 3.02212154e-02 -1.89033461e+01
2.32184942e-191 -1.15706435e+03 6.27395673e+01 1.89744790e-01 6.55258651e-02 -1.96275600e+01
2.34308221e-191 -1.15705225e+03 7.07413581e+01 2.31526291e-01 4.38464896e-02 -1.94576286e+01
3.25767845e-191 -1.15647948e+03 8.10679833e+01 2.05810048e-01 2.97742989e-02 -1.90610081e+01
5.54189304e-191 -1.15596699e+03 8.13866264e+01 2.18077312e-01 3.08700689e-02 -1.91118573e+01
7.15267166e-191 -1.15589873e+03 8.47121738e+01 3.50666389e-01 2.92237152e-02 -1.89717117e+01
1.47815794e-190 -1.15479675e+03 6.01908513e+01 2.46579069e-01 6.63524704e-02 -1.97607862e+01
2.26436070e-190 -1.15475026e+03 7.55982051e+01 2.96587006e-01 4.55977245e-02 -1.92211531e+01
3.52289517e-190 -1.15403190e+03 6.30628348e+01 3.14957213e-01 6.50670800e-02 -1.95573321e+01
5.56994965e-190 -1.15372459e+03 7.02188131e+01 3.43159824e-01 4.98648640e-02 -1.92343759e+01
1.01714088e-189 -1.15294542e+03 7.17902686e+01 3.60435780e-01 3.91682322e-02 -1.93631941e+01
2.82818564e-189 -1.15182383e+03 6.70436666e+01 2.44596963e-01 4.14436446e-02 -1.95107556e+01
4.79605483e-189 -1.15159612e+03 5.96174350e+01 1.81370603e-01 5.29776381e-02 -1.97633906e+01
8.76887894e-189 -1.15076525e+03 6.25641358e+01 4.15857854e-01 4.72569145e-02 -1.95566526e+01
1.33694940e-188 -1.15058610e+03 8.07864767e+01 1.30826887e-01 3.14452970e-02 -1.90939094e+01
1.86455922e-188 -1.15013562e+03 6.39067413e+01 1.69643301e-01 5.41367888e-02 -1.94825489e+01
2.48363329e-188 -1.14996317e+03 7.49680763e+01 1.84195077e-01 3.55381229e-02 -1.91684788e+01
3.06939275e-188 -1.14971356e+03 5.69025229e+01 4.15219650e-01 7.23721606e-02 -1.97993148e+01
3.83753328e-188 -1.14950512e+03 8.01713179e+01 4.40116534e-01 3.94185800e-02 -1.90360774e+01
8.95971814e-188 -1.14832821e+03 5.40520164e+01 3.51067605e-01 7.35198921e-02 -1.98678083e+01
1.67338907e-186 -1.14517057e+03 6.77304455e+01 3.70531659e-01 5.46533630e-02 -1.94678252e+01
6.97565491e-186 -1.14395853e+03 8.50902096e+01 4.12135880e-01 3.16566031e-02 -1.89477936e+01
1.60259260e-185 -1.14326988e+03 5.90655928e+01 1.33509716e-01 6.20011113e-02 -1.98442470e+01
3.01809789e-185 -1.14266089e+03 8.84648893e+01 2.56693109e-01 2.97307610e-02 -1.88123670e+01
1.20608811e-184 -1.14101410e+03 6.65143234e+01 4.78068226e-01 4.71170214e-02 -1.93163636e+01
2.03662739e-184 -1.14099364e+03 5.48157676e+01 3.60203946e-01 7.61545881e-02 -1.98403097e+01
3.56275805e-184 -1.14008748e+03 7.53004677e+01 3.94580544e-01 3.79690973e-02 -1.90685365e+01
9.77782016e-184 -1.13903447e+03 8.43104004e+01 2.77787949e-01 3.10581448e-02 -1.88831986e+01
1.78989696e-183 -1.13864415e+03 6.60120623e+01 3.69466696e-01 5.83589224e-02 -1.95047731e+01
1.14394245e-182 -1.13636662e+03 6.30933035e+01 4.02476114e-01 4.94728199e-02 -1.96124059e+01
7.96640706e-182 -1.13446397e+03 5.80929171e+01 3.68892765e-01 6.95681363e-02 -1.97836432e+01
1.56784750e-181 -1.13422558e+03 8.25148245e+01 1.90423620e-01 3.31931431e-02 -1.89565623e+01
3.96363047e-181 -1.13296287e+03 6.46702708e+01 2.07788621e-01 6.21096440e-02 -1.95386697e+01
6.36725012e-181 -1.13289734e+03 5.69516050e+01 2.55493302e-01 5.92874003e-02 -1.97859014e+01
8.41840286e-181 -1.13244693e+03 8.92096442e+01 3.30955472e-01 2.83768925e-02 -1.88446830e+01
1.03160670e-180 -1.13243387e+03 7.42916568e+01 1.08762242e-01 4.23268082e-02 -1.93573212e+01
1.24742998e-180 -1.13208975e+03 8.21639721e+01 4.72325402e-01 3.58494482e-02 -1.89100226e+01
3.35908533e-180 -1.13080413e+03 6.02221528e+01 3.24906301e-01 5.86597414e-02 -1.97507207e+01
1.19739648e-179 -1.12953286e+03 8.20165184e+01 4.95803670e-01 3.50029871e-02 -1.89937469e+01
2.40283425e-179 -1.12907663e+03 7.84202320e+01 2.89606826e-01 3.60575573e-02 -1.92003541e+01
3.07135907e-179 -1.12898574e+03 7.07327772e+01 4.79226102e-01 4.26724398e-02 -1.91834601e+01
4.54256865e-179 -1.12837654e+03 5.73173542e+01 4.87147827e-01 6.00877341e-02 -1.97121492e+01
2.40502976e-178 -1.12640236e+03 6.60088894e+01 2.13829072e-01 5.62031496e-02 -1.95845413e+01
4.91068412e-178 -1.12611482e+03 6.49154696e+01 1.58710686e-01 4.42170194e-02 -1.95415571e+01
1.08407149e-177 -1.12505829e+03 6.49778513e+01 3.08076415e-01 5.34076876e-02 -1.93990115e+01
5.23690546e-177 -1.12334775e+03 6.10897111e+01 2.03111150e-01 5.80149045e-02 -1.97630529e+01
1.13966559e-176 -1.12289148e+03 7.57381361e+01 3.40536445e-01 3.30992879e-02 -1.91759173e+01
2.54562400e-176 -1.12191272e+03 7.89593117e+01 4.59617307e-01 3.22139221e-02 -1.90644550e+01
5.65105824e-176 -1.12118794e+03 7.96556210e+01 3.22088715e-01 3.66316076e-02 -1.91485738e+01
7.60377670e-176 -1.12118391e+03 5.94317503e+01 2.24738201e-01 6.08266280e-02 -1.98069183e+01
1.06772865e-175 -1.12058941e+03 5.51796940e+01 4.09631960e-01 7.33360855e-02 -1.97980744e+01
1.40984658e-175 -1.12053502e+03 5.70011108e+01 4.07570927e-01 7.24692699e-02 -1.97179200e+01
5.21719650e-175 -1.11870577e+03 6.36901713e+01 2.48849154e-01 4.55935480e-02 -1.95968853e+01
4.50649859e-174 -1.11650214e+03 6.02691884e+01 2.35877010e-01 5.19314301e-02 -1.97247991e+01
8.20770141e-174 -1.11647344e+03 5.91054139e+01 4.84648851e-01 5.73108162e-02 -1.97025919e+01
5.94059424e-173 -1.11388429e+03 6.55419030e+01 4.02499877e-01 5.21724380e-02 -1.93581766e+01
1.36599899e-172 -1.11349203e+03 6.36161754e+01 4.71412049e-01 6.01624793e-02 -1.95624666e+01
2.27032429e-172 -1.11290755e+03 6.77927559e+01 4.62178705e-01 5.42451510e-02 -1.93062336e+01
5.28356763e-172 -1.11193810e+03 6.27246250e+01 3.77487837e-01 5.99120763e-02 -1.94723014e+01
2.60593966e-171 -1.11017584e+03 5.53958760e+01 4.31239158e-01 6.77288011e-02 -1.97934964e+01
4.73957363e-171 -1.11004651e+03 6.81210641e+01 2.20818437e-01 5.17000724e-02 -1.95243035e+01
1.39958544e-170 -1.10852783e+03 8.79533422e+01 2.20554560e-01 2.92751536e-02 -1.89164928e+01
2.70684659e-170 -1.10821635e+03 5.92562003e+01 4.23769578e-01 6.47092815e-02 -1.97365424e+01
4.00172353e-170 -1.10776552e+03 6.24930162e+01 4.47518054e-01 5.59175219e-02 -1.94590028e+01
6.62566086e-170 -1.10722344e+03 8.30984150e+01 2.27548814e-01 3.63271934e-02 -1.90321382e+01
1.02870383e-169 -1.10684248e+03 6.04253756e+01 2.62480833e-01 6.87335614e-02 -1.96919121e+01
2.80509064e-169 -1.10556013e+03 7.15350984e+01 2.97931828e-01 3.68749596e-02 -1.92648089e+01
5.28922195e-169 -1.10521184e+03 7.39912702e+01 3.75874001e-01 3.89360634e-02 -1.91142228e+01
1.52311503e-168 -1.10384352e+03 5.57816410e+01 3.66076165e-01 6.52950187e-02 -1.97897871e+01
6.25221442e-168 -1.10241635e+03 6.82477099e+01 1.74157928e-01 4.33572491e-02 -1.93631104e+01
2.87602932e-167 -1.10086391e+03 7.34873461e+01 4.82717655e-01 4.72355205e-02 -1.91852249e+01
1.13165732e-165 -1.09701721e+03 6.48748506e+01 4.15429272e-01 6.03571639e-02 -1.95017580e+01
4.38576485e-165 -1.09592816e+03 6.99456640e+01 1.64835678e-01 5.17323448e-02 -1.93359848e+01
7.78379911e-165 -1.09560610e+03 8.43404735e+01 2.75435825e-01 2.96300026e-02 -1.89099617e+01
1.33207213e-164 -1.09493249e+03 6.95958487e+01 2.31410322e-01 5.01216267e-02 -1.94693817e+01
1.77599404e-164 -1.09491293e+03 6.98973205e+01 3.04124069e-01 5.32656242e-02 -1.93227539e+01
7.14117038e-164 -1.09296837e+03 6.69421886e+01 2.23682886e-01 4.15018453e-02 -1.94458432e+01
1.56306963e-163 -1.09255609e+03 7.34642953e+01 1.21578179e-01 4.06672928e-02 -1.92294469e+01
1.88928849e-162 -1.08960340e+03 7.02798774e+01 4.86568406e-01 4.05998261e-02 -1.93416097e+01
3.64556063e-162 -1.08956699e+03 6.56929317e+01 3.96833174e-01 4.34478139e-02 -1.94380940e+01
9.70946032e-162 -1.08812032e+03 7.98999167e+01 1.41394834e-01 3.37596988e-02 -1.90677854e+01
5.69320513e-161 -1.08628491e+03 5.57423185e+01 1.74144974e-01 6.56632710e-02 -1.98841971e+01
1.55203479e-159 -1.08286013e+03 7.40443348e+01 3.75510478e-01 4.70035441e-02 -1.92219813e+01
3.33795229e-159 -1.08265465e+03 7.44422362e+01 3.40680461e-01 3.79046443e-02 -1.91172264e+01
3.91778328e-159 -1.08252669e+03 7.18577200e+01 4.01956324e-01 4.70708099e-02 -1.93358975e+01
7.23148594e-159 -1.08161783e+03 6.52023367e+01 4.17940768e-01 5.99444194e-02 -1.94492430e+01
1.12678069e-158 -1.08144106e+03 6.24430396e+01 2.67944110e-01 6.29913158e-02 -1.95368414e+01
1.35587307e-158 -1.08124300e+03 5.68732833e+01 2.88136231e-01 6.07325949e-02 -1.97847714e+01
2.87428585e-158 -1.08018809e+03 5.66745731e+01 4.41031366e-01 6.55554069e-02 -1.97932295e+01
5.76525279e-158 -1.07964967e+03 6.05891908e+01 2.42283635e-01 5.51917486e-02 -1.96030752e+01
9.49828419e-158 -1.07916860e+03 6.01614028e+01 1.54936928e-01 6.16757167e-02 -1.96428210e+01
1.45222179e-157 -1.07877505e+03 6.48178592e+01 3.39114177e-01 6.03586285e-02 -1.94574746e+01
1.74756489e-157 -1.07875333e+03 8.23282342e+01 1.79798593e-01 3.53457878e-02 -1.90883831e+01
4.19945118e-157 -1.07742618e+03 5.99764429e+01 3.63774396e-01 5.61185078e-02 -1.97224852e+01
9.09412099e-157 -1.07686710e+03 7.67813798e+01 1.01304254e-01 3.84608896e-02 -1.92595148e+01
1.79569235e-156 -1.07611860e+03 6.31335625e+01 1.13607080e-01 5.79182723e-02 -1.95572767e+01
4.87711706e-156 -1.07501526e+03 5.91714671e+01 2.89971977e-01 6.59222684e-02 -1.96398216e+01
7.56131055e-156 -1.07494611e+03 6.32648993e+01 3.42517907e-01 5.55652972e-02 -1.94576625e+01
1.06751615e-155 -1.07439315e+03 6.85044984e+01 4.55058811e-01 5.24264551e-02 -1.94073079e+01
1.53669777e-155 -1.07415009e+03 5.92211576e+01 3.60028128e-01 6.68215059e-02 -1.96256473e+01
2.20755816e-155 -1.07369794e+03 5.72646776e+01 3.06582870e-01 5.96152978e-02 -1.97741449e+01
2.82785855e-155 -1.07359989e+03 7.66146718e+01 2.97769729e-01 4.22163707e-02 -1.92196513e+01
4.78261358e-154 -1.07015458e+03 7.53082043e+01 4.86489467e-01 3.65349463e-02 -1.90831919e+01
9.92451514e-154 -1.07001617e+03 6.49160772e+01 3.49037111e-01 5.28659093e-02 -1.93980209e+01
4.04215686e-153 -1.06812235e+03 7.28255021e+01 2.78781616e-01 3.72966809e-02 -1.93352337e+01
7.06541864e-153 -1.06810481e+03 7.19712990e+01 4.28274997e-01 4.20328023e-02 -1.91624078e+01
8.81150923e-153 -1.06771221e+03 6.95217798e+01 3.68809103e-01 3.97272567e-02 -1.92987270e+01
2.77429845e-152 -1.06625540e+03 7.94233659e+01 2.95723917e-01 3.91193819e-02 -1.91343502e+01
5.61160873e-152 -1.06584842e+03 5.73252155e+01 4.58244797e-01 6.80874239e-02 -1.97657302e+01
8.16343334e-152 -1.06548992e+03 8.47258076e+01 1.67374799e-01 3.29463252e-02 -1.89639069e+01
1.22763378e-151 -1.06504326e+03 5.85450485e+01 3.94145762e-01 6.08150583e-02 -1.96436563e+01
1.52464925e-151 -1.06500090e+03 6.64075063e+01 2.60081301e-01 5.68032418e-02 -1.94088338e+01
1.93667792e-151 -1.06459803e+03 6.79052582e+01 3.04606390e-01 5.60043489e-02 -1.94270502e+01
2.77963632e-151 -1.06425972e+03 6.39004827e+01 1.32139328e-01 6.00976760e-02 -1.96480525e+01
4.35010266e-151 -1.06373516e+03 7.23821807e+01 3.56684568e-01 4.93260025e-02 -1.92473170e+01
9.05546113e-151 -1.06289158e+03 7.75732504e+01 3.10612974e-01 4.03957404e-02 -1.91935257e+01
1.76775374e-150 -1.06230313e+03 5.86201164e+01 4.36652714e-01 6.60926432e-02 -1.96311834e+01
7.22812543e-150 -1.06062041e+03 7.98093233e+01 4.28572837e-01 3.50751675e-02 -1.89635106e+01
1.26995980e-149 -1.06053379e+03 8.50024006e+01 2.77116977e-01 3.26544263e-02 -1.88900173e+01
1.37256164e-149 -1.06045793e+03 6.65823461e+01 2.37759204e-01 5.66237044e-02 -1.95306486e+01
2.15424251e-149 -1.05974772e+03 5.77354500e+01 4.78156959e-01 6.55229051e-02 -1.97488546e+01
4.00972938e-149 -1.05916803e+03 7.88973184e+01 4.63612763e-01 3.77894774e-02 -1.90949618e+01
9.70545098e-149 -1.05814245e+03 7.69037422e+01 3.88774711e-01 3.48422973e-02 -1.90591763e+01
1.44463639e-148 -1.05811389e+03 5.98068181e+01 2.86260717e-01 6.83216523e-02 -1.96521422e+01
1.60552700e-148 -1.05793261e+03 6.86771212e+01 4.74210504e-01 4.19261635e-02 -1.92916355e+01
1.77073333e-148 -1.05790336e+03 5.90977598e+01 1.34771666e-01 6.36618879e-02 -1.98247569e+01
1.82369325e-148 -1.05786713e+03 5.65524022e+01 1.10873503e-01 6.88260642e-02 -1.98573944e+01
6.48368164e-148 -1.05607416e+03 8.12892250e+01 4.91867852e-01 3.62077138e-02 -1.89635326e+01
1.38701631e-147 -1.05566625e+03 7.84732659e+01 2.20517545e-01 3.95043387e-02 -1.91927237e+01
2.67854341e-147 -1.05486597e+03 7.81270533e+01 2.87379580e-01 3.91043289e-02 -1.90380900e+01
5.99010192e-147 -1.05405428e+03 6.41196531e+01 4.29661831e-01 6.12619042e-02 -1.94959508e+01
8.79479338e-147 -1.05393442e+03 7.00743438e+01 3.54753720e-01 4.66284997e-02 -1.94207314e+01
1.23005383e-146 -1.05343483e+03 6.23792621e+01 4.95963373e-01 5.29477439e-02 -1.95958431e+01
2.54371259e-146 -1.05258732e+03 7.61403026e+01 3.84231795e-01 4.21968355e-02 -1.92019510e+01
3.89415330e-146 -1.05240989e+03 6.71830230e+01 3.11403665e-01 5.66715525e-02 -1.94606331e+01
7.38841475e-146 -1.05149449e+03 6.18113148e+01 1.04121856e-01 5.95188451e-02 -1.97418697e+01
4.93922502e-145 -1.04936713e+03 6.87478678e+01 2.50546617e-01 5.47559646e-02 -1.94029583e+01
1.73031383e-144 -1.04829086e+03 6.53830475e+01 1.01669676e-01 4.96876520e-02 -1.96255381e+01
2.90875031e-144 -1.04805850e+03 6.93378604e+01 3.84389377e-01 5.16475071e-02 -1.92787735e+01
6.36246845e-144 -1.04698205e+03 5.70412550e+01 4.58812841e-01 6.40050926e-02 -1.97552316e+01
1.06639248e-143 -1.04675510e+03 8.18264690e+01 3.90785125e-01 3.16252596e-02 -1.89468578e+01
3.89306706e-143 -1.04503555e+03 5.92632814e+01 3.00725201e-01 5.57527428e-02 -1.96696185e+01
1.42266476e-142 -1.04383456e+03 7.92682383e+01 3.33811565e-01 3.35221550e-02 -1.91314324e+01
2.30902969e-142 -1.04372263e+03 6.33385306e+01 1.34339488e-01 5.57605568e-02 -1.96945717e+01
6.46660046e-142 -1.04225885e+03 6.95317134e+01 1.29084281e-01 4.83383756e-02 -1.93433117e+01
1.08736584e-141 -1.04218426e+03 7.44637141e+01 3.74105588e-01 3.61117716e-02 -1.91406930e+01
6.33415423e-141 -1.03985511e+03 6.65733438e+01 1.72188354e-01 4.28875205e-02 -1.95117911e+01
1.55335878e-140 -1.03932441e+03 8.23756191e+01 2.63402866e-01 3.15176789e-02 -1.89581834e+01
2.49368151e-140 -1.03888094e+03 6.14584832e+01 3.19284187e-01 5.69759711e-02 -1.97002332e+01
4.16722126e-140 -1.03831973e+03 6.75121947e+01 4.92664108e-01 5.32134720e-02 -1.93114454e+01
2.40805002e-139 -1.03622718e+03 7.75454822e+01 4.37009417e-01 3.41138702e-02 -1.91199745e+01
4.77920743e-139 -1.03601452e+03 7.03078242e+01 3.76463864e-01 5.15746673e-02 -1.93388298e+01
5.72573812e-139 -1.03585426e+03 7.87781369e+01 2.42437006e-01 3.35435326e-02 -1.90532407e+01
7.45790085e-139 -1.03550346e+03 7.95715490e+01 1.87898910e-01 3.20591713e-02 -1.90956291e+01
9.89338472e-139 -1.03526589e+03 7.16548139e+01 1.39294086e-01 4.33932182e-02 -1.92728596e+01
2.24404031e-138 -1.03414410e+03 5.72703382e+01 3.42780261e-01 6.19691854e-02 -1.97377822e+01
5.32708006e-138 -1.03337513e+03 6.54505282e+01 3.61264278e-01 4.95459576e-02 -1.95580323e+01
1.43631723e-137 -1.03229025e+03 8.41544293e+01 2.03821995e-01 3.08103927e-02 -1.89520618e+01
3.44117849e-137 -1.03149447e+03 8.47261469e+01 2.89382883e-01 2.98434087e-02 -1.89149401e+01
4.89689019e-137 -1.03142492e+03 6.66445901e+01 3.40817845e-01 5.54564144e-02 -1.93739857e+01
5.38506588e-137 -1.03130042e+03 5.99956919e+01 3.83436419e-01 5.64025501e-02 -1.96005216e+01
6.18975375e-137 -1.03114212e+03 6.57744402e+01 3.06130837e-01 5.90597724e-02 -1.94706443e+01
7.49068200e-137 -1.03091846e+03 7.53968705e+01 4.87442206e-01 3.90717941e-02 -1.90690113e+01
1.08190400e-136 -1.03044355e+03 7.31265421e+01 3.84632915e-01 3.64758615e-02 -1.92029352e+01
1.90307627e-136 -1.02982162e+03 7.42863311e+01 2.04183272e-01 4.54021915e-02 -1.91979831e+01
2.50091545e-136 -1.02979551e+03 6.62812192e+01 2.14116054e-01 5.36426936e-02 -1.95754461e+01
2.59451486e-136 -1.02974202e+03 5.94438120e+01 1.16544534e-01 5.76375445e-02 -1.97865603e+01
2.67399574e-136 -1.02972785e+03 5.70125684e+01 4.44181959e-01 6.95840106e-02 -1.97431674e+01
3.27570902e-136 -1.02936257e+03 5.77876363e+01 3.30110967e-01 6.30881288e-02 -1.96990754e+01
5.44140132e-136 -1.02876189e+03 5.76832214e+01 3.86239897e-01 6.83435487e-02 -1.97710427e+01
7.06788650e-136 -1.02874406e+03 7.11697640e+01 4.66787899e-01 4.46319070e-02 -1.91844352e+01
1.44289185e-135 -1.02762553e+03 7.20698203e+01 4.27827304e-01 3.97655585e-02 -1.91815118e+01
2.54274167e-135 -1.02732848e+03 6.48143544e+01 4.70244446e-01 4.61585737e-02 -1.94586060e+01
6.30791437e-135 -1.02612299e+03 6.42064721e+01 2.17023146e-01 5.39572785e-02 -1.96472895e+01
9.99633323e-135 -1.02605881e+03 6.94257206e+01 1.75365166e-01 4.75060908e-02 -1.93181115e+01
1.39242447e-134 -1.02552333e+03 7.18035521e+01 3.89028054e-01 4.92231968e-02 -1.92898928e+01
1.82950487e-134 -1.02543716e+03 6.89263393e+01 3.40448358e-01 4.84351517e-02 -1.94565398e+01
2.95727870e-134 -1.02469059e+03 6.59506014e+01 1.70109225e-01 5.72476987e-02 -1.95622345e+01
4.75150425e-134 -1.02437128e+03 6.60845547e+01 1.71165138e-01 5.70954251e-02 -1.95566823e+01
7.22671139e-134 -1.02387972e+03 7.48513363e+01 3.44193427e-01 3.78236152e-02 -1.91136470e+01
1.13083285e-133 -1.02345423e+03 6.87223078e+01 4.80023118e-01 5.02823473e-02 -1.92666591e+01
1.92322268e-133 -1.02285461e+03 5.78132553e+01 2.10807631e-01 6.85705440e-02 -1.97423948e+01
2.72899631e-133 -1.02266785e+03 6.93896072e+01 3.44369778e-01 3.96408537e-02 -1.93330805e+01
3.77615870e-133 -1.02223597e+03 6.29326044e+01 1.52717705e-01 5.54871922e-02 -1.97012304e+01
5.13259601e-133 -1.02201347e+03 5.93947234e+01 3.46777571e-01 5.52584311e-02 -1.96795840e+01
8.95930496e-133 -1.02124642e+03 5.88680112e+01 3.98205122e-01 6.80782681e-02 -1.96583791e+01
1.69124516e-132 -1.02067345e+03 5.75822226e+01 2.01932562e-01 6.98608996e-02 -1.97668147e+01
2.27706157e-132 -1.02056679e+03 5.86761066e+01 1.10845557e-01 6.23006375e-02 -1.97535165e+01
7.71127769e-132 -1.01887084e+03 6.76429738e+01 1.50300892e-01 4.22110033e-02 -1.94755566e+01
1.99580099e-131 -1.01814180e+03 6.84014701e+01 2.63325504e-01 4.62272683e-02 -1.95001443e+01
3.16302375e-131 -1.01783641e+03 7.07787283e+01 4.82418731e-01 3.94430663e-02 -1.92801155e+01
1.09096424e-130 -1.01622487e+03 6.51504844e+01 4.37605567e-01 4.54701152e-02 -1.94664592e+01
2.89153501e-130 -1.01544096e+03 6.67969471e+01 3.57722640e-01 4.27053024e-02 -1.94147156e+01
4.58787023e-130 -1.01516420e+03 7.00317870e+01 4.33940112e-01 3.99518063e-02 -1.93341172e+01
1.16626428e-129 -1.01391589e+03 6.28984249e+01 3.85510516e-01 5.25256834e-02 -1.94806669e+01
2.07350302e-129 -1.01365679e+03 6.97071436e+01 2.80047469e-01 5.15973796e-02 -1.93061577e+01
3.11965778e-129 -1.01314125e+03 5.86754819e+01 3.61083702e-01 6.32366962e-02 -1.97608938e+01
9.51865369e-129 -1.01178296e+03 7.87092047e+01 4.71108877e-01 3.82340905e-02 -1.90070461e+01
3.02934577e-128 -1.01067966e+03 7.23376105e+01 2.34127467e-01 3.84770090e-02 -1.92363734e+01
6.95544110e-128 -1.00995309e+03 7.01394721e+01 2.25224163e-01 4.25552160e-02 -1.92858678e+01
9.72987715e-128 -1.00987404e+03 7.23270927e+01 3.25055114e-01 3.68922129e-02 -1.92891271e+01
1.02408174e-127 -1.00984276e+03 7.02450791e+01 4.36788416e-01 5.07837488e-02 -1.93240985e+01
1.16795025e-127 -1.00961695e+03 6.45189781e+01 3.52477745e-01 5.88239731e-02 -1.94494085e+01
2.72257849e-126 -1.00590217e+03 6.28023048e+01 4.04080389e-01 6.09231099e-02 -1.94951470e+01
1.05388147e-125 -1.00481078e+03 5.86807289e+01 4.33664488e-01 6.77467261e-02 -1.96668196e+01
1.59681338e-125 -1.00478061e+03 7.30902346e+01 4.43619174e-01 4.00694819e-02 -1.92778681e+01
1.66336812e-125 -1.00472306e+03 6.29508478e+01 2.82133263e-01 5.53628858e-02 -1.96622167e+01
2.13069261e-125 -1.00431855e+03 7.17452242e+01 4.72419351e-01 4.81654069e-02 -1.92143941e+01
3.17435802e-125 -1.00391825e+03 7.55651492e+01 3.40456294e-01 4.41173122e-02 -1.91379181e+01
4.22912577e-125 -1.00370922e+03 6.38432655e+01 4.43435638e-01 5.56142506e-02 -1.94296773e+01
4.72274828e-125 -1.00368011e+03 6.82038267e+01 1.00144470e-01 4.81366257e-02 -1.94134282e+01
8.41665902e-125 -1.00275392e+03 5.94229178e+01 3.23410263e-01 5.76207276e-02 -1.97378402e+01
1.39955252e-124 -1.00246937e+03 6.30499208e+01 3.44092493e-01 5.56008902e-02 -1.94772171e+01
1.76634525e-124 -1.00227135e+03 7.86194813e+01 3.09273271e-01 4.05459676e-02 -1.91170385e+01
2.29816881e-124 -1.00195193e+03 7.80728124e+01 4.16786849e-01 3.97985560e-02 -1.91150123e+01
2.81264335e-124 -1.00183849e+03 7.90065015e+01 3.04758864e-01 4.02232946e-02 -1.90683807e+01
3.33430513e-124 -1.00161432e+03 5.98928600e+01 2.06931714e-01 6.69838308e-02 -1.96788769e+01
4.12959057e-124 -1.00140265e+03 6.85120117e+01 1.02808057e-01 4.88127446e-02 -1.94027715e+01
5.03908290e-124 -1.00120786e+03 5.74931766e+01 2.22224143e-01 6.11870182e-02 -1.97894708e+01
5.60142888e-124 -1.00117520e+03 6.12344994e+01 2.67242679e-01 6.54863710e-02 -1.96170804e+01
6.10244288e-124 -1.00103455e+03 5.75805836e+01 4.23614771e-01 6.85745145e-02 -1.97325653e+01
7.04375003e-124 -1.00088247e+03 8.13212180e+01 2.14024697e-01 3.13804023e-02 -1.90673913e+01
1.01630024e-123 -1.00035711e+03 5.86309837e+01 3.14048403e-01 6.91893520e-02 -1.97302657e+01
1.57938798e-123 -9.99964205e+02 7.92022827e+01 3.54428596e-01 3.97938433e-02 -1.90669408e+01
4.84309353e-123 -9.98540208e+02 5.84764312e+01 4.92201768e-01 6.27379049e-02 -1.96534813e+01
7.90165182e-123 -9.98509613e+02 5.93403265e+01 2.47935695e-01 6.83183772e-02 -1.97307743e+01
8.23612657e-123 -9.98451253e+02 6.36837311e+01 4.67644914e-01 5.48337894e-02 -1.94317778e+01
2.28230444e-122 -9.96968958e+02 6.68827859e+01 3.40511878e-01 5.64430980e-02 -1.94545250e+01
2.06291525e-121 -9.94653600e+02 6.61670117e+01 2.48537722e-01 5.71861230e-02 -1.95232502e+01
9.62519160e-121 -9.93232043e+02 6.27347390e+01 2.83477082e-01 6.27379022e-02 -1.96171500e+01
2.62929687e-120 -9.92355639e+02 6.07705316e+01 4.51507218e-01 5.88076060e-02 -1.95491393e+01
5.85804755e-120 -9.91582771e+02 7.22712270e+01 2.79152545e-01 4.62963523e-02 -1.93559743e+01
1.09119393e-119 -9.91033610e+02 5.97372716e+01 4.81043010e-01 6.53733897e-02 -1.96162355e+01
1.46775460e-119 -9.90912398e+02 7.07113032e+01 2.72763967e-01 3.89101036e-02 -1.93730915e+01
2.03838455e-119 -9.90425199e+02 6.91578538e+01 1.72449954e-01 4.37887858e-02 -1.93438056e+01
4.75065760e-119 -9.89404573e+02 6.00901250e+01 3.87900513e-01 5.47058990e-02 -1.96508169e+01
1.14574231e-118 -9.88575229e+02 5.95828543e+01 3.22316843e-01 5.53785958e-02 -1.96883698e+01
2.21612473e-118 -9.87994434e+02 7.03340234e+01 2.14165187e-01 3.94347869e-02 -1.94020422e+01
3.57422379e-118 -9.87573417e+02 7.38996792e+01 4.71374242e-01 3.84848027e-02 -1.92266238e+01
4.46818092e-118 -9.87498716e+02 5.96775874e+01 3.79023115e-01 6.33200321e-02 -1.96107728e+01
5.57096953e-118 -9.87153789e+02 5.91093389e+01 3.28810333e-01 6.82871150e-02 -1.96951012e+01
6.66577641e-118 -9.87104242e+02 8.29893768e+01 3.06623391e-01 3.13179269e-02 -1.89493866e+01
7.47097436e-118 -9.86926343e+02 7.38585501e+01 2.51367153e-01 4.35993089e-02 -1.91712560e+01
1.33460984e-117 -9.86096660e+02 5.82360184e+01 4.61814574e-01 6.22234945e-02 -1.97042293e+01
1.85905802e-117 -9.86089466e+02 6.39970805e+01 4.37433131e-01 4.78095256e-02 -1.95118509e+01
4.36843757e-117 -9.84781569e+02 5.70388226e+01 2.93084297e-01 6.51951840e-02 -1.98102022e+01
8.78932239e-117 -9.84333971e+02 6.66543621e+01 4.68877488e-01 4.95323045e-02 -1.93319297e+01
1.37418278e-116 -9.83882055e+02 6.66261127e+01 1.26880689e-01 5.51130986e-02 -1.94738204e+01
1.78619350e-116 -9.83756190e+02 8.36169590e+01 2.40078740e-01 3.11681074e-02 -1.90107848e+01
2.81851089e-116 -9.83073515e+02 6.27792134e+01 2.86130992e-01 5.08578371e-02 -1.96417865e+01
6.28000935e-116 -9.82212693e+02 8.12342331e+01 3.28493432e-01 3.72423033e-02 -1.90128204e+01
8.98723144e-116 -9.82170633e+02 5.92049137e+01 3.87520113e-01 5.77997147e-02 -1.97031727e+01
9.63974055e-116 -9.82068046e+02 7.55991138e+01 4.76054588e-01 4.10370307e-02 -1.91753369e+01
1.16552682e-115 -9.81799584e+02 5.88278890e+01 1.68128504e-01 6.79903566e-02 -1.97538520e+01
1.53190804e-115 -9.81516686e+02 7.69672532e+01 3.94449285e-01 3.50400377e-02 -1.90749021e+01
3.38246418e-115 -9.80457209e+02 6.96229842e+01 4.64216878e-01 4.70591931e-02 -1.93775137e+01
9.57468791e-115 -9.79418839e+02 6.40881245e+01 1.69245643e-01 5.48700796e-02 -1.95041541e+01
1.42328689e-114 -9.79399536e+02 6.24904653e+01 4.17591380e-01 6.04684210e-02 -1.95028287e+01
2.23821860e-114 -9.78645548e+02 6.00877902e+01 4.80221787e-01 5.83942369e-02 -1.96553135e+01
3.32627048e-114 -9.78469404e+02 7.22235355e+01 2.21003567e-01 4.20409181e-02 -1.93879514e+01
5.79835067e-114 -9.77673904e+02 8.30407721e+01 3.95656815e-01 3.27462472e-02 -1.89365052e+01
8.92593880e-114 -9.77457460e+02 7.61244505e+01 3.41447928e-01 3.86193959e-02 -1.92262582e+01
1.93763954e-113 -9.76381717e+02 7.12833351e+01 3.85485544e-01 4.90068425e-02 -1.93170220e+01
3.06595889e-113 -9.76260358e+02 6.08612550e+01 3.56371826e-01 5.61759620e-02 -1.95739391e+01
3.66985014e-113 -9.76025553e+02 6.19018040e+01 1.65119319e-01 6.38483182e-02 -1.96486015e+01
5.03502181e-113 -9.75643658e+02 6.08090689e+01 4.37311974e-01 5.82418147e-02 -1.96599425e+01
8.44487820e-113 -9.75038547e+02 6.50704298e+01 2.21877446e-01 4.88105532e-02 -1.96011339e+01
1.36135428e-112 -9.74632712e+02 7.15937268e+01 2.40208048e-01 3.90861312e-02 -1.93730086e+01
1.82123593e-112 -9.74420195e+02 6.38383057e+01 2.40975517e-01 6.12973409e-02 -1.95728759e+01
2.16228377e-112 -9.74276636e+02 7.55865478e+01 2.44973963e-01 4.42603056e-02 -1.91840959e+01
4.11622711e-112 -9.73334848e+02 6.51382379e+01 3.39798869e-01 5.11554766e-02 -1.94095415e+01
6.55890613e-112 -9.73134249e+02 7.49360385e+01 1.78755716e-01 4.44987619e-02 -1.92176111e+01
1.50667780e-111 -9.71974012e+02 6.05205663e+01 2.34469444e-01 5.35461122e-02 -1.96952450e+01
2.65942948e-111 -9.71691827e+02 7.44774176e+01 4.22216955e-01 3.62946496e-02 -1.91689259e+01
4.01628015e-111 -9.71186257e+02 6.61959728e+01 1.35002043e-01 5.57480289e-02 -1.95568125e+01
5.61819609e-111 -9.70963059e+02 7.32099253e+01 3.85560631e-01 4.69279951e-02 -1.92220713e+01
6.67032913e-111 -9.70828386e+02 5.92501655e+01 1.50891776e-01 5.85457956e-02 -1.97770211e+01
7.37939279e-111 -9.70751313e+02 6.22870835e+01 2.77958759e-01 6.24570252e-02 -1.95597096e+01
1.98059933e-110 -9.69319554e+02 6.54400557e+01 1.99822513e-01 5.07132435e-02 -1.94450588e+01
3.41005170e-110 -9.69188405e+02 6.26190264e+01 1.21498147e-01 6.12966700e-02 -1.96238937e+01
3.93748587e-110 -9.69027442e+02 5.93541315e+01 3.25540286e-01 6.61371917e-02 -1.96553758e+01
5.09307020e-110 -9.68689087e+02 7.40637801e+01 1.16418321e-01 3.84706680e-02 -1.92878493e+01
7.68888047e-110 -9.68222460e+02 6.84198756e+01 1.36630189e-01 5.28210243e-02 -1.94242003e+01
1.22737234e-109 -9.67748706e+02 7.54981888e+01 4.00512567e-01 4.25222008e-02 -1.91978562e+01
2.44745282e-109 -9.66939348e+02 8.16462019e+01 4.12027648e-01 3.37256469e-02 -1.89602122e+01
6.68217677e-109 -9.65854575e+02 7.00783267e+01 4.13827400e-01 4.01855426e-02 -1.93290009e+01
1.26625815e-108 -9.65420269e+02 6.57678028e+01 1.08637820e-01 5.29185793e-02 -1.94923811e+01
1.65625128e-108 -9.65269804e+02 6.30130120e+01 3.07365116e-01 5.08561375e-02 -1.96261352e+01
2.10146039e-108 -9.64956281e+02 6.06811635e+01 2.44859079e-01 6.18593272e-02 -1.96094394e+01
2.55373865e-108 -9.64851563e+02 5.85320692e+01 2.99261217e-01 6.32751727e-02 -1.96856129e+01
4.06959201e-108 -9.64139190e+02 7.32281911e+01 4.78870371e-01 4.30079683e-02 -1.91422286e+01
6.40750392e-108 -9.63835716e+02 5.93011757e+01 4.10548365e-01 6.56797899e-02 -1.96438277e+01
7.39796958e-108 -9.63822172e+02 6.58124930e+01 3.51028806e-01 4.45553766e-02 -1.94669716e+01
8.21808546e-108 -9.63628148e+02 5.79622056e+01 1.66001515e-01 6.47610290e-02 -1.98193569e+01
1.01960367e-107 -9.63389054e+02 6.13548705e+01 4.48767742e-01 5.38467642e-02 -1.96093232e+01
1.27225507e-107 -9.63175826e+02 5.89397726e+01 4.25489076e-01 6.30334934e-02 -1.97104316e+01
2.07155671e-107 -9.62506125e+02 6.07347924e+01 3.36989335e-01 5.99998157e-02 -1.95779369e+01
3.70621679e-107 -9.61967363e+02 6.16942670e+01 1.19034297e-01 5.51586594e-02 -1.96417627e+01
6.89341797e-107 -9.61296968e+02 7.76809667e+01 4.17558079e-01 3.66704106e-02 -1.90377708e+01
1.26081993e-106 -9.60723849e+02 5.91770390e+01 3.16041866e-01 6.66060849e-02 -1.97282036e+01
1.61901262e-106 -9.60709240e+02 5.85426135e+01 4.12995444e-01 6.20764247e-02 -1.97199002e+01
1.68802966e-106 -9.60635025e+02 6.49412747e+01 2.80484594e-01 4.62482335e-02 -1.94802873e+01
2.04341381e-106 -9.60340672e+02 7.51726610e+01 2.06820129e-01 3.88683054e-02 -1.92952437e+01
3.55579656e-106 -9.59624461e+02 7.85667146e+01 3.57150722e-01 3.63808798e-02 -1.91383427e+01
5.52366113e-106 -9.59346726e+02 5.89836603e+01 2.80693437e-01 5.95939450e-02 -1.97586944e+01
6.84787818e-106 -9.59176060e+02 5.72398719e+01 3.13164453e-01 6.76210085e-02 -1.97687685e+01
9.26503733e-106 -9.58769267e+02 7.05978946e+01 1.98178087e-01 4.45901838e-02 -1.92827940e+01
1.59836809e-105 -9.58136230e+02 6.07420247e+01 3.69313026e-01 5.37554631e-02 -1.96258828e+01
2.85123004e-105 -9.57582277e+02 6.34959035e+01 1.41344000e-01 5.07036435e-02 -1.95681484e+01
5.21825980e-105 -9.56944886e+02 7.22275950e+01 2.21781427e-01 3.99726087e-02 -1.93726956e+01
9.77847653e-105 -9.56316748e+02 6.04690199e+01 1.82258462e-01 6.29182512e-02 -1.96494927e+01
1.27635645e-104 -9.56308367e+02 7.73865940e+01 3.04221615e-01 3.36570094e-02 -1.91268680e+01
2.47643647e-104 -9.55251562e+02 5.95392008e+01 1.77030644e-01 6.26096255e-02 -1.97797827e+01
3.76529148e-104 -9.55197329e+02 6.82372516e+01 3.84854833e-01 4.23482461e-02 -1.94063640e+01
3.90621370e-104 -9.55170859e+02 6.19913674e+01 3.62175859e-01 5.77548828e-02 -1.95231002e+01
5.39229453e-104 -9.54620484e+02 7.59388958e+01 2.09623856e-01 3.96161853e-02 -1.91331369e+01
2.21609226e-103 -9.52915452e+02 7.95593281e+01 2.58300492e-01 3.26323241e-02 -1.90691595e+01
3.97400209e-103 -9.52796546e+02 7.40331908e+01 2.80524080e-01 4.27425629e-02 -1.93045944e+01
4.59437611e-103 -9.52622692e+02 7.19651096e+01 1.26449030e-01 4.23614792e-02 -1.93990830e+01
5.17197697e-103 -9.52546934e+02 7.64035101e+01 1.40072008e-01 3.80960831e-02 -1.91727176e+01
5.36044185e-103 -9.52543023e+02 6.31619873e+01 2.22349444e-01 5.75769696e-02 -1.95226199e+01
8.48660706e-103 -9.51767956e+02 6.33818732e+01 4.35699204e-01 5.00931644e-02 -1.94904550e+01
1.90055068e-102 -9.50942887e+02 6.22262975e+01 3.56973323e-01 6.17983733e-02 -1.95407584e+01
2.64121044e-102 -9.50937555e+02 8.33969324e+01 2.20741504e-01 3.19421262e-02 -1.89871984e+01
4.18714637e-102 -9.50161567e+02 7.59394872e+01 4.04610146e-01 4.01905552e-02 -1.90833375e+01
6.12208158e-102 -9.50028641e+02 7.20839847e+01 1.36744946e-01 3.96966573e-02 -1.93686850e+01
8.64600928e-102 -9.49523285e+02 6.16821026e+01 1.30281477e-01 5.38561921e-02 -1.97003854e+01
1.44678814e-101 -9.48997477e+02 8.38487507e+01 3.12696565e-01 3.18198484e-02 -1.89619897e+01
2.05335419e-101 -9.48761880e+02 7.80215409e+01 2.02365726e-01 3.83892030e-02 -1.92002915e+01
2.31720453e-101 -9.48735379e+02 6.42903107e+01 3.89333915e-01 4.96426118e-02 -1.94490802e+01
3.10193141e-101 -9.48233935e+02 5.87268989e+01 2.83428354e-01 6.48671536e-02 -1.96879870e+01
4.11356691e-101 -9.48106063e+02 6.51378268e+01 3.38029367e-01 5.83870077e-02 -1.94636360e+01
4.61694872e-101 -9.47995369e+02 6.70203434e+01 2.59626918e-01 4.66554662e-02 -1.93803854e+01
5.70234176e-101 -9.47696333e+02 7.07504520e+01 3.33797620e-01 4.03876695e-02 -1.93661734e+01
1.07598935e-100 -9.46864688e+02 6.88887842e+01 3.30388313e-01 4.41665361e-02 -1.93018596e+01
1.64565391e-100 -9.46680233e+02 5.92075424e+01 3.90247341e-01 5.91363109e-02 -1.96576231e+01
2.53867979e-100 -9.46073252e+02 6.37404419e+01 1.12233803e-01 5.90336843e-02 -1.96138766e+01
3.60711433e-100 -9.45888815e+02 6.26897920e+01 4.42051126e-01 5.77393127e-02 -1.94869267e+01
4.76049076e-100 -9.45534450e+02 8.00311111e+01 2.54292558e-01 3.51384573e-02 -1.91268432e+01
7.00154785e-100 -9.45121666e+02 7.81711968e+01 3.29606801e-01 4.01340303e-02 -1.91256767e+01
1.09672874e-99 -9.44644349e+02 6.70569317e+01 3.94161790e-01 4.91302084e-02 -1.94824742e+01
2.05705730e-99 -9.43926759e+02 6.11193201e+01 3.55871553e-01 5.57742381e-02 -1.95717130e+01
3.67336802e-99 -9.43416390e+02 7.40799806e+01 1.90502528e-01 3.98026100e-02 -1.91954557e+01
5.10418996e-99 -9.43208553e+02 6.98345309e+01 2.95829727e-01 5.18114820e-02 -1.93490130e+01
6.24532538e-99 -9.43005683e+02 6.93502459e+01 3.62054441e-01 4.19569504e-02 -1.93004499e+01
7.40942911e-99 -9.42855425e+02 6.48028846e+01 2.98772653e-01 5.79892008e-02 -1.94649068e+01
8.25805721e-99 -9.42778015e+02 5.76586644e+01 2.99448324e-01 6.38179363e-02 -1.97715779e+01
1.01593330e-98 -9.42458310e+02 6.21949202e+01 3.31403169e-01 6.29808279e-02 -1.95770896e+01
1.21881380e-98 -9.42383184e+02 7.39295272e+01 4.61931755e-01 4.44992715e-02 -1.91653461e+01
1.34443902e-98 -9.42257963e+02 6.26089393e+01 2.00786261e-01 6.21773344e-02 -1.95943681e+01
1.61108006e-98 -9.42024366e+02 5.79246874e+01 2.64485540e-01 6.42250415e-02 -1.97376782e+01
2.54114261e-98 -9.41417092e+02 7.45834720e+01 3.16039439e-01 4.09647624e-02 -1.92768047e+01
4.04977948e-98 -9.41031704e+02 6.99728290e+01 1.85619696e-01 5.04885999e-02 -1.93448549e+01
6.78382144e-98 -9.40430739e+02 6.40533882e+01 3.66495347e-01 5.21922337e-02 -1.95834976e+01
1.14021115e-97 -9.39953886e+02 7.09851967e+01 1.56235907e-01 4.73681686e-02 -1.93098374e+01
1.42304306e-97 -9.39924810e+02 7.01640925e+01 4.39886003e-01 5.01446841e-02 -1.93085496e+01
1.51611737e-97 -9.39822904e+02 6.37188235e+01 4.42047076e-01 5.39686865e-02 -1.95639774e+01
1.68954226e-97 -9.39702568e+02 7.74665356e+01 2.64549141e-01 3.88653677e-02 -1.92009643e+01
3.48235219e-97 -9.38637333e+02 7.59887284e+01 2.86134720e-01 3.57235214e-02 -1.92203010e+01
7.25189027e-97 -9.38044272e+02 6.30780497e+01 3.75058639e-01 6.06096987e-02 -1.95763770e+01
1.18467637e-96 -9.37609344e+02 6.81976776e+01 4.39130329e-01 4.72445858e-02 -1.92961551e+01
1.87483104e-96 -9.37129592e+02 8.04622572e+01 1.71308309e-01 3.39910124e-02 -1.91031592e+01
8.13049350e-96 -9.35330498e+02 6.76978532e+01 4.26517099e-01 5.03548951e-02 -1.93168191e+01
1.48055644e-95 -9.35208858e+02 6.06412047e+01 2.70664606e-01 6.14511715e-02 -1.97166556e+01
2.59593227e-95 -9.34368627e+02 7.34222445e+01 3.09520636e-01 4.41400044e-02 -1.93042776e+01
3.65601834e-95 -9.34345936e+02 7.84408017e+01 3.99030244e-01 3.77549886e-02 -1.90319698e+01
4.00930152e-95 -9.34183914e+02 6.14818820e+01 4.02504754e-01 5.35096923e-02 -1.95739159e+01
4.62808422e-95 -9.34050143e+02 6.42003740e+01 4.11081523e-01 4.88518687e-02 -1.95323906e+01
5.06688614e-95 -9.33992453e+02 7.26915617e+01 1.10299123e-01 4.26424728e-02 -1.93610477e+01
6.39891718e-95 -9.33611849e+02 7.82475077e+01 1.70590407e-01 3.94880072e-02 -1.91424486e+01
9.86971235e-95 -9.33138593e+02 7.55171578e+01 4.28830090e-01 3.83193337e-02 -1.91929232e+01
1.28430939e-94 -9.33026201e+02 6.51773568e+01 4.98068303e-01 5.63162633e-02 -1.94556775e+01
1.44205433e-94 -9.32901002e+02 6.18547640e+01 4.59142456e-01 5.77893680e-02 -1.95197769e+01
1.68152178e-94 -9.32716836e+02 6.70554785e+01 3.21772976e-01 4.34269486e-02 -1.94539058e+01
1.99272754e-94 -9.32552974e+02 7.16021957e+01 2.54917605e-01 4.70582680e-02 -1.93730231e+01
2.78152898e-94 -9.32089671e+02 6.45748267e+01 1.19740148e-01 4.91601905e-02 -1.96004060e+01
3.80701754e-94 -9.31876751e+02 6.01237199e+01 3.43371116e-01 5.64493841e-02 -1.96858613e+01
6.84401226e-94 -9.31060706e+02 6.29730457e+01 3.07949945e-01 5.42726205e-02 -1.95048970e+01
9.47188902e-94 -9.31058130e+02 6.36792398e+01 4.41086738e-01 5.93257954e-02 -1.95228339e+01
9.67183692e-94 -9.31012783e+02 7.50472102e+01 1.76642944e-01 3.93316179e-02 -1.92980327e+01
1.24572777e-93 -9.30589292e+02 6.55735187e+01 1.02824550e-01 5.26751664e-02 -1.95937159e+01
1.58727311e-93 -9.30480011e+02 5.89537856e+01 3.02468136e-01 5.88533251e-02 -1.97208304e+01
2.27165970e-93 -9.29935809e+02 6.10980958e+01 2.67345143e-01 6.37051838e-02 -1.96778512e+01
3.20747807e-93 -9.29721703e+02 6.37349659e+01 3.97371876e-01 5.59920421e-02 -1.95772434e+01
4.00137386e-93 -9.29488925e+02 7.06479846e+01 1.31549034e-01 4.28892590e-02 -1.93387991e+01
6.11257890e-93 -9.28930953e+02 7.41420929e+01 4.97737268e-01 4.33304352e-02 -1.91703011e+01
1.05716600e-92 -9.28383720e+02 7.76232774e+01 2.61774442e-01 3.48337702e-02 -1.90963224e+01
4.11932278e-92 -9.26740571e+02 7.85321677e+01 4.20974387e-01 3.56599600e-02 -1.90915654e+01
1.16070003e-91 -9.25876094e+02 7.09675839e+01 2.62782827e-01 4.47487241e-02 -1.92522127e+01
2.00239733e-91 -9.25497589e+02 6.04419095e+01 3.62151902e-01 5.54030315e-02 -1.96321400e+01
3.10808649e-91 -9.25012718e+02 5.97059806e+01 2.35809536e-01 5.98721914e-02 -1.97516569e+01
3.85210898e-91 -9.25003520e+02 7.38710979e+01 3.15716566e-01 4.15520574e-02 -1.92962574e+01
3.89714112e-91 -9.24982902e+02 7.72036466e+01 3.27617210e-01 4.05334589e-02 -1.90876607e+01
3.94054559e-91 -9.24974623e+02 6.34096615e+01 3.53328074e-01 5.53870705e-02 -1.94771550e+01
4.26640486e-91 -9.24823062e+02 5.94894516e+01 4.17685465e-01 5.99303566e-02 -1.96421192e+01
4.84158568e-91 -9.24712351e+02 7.48145269e+01 3.96556794e-01 4.13388327e-02 -1.92294512e+01
5.89158391e-91 -9.24439353e+02 6.11701509e+01 4.41959585e-01 5.93267057e-02 -1.96324653e+01
6.90549739e-91 -9.24370713e+02 6.12056830e+01 4.20109316e-01 5.45986312e-02 -1.96159065e+01
7.57573743e-91 -9.24249901e+02 7.34274661e+01 3.83727885e-01 4.10991837e-02 -1.91549355e+01
8.33169233e-91 -9.24171707e+02 6.83821487e+01 1.04442874e-01 5.01882373e-02 -1.94888156e+01
9.42043605e-91 -9.24003180e+02 6.93281619e+01 3.69630651e-01 4.76165888e-02 -1.92756439e+01
1.62637616e-90 -9.23216666e+02 7.74232880e+01 4.82206840e-01 3.76482813e-02 -1.90689155e+01
2.41803314e-90 -9.23058731e+02 6.27920029e+01 3.23990912e-01 5.04619094e-02 -1.96006026e+01
2.64645667e-90 -9.23023556e+02 8.14496336e+01 2.31198110e-01 3.29904242e-02 -1.90677088e+01
2.87797136e-90 -9.22888589e+02 6.81758152e+01 3.24886053e-01 5.08803045e-02 -1.93294209e+01
3.36746944e-90 -9.22706477e+02 6.29088422e+01 1.52268317e-01 5.71972800e-02 -1.95706274e+01
4.71574497e-90 -9.22251478e+02 7.06575693e+01 3.62917321e-01 4.12405108e-02 -1.93598819e+01
6.88019082e-90 -9.21920319e+02 7.83122068e+01 1.97310886e-01 3.60702561e-02 -1.90943285e+01
9.79965192e-90 -9.21545119e+02 6.85269971e+01 2.84689107e-01 4.29220271e-02 -1.93484385e+01
1.19465066e-89 -9.21483441e+02 6.17522892e+01 2.53086723e-01 5.65019216e-02 -1.95706570e+01
1.40296448e-89 -9.21231831e+02 7.59801750e+01 2.57256421e-01 4.31557321e-02 -1.91772410e+01
1.61969626e-89 -9.21174519e+02 6.31107114e+01 4.66436984e-01 5.61675746e-02 -1.94732192e+01
3.01435822e-89 -9.20207335e+02 8.06105455e+01 3.07759399e-01 3.50144250e-02 -1.90808453e+01
4.43229225e-89 -9.20171841e+02 7.55303168e+01 4.36655602e-01 3.83489019e-02 -1.91006337e+01
5.01226003e-89 -9.19965091e+02 6.25726956e+01 4.82646718e-01 5.95802150e-02 -1.95506325e+01
7.44295031e-89 -9.19433570e+02 6.53223848e+01 2.45160275e-01 4.58166572e-02 -1.95309781e+01
1.25116030e-88 -9.18916064e+02 6.27896989e+01 4.47303547e-01 6.03073659e-02 -1.95438858e+01
1.89154755e-88 -9.18564746e+02 6.53792567e+01 4.68404406e-01 5.44480328e-02 -1.93986780e+01
4.38531193e-88 -9.17478505e+02 8.23951136e+01 2.46507069e-01 3.35698553e-02 -1.89940902e+01
8.83485508e-88 -9.16945798e+02 7.96636586e+01 3.04490086e-01 3.53980925e-02 -1.90221262e+01
1.14668455e-87 -9.16881259e+02 6.86428526e+01 4.28166321e-01 4.33541747e-02 -1.93865986e+01
1.20878772e-87 -9.16833192e+02 8.25086782e+01 3.13257819e-01 3.39309823e-02 -1.89809031e+01
2.89083040e-87 -9.15528553e+02 7.80904449e+01 3.64030519e-01 3.86389541e-02 -1.90530173e+01
9.71653722e-87 -9.14338522e+02 6.06288585e+01 2.67016461e-01 6.39021291e-02 -1.96921705e+01
1.51114835e-86 -9.14304009e+02 7.13978814e+01 3.48292828e-01 4.07170655e-02 -1.93439891e+01
1.64427108e-86 -9.14167377e+02 6.86406748e+01 3.33808332e-01 4.39321692e-02 -1.93205386e+01
4.32263036e-86 -9.12796582e+02 7.37378709e+01 2.31486376e-01 4.35588515e-02 -1.93171428e+01
8.27443936e-86 -9.12454239e+02 7.52323703e+01 2.26460821e-01 4.12292696e-02 -1.91554287e+01
1.07738599e-85 -9.12243905e+02 7.14525255e+01 2.79045686e-01 4.37246814e-02 -1.92356371e+01
1.80425102e-85 -9.11530094e+02 6.64048109e+01 2.92789565e-01 4.45247530e-02 -1.94845370e+01
2.48164336e-85 -9.11475674e+02 7.65718904e+01 2.03925099e-01 3.54513586e-02 -1.91617096e+01
3.01385815e-85 -9.11159056e+02 7.91413065e+01 3.89248881e-01 3.64428496e-02 -1.90244574e+01
9.37049164e-85 -9.09679181e+02 6.51355586e+01 3.97766963e-01 5.24345075e-02 -1.95328829e+01
1.74506591e-84 -9.09421518e+02 6.79051229e+01 3.70492856e-01 4.31458475e-02 -1.94135259e+01
3.16765882e-84 -9.08620041e+02 7.96135432e+01 2.76152166e-01 3.31715538e-02 -1.90728710e+01
4.78042556e-84 -9.08443134e+02 7.19489735e+01 1.91706684e-01 4.70259054e-02 -1.93646052e+01
8.77049155e-84 -9.07574733e+02 6.18941593e+01 1.40616738e-01 5.38449045e-02 -1.96793724e+01
1.40089434e-83 -9.07331713e+02 5.89056287e+01 2.69765885e-01 6.57239172e-02 -1.97343907e+01
2.16300363e-83 -9.06764071e+02 6.28736465e+01 1.27788987e-01 5.32596387e-02 -1.96069108e+01
3.37858806e-83 -9.06388669e+02 7.86485755e+01 1.68565868e-01 3.69787121e-02 -1.91151178e+01
5.95233545e-83 -9.05704534e+02 6.33403903e+01 4.83902407e-01 5.29786687e-02 -1.95380577e+01
9.24106034e-83 -9.05409197e+02 6.53143551e+01 4.04767389e-01 4.68154418e-02 -1.94588918e+01
1.23895203e-82 -9.05111794e+02 6.95960614e+01 4.02501353e-01 4.42970129e-02 -1.93869203e+01
1.54992554e-82 -9.04939998e+02 6.58337115e+01 2.74692724e-01 4.51559259e-02 -1.94830294e+01
3.17287265e-82 -9.03916231e+02 6.54097225e+01 3.25728441e-01 5.71982372e-02 -1.95077663e+01
8.16163621e-82 -9.02996725e+02 6.25560286e+01 3.81851430e-01 5.63835583e-02 -1.95097135e+01
1.22045177e-81 -9.02902739e+02 7.82530041e+01 4.12739347e-01 3.62223739e-02 -1.90981729e+01
1.42827173e-81 -9.02685184e+02 6.31231338e+01 3.67684082e-01 5.08130759e-02 -1.95774877e+01
3.38662359e-81 -9.01493405e+02 6.83636412e+01 2.36081367e-01 4.26045411e-02 -1.94521765e+01
6.13802969e-81 -9.01178076e+02 7.17695518e+01 3.16208169e-01 4.38800551e-02 -1.93571774e+01
7.11640017e-81 -9.01166232e+02 6.34673680e+01 1.39679277e-01 5.93194728e-02 -1.96123638e+01
7.59556760e-81 -9.01044747e+02 7.07972015e+01 3.15530592e-01 3.97597008e-02 -1.92965018e+01
1.53438541e-80 -9.00007366e+02 6.85794321e+01 1.28501884e-01 4.87261084e-02 -1.94953434e+01
2.40174014e-80 -8.99887761e+02 6.20751758e+01 1.96440514e-01 5.28087072e-02 -1.96682381e+01
3.07000521e-80 -8.99536801e+02 7.03968316e+01 3.52599076e-01 5.00889105e-02 -1.93142009e+01
3.78527489e-80 -8.99434220e+02 7.17968620e+01 4.45978273e-01 4.52149240e-02 -1.92922736e+01
4.51866204e-80 -8.99188391e+02 6.84747239e+01 3.05975057e-01 4.68668234e-02 -1.94636153e+01
5.49766544e-80 -8.99026800e+02 6.62009168e+01 4.12678133e-01 4.57249036e-02 -1.94332991e+01
6.61015964e-80 -8.98817571e+02 7.41831094e+01 4.82434465e-01 3.97571908e-02 -1.91438280e+01
7.31680531e-80 -8.98806121e+02 6.28156614e+01 1.53257318e-01 5.94587406e-02 -1.96582076e+01
1.02320890e-79 -8.98223781e+02 7.28694940e+01 2.89683105e-01 4.51720685e-02 -1.92091955e+01
1.82163149e-79 -8.97644908e+02 6.99822596e+01 2.94364179e-01 4.85467858e-02 -1.94081135e+01
2.72868680e-79 -8.97348243e+02 6.50811226e+01 1.48780822e-01 4.87509993e-02 -1.95893549e+01
3.53034101e-79 -8.97114778e+02 6.01377145e+01 1.79763522e-01 6.34936730e-02 -1.96915474e+01
3.96168153e-79 -8.97097518e+02 7.88242874e+01 1.94386741e-01 3.83601893e-02 -1.91399994e+01
3.98788826e-79 -8.97094863e+02 6.96751274e+01 1.89050090e-01 4.11849292e-02 -1.94105361e+01
4.34312676e-79 -8.96927213e+02 6.99272125e+01 4.72317568e-01 4.22180652e-02 -1.92924271e+01
4.75026192e-79 -8.96902136e+02 6.73884612e+01 4.02242519e-01 5.31917112e-02 -1.94281471e+01
6.13011207e-79 -8.96459057e+02 7.22047825e+01 3.95398760e-01 4.71106963e-02 -1.92502574e+01
7.55270247e-79 -8.96429629e+02 6.69402522e+01 4.80025703e-01 5.00218696e-02 -1.93428863e+01
8.51487345e-79 -8.96223020e+02 6.84200393e+01 3.24656522e-01 4.54427368e-02 -1.94530349e+01
9.57610138e-79 -8.96177917e+02 7.28478267e+01 2.87937597e-01 4.50145829e-02 -1.93193672e+01
1.32193631e-78 -8.95641992e+02 7.71569910e+01 3.55810147e-01 3.85788665e-02 -1.90741150e+01
1.66468018e-78 -8.95639232e+02 6.91267091e+01 1.92294096e-01 4.84509574e-02 -1.93448579e+01
1.74122397e-78 -8.95547526e+02 7.26586054e+01 4.99595350e-01 4.16553230e-02 -1.92347641e+01
1.81543117e-78 -8.95547005e+02 7.18610520e+01 2.51787193e-01 4.23067624e-02 -1.92382784e+01
2.19979157e-78 -8.95188714e+02 6.03981293e+01 4.35484967e-01 6.13166362e-02 -1.96088564e+01
3.16920937e-78 -8.94813229e+02 7.37279038e+01 1.88677709e-01 4.48602139e-02 -1.92426125e+01
5.51558383e-78 -8.94147604e+02 6.80106126e+01 1.48993641e-01 5.06932828e-02 -1.94102895e+01
8.81146781e-78 -8.93792248e+02 6.65879864e+01 2.43658989e-01 5.29475679e-02 -1.94097945e+01
1.04420646e-77 -8.93770090e+02 5.98568803e+01 3.80055128e-01 6.23530202e-02 -1.96778917e+01
1.32493862e-77 -8.93352528e+02 7.02966965e+01 3.03864588e-01 4.35851171e-02 -1.92702354e+01
1.95289540e-77 -8.92978952e+02 7.21377096e+01 3.24242973e-01 4.70205168e-02 -1.93088141e+01
3.39232432e-77 -8.92315016e+02 6.97897202e+01 4.85964339e-01 4.79871882e-02 -1.92654680e+01
4.67438648e-77 -8.92224924e+02 6.07628294e+01 1.67311142e-01 6.30485058e-02 -1.96961429e+01
7.17248628e-77 -8.91558922e+02 8.01458398e+01 2.53490785e-01 3.39107849e-02 -1.90959974e+01
9.98564081e-77 -8.91450514e+02 6.51333078e+01 1.60899558e-01 5.22957776e-02 -1.94903638e+01
1.07861526e-76 -8.91395846e+02 8.07395695e+01 3.07555763e-01 3.45977455e-02 -1.90637362e+01
1.58068232e-76 -8.90773930e+02 6.62789230e+01 4.57860170e-01 4.68508155e-02 -1.94377941e+01
2.06804497e-76 -8.90756596e+02 7.71516581e+01 3.42672785e-01 3.56860305e-02 -1.90942804e+01
2.95188315e-76 -8.90147014e+02 6.25479179e+01 2.60974400e-01 5.74755155e-02 -1.96561548e+01
4.96361392e-76 -8.89674395e+02 6.10355468e+01 2.27629597e-01 6.04685577e-02 -1.97070424e+01
6.28915294e-76 -8.89612598e+02 6.67099527e+01 4.08253999e-01 5.45709473e-02 -1.94018022e+01
6.96798975e-76 -8.89467074e+02 7.69517990e+01 1.59917469e-01 3.97342642e-02 -1.92045983e+01
9.04111318e-76 -8.89111232e+02 6.47255751e+01 3.53313288e-01 4.78963111e-02 -1.95230253e+01
1.42944187e-75 -8.88581979e+02 6.24312994e+01 1.80602365e-01 5.18405335e-02 -1.96358678e+01
3.38544710e-75 -8.87560971e+02 5.96994874e+01 3.16954315e-01 6.14112281e-02 -1.96526196e+01
5.92261795e-75 -8.87233419e+02 6.71644434e+01 3.72620715e-01 4.42066239e-02 -1.94098015e+01
8.08991557e-75 -8.86927273e+02 6.59597953e+01 1.28583249e-01 5.48108415e-02 -1.95174893e+01
1.49249927e-74 -8.86132509e+02 6.04363486e+01 1.88657265e-01 6.35630970e-02 -1.96991861e+01
2.63444102e-74 -8.85680831e+02 7.46353287e+01 3.05117665e-01 4.26804950e-02 -1.91575460e+01
4.20893809e-74 -8.85196321e+02 5.88947934e+01 2.99620023e-01 6.38672464e-02 -1.97170449e+01
6.68403982e-74 -8.84742158e+02 7.07280445e+01 4.87041546e-01 4.53935238e-02 -1.92324618e+01
8.19998954e-74 -8.84729755e+02 6.57488090e+01 4.67309001e-01 5.48733612e-02 -1.94436865e+01
9.05030965e-74 -8.84546514e+02 6.12619033e+01 1.93586260e-01 6.15252838e-02 -1.96347823e+01
9.86831195e-74 -8.84541663e+02 7.75429666e+01 1.65080629e-01 3.78723115e-02 -1.91962055e+01
1.02150914e-73 -8.84471991e+02 6.23170738e+01 2.07787238e-01 5.56026539e-02 -1.96773840e+01
1.76167062e-73 -8.83620047e+02 6.92406224e+01 3.24326830e-01 4.88171426e-02 -1.93012180e+01
2.54382381e-73 -8.83555354e+02 7.89105881e+01 2.65609643e-01 3.79617961e-02 -1.90692945e+01
3.21560397e-73 -8.83178878e+02 6.13162819e+01 1.57435448e-01 5.55713948e-02 -1.96949017e+01
3.90856430e-73 -8.83123917e+02 6.23039948e+01 3.97653804e-01 5.27764152e-02 -1.95577391e+01
5.25720096e-73 -8.82637247e+02 7.22456912e+01 1.89076834e-01 4.69973750e-02 -1.92951527e+01
6.91941574e-73 -8.82513016e+02 7.38845477e+01 1.75850670e-01 4.33426154e-02 -1.92303715e+01
8.01353635e-73 -8.82340560e+02 7.23989757e+01 3.14174407e-01 4.23497158e-02 -1.92057808e+01
9.35891670e-73 -8.82193911e+02 6.66234180e+01 4.94711504e-01 4.79556827e-02 -1.94224184e+01
1.08758022e-72 -8.82034460e+02 6.66798187e+01 2.11821582e-01 5.42735595e-02 -1.95190448e+01
2.01349527e-72 -8.81141941e+02 7.26607740e+01 4.83547982e-01 4.37868663e-02 -1.91882114e+01
3.33166595e-72 -8.80849098e+02 7.18173444e+01 2.68575058e-01 4.77091699e-02 -1.93296893e+01
5.32758086e-72 -8.80260471e+02 5.97506977e+01 2.71113856e-01 6.39628544e-02 -1.97080116e+01
7.65224268e-72 -8.80044482e+02 7.39705988e+01 4.94138704e-01 4.05152445e-02 -1.91648964e+01
8.85303775e-72 -8.79952754e+02 6.01868794e+01 2.20669723e-01 5.72552829e-02 -1.96841184e+01
1.17613084e-71 -8.79515118e+02 6.27394681e+01 2.79432828e-01 6.04736028e-02 -1.95585411e+01
1.54791739e-71 -8.79355590e+02 6.08349956e+01 2.78297180e-01 5.50483925e-02 -1.96569191e+01
1.70566702e-71 -8.79308568e+02 7.83799327e+01 4.03048397e-01 3.75949793e-02 -1.90650229e+01
2.12556687e-71 -8.78941681e+02 6.13726605e+01 3.25791181e-01 5.85932182e-02 -1.95760993e+01
2.60836518e-71 -8.78860716e+02 6.32740368e+01 4.64968985e-01 5.29312530e-02 -1.95363305e+01
3.30376542e-71 -8.78494121e+02 6.05652972e+01 3.71983940e-01 5.83919514e-02 -1.96608005e+01
4.20114873e-71 -8.78345571e+02 7.11487283e+01 3.74585655e-01 4.37370975e-02 -1.92298964e+01
4.70802920e-71 -8.78256130e+02 7.70014273e+01 3.43733342e-01 3.53870380e-02 -1.91196442e+01
6.26668331e-71 -8.77813537e+02 7.75699425e+01 3.36988800e-01 3.88128199e-02 -1.90776300e+01
9.84703234e-71 -8.77350239e+02 6.53125872e+01 2.41534171e-01 4.85880604e-02 -1.95663691e+01
1.51063919e-70 -8.76939651e+02 6.77642848e+01 4.39727744e-01 4.98350990e-02 -1.93266869e+01
2.03818886e-70 -8.76715237e+02 7.06466133e+01 4.71413910e-01 4.24117239e-02 -1.92550559e+01
2.71687893e-70 -8.76374477e+02 6.06652456e+01 3.37979734e-01 5.82190053e-02 -1.96740754e+01
5.35011175e-70 -8.75506954e+02 7.09447830e+01 1.66580068e-01 4.85298003e-02 -1.93684962e+01
7.95387122e-70 -8.75395323e+02 6.10849323e+01 2.49280847e-01 5.56227204e-02 -1.96265100e+01
9.67136504e-70 -8.75124450e+02 7.10923379e+01 1.60321177e-01 4.21530592e-02 -1.94034497e+01
1.18891030e-69 -8.74963911e+02 6.95354520e+01 4.45377969e-01 4.30087007e-02 -1.93403702e+01
1.45230656e-69 -8.74725324e+02 7.13068488e+01 2.54837169e-01 4.02459929e-02 -1.92830667e+01
2.73445880e-69 -8.73859381e+02 6.94013559e+01 2.77222896e-01 4.62417260e-02 -1.93047136e+01
5.41563650e-69 -8.73258894e+02 6.56453951e+01 1.28305095e-01 5.47367662e-02 -1.95578729e+01
7.06488876e-69 -8.73232384e+02 6.39748593e+01 3.22617376e-01 5.10444588e-02 -1.94860182e+01
7.93368255e-69 -8.73030295e+02 6.72346929e+01 4.51740083e-01 5.22003087e-02 -1.93592927e+01
8.72166472e-69 -8.73026154e+02 6.76278726e+01 2.01924174e-01 5.33621869e-02 -1.94774147e+01
8.87726669e-69 -8.72988620e+02 6.28283022e+01 3.09131299e-01 5.33647778e-02 -1.96223165e+01
1.07632513e-68 -8.72660633e+02 6.37084752e+01 2.73461725e-01 5.67011648e-02 -1.96088577e+01
1.28178839e-68 -8.72606515e+02 7.33683394e+01 4.29859353e-01 4.36483870e-02 -1.92360927e+01
1.58420250e-68 -8.72259543e+02 6.19749640e+01 4.22494475e-01 5.68726875e-02 -1.95401206e+01
1.90150590e-68 -8.72205512e+02 6.06634876e+01 3.43106601e-01 6.09296696e-02 -1.96098199e+01
2.09957873e-68 -8.72059315e+02 6.76137316e+01 3.23611238e-01 4.59606416e-02 -1.94696186e+01
2.38587135e-68 -8.71941340e+02 6.70881402e+01 4.82368463e-01 5.23721211e-02 -1.93730769e+01
2.80641975e-68 -8.71735106e+02 7.56174420e+01 2.60105666e-01 3.59332090e-02 -1.91987831e+01
3.46322722e-68 -8.71515518e+02 6.93370157e+01 4.46655516e-01 4.92242118e-02 -1.93510185e+01
4.02678966e-68 -8.71417294e+02 7.60449690e+01 4.07088303e-01 3.83284978e-02 -1.91680031e+01
4.66132915e-68 -8.71223193e+02 7.34519344e+01 4.55669623e-01 4.34898727e-02 -1.91788915e+01
5.45670668e-68 -8.71090541e+02 7.76008363e+01 3.78049668e-01 3.61142784e-02 -1.91214025e+01
5.84298532e-68 -8.71075406e+02 6.73809792e+01 2.75108506e-01 4.96902384e-02 -1.95021468e+01
6.42087339e-68 -8.70902655e+02 7.52205725e+01 3.06221171e-01 3.89653123e-02 -1.92438025e+01
9.59755287e-68 -8.70336481e+02 6.36100300e+01 4.77407876e-01 5.23559067e-02 -1.94911859e+01
1.26619123e-67 -8.70264040e+02 5.94812934e+01 2.93980546e-01 6.00989914e-02 -1.96924910e+01
1.31252017e-67 -8.70256656e+02 6.10775056e+01 2.51488330e-01 5.63365379e-02 -1.96882528e+01
1.44537783e-67 -8.70072952e+02 6.86504413e+01 2.75666549e-01 5.21485415e-02 -1.93707594e+01
2.57230304e-67 -8.69252486e+02 6.99843997e+01 1.12525344e-01 4.53388403e-02 -1.94221622e+01
4.03803636e-67 -8.69014712e+02 6.49000818e+01 1.66104662e-01 5.51476183e-02 -1.95088894e+01
5.04354501e-67 -8.68798674e+02 7.00365132e+01 3.23835094e-01 4.17978286e-02 -1.92999740e+01
5.91515381e-67 -8.68681051e+02 7.43307079e+01 3.28021080e-01 3.85243872e-02 -1.91654402e+01
7.17732600e-67 -8.68418877e+02 6.06265873e+01 3.14034285e-01 5.99216233e-02 -1.96838619e+01
9.78132229e-67 -8.68068671e+02 7.76983267e+01 3.37133392e-01 3.51790530e-02 -1.91036647e+01
1.41201353e-66 -8.67684192e+02 7.89096986e+01 3.25743353e-01 3.47023296e-02 -1.90698899e+01
1.90771676e-66 -8.67438551e+02 7.16058568e+01 2.60690546e-01 4.11523111e-02 -1.93650553e+01
2.45197462e-66 -8.67177504e+02 6.81993482e+01 2.71064989e-01 4.29263270e-02 -1.94330250e+01
2.98477646e-66 -8.67027281e+02 6.88920991e+01 1.98415560e-01 4.48104694e-02 -1.94702180e+01
3.58821158e-66 -8.66808858e+02 7.33239211e+01 4.22922063e-01 4.21030976e-02 -1.92508256e+01
4.60643448e-66 -8.66528682e+02 6.82756857e+01 3.65113879e-01 4.96342558e-02 -1.93246621e+01
6.11447387e-66 -8.66237373e+02 6.38775142e+01 4.95220451e-01 5.53075362e-02 -1.94975611e+01
7.62411689e-66 -8.66066833e+02 6.05219400e+01 2.84242524e-01 5.64490887e-02 -1.96682609e+01
8.32582998e-66 -8.66047457e+02 6.72028189e+01 1.08538878e-01 5.04576592e-02 -1.94896371e+01
1.20247029e-65 -8.65421331e+02 6.73319741e+01 4.33410009e-01 4.83464616e-02 -1.93430321e+01
1.87385385e-65 -8.65085224e+02 7.39558950e+01 3.96195012e-01 4.40767835e-02 -1.91972441e+01
2.98561752e-65 -8.64530822e+02 6.92562675e+01 1.33212123e-01 4.37735317e-02 -1.94299030e+01
3.93991013e-65 -8.64449638e+02 6.81072754e+01 3.43572384e-01 4.32016178e-02 -1.94004720e+01
4.71157162e-65 -8.64182571e+02 7.33862665e+01 4.61351468e-01 4.01809478e-02 -1.91831851e+01
6.53012007e-65 -8.63807383e+02 6.27778180e+01 3.28590219e-01 5.75055184e-02 -1.96162473e+01
7.76689271e-65 -8.63794083e+02 6.21188282e+01 2.65559848e-01 5.66540881e-02 -1.96614984e+01
9.00205224e-65 -8.63523735e+02 6.62088237e+01 2.30470179e-01 4.58502647e-02 -1.95147970e+01
1.19614053e-64 -8.63223236e+02 6.48139083e+01 2.99333361e-01 4.91947001e-02 -1.94690712e+01
1.47484740e-64 -8.63080751e+02 7.68284965e+01 1.83490056e-01 3.94055315e-02 -1.92125240e+01
1.99515729e-64 -8.62652645e+02 7.60360911e+01 3.71167601e-01 3.65515567e-02 -1.91558386e+01
2.79759709e-64 -8.62372152e+02 6.36284853e+01 2.75047333e-01 4.94985883e-02 -1.95637708e+01
3.27025174e-64 -8.62314989e+02 7.30889776e+01 1.68879467e-01 3.94565985e-02 -1.93234946e+01
3.37015376e-64 -8.62304524e+02 6.23080012e+01 2.97745555e-01 5.51646030e-02 -1.96422349e+01
5.07766714e-64 -8.61607573e+02 6.58227085e+01 4.02150049e-01 4.94334839e-02 -1.94021342e+01
7.22180675e-64 -8.61478472e+02 7.58087056e+01 3.96167297e-01 4.13512932e-02 -1.91496560e+01
8.28402949e-64 -8.61327963e+02 6.81372297e+01 3.51537005e-01 4.70150441e-02 -1.93300330e+01
9.03234230e-64 -8.61293491e+02 6.45974676e+01 1.48553506e-01 5.04266156e-02 -1.95411713e+01
1.18551073e-63 -8.60830284e+02 6.24915675e+01 1.54817179e-01 5.45392460e-02 -1.96660709e+01
1.49828457e-63 -8.60766394e+02 6.75033291e+01 3.84166822e-01 4.45143673e-02 -1.93872190e+01
1.74982922e-63 -8.60526559e+02 6.53091751e+01 2.87175798e-01 4.71388719e-02 -1.94778569e+01
2.00572018e-63 -8.60473136e+02 7.52754679e+01 3.77615969e-01 4.18455474e-02 -1.91408572e+01
2.34243132e-63 -8.60224262e+02 7.12562939e+01 2.23456034e-01 4.13929150e-02 -1.92862004e+01
2.72305743e-63 -8.60151237e+02 6.26516416e+01 4.00807982e-01 5.27753724e-02 -1.95485808e+01
3.18301052e-63 -8.59917730e+02 7.11846436e+01 2.96528022e-01 4.83526521e-02 -1.93336454e+01
4.38124491e-63 -8.59529429e+02 6.33458878e+01 2.58524076e-01 5.14643214e-02 -1.96125914e+01
8.43095855e-63 -8.58722868e+02 7.04273216e+01 4.19978936e-01 4.65733300e-02 -1.93395869e+01
1.72446809e-62 -8.58045694e+02 6.11945837e+01 2.83796793e-01 5.83127625e-02 -1.96015415e+01
2.51018286e-62 -8.57861311e+02 6.18236327e+01 4.23013422e-01 5.95693780e-02 -1.95749212e+01
2.93458255e-62 -8.57722916e+02 6.04131054e+01 3.31045944e-01 6.14980765e-02 -1.96700893e+01
3.46333585e-62 -8.57528018e+02 6.39269371e+01 2.53733407e-01 5.38239913e-02 -1.95002373e+01
6.00088851e-62 -8.56753714e+02 6.78703678e+01 1.95994889e-01 4.94675752e-02 -1.95047274e+01
1.14397763e-61 -8.56168985e+02 6.69044151e+01 2.36916261e-01 5.44582272e-02 -1.94416332e+01
1.50259114e-61 -8.56118061e+02 7.63362055e+01 1.70058361e-01 3.78749939e-02 -1.91848576e+01
1.80953603e-61 -8.55813086e+02 6.75978932e+01 1.45245842e-01 4.78699075e-02 -1.94312557e+01
2.21202181e-61 -8.55690334e+02 6.18902301e+01 1.49010787e-01 5.91022023e-02 -1.96772039e+01
2.77726227e-61 -8.55372670e+02 6.54232567e+01 3.73760707e-01 5.04962919e-02 -1.95191453e+01
3.35967167e-61 -8.55279950e+02 6.52176205e+01 4.49001213e-01 5.09183479e-02 -1.94200431e+01
3.59790247e-61 -8.55227537e+02 6.68530870e+01 1.57691448e-01 5.38582970e-02 -1.94866394e+01
3.78751687e-61 -8.55170696e+02 6.89118360e+01 4.49100551e-01 4.87300219e-02 -1.93691728e+01
6.44883752e-61 -8.54328152e+02 6.51849926e+01 3.35641632e-01 5.68873926e-02 -1.94898042e+01
1.10239476e-60 -8.53954033e+02 6.13641130e+01 1.49192692e-01 5.75814947e-02 -1.96883053e+01
1.41651127e-60 -8.53791852e+02 6.88650041e+01 1.60441437e-01 4.33399048e-02 -1.94345027e+01
1.60867200e-60 -8.53689027e+02 7.09029426e+01 1.86031757e-01 4.85387309e-02 -1.93615807e+01
1.86936541e-60 -8.53491875e+02 6.07925855e+01 3.21391894e-01 6.21602615e-02 -1.96418895e+01
2.16571337e-60 -8.53381417e+02 6.33884386e+01 3.20875002e-01 5.07611449e-02 -1.95336063e+01
2.30187591e-60 -8.53360333e+02 6.76502965e+01 2.66189995e-01 4.75298459e-02 -1.94925509e+01
2.91416935e-60 -8.52945621e+02 6.13294288e+01 1.85421352e-01 6.11133089e-02 -1.96797983e+01
4.42700301e-60 -8.52519719e+02 6.61959285e+01 2.59379243e-01 4.55703315e-02 -1.94809374e+01
5.45025162e-60 -8.52478503e+02 6.62436798e+01 1.74592060e-01 4.69880940e-02 -1.95361205e+01
5.74382153e-60 -8.52408923e+02 6.80179421e+01 1.30137816e-01 4.96018921e-02 -1.94355402e+01
8.17610396e-60 -8.51843373e+02 6.48686784e+01 4.18972873e-01 5.24354673e-02 -1.95153592e+01
1.22121770e-59 -8.51543335e+02 6.80618553e+01 3.31910231e-01 4.43786002e-02 -1.93611661e+01
1.66671509e-59 -8.51218541e+02 7.15459403e+01 4.25887680e-01 4.66106183e-02 -1.92707332e+01
1.99890294e-59 -8.51148172e+02 6.97392021e+01 1.39098321e-01 4.64507953e-02 -1.93722144e+01
2.50140521e-59 -8.50793436e+02 6.86141569e+01 4.77552764e-01 4.66849270e-02 -1.93661024e+01
3.05962950e-59 -8.50709115e+02 6.19857002e+01 3.91486161e-01 5.99646145e-02 -1.95813833e+01
3.51180338e-59 -8.50518410e+02 6.25404993e+01 1.56030914e-01 5.89158485e-02 -1.96514782e+01
4.07715275e-59 -8.50398439e+02 6.13779823e+01 3.77653437e-01 6.05724467e-02 -1.96106806e+01
5.80184956e-59 -8.49871285e+02 7.03519585e+01 4.64235180e-01 4.39664265e-02 -1.92598775e+01
7.98594159e-59 -8.49692104e+02 6.13870401e+01 2.22861397e-01 5.58154016e-02 -1.96284763e+01
9.01502073e-59 -8.49615656e+02 7.90569547e+01 2.60608949e-01 3.54709865e-02 -1.90762752e+01
1.23416394e-58 -8.49117278e+02 6.55431915e+01 3.13150980e-01 5.53609149e-02 -1.95180166e+01
1.72374050e-58 -8.48891993e+02 7.24678995e+01 4.45354484e-01 4.17577408e-02 -1.92564903e+01
2.01557275e-58 -8.48787857e+02 6.45616997e+01 4.91491102e-01 5.38230024e-02 -1.94700036e+01
2.18798234e-58 -8.48719638e+02 7.08028240e+01 2.73018668e-01 4.90633221e-02 -1.93347764e+01
2.31027541e-58 -8.48671835e+02 7.36683115e+01 3.42039544e-01 3.89365176e-02 -1.91902762e+01
2.44221427e-58 -8.48602535e+02 6.33251038e+01 4.59745621e-01 5.36012323e-02 -1.95067574e+01
2.80611088e-58 -8.48396758e+02 6.43328752e+01 2.49931489e-01 5.06816941e-02 -1.94992203e+01
3.23857989e-58 -8.48300936e+02 7.08409766e+01 3.44163624e-01 4.27917309e-02 -1.93584738e+01
3.48162091e-58 -8.48243895e+02 6.69958257e+01 4.54361896e-01 4.97347234e-02 -1.94310353e+01
3.60244359e-58 -8.48225324e+02 7.75987779e+01 3.28538436e-01 3.71294531e-02 -1.90850022e+01
5.32000646e-58 -8.47564629e+02 6.98870106e+01 3.37097105e-01 4.89712286e-02 -1.93757997e+01
7.59045220e-58 -8.47406852e+02 6.29109530e+01 4.49577633e-01 5.48194113e-02 -1.95174639e+01
8.30498371e-58 -8.47372129e+02 6.90986532e+01 4.50235124e-01 4.45975610e-02 -1.93049989e+01
1.43599058e-57 -8.46492310e+02 7.16579154e+01 4.48645964e-01 4.27634916e-02 -1.92224988e+01
2.42628591e-57 -8.46156875e+02 6.97054542e+01 3.64054624e-01 4.96210383e-02 -1.93107716e+01
2.82844322e-57 -8.46150935e+02 6.19083156e+01 2.16524664e-01 6.05813503e-02 -1.96159246e+01
3.11760350e-57 -8.45964236e+02 7.41610261e+01 2.87825172e-01 4.28791908e-02 -1.91826693e+01
3.61084765e-57 -8.45845353e+02 7.72616347e+01 2.03933417e-01 3.66279981e-02 -1.91457177e+01
4.16184101e-57 -8.45677089e+02 6.05839184e+01 3.58675491e-01 6.05021293e-02 -1.96419642e+01
5.10399012e-57 -8.45437781e+02 6.46705439e+01 4.38402229e-01 5.00078544e-02 -1.94734727e+01
5.82176353e-57 -8.45393480e+02 6.57429433e+01 2.99766865e-01 5.49871801e-02 -1.95171157e+01
6.12771009e-57 -8.45329230e+02 7.21362752e+01 4.43043148e-01 4.48319376e-02 -1.92582595e+01
7.66056131e-57 -8.44971150e+02 7.53392609e+01 2.19388562e-01 4.23174938e-02 -1.91947885e+01
9.32711213e-57 -8.44898334e+02 7.21299590e+01 2.17834734e-01 4.31742100e-02 -1.93649977e+01
1.10630440e-56 -8.44638616e+02 7.12082490e+01 2.27397303e-01 4.72283486e-02 -1.93725859e+01
1.25386217e-56 -8.44624505e+02 6.36652080e+01 3.01937837e-01 5.40819510e-02 -1.94995075e+01
1.34732732e-56 -8.44492476e+02 6.96254642e+01 4.34541881e-01 4.40384830e-02 -1.92882710e+01
1.76291634e-56 -8.44111811e+02 6.48651094e+01 3.28678103e-01 5.60567776e-02 -1.95341126e+01
2.27650041e-56 -8.43945387e+02 6.76433176e+01 2.68061368e-01 5.20400112e-02 -1.93858965e+01
2.95735234e-56 -8.43603936e+02 6.68497305e+01 2.55516266e-01 5.16613793e-02 -1.95140194e+01
3.56926227e-56 -8.43534791e+02 7.49705755e+01 1.60565074e-01 3.97222912e-02 -1.92684993e+01
5.34627870e-56 -8.42890144e+02 6.22110427e+01 3.39769027e-01 5.93625378e-02 -1.95606549e+01
8.31133125e-56 -8.42569197e+02 6.33734955e+01 3.50387247e-01 5.10553629e-02 -1.95532626e+01
1.39964793e-55 -8.41919268e+02 7.06718799e+01 3.88329938e-01 4.35171701e-02 -1.93444670e+01
2.41010981e-55 -8.41430890e+02 6.72891060e+01 3.73944974e-01 4.58513735e-02 -1.93777650e+01
2.98087260e-55 -8.41428482e+02 6.68789215e+01 3.13783320e-01 5.36666801e-02 -1.94691039e+01
3.16001019e-55 -8.41310965e+02 6.54183448e+01 2.17864566e-01 5.22227150e-02 -1.94638264e+01
3.90787741e-55 -8.41015311e+02 6.92772661e+01 2.60692507e-01 4.47931263e-02 -1.93259483e+01
4.51685923e-55 -8.40993015e+02 6.54901016e+01 3.50009105e-01 5.60280993e-02 -1.94752705e+01
5.19794902e-55 -8.40743198e+02 6.51606685e+01 2.81869893e-01 5.61663250e-02 -1.94746433e+01
6.80199744e-55 -8.40453764e+02 6.55348483e+01 4.28794029e-01 5.02703557e-02 -1.94157785e+01
1.37373923e-54 -8.39520246e+02 7.59855254e+01 3.30420492e-01 3.65703800e-02 -1.91609414e+01
2.19156865e-54 -8.39313254e+02 6.16606500e+01 1.75400409e-01 5.94533091e-02 -1.96767474e+01
2.42757773e-54 -8.39298401e+02 7.16588051e+01 2.10436944e-01 4.45798276e-02 -1.93782931e+01
2.79386164e-54 -8.39041887e+02 6.60141017e+01 2.15884145e-01 5.49105389e-02 -1.94698009e+01
3.41674165e-54 -8.38879407e+02 7.16482065e+01 1.35356236e-01 4.51490138e-02 -1.93574731e+01
4.35766787e-54 -8.38566515e+02 7.47580886e+01 1.85341622e-01 4.21380824e-02 -1.92185644e+01
6.08211502e-54 -8.38212682e+02 6.33834671e+01 1.72724266e-01 5.80173950e-02 -1.96195504e+01
7.13215036e-54 -8.38210203e+02 6.51301318e+01 1.36293892e-01 5.49122868e-02 -1.95587900e+01
8.17439127e-54 -8.37950104e+02 6.19981335e+01 1.91640482e-01 5.44208413e-02 -1.96318413e+01
9.40645195e-54 -8.37906381e+02 6.26138971e+01 2.48435258e-01 5.67420004e-02 -1.95590087e+01
9.78578484e-54 -8.37864342e+02 6.64723159e+01 1.89856244e-01 4.90647874e-02 -1.95443197e+01
1.01816520e-53 -8.37820452e+02 6.41806278e+01 3.95486257e-01 5.49230197e-02 -1.95389235e+01
1.19740184e-53 -8.37550998e+02 7.07118709e+01 3.91433345e-01 4.63611838e-02 -1.92559352e+01
1.64541594e-53 -8.37192059e+02 6.43217542e+01 3.69766051e-01 5.00775947e-02 -1.95285193e+01
2.40582643e-53 -8.36792210e+02 7.45773898e+01 2.98195145e-01 4.20137464e-02 -1.92526795e+01
3.46828066e-53 -8.36444279e+02 6.64884449e+01 4.66140316e-01 5.15201297e-02 -1.93856466e+01
4.11657200e-53 -8.36412964e+02 6.44210586e+01 1.62789497e-01 5.02367944e-02 -1.95870651e+01
7.20334762e-53 -8.35513933e+02 6.77485253e+01 3.26708764e-01 5.21772153e-02 -1.94383282e+01
1.02846823e-52 -8.35498543e+02 6.72319197e+01 2.38777313e-01 5.34186660e-02 -1.94768049e+01
1.17262258e-52 -8.35259165e+02 6.36981467e+01 2.83408975e-01 5.01347781e-02 -1.95459394e+01
1.52468498e-52 -8.34972920e+02 6.53411200e+01 4.19202760e-01 4.90931775e-02 -1.94758597e+01
1.76771674e-52 -8.34936622e+02 6.49003465e+01 4.70988318e-01 5.21397104e-02 -1.94727558e+01
1.96065074e-52 -8.34766027e+02 6.86140760e+01 3.27894711e-01 4.38258582e-02 -1.94146411e+01
2.22403078e-52 -8.34672783e+02 6.51907871e+01 1.68940799e-01 5.50866667e-02 -1.95698400e+01
2.48561584e-52 -8.34539254e+02 6.96189581e+01 2.53677373e-01 4.96575664e-02 -1.93376615e+01
2.81141028e-52 -8.34418957e+02 6.14313435e+01 2.96660724e-01 5.56205656e-02 -1.96425665e+01
3.07527193e-52 -8.34350732e+02 6.05710627e+01 3.03515250e-01 5.99899417e-02 -1.96691652e+01
3.34126263e-52 -8.34247871e+02 7.65865777e+01 3.86676913e-01 3.89756694e-02 -1.91385546e+01
3.72490525e-52 -8.34127658e+02 6.57587160e+01 3.90253992e-01 4.97637769e-02 -1.94936336e+01
4.52638467e-52 -8.33865035e+02 6.93797069e+01 2.44629624e-01 4.26440925e-02 -1.94160893e+01
6.09730118e-52 -8.33535062e+02 6.46108000e+01 3.12587256e-01 4.94927410e-02 -1.94851384e+01
7.12099925e-52 -8.33520927e+02 6.88060612e+01 4.75148251e-01 4.75814293e-02 -1.93103081e+01
9.17530713e-52 -8.33071498e+02 6.48792845e+01 4.23193880e-01 5.15528643e-02 -1.94415283e+01
1.23285370e-51 -8.32882326e+02 6.36568130e+01 1.73179929e-01 5.78350804e-02 -1.95799630e+01
1.49625796e-51 -8.32678959e+02 6.51672909e+01 2.95995023e-01 5.55968345e-02 -1.94659364e+01
1.89327906e-51 -8.32412377e+02 7.32516099e+01 2.28242682e-01 4.02967164e-02 -1.92284737e+01
3.37857161e-51 -8.31641374e+02 7.65416476e+01 1.90764467e-01 3.72835570e-02 -1.91828493e+01
4.91659709e-51 -8.31514355e+02 7.51722200e+01 3.35285057e-01 3.78848623e-02 -1.92089496e+01
5.73308541e-51 -8.31331739e+02 6.10881226e+01 2.88320893e-01 6.10743775e-02 -1.96492531e+01
6.42090921e-51 -8.31273607e+02 6.31808424e+01 4.46603398e-01 5.53430579e-02 -1.95218629e+01
8.53546944e-51 -8.30808498e+02 6.17018692e+01 2.39993088e-01 5.46849890e-02 -1.96440945e+01
1.15777236e-50 -8.30613168e+02 6.08849746e+01 2.91733700e-01 6.01366213e-02 -1.96299618e+01
1.56501274e-50 -8.30226647e+02 7.16327627e+01 1.99777576e-01 4.24527474e-02 -1.92841995e+01
1.96761530e-50 -8.30114670e+02 7.66188019e+01 1.96246790e-01 3.83424455e-02 -1.92112392e+01
2.18455399e-50 -8.30010396e+02 6.94338032e+01 1.85734272e-01 4.66637667e-02 -1.94520347e+01
2.38823088e-50 -8.29928683e+02 7.41741908e+01 1.67538860e-01 4.12929723e-02 -1.92940996e+01
2.78712450e-50 -8.29705575e+02 6.84295818e+01 2.47007993e-01 4.64180047e-02 -1.94683630e+01
3.38116502e-50 -8.29530815e+02 7.41751068e+01 3.87225216e-01 4.25317640e-02 -1.92161308e+01
3.92628849e-50 -8.29396830e+02 7.19248871e+01 4.01168265e-01 4.54948737e-02 -1.92800550e+01
4.67695274e-50 -8.29181355e+02 6.58973586e+01 1.47864614e-01 5.41652878e-02 -1.95266322e+01
5.37365126e-50 -8.29102425e+02 6.99617972e+01 2.46236994e-01 4.14348880e-02 -1.93710233e+01
5.88445199e-50 -8.28994444e+02 6.98168301e+01 2.34562609e-01 4.16417162e-02 -1.93707310e+01
6.38196257e-50 -8.28931522e+02 6.36156233e+01 3.29893620e-01 5.59500301e-02 -1.95021778e+01
7.39074864e-50 -8.28705982e+02 7.03242234e+01 1.30613245e-01 4.59220820e-02 -1.94049475e+01
8.74083346e-50 -8.28580553e+02 7.75181724e+01 2.47337268e-01 3.92357422e-02 -1.91340840e+01
1.01026276e-49 -8.28412840e+02 7.17995306e+01 2.79590960e-01 4.26906756e-02 -1.93524244e+01
1.47208782e-49 -8.27883245e+02 7.11566603e+01 3.88602360e-01 4.68325258e-02 -1.93061626e+01
2.19006026e-49 -8.27567238e+02 7.06981814e+01 3.56933862e-01 4.58668125e-02 -1.92606463e+01
2.73298550e-49 -8.27414614e+02 6.82267699e+01 1.71572297e-01 5.09635039e-02 -1.94178783e+01
3.02984554e-49 -8.27349588e+02 6.09927688e+01 2.45954707e-01 5.68896950e-02 -1.96595466e+01
3.50205261e-49 -8.27129330e+02 6.69671185e+01 3.12582207e-01 4.52074581e-02 -1.94302689e+01
4.01613396e-49 -8.27058153e+02 6.37086803e+01 2.22851393e-01 5.81821382e-02 -1.95885281e+01
4.36015759e-49 -8.26959465e+02 6.51388572e+01 1.35903098e-01 5.25352660e-02 -1.95789899e+01
4.82454189e-49 -8.26849662e+02 6.18954379e+01 2.59152676e-01 5.42121062e-02 -1.96259618e+01
6.39400231e-49 -8.26430180e+02 6.27612403e+01 2.08604167e-01 5.43638998e-02 -1.96436068e+01
8.90195062e-49 -8.26156219e+02 7.18180987e+01 2.11561769e-01 4.55681730e-02 -1.92791859e+01
1.18688158e-48 -8.25852504e+02 6.52295139e+01 2.38475348e-01 4.80039382e-02 -1.95391462e+01
1.67551409e-48 -8.25472833e+02 6.96855387e+01 3.38723944e-01 4.83176203e-02 -1.93852467e+01
2.15403084e-48 -8.25313892e+02 6.06244367e+01 2.83574022e-01 5.89904580e-02 -1.96540764e+01
2.52586213e-48 -8.25148238e+02 6.99066058e+01 3.42537620e-01 4.92920589e-02 -1.93170186e+01
3.50145616e-48 -8.24697548e+02 7.46739521e+01 4.03064209e-01 3.92035354e-02 -1.91882497e+01
5.01729858e-48 -8.24394650e+02 7.19699549e+01 3.75041466e-01 4.58770755e-02 -1.92839315e+01
5.80367018e-48 -8.24376923e+02 6.54223167e+01 2.65094799e-01 5.35539497e-02 -1.94544139e+01
6.38597869e-48 -8.24204141e+02 6.91319307e+01 1.86816740e-01 5.04151546e-02 -1.93994149e+01
6.93413218e-48 -8.24198120e+02 6.52407021e+01 4.28455466e-01 5.23014527e-02 -1.94880416e+01
7.75025413e-48 -8.23986149e+02 6.31388882e+01 1.74622552e-01 5.35184057e-02 -1.96329878e+01
9.15027564e-48 -8.23852592e+02 7.21877704e+01 3.73151671e-01 4.08173085e-02 -1.92308958e+01
1.01698267e-47 -8.23765645e+02 6.34454389e+01 3.61260753e-01 5.18868010e-02 -1.95250767e+01
1.18830549e-47 -8.23544835e+02 6.20556028e+01 3.52067147e-01 5.49615731e-02 -1.95813098e+01
1.94385185e-47 -8.22873240e+02 7.25461834e+01 2.84288657e-01 4.13690366e-02 -1.92275113e+01
2.88173005e-47 -8.22652226e+02 7.22127956e+01 2.28302161e-01 4.64335962e-02 -1.92888180e+01
4.74825457e-47 -8.21969845e+02 7.03323238e+01 2.23276209e-01 4.84871486e-02 -1.93309444e+01
7.63897837e-47 -8.21612187e+02 6.91923474e+01 1.46937409e-01 4.69948631e-02 -1.94547907e+01
9.66349179e-47 -8.21466498e+02 6.40865876e+01 4.16047785e-01 5.16303009e-02 -1.95070318e+01
1.29940863e-46 -8.21050838e+02 6.63092163e+01 1.90905719e-01 4.74518920e-02 -1.95288886e+01
1.56707042e-46 -8.21042377e+02 6.93577998e+01 2.25283406e-01 4.23424843e-02 -1.93915222e+01
1.78890067e-46 -8.20794677e+02 7.47712098e+01 3.95444668e-01 3.95950132e-02 -1.91946235e+01
2.08554244e-46 -8.20715147e+02 7.19067487e+01 3.33732704e-01 4.30324381e-02 -1.92306544e+01
2.45713505e-46 -8.20473116e+02 7.64503329e+01 2.89121599e-01 3.65076378e-02 -1.91580843e+01
2.89045562e-46 -8.20371620e+02 6.63953392e+01 2.86464645e-01 4.93045250e-02 -1.95158982e+01
3.18074228e-46 -8.20274826e+02 6.27093342e+01 3.98648430e-01 5.51710721e-02 -1.95394653e+01
3.43316236e-46 -8.20210910e+02 6.65825091e+01 1.61850280e-01 5.32180570e-02 -1.95137048e+01
4.42337131e-46 -8.19801853e+02 7.39921302e+01 2.47044710e-01 4.12036903e-02 -1.91990727e+01
5.42210477e-46 -8.19756071e+02 6.93100387e+01 4.18294583e-01 4.89315084e-02 -1.93464348e+01
5.75170195e-46 -8.19678167e+02 6.77527625e+01 1.84502779e-01 4.54265489e-02 -1.94817955e+01
6.13976948e-46 -8.19618214e+02 7.02798701e+01 3.43408628e-01 4.50238340e-02 -1.92754351e+01
6.31297433e-46 -8.19614976e+02 7.21871001e+01 4.18028871e-01 4.10928891e-02 -1.92507962e+01
6.52402959e-46 -8.19546942e+02 6.30609782e+01 3.01315531e-01 5.43315514e-02 -1.96068149e+01
9.20392279e-46 -8.18994291e+02 6.62536978e+01 3.84681607e-01 4.71641982e-02 -1.94440279e+01
1.18708056e-45 -8.18956339e+02 6.67366368e+01 2.00816829e-01 5.26126817e-02 -1.94439105e+01
1.25508858e-45 -8.18877414e+02 7.70946736e+01 2.12489607e-01 3.75897970e-02 -1.91508221e+01
1.39007378e-45 -8.18748009e+02 6.44490378e+01 3.47816406e-01 5.20128792e-02 -1.95478505e+01
1.62174502e-45 -8.18566508e+02 7.07146395e+01 1.57614083e-01 4.27138087e-02 -1.93582084e+01
2.11486052e-45 -8.18230286e+02 6.65533637e+01 2.62891095e-01 4.86483036e-02 -1.94173889e+01
2.58219257e-45 -8.18134706e+02 6.90818823e+01 3.88444265e-01 4.98128292e-02 -1.93608565e+01
2.75137284e-45 -8.18094823e+02 7.07663177e+01 3.32808017e-01 4.64652363e-02 -1.92695750e+01
3.34625823e-45 -8.17763488e+02 6.70737498e+01 4.29480155e-01 4.97562239e-02 -1.94301306e+01
3.95133050e-45 -8.17728729e+02 6.68203820e+01 3.11430094e-01 4.77568815e-02 -1.93980879e+01
4.13161552e-45 -8.17668214e+02 7.45341458e+01 3.76487684e-01 3.86360750e-02 -1.91888580e+01
4.32714879e-45 -8.17629060e+02 6.63885020e+01 4.20802277e-01 4.77032632e-02 -1.94220258e+01
4.58583507e-45 -8.17546742e+02 7.24121581e+01 3.54842909e-01 3.98630561e-02 -1.92494088e+01
4.82434560e-45 -8.17519491e+02 6.78449404e+01 1.63444703e-01 5.13140756e-02 -1.94406438e+01
4.92553008e-45 -8.17498497e+02 6.94110286e+01 1.70023943e-01 4.38923057e-02 -1.94335996e+01
6.15583439e-45 -8.17105210e+02 7.25374211e+01 3.95129097e-01 4.07881156e-02 -1.92221505e+01
7.86892737e-45 -8.16967139e+02 6.48057457e+01 3.98427263e-01 5.07731300e-02 -1.95061427e+01
8.68351199e-45 -8.16897980e+02 7.16359006e+01 3.73011971e-01 4.26312144e-02 -1.93135212e+01
9.50712808e-45 -8.16781449e+02 7.03583590e+01 1.80374225e-01 4.79612725e-02 -1.93978396e+01
1.08978877e-44 -8.16621283e+02 7.48767648e+01 3.36941660e-01 4.17145174e-02 -1.92158298e+01
1.30067109e-44 -8.16424281e+02 7.26006250e+01 4.28897610e-01 4.37753260e-02 -1.92213860e+01
1.95988247e-44 -8.15862748e+02 7.24698735e+01 3.59377024e-01 4.29216717e-02 -1.92127884e+01
2.58340429e-44 -8.15788732e+02 6.22637387e+01 3.67481483e-01 5.83063618e-02 -1.95699982e+01
2.77967558e-44 -8.15709827e+02 7.02413930e+01 3.96807802e-01 4.48261075e-02 -1.92718634e+01
2.92337350e-44 -8.15679936e+02 7.24687733e+01 2.41331412e-01 4.61168032e-02 -1.92943772e+01
3.24560804e-44 -8.15501746e+02 7.26597380e+01 3.53914191e-01 4.09938469e-02 -1.92151273e+01
4.19458657e-44 -8.15178395e+02 6.53245232e+01 2.57749915e-01 5.16483763e-02 -1.95575573e+01
7.47835929e-44 -8.14444397e+02 6.95386305e+01 1.88183668e-01 4.60683571e-02 -1.93520279e+01
1.07856350e-43 -8.14311949e+02 6.73212476e+01 3.38792332e-01 5.22795575e-02 -1.94446297e+01
1.15323008e-43 -8.14299524e+02 6.29305352e+01 3.65769694e-01 5.67681785e-02 -1.95768235e+01
1.25387085e-43 -8.14143961e+02 6.19780686e+01 2.72192471e-01 5.59018074e-02 -1.95921504e+01
1.49526533e-43 -8.13944607e+02 6.73765265e+01 2.04683997e-01 5.04905299e-02 -1.94136513e+01
1.67103603e-43 -8.13905489e+02 7.26493521e+01 2.31363082e-01 4.53618274e-02 -1.93119171e+01
1.88809229e-43 -8.13703505e+02 6.56027441e+01 2.79404199e-01 4.86205409e-02 -1.94572824e+01
2.10301546e-43 -8.13673269e+02 6.45443973e+01 4.38660578e-01 5.42633987e-02 -1.94777087e+01
2.21929904e-43 -8.13590687e+02 6.57272202e+01 2.66569749e-01 5.14325970e-02 -1.94423692e+01
2.68005988e-43 -8.13307584e+02 6.64855711e+01 2.62908175e-01 4.83813057e-02 -1.94231124e+01
3.11308846e-43 -8.13264963e+02 6.38610479e+01 2.68480879e-01 5.12834722e-02 -1.95260677e+01
4.06237871e-43 -8.12817755e+02 7.18747307e+01 3.88409700e-01 4.46660382e-02 -1.92929186e+01
4.97830162e-43 -8.12802140e+02 6.77314174e+01 2.62025479e-01 4.73524072e-02 -1.94808906e+01
5.06779043e-43 -8.12775582e+02 7.79025494e+01 2.65500828e-01 3.75579673e-02 -1.91428530e+01
5.17971154e-43 -8.12751761e+02 6.65056270e+01 3.99573304e-01 4.73796552e-02 -1.94153038e+01
7.12174687e-43 -8.12205633e+02 7.06782252e+01 2.79078177e-01 4.45735875e-02 -1.92808541e+01
9.55792783e-43 -8.12086557e+02 6.71530199e+01 2.71715708e-01 5.21257583e-02 -1.94826066e+01
1.09623601e-42 -8.11927555e+02 7.45008947e+01 3.55415011e-01 3.98833782e-02 -1.91658206e+01
1.18865401e-42 -8.11911772e+02 6.40027343e+01 4.07892971e-01 5.20703453e-02 -1.95013264e+01
1.25578270e-42 -8.11813382e+02 6.56476359e+01 3.48889820e-01 4.82779621e-02 -1.94915607e+01
1.39621238e-42 -8.11694236e+02 6.35795614e+01 3.18735708e-01 5.79160261e-02 -1.95386160e+01
1.56266862e-42 -8.11581113e+02 6.49717075e+01 2.35633047e-01 4.86969059e-02 -1.95442890e+01
1.77693631e-42 -8.11432880e+02 6.56852121e+01 2.97939826e-01 5.51008441e-02 -1.95018769e+01
2.00482404e-42 -8.11330269e+02 6.78338677e+01 1.72673640e-01 4.52439520e-02 -1.94532486e+01
2.11504082e-42 -8.11316604e+02 6.52459773e+01 3.19413086e-01 5.58875486e-02 -1.94912145e+01
2.24869733e-42 -8.11204171e+02 6.73643489e+01 1.66720153e-01 4.82936606e-02 -1.95110736e+01
2.93297400e-42 -8.10813394e+02 6.91304726e+01 3.05192204e-01 5.04219789e-02 -1.93861476e+01
3.61834338e-42 -8.10740895e+02 7.78936999e+01 2.81314704e-01 3.67282927e-02 -1.91335687e+01
3.74867738e-42 -8.10734661e+02 6.71454685e+01 2.60623115e-01 4.67316159e-02 -1.94903163e+01
3.94483154e-42 -8.10634719e+02 6.97982158e+01 1.66861590e-01 4.84216036e-02 -1.93791074e+01
4.24422779e-42 -8.10579952e+02 6.23809623e+01 3.64838887e-01 5.72861022e-02 -1.95874621e+01
4.62784327e-42 -8.10457969e+02 6.48901832e+01 3.44596164e-01 5.59842285e-02 -1.95032320e+01
5.06441912e-42 -8.10390422e+02 7.24703555e+01 3.59346808e-01 3.99885535e-02 -1.92554310e+01
5.32964387e-42 -8.10348522e+02 7.36069677e+01 3.44861406e-01 4.24179282e-02 -1.92593915e+01
5.60761624e-42 -8.10282727e+02 6.26239679e+01 2.28728036e-01 5.33580213e-02 -1.96184556e+01
6.07750318e-42 -8.10182365e+02 6.96725567e+01 3.90074743e-01 4.64906110e-02 -1.93672615e+01
6.39135248e-42 -8.10172873e+02 6.92760693e+01 1.65827307e-01 4.64949716e-02 -1.94513926e+01
6.48416840e-42 -8.10147019e+02 7.58863832e+01 2.40033229e-01 3.79381877e-02 -1.91676115e+01
2.54605925e-41 -8.08233222e+02 6.23448151e+01 2.68591995e-01 5.65213043e-02 -1.95752906e+01
4.56626959e-41 -8.08170344e+02 7.25314715e+01 4.24780910e-01 4.29035703e-02 -1.92474316e+01
5.67342983e-41 -8.07821631e+02 7.68698320e+01 3.28576347e-01 3.72455000e-02 -1.91398068e+01
6.65643579e-41 -8.07813876e+02 6.96872702e+01 2.57435615e-01 4.90825164e-02 -1.94005294e+01
6.91176220e-41 -8.07741006e+02 7.66477712e+01 2.33560506e-01 3.98909492e-02 -1.91733856e+01
7.16048423e-41 -8.07735195e+02 7.00212391e+01 1.54503051e-01 4.48665069e-02 -1.94215204e+01
7.22508781e-41 -8.07716467e+02 6.20144574e+01 2.58042899e-01 5.86509757e-02 -1.96391741e+01
8.30710454e-41 -8.07465103e+02 6.62745264e+01 3.62915421e-01 5.22200876e-02 -1.94796034e+01
9.31855395e-41 -8.07464264e+02 7.37811667e+01 3.30854921e-01 4.21918359e-02 -1.92594386e+01
1.31923698e-40 -8.06854680e+02 6.77876386e+01 3.21581429e-01 4.61906840e-02 -1.94489777e+01
2.13418765e-40 -8.06445597e+02 7.11972627e+01 4.28874800e-01 4.44519254e-02 -1.92510581e+01
2.59841079e-40 -8.06413111e+02 6.53807086e+01 1.98641746e-01 5.35454611e-02 -1.95627418e+01
2.66244990e-40 -8.06390117e+02 7.34272780e+01 3.46071776e-01 4.19846716e-02 -1.92659396e+01
3.04468219e-40 -8.06152148e+02 7.30024489e+01 2.00917219e-01 3.96282199e-02 -1.92821493e+01
3.70195903e-40 -8.05985353e+02 6.82370202e+01 4.12328267e-01 4.59213591e-02 -1.93471033e+01
4.21266089e-40 -8.05882713e+02 6.47513478e+01 4.30537023e-01 5.16994063e-02 -1.94731601e+01
4.89647758e-40 -8.05684980e+02 7.05588985e+01 3.33391950e-01 4.82676849e-02 -1.93134413e+01
5.44218621e-40 -8.05655191e+02 7.34923827e+01 2.42982138e-01 3.98562643e-02 -1.92954023e+01
5.56630576e-40 -8.05633123e+02 7.64069493e+01 3.11869886e-01 3.71655251e-02 -1.91509659e+01
6.79895235e-40 -8.05279450e+02 6.54204213e+01 4.21576326e-01 5.33252236e-02 -1.94675332e+01
8.13778898e-40 -8.05236323e+02 6.99865900e+01 3.82965091e-01 4.48785674e-02 -1.92849224e+01
8.87692316e-40 -8.05102903e+02 6.16107173e+01 2.34191759e-01 5.67603824e-02 -1.96513431e+01
9.44820370e-40 -8.05100483e+02 7.16854010e+01 1.82749934e-01 4.53530926e-02 -1.93058520e+01
9.73579875e-40 -8.05037275e+02 6.67887630e+01 4.52142761e-01 4.91935612e-02 -1.93938029e+01
1.08948172e-39 -8.04874491e+02 6.67825454e+01 4.43736737e-01 4.97421404e-02 -1.93872659e+01
1.36570083e-39 -8.04591960e+02 6.32171676e+01 2.68654962e-01 5.75160852e-02 -1.95988576e+01
1.56391776e-39 -8.04576949e+02 6.75311619e+01 1.52148869e-01 4.95807074e-02 -1.95005867e+01
1.64794097e-39 -8.04482798e+02 7.31670523e+01 2.50521705e-01 4.40995063e-02 -1.92363710e+01
1.73508444e-39 -8.04465098e+02 6.96085006e+01 2.57995296e-01 4.82594615e-02 -1.94135628e+01
2.30119843e-39 -8.03971595e+02 7.31412752e+01 2.46703026e-01 4.40589075e-02 -1.93005181e+01
3.00745919e-39 -8.03865638e+02 7.26762520e+01 3.66474121e-01 4.47508687e-02 -1.92545068e+01
3.57831477e-39 -8.03628560e+02 6.38840414e+01 1.86086935e-01 5.55031606e-02 -1.96067167e+01
4.27608374e-39 -8.03493246e+02 6.75350516e+01 3.95254847e-01 4.61111922e-02 -1.94064260e+01
5.15964917e-39 -8.03255738e+02 7.19051151e+01 2.94730377e-01 4.66141697e-02 -1.92868848e+01
5.76394089e-39 -8.03251021e+02 6.47038107e+01 2.61437858e-01 5.04778641e-02 -1.94945573e+01
6.51199023e-39 -8.03018514e+02 7.02511654e+01 1.49893644e-01 4.57023995e-02 -1.94103425e+01
7.38736564e-39 -8.02979019e+02 6.20506168e+01 2.76208459e-01 5.76310324e-02 -1.96342113e+01
7.58124168e-39 -8.02959750e+02 7.04174500e+01 3.76988027e-01 4.23259809e-02 -1.93164631e+01
8.35141700e-39 -8.02786276e+02 7.60566563e+01 2.16362942e-01 4.00984532e-02 -1.91827008e+01
9.49781324e-39 -8.02690607e+02 6.98721608e+01 2.09567258e-01 4.84900677e-02 -1.93500847e+01
1.16259761e-38 -8.02394772e+02 7.21615391e+01 3.88669476e-01 4.51402999e-02 -1.92541622e+01
1.33335603e-38 -8.02388078e+02 7.50594319e+01 2.19352827e-01 4.09028107e-02 -1.91959496e+01
1.50601127e-38 -8.02157802e+02 6.43873538e+01 3.29383179e-01 5.54999556e-02 -1.94881204e+01
1.70999156e-38 -8.02114613e+02 7.18183495e+01 4.04776439e-01 4.16356846e-02 -1.92606387e+01
2.03162041e-38 -8.01826649e+02 6.55749351e+01 2.73685129e-01 5.08964411e-02 -1.94499423e+01
2.98364939e-38 -8.01370291e+02 6.89625986e+01 3.74879427e-01 4.53849064e-02 -1.93901557e+01
3.71670107e-38 -8.01329413e+02 6.84786666e+01 2.28538723e-01 4.59683069e-02 -1.93731083e+01
3.78890172e-38 -8.01324744e+02 6.62772110e+01 2.02008740e-01 5.21290812e-02 -1.95343567e+01
3.93355487e-38 -8.01249242e+02 7.06888227e+01 2.46261841e-01 4.55412610e-02 -1.93903496e+01
4.18428497e-38 -8.01193846e+02 6.49030553e+01 3.36610895e-01 4.92232298e-02 -1.94963879e+01
4.30466510e-38 -8.01185111e+02 6.29351339e+01 3.33277497e-01 5.58930363e-02 -1.95893499e+01
4.44173858e-38 -8.01125370e+02 7.12468361e+01 2.78740114e-01 4.42977837e-02 -1.93634149e+01
4.97135154e-38 -8.00959170e+02 6.81046216e+01 2.75151338e-01 4.98456118e-02 -1.93686995e+01
6.01286749e-38 -8.00743051e+02 7.64626758e+01 2.70603409e-01 3.95957644e-02 -1.91849472e+01
6.85556361e-38 -8.00679550e+02 6.34653816e+01 2.99628701e-01 5.78706189e-02 -1.95568919e+01
7.41783272e-38 -8.00580201e+02 7.07684321e+01 2.74449848e-01 4.50543664e-02 -1.92829564e+01
1.10514275e-37 -7.99965959e+02 7.10713483e+01 3.80936443e-01 4.67554227e-02 -1.92821770e+01
1.50208887e-37 -7.99869242e+02 6.57920784e+01 1.47282327e-01 5.02788380e-02 -1.95436996e+01
1.62917264e-37 -7.99795880e+02 7.55838084e+01 2.15784248e-01 4.08789922e-02 -1.92193931e+01
2.01957332e-37 -7.99459731e+02 6.93529752e+01 2.15226941e-01 4.40164635e-02 -1.94292297e+01
2.40524968e-37 -7.99412139e+02 6.34032917e+01 1.64213917e-01 5.55150367e-02 -1.96140488e+01
2.59248573e-37 -7.99305428e+02 7.05072711e+01 3.77019455e-01 4.45625022e-02 -1.93435496e+01
2.91814166e-37 -7.99170524e+02 6.69631041e+01 2.80446169e-01 4.57802276e-02 -1.94368830e+01
3.18983228e-37 -7.99116902e+02 6.43618429e+01 1.67630479e-01 5.13763469e-02 -1.95751660e+01
3.38441575e-37 -7.99045981e+02 6.72591909e+01 2.34911122e-01 4.69438495e-02 -1.94932031e+01
4.20264151e-37 -7.98704874e+02 6.56858189e+01 4.32695300e-01 5.15012337e-02 -1.94305301e+01
4.91609548e-37 -7.98696791e+02 6.38795235e+01 3.54681080e-01 5.31417933e-02 -1.95521740e+01
5.02567291e-37 -7.98654558e+02 7.64675141e+01 3.35148852e-01 3.80086749e-02 -1.91485556e+01
5.28986157e-37 -7.98588321e+02 6.73539345e+01 3.53481603e-01 4.58732562e-02 -1.93998888e+01
5.87584446e-37 -7.98442036e+02 7.18018898e+01 2.90599426e-01 4.44892534e-02 -1.92517235e+01
6.32670612e-37 -7.98428506e+02 6.37475992e+01 1.77411132e-01 5.53239542e-02 -1.95657195e+01
7.82823491e-37 -7.98045812e+02 7.04098299e+01 1.91634938e-01 4.26447528e-02 -1.93499126e+01
9.40744942e-37 -7.98018120e+02 7.02966871e+01 2.27524546e-01 4.35451334e-02 -1.94025009e+01
9.51830758e-37 -7.98015536e+02 7.25688939e+01 4.17412679e-01 4.24939380e-02 -1.92242777e+01
1.07001684e-36 -7.97790061e+02 6.80663919e+01 1.90070194e-01 5.02929937e-02 -1.94737909e+01
1.18969225e-36 -7.97784166e+02 6.72476581e+01 2.61975727e-01 4.70925750e-02 -1.94046347e+01
1.32645220e-36 -7.97576529e+02 7.40887552e+01 3.62419279e-01 4.08886025e-02 -1.92305429e+01
1.48643248e-36 -7.97539354e+02 6.30665272e+01 3.80453550e-01 5.54557015e-02 -1.95529095e+01
1.74504366e-36 -7.97267188e+02 7.33619964e+01 2.63817879e-01 3.92913696e-02 -1.92783421e+01
1.99202772e-36 -7.97249568e+02 6.52552982e+01 2.72691790e-01 5.42763538e-02 -1.95394684e+01
2.00559455e-36 -7.97246882e+02 7.51602564e+01 1.93901385e-01 3.90150650e-02 -1.92223980e+01
2.14529382e-36 -7.97112734e+02 7.41837039e+01 2.76858492e-01 4.25453250e-02 -1.92011899e+01
2.36487245e-36 -7.97042083e+02 7.24650394e+01 3.18931224e-01 4.18148459e-02 -1.93054838e+01
2.45191549e-36 -7.97032563e+02 6.97369987e+01 4.13388591e-01 4.74047315e-02 -1.93024097e+01
3.41118734e-36 -7.96456784e+02 6.93743604e+01 2.77412446e-01 4.90183664e-02 -1.94062157e+01
4.38121598e-36 -7.96443658e+02 6.89619846e+01 1.99176901e-01 4.61001829e-02 -1.93705420e+01
4.45166272e-36 -7.96418342e+02 6.46952830e+01 3.43226717e-01 5.40623434e-02 -1.95332484e+01
4.82285211e-36 -7.96281354e+02 7.36343040e+01 3.33418692e-01 3.91733188e-02 -1.92238935e+01
5.35951148e-36 -7.96197732e+02 7.47965127e+01 2.51305265e-01 3.84538671e-02 -1.92408064e+01
5.58154999e-36 -7.96191773e+02 6.52155301e+01 1.80775844e-01 4.95407294e-02 -1.95507495e+01
6.08284346e-36 -7.96025925e+02 7.14247945e+01 2.55126255e-01 4.69504277e-02 -1.92992599e+01
6.84869135e-36 -7.95942805e+02 6.27431107e+01 2.85360877e-01 5.72931894e-02 -1.95628270e+01
8.72190634e-36 -7.95568758e+02 6.99162616e+01 4.10082643e-01 4.69371158e-02 -1.93359675e+01
1.42919861e-35 -7.94994879e+02 6.51247542e+01 2.88283324e-01 5.10992916e-02 -1.94658717e+01
1.83293406e-35 -7.94983299e+02 6.56828493e+01 4.21452771e-01 5.02500860e-02 -1.94554144e+01
1.95408586e-35 -7.94863752e+02 7.63371384e+01 2.42575773e-01 3.75060580e-02 -1.91860394e+01
2.09631030e-35 -7.94832799e+02 6.61168361e+01 1.63631465e-01 4.89389555e-02 -1.95311594e+01
2.19890938e-35 -7.94762526e+02 7.48343920e+01 2.77681904e-01 4.10438834e-02 -1.91795375e+01
2.31915366e-35 -7.94718904e+02 6.65254548e+01 3.07108787e-01 5.30572891e-02 -1.94254755e+01
2.41654969e-35 -7.94673630e+02 7.62860193e+01 2.71721158e-01 3.75201259e-02 -1.91602290e+01
2.53183476e-35 -7.94619267e+02 6.27486940e+01 2.92958596e-01 5.65015930e-02 -1.96075557e+01
3.03776322e-35 -7.94323650e+02 6.59795735e+01 2.62837100e-01 4.79109333e-02 -1.95125256e+01
3.50188576e-35 -7.94306556e+02 6.26828118e+01 2.54077056e-01 5.53850464e-02 -1.95731862e+01
4.29329197e-35 -7.93942389e+02 6.61196161e+01 3.19495738e-01 4.72505312e-02 -1.94609020e+01
5.17479213e-35 -7.93894022e+02 6.73853791e+01 1.49094962e-01 4.76068248e-02 -1.94757999e+01
6.46860740e-35 -7.93523038e+02 7.24684481e+01 3.73419316e-01 4.07238792e-02 -1.92531347e+01
7.71970279e-35 -7.93499661e+02 7.14701419e+01 3.74549895e-01 4.16921728e-02 -1.92910659e+01
8.38719337e-35 -7.93355571e+02 7.55752988e+01 2.74558147e-01 3.76622108e-02 -1.91921806e+01
9.15952866e-35 -7.93312114e+02 7.59018056e+01 2.72874483e-01 3.91790097e-02 -1.92071532e+01
9.90906097e-35 -7.93194585e+02 7.61412444e+01 2.58185704e-01 3.98512345e-02 -1.91621174e+01
1.48659816e-34 -7.92582879e+02 6.97861264e+01 1.75745274e-01 4.61177113e-02 -1.93608330e+01
2.18876516e-34 -7.92337168e+02 7.31273434e+01 2.08331644e-01 4.17392511e-02 -1.92493680e+01
2.50609670e-34 -7.92290924e+02 6.35545839e+01 2.56271688e-01 5.75705006e-02 -1.95724641e+01
2.57249581e-34 -7.92277721e+02 7.50687215e+01 2.85814946e-01 4.19016990e-02 -1.92045629e+01
2.70764523e-34 -7.92184014e+02 7.13727678e+01 2.26536252e-01 4.54729822e-02 -1.92908545e+01
2.89754835e-34 -7.92133927e+02 6.66078671e+01 2.25309963e-01 5.35074601e-02 -1.94621811e+01
2.98720753e-34 -7.92115865e+02 7.57997161e+01 2.29105413e-01 3.93155069e-02 -1.91777619e+01
3.15582696e-34 -7.92019679e+02 6.20963999e+01 2.13049785e-01 5.75865817e-02 -1.96276659e+01
3.84976277e-34 -7.91730245e+02 7.31423002e+01 2.80571000e-01 4.44092124e-02 -1.92753217e+01
4.39715799e-34 -7.91726263e+02 6.67911735e+01 4.12519887e-01 5.15167026e-02 -1.94031205e+01
5.16819193e-34 -7.91423314e+02 6.59580300e+01 1.56778944e-01 5.21142166e-02 -1.95396586e+01
6.99184309e-34 -7.91115849e+02 7.50472006e+01 1.91783945e-01 4.00569324e-02 -1.92417408e+01
8.12469532e-34 -7.91092921e+02 6.22325703e+01 2.72345605e-01 5.55188242e-02 -1.95971492e+01
8.27924754e-34 -7.91071489e+02 6.35323912e+01 2.99335266e-01 5.43218342e-02 -1.95245205e+01
1.01535501e-33 -7.90710424e+02 6.31025658e+01 3.68481016e-01 5.56625358e-02 -1.95530284e+01
1.20976750e-33 -7.90682236e+02 7.55205047e+01 2.20547424e-01 3.95334940e-02 -1.91892542e+01
1.33180582e-33 -7.90518084e+02 6.52179652e+01 2.29558694e-01 4.96771941e-02 -1.95500302e+01
1.67802188e-33 -7.90227699e+02 7.50407642e+01 2.68733270e-01 4.17053098e-02 -1.92214698e+01
1.91846149e-33 -7.90222611e+02 6.96705230e+01 4.29311048e-01 4.55159636e-02 -1.93061463e+01
2.28064673e-33 -7.89900925e+02 6.86440780e+01 3.41595153e-01 4.41565144e-02 -1.93702363e+01
2.81549905e-33 -7.89772928e+02 6.77205726e+01 4.32526491e-01 4.92275408e-02 -1.93680077e+01
3.01212956e-33 -7.89755239e+02 7.67090415e+01 2.61307770e-01 3.77749881e-02 -1.91724873e+01
3.02949948e-33 -7.89754694e+02 6.35858392e+01 2.22069200e-01 5.29182619e-02 -1.96012364e+01
3.40272588e-33 -7.89528939e+02 6.45192795e+01 4.03095590e-01 5.24272055e-02 -1.94848326e+01
4.12784494e-33 -7.89356400e+02 6.84135629e+01 1.62405358e-01 4.58584061e-02 -1.94299457e+01
4.89816736e-33 -7.89180375e+02 6.69827131e+01 1.77999703e-01 4.87015994e-02 -1.94501630e+01
5.49460166e-33 -7.89113322e+02 7.45601265e+01 2.27903584e-01 4.24020975e-02 -1.92384284e+01
6.78667369e-33 -7.88778159e+02 6.31809180e+01 1.83116333e-01 5.49696666e-02 -1.96164530e+01
7.89578632e-33 -7.88775978e+02 6.67899238e+01 3.07402837e-01 5.16840486e-02 -1.94082123e+01
7.93230556e-33 -7.88762320e+02 7.54936397e+01 2.37838694e-01 4.02812141e-02 -1.92256848e+01
8.06386461e-33 -7.88736544e+02 6.86235302e+01 2.23084659e-01 4.58217722e-02 -1.93750725e+01
9.44191120e-33 -7.88459144e+02 6.69735998e+01 3.97683848e-01 5.11677130e-02 -1.94290787e+01
1.18494930e-32 -7.88265790e+02 6.85598391e+01 2.88674745e-01 4.98786525e-02 -1.93610143e+01
1.62815747e-32 -7.87850474e+02 6.44078858e+01 3.41988868e-01 5.22204888e-02 -1.94858735e+01
2.19855272e-32 -7.87627970e+02 7.46785447e+01 2.54188879e-01 4.22119912e-02 -1.92095971e+01
2.62820560e-32 -7.87479936e+02 7.28456897e+01 1.92581455e-01 4.10782738e-02 -1.92763385e+01
2.91572484e-32 -7.87409449e+02 6.95464756e+01 4.04282853e-01 4.79483940e-02 -1.93352550e+01
3.54735171e-32 -7.87103225e+02 7.22264242e+01 2.55063913e-01 4.21261619e-02 -1.92549605e+01
4.14794498e-32 -7.87066947e+02 7.01794493e+01 3.76145304e-01 4.51963423e-02 -1.93498007e+01
4.47114137e-32 -7.86949619e+02 6.64208201e+01 3.40602097e-01 4.73744795e-02 -1.94593963e+01
6.00977292e-32 -7.86512712e+02 6.26202740e+01 2.90384277e-01 5.78660000e-02 -1.95915301e+01
7.43283976e-32 -7.86471009e+02 6.77907559e+01 2.26934141e-01 4.51149741e-02 -1.94523220e+01
9.22262488e-32 -7.86107053e+02 7.25042891e+01 3.13497198e-01 4.03254504e-02 -1.92518027e+01
1.24629382e-31 -7.85846184e+02 6.90150785e+01 2.54956106e-01 4.93428656e-02 -1.93589004e+01
1.41084568e-31 -7.85835431e+02 7.35802743e+01 3.04192600e-01 4.30527024e-02 -1.92627805e+01
1.47096559e-31 -7.85757556e+02 6.28395465e+01 3.07730784e-01 5.62050360e-02 -1.95568403e+01
1.66590562e-31 -7.85585732e+02 7.22277895e+01 3.13312619e-01 4.42318263e-02 -1.93083841e+01
1.86413796e-31 -7.85519757e+02 6.65444760e+01 2.73455104e-01 5.35525362e-02 -1.94499496e+01
1.95658921e-31 -7.85481545e+02 6.97548855e+01 1.71762483e-01 4.38966127e-02 -1.94038665e+01
2.09383200e-31 -7.85379740e+02 7.19838783e+01 4.03194626e-01 4.36822749e-02 -1.92434685e+01
2.32579254e-31 -7.85265435e+02 7.15628075e+01 2.83311749e-01 4.63037104e-02 -1.93255162e+01
2.56503467e-31 -7.85175997e+02 6.32485585e+01 2.77608615e-01 5.75134877e-02 -1.95749262e+01
2.72952465e-31 -7.85132932e+02 6.98507677e+01 1.69050038e-01 4.45632858e-02 -1.94157587e+01
3.13556251e-31 -7.84904529e+02 6.79367636e+01 3.59418694e-01 4.85924639e-02 -1.93566298e+01
3.57039880e-31 -7.84854160e+02 6.94036701e+01 3.27114702e-01 4.32217301e-02 -1.93546737e+01
3.73092298e-31 -7.84809775e+02 6.45395344e+01 2.65769990e-01 5.49536788e-02 -1.95599909e+01
3.92288576e-31 -7.84747633e+02 6.92277677e+01 2.70273741e-01 4.87331894e-02 -1.93440914e+01
4.36213340e-31 -7.84595656e+02 6.67928420e+01 3.95817430e-01 4.77964961e-02 -1.94154199e+01
4.86530507e-31 -7.84518366e+02 6.54672468e+01 3.27191850e-01 5.46725108e-02 -1.94865585e+01
5.06019572e-31 -7.84508978e+02 6.53263623e+01 3.10380388e-01 5.39349709e-02 -1.95189898e+01
5.35687414e-31 -7.84400668e+02 6.71600313e+01 1.97586865e-01 4.64923506e-02 -1.94567054e+01
6.69538515e-31 -7.84079062e+02 7.13743480e+01 2.76579060e-01 4.62806183e-02 -1.92845539e+01
8.84846162e-31 -7.83826518e+02 6.42206417e+01 2.04454422e-01 5.20567405e-02 -1.95849763e+01
1.17953800e-30 -7.83506992e+02 6.41910918e+01 3.49978721e-01 5.21992055e-02 -1.95342322e+01
1.39129095e-30 -7.83464675e+02 6.51771999e+01 2.93761557e-01 5.52443568e-02 -1.95091591e+01
1.43091334e-30 -7.83443835e+02 7.30008230e+01 2.20654738e-01 4.20456772e-02 -1.92490163e+01
1.46450672e-30 -7.83411757e+02 6.76980114e+01 1.48032005e-01 4.92020063e-02 -1.94662673e+01
1.59432464e-30 -7.83271942e+02 7.29851956e+01 3.72091167e-01 4.21205914e-02 -1.92551147e+01
1.95878281e-30 -7.83006090e+02 6.74639438e+01 3.29236922e-01 4.70846073e-02 -1.93843574e+01
2.26757729e-30 -7.82955531e+02 6.87742167e+01 3.16069587e-01 4.60663640e-02 -1.94194850e+01
2.72674817e-30 -7.82652821e+02 6.98763537e+01 1.59122914e-01 4.63069314e-02 -1.93813626e+01
3.48829307e-30 -7.82444299e+02 6.90596843e+01 3.37666203e-01 4.95755414e-02 -1.93498677e+01
4.07430479e-30 -7.82328113e+02 7.29674740e+01 2.38346883e-01 4.42033994e-02 -1.92974759e+01
4.75133158e-30 -7.82136031e+02 6.41008464e+01 2.56295112e-01 5.30763601e-02 -1.95183107e+01
5.29136947e-30 -7.82097318e+02 6.46018140e+01 1.95907406e-01 5.19697797e-02 -1.95779394e+01
5.59061627e-30 -7.82020452e+02 6.76171304e+01 1.88656470e-01 4.80788589e-02 -1.94238779e+01
8.43718925e-30 -7.81370018e+02 6.59601188e+01 3.79739935e-01 5.15567377e-02 -1.94252776e+01
1.39775124e-29 -7.80945056e+02 6.85312634e+01 3.59702333e-01 4.96351034e-02 -1.93528724e+01
2.40351537e-29 -7.80328101e+02 6.64662938e+01 2.22145986e-01 4.70589497e-02 -1.94820075e+01
3.21139536e-29 -7.80266127e+02 6.79801592e+01 4.23074199e-01 4.80407468e-02 -1.93630934e+01
3.49675711e-29 -7.80153400e+02 6.46018753e+01 3.01413083e-01 5.08368422e-02 -1.95399249e+01
3.82689377e-29 -7.80077309e+02 7.28065832e+01 2.92547571e-01 4.47995241e-02 -1.92667047e+01
4.01979097e-29 -7.80047171e+02 6.83048786e+01 2.84527925e-01 5.09516515e-02 -1.94171387e+01
4.08812443e-29 -7.80036741e+02 6.87411459e+01 3.13378466e-01 4.58566486e-02 -1.93441902e+01
4.38499516e-29 -7.79904643e+02 7.52093719e+01 3.04761842e-01 4.10129130e-02 -1.91834141e+01
5.06157475e-29 -7.79745104e+02 7.22934327e+01 2.40534041e-01 4.09248640e-02 -1.93217894e+01
6.12459990e-29 -7.79522700e+02 7.36586290e+01 3.30564620e-01 3.97493132e-02 -1.92188367e+01
8.14353893e-29 -7.79184710e+02 6.69420313e+01 1.56154864e-01 5.02414912e-02 -1.95034816e+01
9.60386157e-29 -7.79157919e+02 7.04489670e+01 2.48168497e-01 4.20469319e-02 -1.93597272e+01
1.06759177e-28 -7.78974613e+02 6.95166411e+01 2.19685328e-01 4.84730100e-02 -1.93595313e+01
1.21828888e-28 -7.78880982e+02 7.20245834e+01 3.57885001e-01 4.34802310e-02 -1.92947975e+01
1.47884217e-28 -7.78598083e+02 6.90938505e+01 3.88272613e-01 4.79448044e-02 -1.93676761e+01
1.84206693e-28 -7.78422798e+02 7.14006766e+01 1.73619051e-01 4.48931973e-02 -1.93305194e+01
2.00958455e-28 -7.78409720e+02 7.27449099e+01 2.41150029e-01 4.48530616e-02 -1.92863597e+01
2.10169781e-28 -7.78328129e+02 6.44038107e+01 1.96918858e-01 5.12585358e-02 -1.95542752e+01
2.19818321e-28 -7.78311696e+02 7.37237985e+01 3.02770208e-01 4.00140842e-02 -1.92122210e+01
2.67469637e-28 -7.77959796e+02 6.46260788e+01 3.41583789e-01 5.08976088e-02 -1.95152869e+01
3.61285318e-28 -7.77690934e+02 7.24537189e+01 2.19495333e-01 4.50524423e-02 -1.92937295e+01
4.15521213e-28 -7.77655702e+02 7.40671957e+01 3.26493746e-01 4.00069020e-02 -1.92360390e+01
4.27544097e-28 -7.77627125e+02 6.96460450e+01 1.94366205e-01 4.35172710e-02 -1.93961184e+01
4.59716887e-28 -7.77507322e+02 6.54491992e+01 2.23635708e-01 4.88636892e-02 -1.95076442e+01
5.13620020e-28 -7.77398118e+02 6.79243757e+01 2.01197422e-01 4.58060749e-02 -1.94632682e+01
6.06884967e-28 -7.77176256e+02 6.85806132e+01 2.18765866e-01 4.53127059e-02 -1.93885121e+01
6.74619107e-28 -7.77167582e+02 6.66554729e+01 3.97270583e-01 4.95259518e-02 -1.94400679e+01
7.17340389e-28 -7.77050219e+02 7.45559067e+01 2.46813572e-01 4.13977368e-02 -1.92064422e+01
8.44118023e-28 -7.76842744e+02 6.69673193e+01 2.38599624e-01 4.85104657e-02 -1.94235387e+01
9.92974973e-28 -7.76712249e+02 7.13068113e+01 3.04156064e-01 4.25264994e-02 -1.92742485e+01
1.11770689e-27 -7.76598414e+02 7.62568077e+01 2.79026237e-01 3.87692353e-02 -1.91713407e+01
1.22218985e-27 -7.76524973e+02 6.67694853e+01 3.41423165e-01 4.82222518e-02 -1.94634161e+01
1.29816369e-27 -7.76470538e+02 7.10100973e+01 3.93108069e-01 4.48469875e-02 -1.93037283e+01
1.53927059e-27 -7.76195688e+02 6.78620598e+01 2.56170022e-01 4.52819417e-02 -1.94450010e+01
1.77057708e-27 -7.76165293e+02 7.38604292e+01 2.82707633e-01 4.06867223e-02 -1.92079435e+01
2.06845579e-27 -7.75895896e+02 7.32106318e+01 3.30370580e-01 4.03589701e-02 -1.92565292e+01
2.58403388e-27 -7.75704586e+02 7.34167895e+01 3.24607280e-01 4.14293401e-02 -1.92099048e+01
2.87932808e-27 -7.75664104e+02 6.56936246e+01 2.04362743e-01 5.17566533e-02 -1.95458715e+01
3.00409158e-27 -7.75613328e+02 6.49939845e+01 1.77450179e-01 5.31275268e-02 -1.95635256e+01
3.27967198e-27 -7.75485359e+02 7.04886080e+01 1.98116676e-01 4.34588804e-02 -1.93910455e+01
3.52899842e-27 -7.75456252e+02 6.65934291e+01 3.45063482e-01 4.93833022e-02 -1.94712223e+01
3.86620102e-27 -7.75301923e+02 6.34955418e+01 3.41155705e-01 5.46256728e-02 -1.95532256e+01
4.24115549e-27 -7.75258982e+02 6.30542706e+01 2.19441070e-01 5.49912090e-02 -1.95847222e+01
4.35234790e-27 -7.75243110e+02 7.09712806e+01 2.87674055e-01 4.44699194e-02 -1.93606441e+01
4.53535176e-27 -7.75171182e+02 6.61133703e+01 2.26105394e-01 5.30122911e-02 -1.94670259e+01
4.69579600e-27 -7.75165639e+02 6.92056779e+01 3.52398317e-01 4.78918460e-02 -1.93257267e+01
4.91375514e-27 -7.75075795e+02 6.77125831e+01 2.72032905e-01 4.52907843e-02 -1.94358050e+01
5.50964486e-27 -7.74933127e+02 6.67837325e+01 3.50311595e-01 4.72817990e-02 -1.94250541e+01
6.07627650e-27 -7.74869290e+02 6.91031228e+01 2.81615272e-01 4.96750996e-02 -1.93635494e+01
6.58832102e-27 -7.74766291e+02 7.29715085e+01 2.82341036e-01 4.06258405e-02 -1.92382346e+01
6.99199420e-27 -7.74741206e+02 6.75965274e+01 2.03709062e-01 4.97252192e-02 -1.94867917e+01
7.56949186e-27 -7.74605367e+02 6.52461327e+01 3.68446359e-01 5.37835916e-02 -1.94777332e+01
8.06123463e-27 -7.74604060e+02 6.85047371e+01 1.56128920e-01 4.82874313e-02 -1.94363572e+01
8.31250909e-27 -7.74538399e+02 7.35187782e+01 2.09578144e-01 4.12045256e-02 -1.92486365e+01
8.67896311e-27 -7.74510244e+02 7.40199499e+01 1.93861058e-01 4.06059186e-02 -1.92610548e+01
9.27993301e-27 -7.74400643e+02 7.11129786e+01 2.79845932e-01 4.32340407e-02 -1.93563562e+01
1.02441957e-26 -7.74305151e+02 6.33492933e+01 3.24188874e-01 5.60863919e-02 -1.95480674e+01
1.12097346e-26 -7.74213658e+02 7.01450529e+01 2.40985304e-01 4.44554764e-02 -1.93998804e+01
1.27935304e-26 -7.74039650e+02 7.06335505e+01 2.90158944e-01 4.24274578e-02 -1.93534087e+01
1.54900451e-26 -7.73828094e+02 6.33625869e+01 2.43760362e-01 5.30984705e-02 -1.95822293e+01
1.72815245e-26 -7.73803101e+02 7.52941550e+01 2.51698831e-01 3.87942566e-02 -1.91961706e+01
1.83946052e-26 -7.73699144e+02 6.51338605e+01 3.85871818e-01 5.14791498e-02 -1.94812512e+01
1.93593397e-26 -7.73691525e+02 7.22399850e+01 2.59473362e-01 4.30252234e-02 -1.93285821e+01
1.95410903e-26 -7.73673863e+02 7.18627911e+01 2.22293651e-01 4.32741963e-02 -1.93500892e+01
2.24740274e-26 -7.73421046e+02 7.25397052e+01 3.55690183e-01 4.38278864e-02 -1.92670726e+01
2.56355294e-26 -7.73388301e+02 6.75002141e+01 1.57595145e-01 4.83298834e-02 -1.94650551e+01
2.62295079e-26 -7.73368410e+02 6.44906302e+01 1.84432912e-01 5.47028141e-02 -1.95626200e+01
2.72340352e-26 -7.73307315e+02 6.56305156e+01 3.00323198e-01 5.41339902e-02 -1.94977525e+01
2.93945950e-26 -7.73210478e+02 7.02691890e+01 3.66325419e-01 4.72835537e-02 -1.93230546e+01
3.10334568e-26 -7.73189911e+02 7.07606721e+01 2.74535700e-01 4.37983476e-02 -1.93698580e+01
3.12896487e-26 -7.73187276e+02 6.86706740e+01 4.10193547e-01 4.71408634e-02 -1.93658006e+01
3.59562736e-26 -7.72922674e+02 6.68659059e+01 3.31798477e-01 4.86194103e-02 -1.94669749e+01
4.17044646e-26 -7.72867324e+02 6.41759501e+01 2.25264333e-01 5.52014650e-02 -1.95761162e+01
4.42552071e-26 -7.72797733e+02 6.57947883e+01 2.34456777e-01 5.02821918e-02 -1.94672633e+01
4.59514480e-26 -7.72784278e+02 6.65008063e+01 3.09922537e-01 4.73949394e-02 -1.94667957e+01
4.99968604e-26 -7.72628355e+02 7.30344297e+01 3.65125104e-01 4.30641029e-02 -1.92360926e+01
5.51420640e-26 -7.72576323e+02 6.88153859e+01 3.41376866e-01 4.83687862e-02 -1.93396630e+01
5.77598070e-26 -7.72528826e+02 7.29179884e+01 2.24108645e-01 4.32365730e-02 -1.93097670e+01
6.04089816e-26 -7.72480009e+02 6.95948834e+01 3.59875495e-01 4.47750768e-02 -1.93162230e+01
6.17048737e-26 -7.72479124e+02 7.30453262e+01 2.51407658e-01 4.07121695e-02 -1.92971107e+01
6.15415396e-26 -7.72478655e+02 6.53070460e+01 1.89347336e-01 5.06313517e-02 -1.95140190e+01
6.17152909e-26 -7.72466865e+02 6.98036817e+01 3.57351852e-01 4.45383764e-02 -1.93605923e+01
6.23561793e-26 -7.72451362e+02 7.41682377e+01 2.27426415e-01 4.21994423e-02 -1.92578665e+01
7.50536023e-26 -7.72117249e+02 6.90476144e+01 2.51001677e-01 4.95021869e-02 -1.94117879e+01
9.12991590e-26 -7.72027082e+02 6.86965242e+01 2.37175596e-01 4.41542815e-02 -1.94074063e+01
1.11494637e-25 -7.71730763e+02 6.29917382e+01 2.35253647e-01 5.52850236e-02 -1.96051463e+01
1.37279899e-25 -7.71587584e+02 6.93942082e+01 2.63855673e-01 4.34671751e-02 -1.93631464e+01
1.60668925e-25 -7.71412033e+02 7.47035179e+01 2.20554293e-01 4.05120596e-02 -1.92188895e+01
1.79409257e-25 -7.71353445e+02 6.48966023e+01 2.54257189e-01 4.98418171e-02 -1.95176207e+01
1.90033504e-25 -7.71290450e+02 7.06533945e+01 3.81177209e-01 4.38935197e-02 -1.93186952e+01
2.09290487e-25 -7.71157188e+02 6.49536119e+01 3.58349795e-01 5.40156410e-02 -1.94815973e+01
2.33644627e-25 -7.71061490e+02 7.28636818e+01 3.29419683e-01 4.40890724e-02 -1.92509001e+01
2.46261296e-25 -7.71043144e+02 7.12774383e+01 3.52918835e-01 4.59046774e-02 -1.93011463e+01
2.67445869e-25 -7.70895172e+02 7.30849951e+01 3.00235652e-01 4.07841899e-02 -1.92785072e+01
2.94965993e-25 -7.70836009e+02 7.03955222e+01 2.83334956e-01 4.66586208e-02 -1.93725239e+01
3.18268457e-25 -7.70737973e+02 7.38326422e+01 3.58660102e-01 4.13770040e-02 -1.92150987e+01
3.38231597e-25 -7.70705543e+02 6.66622840e+01 3.84907286e-01 4.94263639e-02 -1.94436860e+01
3.70809030e-25 -7.70552957e+02 6.40312181e+01 3.06135514e-01 5.23931329e-02 -1.95205583e+01
4.37905660e-25 -7.70368897e+02 7.06322537e+01 1.91982156e-01 4.69656955e-02 -1.93594446e+01
5.07780174e-25 -7.70245554e+02 6.82342983e+01 2.39858007e-01 4.51248253e-02 -1.94030949e+01
6.04583090e-25 -7.70021935e+02 6.55845292e+01 1.85484900e-01 5.29234829e-02 -1.95405930e+01
7.77676620e-25 -7.69742357e+02 6.87376347e+01 3.94329627e-01 4.85792200e-02 -1.93562387e+01
9.56360594e-25 -7.69588097e+02 7.05130119e+01 1.81960088e-01 4.43713175e-02 -1.93923521e+01
1.05513116e-24 -7.69533922e+02 7.16027090e+01 2.94524982e-01 4.11659725e-02 -1.92999187e+01
1.08743733e-24 -7.69520435e+02 6.50126128e+01 2.27010281e-01 5.02443359e-02 -1.95459967e+01
1.11575133e-24 -7.69476299e+02 7.27885937e+01 2.32661990e-01 4.03535087e-02 -1.92778840e+01
1.27575649e-24 -7.69257243e+02 6.75673442e+01 3.79838694e-01 4.95154139e-02 -1.94182926e+01
1.41948807e-24 -7.69244200e+02 7.36322116e+01 2.24758503e-01 4.13557637e-02 -1.92387043e+01
1.56432351e-24 -7.69064310e+02 7.36394217e+01 2.30644970e-01 4.25912277e-02 -1.92791984e+01
1.71553194e-24 -7.69045019e+02 7.06309758e+01 3.41749326e-01 4.54583021e-02 -1.93439694e+01
1.83687645e-24 -7.68924503e+02 6.54364892e+01 1.75680766e-01 5.06739136e-02 -1.95399896e+01
2.01568753e-24 -7.68850322e+02 6.35030640e+01 3.30137719e-01 5.41801432e-02 -1.95444481e+01
2.10833337e-24 -7.68826736e+02 7.07615598e+01 2.92673635e-01 4.43575984e-02 -1.92888479e+01
2.43753111e-24 -7.68569809e+02 7.11162571e+01 3.57553286e-01 4.41835358e-02 -1.92692997e+01
3.19797257e-24 -7.68281298e+02 6.99066672e+01 1.91435201e-01 4.36982363e-02 -1.93936010e+01
3.65870145e-24 -7.68273249e+02 6.72849390e+01 3.21225413e-01 4.71317227e-02 -1.94008085e+01
3.68308715e-24 -7.68261376e+02 6.90825701e+01 3.14850359e-01 4.46355617e-02 -1.93953235e+01
4.30634043e-24 -7.67974402e+02 6.83837243e+01 2.66168801e-01 5.02584213e-02 -1.94281075e+01
5.01744763e-24 -7.67929050e+02 6.87547583e+01 1.96311944e-01 4.47855923e-02 -1.94198686e+01
5.15460337e-24 -7.67913357e+02 7.06000476e+01 3.84557494e-01 4.45584753e-02 -1.93188467e+01
5.59230204e-24 -7.67764841e+02 6.44760395e+01 3.62558804e-01 5.36567224e-02 -1.94982811e+01
6.90411812e-24 -7.67497546e+02 7.12158874e+01 3.57031665e-01 4.50747341e-02 -1.92706671e+01
8.03457255e-24 -7.67437992e+02 7.31026181e+01 2.85695968e-01 4.07344182e-02 -1.92817501e+01
8.32981557e-24 -7.67417930e+02 6.74814638e+01 2.66264700e-01 5.11210006e-02 -1.94089609e+01
8.51861255e-24 -7.67386656e+02 6.41718366e+01 2.48942240e-01 5.40556656e-02 -1.95244332e+01
9.12332508e-24 -7.67276879e+02 6.83430517e+01 2.32988421e-01 4.48731706e-02 -1.94100426e+01
1.04301751e-23 -7.67115736e+02 6.53033317e+01 2.71821182e-01 5.01182057e-02 -1.95291731e+01
1.15696964e-23 -7.67057222e+02 6.46120505e+01 3.44021874e-01 5.19744758e-02 -1.94917132e+01
1.24053317e-23 -7.66970625e+02 6.95593177e+01 3.20376576e-01 4.84438778e-02 -1.93706045e+01
1.31762363e-23 -7.66928558e+02 6.90551548e+01 3.11777164e-01 4.88772826e-02 -1.93473010e+01
1.40500372e-23 -7.66837193e+02 6.89516346e+01 3.33186626e-01 4.69805797e-02 -1.94022097e+01
1.48039335e-23 -7.66815399e+02 7.15569420e+01 3.22266733e-01 4.43223757e-02 -1.93223124e+01
1.59192642e-23 -7.66689128e+02 7.32785680e+01 3.38780607e-01 4.26553444e-02 -1.92221250e+01
1.73016943e-23 -7.66638843e+02 7.38516023e+01 2.95990901e-01 3.96831515e-02 -1.92413273e+01
1.86470840e-23 -7.66534776e+02 7.07804097e+01 3.91040885e-01 4.52812024e-02 -1.92893749e+01
2.09316699e-23 -7.66402692e+02 6.97811549e+01 3.78992004e-01 4.64673272e-02 -1.93097002e+01
2.28774799e-23 -7.66346764e+02 7.46464742e+01 2.64446871e-01 4.07499544e-02 -1.92012927e+01
2.81956829e-23 -7.66006097e+02 6.77009296e+01 1.94017347e-01 4.84089526e-02 -1.94236622e+01
3.49715678e-23 -7.65884213e+02 6.51126204e+01 3.36024758e-01 5.20289582e-02 -1.94677342e+01
3.72713452e-23 -7.65868414e+02 6.67028742e+01 2.93392831e-01 4.96285723e-02 -1.94875339e+01
3.81769538e-23 -7.65829852e+02 6.87163417e+01 1.98368965e-01 4.48902190e-02 -1.94154002e+01
3.97254567e-23 -7.65782428e+02 6.74125246e+01 1.67351992e-01 5.01004653e-02 -1.94785498e+01
4.08196317e-23 -7.65768342e+02 6.48391690e+01 2.41557653e-01 5.38908802e-02 -1.95044469e+01
4.25270844e-23 -7.65695108e+02 7.20600314e+01 2.34631482e-01 4.23588812e-02 -1.93357732e+01
4.41436563e-23 -7.65685752e+02 7.24786777e+01 1.83352838e-01 4.31233972e-02 -1.93145374e+01
4.48779066e-23 -7.65655664e+02 7.03623125e+01 3.18978354e-01 4.46321616e-02 -1.92965808e+01
4.61528341e-23 -7.65623110e+02 6.31270403e+01 2.84370643e-01 5.60193411e-02 -1.95732238e+01
4.69214617e-23 -7.65615723e+02 6.51000626e+01 2.83884666e-01 5.06958016e-02 -1.94837938e+01
5.19659777e-23 -7.65421617e+02 6.70793736e+01 2.32200172e-01 5.12035962e-02 -1.94878253e+01
5.70438299e-23 -7.65413219e+02 6.43354449e+01 2.30745545e-01 5.19583438e-02 -1.95672343e+01
5.73375872e-23 -7.65404689e+02 6.59778778e+01 1.71971174e-01 5.20005768e-02 -1.95094541e+01
5.89881658e-23 -7.65350518e+02 6.99512952e+01 2.57773119e-01 4.30430922e-02 -1.93772633e+01
6.12007260e-23 -7.65323833e+02 6.93030139e+01 2.55013023e-01 4.67562420e-02 -1.93441394e+01
6.99050859e-23 -7.65091222e+02 7.16065347e+01 2.06782472e-01 4.48092140e-02 -1.93052717e+01
7.97838861e-23 -7.65039971e+02 6.84515921e+01 1.86744119e-01 4.56020478e-02 -1.94262696e+01
8.90322491e-23 -7.64871632e+02 6.70600972e+01 2.67734285e-01 4.99242715e-02 -1.94852614e+01
1.02755479e-22 -7.64743626e+02 7.01903015e+01 2.52129818e-01 4.80909418e-02 -1.93629731e+01
1.28757406e-22 -7.64433653e+02 6.86052143e+01 2.69747988e-01 4.43854750e-02 -1.94012416e+01
1.56318795e-22 -7.64327905e+02 7.14424918e+01 3.08590576e-01 4.58033175e-02 -1.92819465e+01
1.73191646e-22 -7.64222003e+02 6.47639478e+01 2.58617642e-01 5.46741374e-02 -1.95431529e+01
2.19218293e-22 -7.63876760e+02 6.54700424e+01 2.90263222e-01 5.02959376e-02 -1.94677649e+01
2.55878319e-22 -7.63876428e+02 6.93203973e+01 3.73768307e-01 4.48893343e-02 -1.93375312e+01
3.44906754e-22 -7.63343213e+02 7.29370630e+01 2.83537636e-01 4.18510557e-02 -1.92921422e+01
4.72252238e-22 -7.63177868e+02 6.76629425e+01 2.51898234e-01 4.57173563e-02 -1.94434174e+01
5.10824844e-22 -7.63172710e+02 6.49669054e+01 2.59322099e-01 5.42023641e-02 -1.94986561e+01
5.17019649e-22 -7.63147259e+02 7.10539558e+01 3.27699298e-01 4.30805388e-02 -1.92818373e+01
5.49831962e-22 -7.63045420e+02 7.31862675e+01 2.50223086e-01 4.00801658e-02 -1.92676431e+01
6.20069299e-22 -7.62902665e+02 6.97121940e+01 2.59326814e-01 4.54627993e-02 -1.93318777e+01
7.04011213e-22 -7.62783308e+02 7.01733684e+01 3.08061704e-01 4.29100148e-02 -1.93480534e+01
7.82509723e-22 -7.62683515e+02 6.50690481e+01 3.59761686e-01 5.32394190e-02 -1.94892506e+01
8.84172772e-22 -7.62535354e+02 6.85801105e+01 2.93294827e-01 5.02146281e-02 -1.93884369e+01
9.57847272e-22 -7.62511448e+02 6.90557737e+01 2.96439963e-01 4.68888795e-02 -1.94132241e+01
9.75009929e-22 -7.62493121e+02 6.39163456e+01 2.61099767e-01 5.26531495e-02 -1.95422786e+01
1.06492900e-21 -7.62334556e+02 6.96123413e+01 1.79843845e-01 4.56414883e-02 -1.94180339e+01
1.18020710e-21 -7.62275495e+02 6.71201783e+01 2.47324543e-01 4.65282843e-02 -1.94623234e+01
1.38943083e-21 -7.62017247e+02 7.02450787e+01 3.35266638e-01 4.48078719e-02 -1.92992438e+01
1.61138202e-21 -7.61956732e+02 7.34518434e+01 3.21412280e-01 4.09040849e-02 -1.92211351e+01
1.69318236e-21 -7.61911160e+02 6.96493504e+01 3.63946304e-01 4.71523226e-02 -1.93554490e+01
1.78198576e-21 -7.61848307e+02 6.51269883e+01 2.80950767e-01 5.20561724e-02 -1.95357159e+01
1.85490475e-21 -7.61823461e+02 6.71489616e+01 3.67565975e-01 4.98061955e-02 -1.93945541e+01
1.90005338e-21 -7.61793623e+02 7.23350926e+01 3.07127440e-01 4.42531518e-02 -1.92538348e+01
2.01034117e-21 -7.61705671e+02 7.17066494e+01 3.69488802e-01 4.34230007e-02 -1.92861074e+01
2.29854993e-21 -7.61525216e+02 7.15240729e+01 1.93866862e-01 4.52445174e-02 -1.93287743e+01
2.52150050e-21 -7.61505828e+02 6.69526577e+01 2.74332352e-01 4.86471680e-02 -1.94171553e+01
2.62439324e-21 -7.61439572e+02 6.70527265e+01 3.01450752e-01 4.95757342e-02 -1.94720481e+01
2.80016616e-21 -7.61369639e+02 7.10950869e+01 2.83367666e-01 4.47186371e-02 -1.93522225e+01
2.90307677e-21 -7.61359535e+02 6.91558455e+01 3.15879279e-01 4.85596930e-02 -1.93444663e+01
2.94856669e-21 -7.61332051e+02 6.80899736e+01 3.15372260e-01 5.05601613e-02 -1.93905924e+01
3.16312192e-21 -7.61215598e+02 7.26428713e+01 3.06400296e-01 4.43353866e-02 -1.92674380e+01
3.33741548e-21 -7.61214733e+02 6.64269948e+01 2.48089683e-01 4.75419219e-02 -1.94746179e+01
3.34214526e-21 -7.61206129e+02 6.92139264e+01 2.17335780e-01 4.91635714e-02 -1.93962458e+01
3.49446844e-21 -7.61120744e+02 6.81682472e+01 1.85414823e-01 4.95180832e-02 -1.94262539e+01
3.64582431e-21 -7.61112864e+02 6.51451944e+01 2.93199167e-01 5.35085004e-02 -1.94800366e+01
3.77114195e-21 -7.61047549e+02 7.36616315e+01 3.38795563e-01 4.10437004e-02 -1.92315350e+01
3.90421358e-21 -7.61035820e+02 7.37009849e+01 3.10503918e-01 4.01484819e-02 -1.92273526e+01
4.04939183e-21 -7.60968955e+02 6.98031157e+01 1.77317546e-01 4.71993636e-02 -1.93948814e+01
4.34298190e-21 -7.60889630e+02 6.76925302e+01 2.64318856e-01 4.60852267e-02 -1.94496522e+01
5.56172354e-21 -7.60503146e+02 6.71104379e+01 3.16679666e-01 5.16349817e-02 -1.94455065e+01
6.69396328e-21 -7.60475458e+02 6.46499775e+01 2.88238426e-01 5.09317482e-02 -1.95289485e+01
6.91213242e-21 -7.60432613e+02 6.73844221e+01 1.89433289e-01 4.88066772e-02 -1.94403471e+01
7.13502379e-21 -7.60405058e+02 6.82210050e+01 3.04271962e-01 4.67197056e-02 -1.94323361e+01
7.37340975e-21 -7.60360534e+02 7.32799967e+01 3.06708521e-01 4.10085354e-02 -1.92656103e+01
7.88000826e-21 -7.60267187e+02 6.66870721e+01 3.25783032e-01 4.75603336e-02 -1.94462344e+01
8.33177580e-21 -7.60240385e+02 7.40040139e+01 2.69963552e-01 4.11557501e-02 -1.92578572e+01
8.51692039e-21 -7.60216538e+02 6.90099439e+01 2.65196622e-01 4.62720873e-02 -1.93524623e+01
8.59885063e-21 -7.60214441e+02 7.07228324e+01 3.05276382e-01 4.54362057e-02 -1.93538998e+01
8.90475476e-21 -7.60141305e+02 7.04044934e+01 2.09640812e-01 4.57762764e-02 -1.93354421e+01
9.27831421e-21 -7.60124332e+02 6.49565239e+01 3.21413671e-01 5.06632637e-02 -1.95057732e+01
9.40907166e-21 -7.60106666e+02 6.41573910e+01 2.05333359e-01 5.35895728e-02 -1.95745781e+01
1.01204245e-20 -7.59976095e+02 6.72030014e+01 2.82129890e-01 4.70789423e-02 -1.94629897e+01
1.15332826e-20 -7.59839078e+02 7.07360162e+01 2.31006685e-01 4.69145605e-02 -1.93326322e+01
1.23108989e-20 -7.59834259e+02 6.41932174e+01 2.99935251e-01 5.31154970e-02 -1.95492768e+01
1.29994058e-20 -7.59726482e+02 7.12888735e+01 3.79554282e-01 4.41228371e-02 -1.92784936e+01
1.41127475e-20 -7.59661410e+02 6.90754109e+01 2.06686450e-01 4.88680555e-02 -1.93907939e+01
1.45850540e-20 -7.59652948e+02 6.61260175e+01 2.22342693e-01 5.31836024e-02 -1.94998920e+01
1.47373826e-20 -7.59634046e+02 7.12364727e+01 3.33660177e-01 4.38581428e-02 -1.93248140e+01
1.79182724e-20 -7.59285547e+02 6.59099848e+01 1.81917549e-01 5.22393123e-02 -1.95210828e+01
2.28646246e-20 -7.59116754e+02 6.38865908e+01 2.34854947e-01 5.52083123e-02 -1.95717637e+01
2.48891540e-20 -7.59102148e+02 7.47714312e+01 2.71278539e-01 3.95213048e-02 -1.92128034e+01
2.50606567e-20 -7.59096320e+02 6.44675239e+01 3.23665246e-01 5.20141429e-02 -1.95229988e+01
2.54278309e-20 -7.59066614e+02 6.90329605e+01 2.69603703e-01 4.40599343e-02 -1.93816818e+01
2.65656680e-20 -7.59002907e+02 6.37912778e+01 2.37163789e-01 5.45217165e-02 -1.95791437e+01
3.05297271e-20 -7.58791893e+02 6.71727658e+01 2.29987563e-01 4.89705068e-02 -1.94250764e+01
3.43076221e-20 -7.58752201e+02 7.18578236e+01 3.08576889e-01 4.16273489e-02 -1.93016247e+01
3.52419438e-20 -7.58731215e+02 6.88794682e+01 3.89888122e-01 4.63152619e-02 -1.93525170e+01
3.93989631e-20 -7.58532305e+02 6.72407995e+01 3.61535740e-01 4.74615441e-02 -1.94132415e+01
4.43523210e-20 -7.58478555e+02 6.86226895e+01 3.64478549e-01 4.89993990e-02 -1.93642236e+01
5.82001931e-20 -7.58031118e+02 6.65069246e+01 3.11288394e-01 4.94329969e-02 -1.94248577e+01
7.41037629e-20 -7.57941130e+02 6.83704758e+01 3.09851486e-01 4.75384571e-02 -1.94271231e+01
7.79485431e-20 -7.57921371e+02 7.15894827e+01 3.38122559e-01 4.25519473e-02 -1.92705941e+01
7.84699767e-20 -7.57921043e+02 7.23326375e+01 2.68965150e-01 4.24249619e-02 -1.93150530e+01
7.92988206e-20 -7.57893885e+02 7.36893777e+01 2.75064662e-01 4.04759997e-02 -1.92278993e+01
8.08467861e-20 -7.57875621e+02 7.06243189e+01 2.70788336e-01 4.34203257e-02 -1.93655899e+01
8.49558784e-20 -7.57789833e+02 7.18343708e+01 2.54315123e-01 4.17279231e-02 -1.93256217e+01
9.18512439e-20 -7.57712542e+02 6.99537941e+01 2.89752848e-01 4.31636905e-02 -1.93442873e+01
9.90961983e-20 -7.57631485e+02 7.15190964e+01 2.78250742e-01 4.18705104e-02 -1.93249622e+01
1.05557336e-19 -7.57578617e+02 6.82143742e+01 2.73224445e-01 4.97000193e-02 -1.93832800e+01
1.13007211e-19 -7.57489712e+02 6.73257517e+01 2.20750034e-01 5.16032965e-02 -1.94601174e+01
1.19959902e-19 -7.57450950e+02 6.68497373e+01 2.19383171e-01 4.75328446e-02 -1.94590994e+01
1.27304706e-19 -7.57365647e+02 6.56770436e+01 3.33029155e-01 5.26086259e-02 -1.94889362e+01
1.34177744e-19 -7.57337510e+02 6.71083635e+01 3.39495121e-01 4.76079275e-02 -1.94400974e+01
1.43051760e-19 -7.57233419e+02 6.61432817e+01 2.92355113e-01 5.30088920e-02 -1.94819131e+01
1.55272733e-19 -7.57165352e+02 6.58194368e+01 1.79153076e-01 5.11453387e-02 -1.95103964e+01
1.66012217e-19 -7.57093152e+02 6.91417652e+01 2.98407123e-01 4.74967965e-02 -1.94055292e+01
1.74814670e-19 -7.57054438e+02 6.74491341e+01 3.36315743e-01 4.98895698e-02 -1.93902510e+01
1.81604664e-19 -7.57010395e+02 7.12559989e+01 2.01781940e-01 4.30571404e-02 -1.93582070e+01
1.94276516e-19 -7.56914686e+02 6.69266227e+01 2.01945338e-01 4.80697473e-02 -1.94932026e+01
2.10880364e-19 -7.56838870e+02 6.80349419e+01 2.37957000e-01 4.82509579e-02 -1.94619469e+01
2.27228989e-19 -7.56758859e+02 6.66103402e+01 2.20949385e-01 5.23862305e-02 -1.94877924e+01
2.39597295e-19 -7.56724900e+02 6.88095064e+01 2.91831382e-01 4.55571309e-02 -1.94146303e+01
2.47997826e-19 -7.56683424e+02 7.23199245e+01 3.59869349e-01 4.26742175e-02 -1.92626391e+01
2.73543395e-19 -7.56527784e+02 7.06620005e+01 3.14001452e-01 4.55447175e-02 -1.92936883e+01
2.97206101e-19 -7.56504918e+02 6.79532288e+01 2.69554633e-01 5.07773955e-02 -1.94061394e+01
3.16007388e-19 -7.56401016e+02 6.85163093e+01 2.95504895e-01 4.98676047e-02 -1.94073539e+01
3.48572687e-19 -7.56301860e+02 6.94154420e+01 2.43005362e-01 4.49871547e-02 -1.94129935e+01
3.65853768e-19 -7.56295140e+02 7.28915842e+01 3.08148304e-01 4.32418274e-02 -1.92734030e+01
3.84565850e-19 -7.56197798e+02 6.62796547e+01 3.48924251e-01 4.88569186e-02 -1.94503691e+01
4.14522094e-19 -7.56137018e+02 6.53724585e+01 3.11602279e-01 5.31075698e-02 -1.95072638e+01
4.31301272e-19 -7.56111027e+02 6.72893466e+01 3.48324438e-01 5.10176707e-02 -1.94161892e+01
4.47966090e-19 -7.56055152e+02 6.89284625e+01 3.15293831e-01 4.92439101e-02 -1.93644600e+01
4.59237996e-19 -7.56053889e+02 7.23290827e+01 2.41296905e-01 4.18210403e-02 -1.92736186e+01
4.69469607e-19 -7.56005023e+02 7.35970430e+01 2.93289806e-01 4.25643659e-02 -1.92515323e+01
4.85737215e-19 -7.55978682e+02 6.89850913e+01 2.77198907e-01 4.41981627e-02 -1.93838136e+01
5.01417606e-19 -7.55935126e+02 6.62338772e+01 2.33145566e-01 4.90673900e-02 -1.94642882e+01
5.23615379e-19 -7.55885531e+02 7.04258447e+01 3.50526640e-01 4.63437870e-02 -1.93035473e+01
5.51866326e-19 -7.55823713e+02 7.23347947e+01 2.50183880e-01 4.39746559e-02 -1.92693588e+01
5.70016176e-19 -7.55813229e+02 6.42765597e+01 2.48958998e-01 5.49350424e-02 -1.95362038e+01
5.84162313e-19 -7.55768502e+02 6.52737097e+01 2.38592955e-01 5.40844958e-02 -1.95238707e+01
5.99614493e-19 -7.55753911e+02 6.71509854e+01 3.71447298e-01 5.02963414e-02 -1.94216795e+01
6.13445799e-19 -7.55716533e+02 6.65126444e+01 2.96009659e-01 5.24070770e-02 -1.94428476e+01
6.35418186e-19 -7.55676916e+02 7.18616394e+01 2.34173392e-01 4.53846026e-02 -1.93117080e+01
6.54095215e-19 -7.55651704e+02 6.62828063e+01 2.27587953e-01 5.02248104e-02 -1.95159826e+01
6.60396806e-19 -7.55650925e+02 6.65031365e+01 3.72851420e-01 4.96045749e-02 -1.94413493e+01
6.87122902e-19 -7.55567446e+02 6.77775022e+01 3.07390395e-01 5.08047151e-02 -1.94239842e+01
7.23853815e-19 -7.55538584e+02 6.89640388e+01 1.73117676e-01 4.63297201e-02 -1.94248289e+01
7.85903726e-19 -7.55400832e+02 6.89699793e+01 3.82215576e-01 4.65731831e-02 -1.93631818e+01
8.56363597e-19 -7.55355970e+02 6.98417859e+01 2.90207994e-01 4.37008037e-02 -1.93736265e+01
9.29679271e-19 -7.55233153e+02 6.81264567e+01 1.75272796e-01 4.90479514e-02 -1.94499823e+01
9.89444113e-19 -7.55220975e+02 7.10344867e+01 3.45275017e-01 4.28164796e-02 -1.93047563e+01
1.09273661e-18 -7.55036373e+02 6.64146169e+01 1.96444013e-01 5.08668766e-02 -1.94724044e+01
1.19649773e-18 -7.55024421e+02 6.82864270e+01 1.88617218e-01 4.76003053e-02 -1.94585992e+01
1.21951030e-18 -7.54991846e+02 7.17341464e+01 2.10218537e-01 4.51702451e-02 -1.93245246e+01
1.24881677e-18 -7.54970124e+02 7.22546621e+01 2.62584315e-01 4.15614485e-02 -1.93109484e+01
1.33395976e-18 -7.54856394e+02 7.03808322e+01 3.43831378e-01 4.57085591e-02 -1.93435060e+01
2.00583624e-18 -7.54238412e+02 7.42796546e+01 2.76873141e-01 4.15612642e-02 -1.92303651e+01
2.72228565e-18 -7.54147011e+02 6.83424124e+01 3.83905635e-01 4.78721408e-02 -1.93651329e+01
2.84661101e-18 -7.54140365e+02 6.71848488e+01 3.69831008e-01 4.85026314e-02 -1.94026601e+01
3.03572877e-18 -7.54015589e+02 7.10162429e+01 1.90047406e-01 4.45768493e-02 -1.93372411e+01
3.22556809e-18 -7.54008517e+02 6.51564020e+01 3.18448829e-01 5.37946820e-02 -1.94962906e+01
3.28428866e-18 -7.53973152e+02 6.52287615e+01 2.31560742e-01 5.08054513e-02 -1.95387978e+01
3.40379347e-18 -7.53930522e+02 6.53369011e+01 3.22291815e-01 5.03440609e-02 -1.94957973e+01
3.62866999e-18 -7.53840132e+02 7.32973460e+01 2.79026476e-01 4.30009940e-02 -1.92420269e+01
3.84738479e-18 -7.53805077e+02 6.68321293e+01 1.76680628e-01 5.00831516e-02 -1.94782550e+01
3.98651837e-18 -7.53762572e+02 7.17548916e+01 2.52031432e-01 4.23186038e-02 -1.93330078e+01
4.19960055e-18 -7.53694970e+02 6.57097107e+01 2.96941736e-01 4.94625079e-02 -1.94971899e+01
4.36107726e-18 -7.53679376e+02 7.25298520e+01 2.43654928e-01 4.20479179e-02 -1.93124625e+01
4.56804836e-18 -7.53597207e+02 7.16503814e+01 2.69480683e-01 4.15390588e-02 -1.93090743e+01
4.77103491e-18 -7.53584121e+02 6.72108570e+01 2.01594562e-01 5.12773494e-02 -1.94687065e+01
5.21038880e-18 -7.53420973e+02 6.82476629e+01 3.76575910e-01 4.69022763e-02 -1.93812964e+01
5.93330599e-18 -7.53313833e+02 6.70929734e+01 2.79376876e-01 4.87446470e-02 -1.94134133e+01
6.23806808e-18 -7.53311273e+02 7.22689629e+01 2.66239888e-01 4.14995384e-02 -1.93073210e+01
6.40675343e-18 -7.53254614e+02 6.73564467e+01 3.39497325e-01 4.72114023e-02 -1.94077741e+01
6.66838038e-18 -7.53224000e+02 6.80962611e+01 2.42809377e-01 5.06099491e-02 -1.94181858e+01
7.26062863e-18 -7.53082543e+02 6.85755407e+01 2.58199898e-01 4.94856940e-02 -1.93827894e+01
8.47536574e-18 -7.52910355e+02 7.21504572e+01 2.39193933e-01 4.17800517e-02 -1.92840871e+01
1.01947730e-17 -7.52709164e+02 7.06981643e+01 3.52979423e-01 4.45020645e-02 -1.93269668e+01
1.22336501e-17 -7.52536417e+02 7.26443317e+01 3.44797818e-01 4.28786710e-02 -1.92567794e+01
1.33771565e-17 -7.52516441e+02 6.58454012e+01 2.03163662e-01 5.04086501e-02 -1.94925414e+01
1.46258648e-17 -7.52357486e+02 7.11841921e+01 3.67233357e-01 4.45685177e-02 -1.92913259e+01
1.57798577e-17 -7.52351599e+02 7.00228225e+01 2.76776822e-01 4.32046525e-02 -1.93468742e+01
1.80779994e-17 -7.52095279e+02 6.56658049e+01 2.56689136e-01 4.92090851e-02 -1.94922083e+01
2.04739517e-17 -7.52079708e+02 6.73186835e+01 3.06797286e-01 4.82163509e-02 -1.94009751e+01
2.08584463e-17 -7.52051550e+02 7.13220459e+01 1.90731228e-01 4.37414296e-02 -1.93531675e+01
2.22100060e-17 -7.51949870e+02 6.52693799e+01 2.77690022e-01 5.24470359e-02 -1.95269842e+01
2.39841614e-17 -7.51889520e+02 6.73459956e+01 3.69343735e-01 4.96375252e-02 -1.93977674e+01
2.50530769e-17 -7.51855389e+02 7.04370585e+01 2.02444361e-01 4.65572895e-02 -1.93533879e+01
2.59529607e-17 -7.51812456e+02 6.89000353e+01 2.68855596e-01 4.71838412e-02 -1.94238612e+01
2.70823632e-17 -7.51763674e+02 7.14498240e+01 2.28332217e-01 4.24848788e-02 -1.93090740e+01
2.80905840e-17 -7.51732347e+02 7.22533978e+01 3.30653896e-01 4.21492479e-02 -1.92564511e+01
2.84669079e-17 -7.51730158e+02 7.06452100e+01 1.90648981e-01 4.39197884e-02 -1.93718562e+01
2.84730196e-17 -7.51725267e+02 7.12579228e+01 2.36595315e-01 4.33351595e-02 -1.93555759e+01
2.87099974e-17 -7.51707003e+02 7.22163869e+01 2.01347907e-01 4.33535587e-02 -1.93231632e+01
2.90896460e-17 -7.51692308e+02 7.12629467e+01 2.70135414e-01 4.20159712e-02 -1.93264712e+01
2.97134123e-17 -7.51658153e+02 6.84581861e+01 2.67344103e-01 4.73462731e-02 -1.93717572e+01
3.07961012e-17 -7.51614263e+02 6.98712786e+01 2.68192202e-01 4.58579738e-02 -1.93280864e+01
3.19288070e-17 -7.51579084e+02 7.24762892e+01 2.95273408e-01 4.11777193e-02 -1.92657449e+01
3.31767612e-17 -7.51531190e+02 7.02097429e+01 1.93971102e-01 4.68334375e-02 -1.93768224e+01
3.59169794e-17 -7.51416425e+02 6.50657634e+01 2.76903267e-01 5.31946166e-02 -1.95301245e+01
3.78877037e-17 -7.51414411e+02 6.69370527e+01 3.45568323e-01 4.80101615e-02 -1.94225098e+01
3.89677995e-17 -7.51354449e+02 6.75983594e+01 2.03164350e-01 4.96127698e-02 -1.94754913e+01
4.01099899e-17 -7.51349085e+02 7.04916395e+01 2.91253771e-01 4.66286245e-02 -1.93129934e+01
4.40255297e-17 -7.51169545e+02 7.08479599e+01 2.39200429e-01 4.33438368e-02 -1.93170395e+01
4.84397612e-17 -7.51143449e+02 7.01085057e+01 3.36533735e-01 4.72301373e-02 -1.93331930e+01
5.25251142e-17 -7.51005530e+02 6.75058243e+01 2.88813301e-01 5.12919713e-02 -1.94300649e+01
5.62842604e-17 -7.50993829e+02 7.38381090e+01 2.51084651e-01 4.18402825e-02 -1.92586786e+01
5.72401752e-17 -7.50965361e+02 6.89574674e+01 3.72524614e-01 4.64551525e-02 -1.93461492e+01
5.79984458e-17 -7.50960656e+02 6.78693806e+01 3.29247999e-01 4.98806172e-02 -1.93859884e+01
5.80583838e-17 -7.50956638e+02 6.54527751e+01 2.81737317e-01 5.09421961e-02 -1.95191978e+01
7.03844038e-17 -7.50600494e+02 6.90139132e+01 3.21742536e-01 4.57819468e-02 -1.93461215e+01
8.46632182e-17 -7.50549666e+02 7.23856324e+01 2.68570443e-01 4.42764365e-02 -1.92980328e+01
9.07664569e-17 -7.50456161e+02 7.03412107e+01 2.39675222e-01 4.44326727e-02 -1.93846407e+01
9.54297611e-17 -7.50440684e+02 6.51552022e+01 3.35028023e-01 5.16731990e-02 -1.94807910e+01
9.79446699e-17 -7.50397879e+02 6.41352443e+01 2.28290472e-01 5.41895745e-02 -1.95536399e+01
1.00952248e-16 -7.50373232e+02 7.23711630e+01 2.05644934e-01 4.29323544e-02 -1.92946718e+01
1.05976864e-16 -7.50295438e+02 6.60939883e+01 2.14918490e-01 4.89965937e-02 -1.94911797e+01
1.10869830e-16 -7.50274898e+02 7.28892118e+01 3.24594876e-01 4.23407362e-02 -1.92396406e+01
1.14049941e-16 -7.50232565e+02 7.30235150e+01 2.68845191e-01 4.23471145e-02 -1.92869604e+01
1.17198592e-16 -7.50213419e+02 7.09059974e+01 2.00587099e-01 4.48328565e-02 -1.93331916e+01
1.27226480e-16 -7.50066977e+02 6.69295909e+01 2.61783133e-01 5.08295026e-02 -1.94281550e+01
1.36239072e-16 -7.50064523e+02 6.69792654e+01 3.45045928e-01 4.99013332e-02 -1.94078649e+01
1.49876473e-16 -7.49878187e+02 6.77757624e+01 3.44039165e-01 5.01542042e-02 -1.93971872e+01
1.63803087e-16 -7.49871504e+02 7.29278741e+01 3.09863851e-01 4.18237439e-02 -1.92715358e+01
1.64920769e-16 -7.49857966e+02 6.70197474e+01 1.94990650e-01 4.95495365e-02 -1.94549772e+01
1.66574610e-16 -7.49844889e+02 6.49825589e+01 3.24927915e-01 5.14160805e-02 -1.95002014e+01
1.92685098e-16 -7.49577819e+02 7.05358346e+01 3.17243763e-01 4.63294464e-02 -1.93063602e+01
2.32198338e-16 -7.49451379e+02 6.90630331e+01 2.52382649e-01 4.45501212e-02 -1.94052418e+01
2.51741127e-16 -7.49406064e+02 6.84514677e+01 3.36770861e-01 4.60485989e-02 -1.93689279e+01
2.57931639e-16 -7.49395651e+02 6.64610743e+01 3.40711237e-01 5.12965093e-02 -1.94583000e+01
2.94856549e-16 -7.49147186e+02 6.76817745e+01 3.00340390e-01 5.02335791e-02 -1.93974368e+01
3.44158073e-16 -7.49066023e+02 6.93411500e+01 2.49776921e-01 4.88360015e-02 -1.93833918e+01
3.64828286e-16 -7.49022702e+02 6.89222199e+01 2.59610288e-01 4.93366524e-02 -1.94008647e+01
3.77404828e-16 -7.48991361e+02 6.94983749e+01 1.82329938e-01 4.70733896e-02 -1.94039453e+01
3.85914729e-16 -7.48971305e+02 7.13215879e+01 3.34903139e-01 4.51209879e-02 -1.93062737e+01
3.93985481e-16 -7.48943404e+02 7.35788299e+01 2.43511289e-01 4.06489411e-02 -1.92537036e+01
4.05037478e-16 -7.48909413e+02 7.25089500e+01 2.17607715e-01 4.33824485e-02 -1.93103257e+01
4.15183023e-16 -7.48887104e+02 7.17102520e+01 3.12497919e-01 4.51352244e-02 -1.92953931e+01
4.29190297e-16 -7.48836901e+02 6.65296225e+01 3.54306351e-01 5.10728796e-02 -1.94454398e+01
4.39767663e-16 -7.48831135e+02 6.96407551e+01 2.51014763e-01 4.53466662e-02 -1.93437417e+01
4.46710030e-16 -7.48799166e+02 6.53238738e+01 2.62851467e-01 5.19109440e-02 -1.94837583e+01
4.58768998e-16 -7.48771146e+02 6.97674644e+01 3.63543373e-01 4.68260027e-02 -1.93301233e+01
4.66985027e-16 -7.48756865e+02 6.69817226e+01 3.57119681e-01 4.89092284e-02 -1.94117530e+01
4.72434236e-16 -7.48741297e+02 7.05869346e+01 2.65340426e-01 4.55420643e-02 -1.93107556e+01
4.80132400e-16 -7.48717958e+02 7.32383078e+01 2.18735312e-01 4.21076534e-02 -1.92700434e+01
5.36193855e-16 -7.48523114e+02 7.18410380e+01 2.77785852e-01 4.43430832e-02 -1.92752001e+01
6.30885534e-16 -7.48381573e+02 6.73202141e+01 2.96240805e-01 5.11106559e-02 -1.94172441e+01
6.77878997e-16 -7.48367813e+02 6.75118478e+01 3.31978043e-01 5.03344963e-02 -1.94274872e+01
7.05693125e-16 -7.48295745e+02 7.00405550e+01 2.18254288e-01 4.49104190e-02 -1.93475811e+01
7.31921551e-16 -7.48286893e+02 6.68236882e+01 3.55429360e-01 4.96820933e-02 -1.94426917e+01
7.42256493e-16 -7.48261192e+02 6.91873218e+01 3.71234090e-01 4.67004487e-02 -1.93584855e+01
7.56322721e-16 -7.48242612e+02 6.94439981e+01 3.57922370e-01 4.72673966e-02 -1.93358469e+01
8.76361009e-16 -7.47977368e+02 6.63256095e+01 1.93507037e-01 5.10189378e-02 -1.95100692e+01
1.03644783e-15 -7.47884998e+02 6.99390029e+01 3.14194884e-01 4.37751135e-02 -1.93538950e+01
1.10520669e-15 -7.47840606e+02 6.74444797e+01 3.65929718e-01 4.92421867e-02 -1.94152099e+01
1.12627044e-15 -7.47840091e+02 6.76695249e+01 2.72635096e-01 4.71731012e-02 -1.94034177e+01
1.25670114e-15 -7.47626208e+02 6.89227124e+01 1.91757173e-01 4.81858148e-02 -1.94252752e+01
1.39145415e-15 -7.47618318e+02 7.34959728e+01 2.48128353e-01 4.06704677e-02 -1.92624026e+01
1.40317133e-15 -7.47602826e+02 6.75611078e+01 2.67175924e-01 5.10365145e-02 -1.94430595e+01
1.48196712e-15 -7.47504736e+02 6.79652902e+01 3.54197395e-01 4.77911003e-02 -1.94096878e+01
1.60372513e-15 -7.47436996e+02 6.85755167e+01 2.23592360e-01 4.68160091e-02 -1.93886197e+01
1.69484163e-15 -7.47387037e+02 7.27789159e+01 2.31037548e-01 4.23703115e-02 -1.93026253e+01
1.76951253e-15 -7.47343951e+02 6.80201050e+01 3.65201342e-01 4.84248640e-02 -1.93992082e+01
1.82727498e-15 -7.47315871e+02 6.55964942e+01 3.44922448e-01 5.14426670e-02 -1.94659741e+01
1.88534670e-15 -7.47274945e+02 6.97795044e+01 3.09545480e-01 4.39766195e-02 -1.93623442e+01
2.15071844e-15 -7.47057242e+02 7.01114453e+01 3.45234301e-01 4.46083334e-02 -1.93442271e+01
2.40120140e-15 -7.47036240e+02 6.42194045e+01 2.33614888e-01 5.38660196e-02 -1.95528693e+01
2.44066100e-15 -7.47017960e+02 6.66694157e+01 2.76415924e-01 4.85324892e-02 -1.94808685e+01
2.51356427e-15 -7.46971182e+02 7.08650620e+01 2.01745407e-01 4.55833515e-02 -1.93633838e+01
2.57720252e-15 -7.46960779e+02 6.73436155e+01 2.33930563e-01 5.13333206e-02 -1.94524375e+01
2.71280927e-15 -7.46864266e+02 6.98491535e+01 1.93980667e-01 4.45954461e-02 -1.93884089e+01
2.87683669e-15 -7.46834603e+02 7.08818805e+01 3.28734370e-01 4.32522930e-02 -1.93228424e+01
2.95787208e-15 -7.46802097e+02 7.32350412e+01 3.11028452e-01 4.16149818e-02 -1.92373970e+01
3.07479076e-15 -7.46750807e+02 7.18340436e+01 2.81288299e-01 4.50364677e-02 -1.92865473e+01
3.16002270e-15 -7.46740128e+02 6.63081690e+01 3.34660345e-01 5.16794398e-02 -1.94421612e+01
3.28090041e-15 -7.46670265e+02 7.28615007e+01 3.09138457e-01 4.14956152e-02 -1.92489279e+01
3.41504824e-15 -7.46652187e+02 7.04266830e+01 2.66990584e-01 4.33669519e-02 -1.93630097e+01
3.45980058e-15 -7.46637543e+02 6.55935283e+01 3.11149786e-01 5.11252806e-02 -1.94646021e+01
3.67637870e-15 -7.46527091e+02 6.82960689e+01 2.46039212e-01 4.55893456e-02 -1.94057215e+01
4.11181524e-15 -7.46407538e+02 6.48445652e+01 3.17588776e-01 5.21868329e-02 -1.94996747e+01
4.34434934e-15 -7.46406842e+02 7.05284885e+01 2.49658855e-01 4.61079924e-02 -1.93707408e+01
4.48617321e-15 -7.46337824e+02 6.46775047e+01 2.63570885e-01 5.39370638e-02 -1.95176185e+01
4.67322520e-15 -7.46317401e+02 7.10374514e+01 3.41248007e-01 4.49031822e-02 -1.93160631e+01
4.76090457e-15 -7.46294025e+02 6.45643398e+01 3.06354081e-01 5.27390770e-02 -1.95228632e+01
5.13000829e-15 -7.46165403e+02 6.71095676e+01 2.96294113e-01 4.71509192e-02 -1.94371388e+01
5.45707972e-15 -7.46159631e+02 7.26873417e+01 2.95199085e-01 4.23951355e-02 -1.92858861e+01
5.56113560e-15 -7.46121329e+02 6.66950420e+01 2.86280094e-01 5.19723851e-02 -1.94437591e+01
5.86311320e-15 -7.46048189e+02 6.59899598e+01 2.60300240e-01 5.13146954e-02 -1.95103253e+01
6.24157595e-15 -7.45989105e+02 7.09872067e+01 3.27586823e-01 4.32209525e-02 -1.92961128e+01
6.44227560e-15 -7.45977397e+02 6.84104774e+01 2.90027559e-01 4.94716468e-02 -1.93809440e+01
6.64751760e-15 -7.45920501e+02 6.87108856e+01 2.97140232e-01 4.50400091e-02 -1.93808668e+01
7.32100661e-15 -7.45781734e+02 6.92687833e+01 2.30514873e-01 4.86030534e-02 -1.93828842e+01
7.82113594e-15 -7.45776877e+02 6.90125623e+01 1.87493439e-01 4.71409607e-02 -1.94274471e+01
8.16284061e-15 -7.45691375e+02 6.99198787e+01 2.44689347e-01 4.35614506e-02 -1.93725473e+01
9.52297703e-15 -7.45472154e+02 6.48075320e+01 2.94129371e-01 5.35457291e-02 -1.95046377e+01
1.08704026e-14 -7.45409051e+02 7.10762851e+01 3.57247903e-01 4.43059670e-02 -1.92940191e+01
1.12015269e-14 -7.45404496e+02 6.89244652e+01 2.19509222e-01 4.89834340e-02 -1.94006656e+01
1.11948366e-14 -7.45403586e+02 6.97134733e+01 2.35730363e-01 4.50002080e-02 -1.93513204e+01
1.11771970e-14 -7.45400995e+02 7.24688222e+01 2.73782463e-01 4.23974604e-02 -1.93017804e+01
1.12548793e-14 -7.45383156e+02 6.52857550e+01 3.27750223e-01 5.12928514e-02 -1.94836254e+01
1.16014427e-14 -7.45334204e+02 7.24611902e+01 3.25984794e-01 4.19696634e-02 -1.92644230e+01
1.25926186e-14 -7.45215462e+02 6.48445971e+01 3.19950996e-01 5.25323223e-02 -1.95050973e+01
1.37831865e-14 -7.45144603e+02 6.90927182e+01 2.18836639e-01 4.85396899e-02 -1.93885459e+01
1.47789890e-14 -7.45069449e+02 6.92173975e+01 2.17067039e-01 4.59323558e-02 -1.94222010e+01
1.56726607e-14 -7.45019731e+02 7.07372442e+01 3.50827594e-01 4.54518062e-02 -1.93137778e+01
1.60934410e-14 -7.45009215e+02 6.78738375e+01 3.59726871e-01 4.92555634e-02 -1.93960124e+01
1.61378957e-14 -7.45007532e+02 7.21256443e+01 2.33253728e-01 4.18444854e-02 -1.92961730e+01
1.65782030e-14 -7.44949562e+02 7.16687961e+01 3.04572283e-01 4.28218808e-02 -1.92760966e+01
1.73831657e-14 -7.44905690e+02 6.58417070e+01 2.68147391e-01 5.23512192e-02 -1.94689127e+01
1.80981559e-14 -7.44862280e+02 6.91261730e+01 3.46847593e-01 4.75702837e-02 -1.93447637e+01
1.86753543e-14 -7.44835947e+02 6.86881737e+01 2.10953571e-01 4.71609557e-02 -1.94406341e+01
1.93088493e-14 -7.44789278e+02 6.77733076e+01 2.82992307e-01 4.70456608e-02 -1.93989105e+01
1.98320937e-14 -7.44775320e+02 7.19726705e+01 2.39316855e-01 4.41645109e-02 -1.92885432e+01
2.03839438e-14 -7.44728236e+02 6.61121422e+01 3.41805821e-01 5.06009868e-02 -1.94452845e+01
2.22432720e-14 -7.44597778e+02 6.86424081e+01 3.50084481e-01 4.86176918e-02 -1.93725719e+01
2.46308025e-14 -7.44515120e+02 6.77138807e+01 2.07594395e-01 4.99046323e-02 -1.94627003e+01
2.85106993e-14 -7.44307599e+02 6.48079670e+01 2.56630965e-01 5.22591057e-02 -1.95116182e+01
3.47056831e-14 -7.44113840e+02 6.78761788e+01 3.46910315e-01 4.76495842e-02 -1.94131460e+01
3.82693873e-14 -7.44096157e+02 7.10478912e+01 2.55925642e-01 4.26022442e-02 -1.93184861e+01
3.86161647e-14 -7.44089078e+02 6.87801505e+01 2.18122913e-01 4.74137725e-02 -1.93857404e+01
3.90641923e-14 -7.44066545e+02 6.67756845e+01 2.18037486e-01 4.85358969e-02 -1.94907376e+01
3.99196187e-14 -7.44039159e+02 7.28402219e+01 2.92735406e-01 4.19719633e-02 -1.92790360e+01
4.06614594e-14 -7.44022942e+02 6.85988424e+01 2.08568708e-01 4.61328574e-02 -1.94364618e+01
4.11248829e-14 -7.44009816e+02 7.02163971e+01 2.31855387e-01 4.63041203e-02 -1.93388568e+01
4.36361219e-14 -7.43900676e+02 7.10359183e+01 2.47533688e-01 4.56082646e-02 -1.93513236e+01
4.59765930e-14 -7.43895696e+02 7.06329275e+01 2.47457332e-01 4.65462376e-02 -1.93577924e+01
4.63949766e-14 -7.43875994e+02 7.19233571e+01 2.53800328e-01 4.28163396e-02 -1.93255132e+01
4.88551814e-14 -7.43787559e+02 6.67563928e+01 3.49577487e-01 5.07218708e-02 -1.94354192e+01
5.19100991e-14 -7.43746499e+02 6.97248893e+01 2.03719035e-01 4.66410076e-02 -1.94044346e+01
5.45439374e-14 -7.43682519e+02 7.03216010e+01 3.51042605e-01 4.60367824e-02 -1.93254707e+01
5.67333804e-14 -7.43660232e+02 7.35854443e+01 2.94685110e-01 4.16882287e-02 -1.92439081e+01
5.74196132e-14 -7.43651711e+02 6.80416353e+01 2.29755993e-01 4.92752606e-02 -1.94528384e+01
5.87968552e-14 -7.43606661e+02 6.59277645e+01 2.36310419e-01 5.25910256e-02 -1.94835483e+01
6.43222494e-14 -7.43469606e+02 6.68750460e+01 2.18702801e-01 5.13663847e-02 -1.94601834e+01
6.92768842e-14 -7.43447029e+02 7.21272469e+01 2.47334559e-01 4.39618186e-02 -1.92819075e+01
6.99632430e-14 -7.43443109e+02 6.96358505e+01 1.94768744e-01 4.55518845e-02 -1.94058826e+01
7.28304364e-14 -7.43361698e+02 6.54259503e+01 3.18811276e-01 5.07429251e-02 -1.94868676e+01
7.97075994e-14 -7.43257071e+02 6.90613963e+01 2.43994113e-01 4.89669679e-02 -1.93969789e+01
8.44767686e-14 -7.43236193e+02 7.27528693e+01 3.04839828e-01 4.15893478e-02 -1.92562540e+01
8.95888488e-14 -7.43135339e+02 6.70873088e+01 2.53696605e-01 4.83410177e-02 -1.94769553e+01
9.48900369e-14 -7.43112154e+02 6.45725398e+01 2.64987385e-01 5.24309082e-02 -1.95232847e+01
9.66121909e-14 -7.43092672e+02 6.56002678e+01 3.24349510e-01 5.06269136e-02 -1.94836453e+01
9.76145107e-14 -7.43084777e+02 6.61330778e+01 2.81197360e-01 5.24001584e-02 -1.94619349e+01
1.00706039e-13 -7.43024548e+02 6.60052135e+01 3.17319203e-01 5.09117983e-02 -1.94843187e+01
1.04804617e-13 -7.42997612e+02 6.83953505e+01 3.41920912e-01 4.66536733e-02 -1.93699400e+01
1.05885345e-13 -7.42997193e+02 7.16494535e+01 2.18986202e-01 4.25463388e-02 -1.93308008e+01
1.06327779e-13 -7.42982669e+02 6.84497309e+01 3.30329882e-01 4.72465644e-02 -1.93638324e+01
1.09402503e-13 -7.42934061e+02 6.75263761e+01 2.97564088e-01 4.99501144e-02 -1.94023070e+01
1.16229759e-13 -7.42855881e+02 7.30910093e+01 3.05584032e-01 4.21353703e-02 -1.92601491e+01
1.25304492e-13 -7.42777075e+02 6.70509534e+01 3.46475732e-01 5.02181134e-02 -1.94332558e+01
1.33024986e-13 -7.42728678e+02 6.79107086e+01 3.63844823e-01 4.86339936e-02 -1.93905069e+01
1.35912828e-13 -7.42726881e+02 6.90139339e+01 2.91300188e-01 4.84658962e-02 -1.93974436e+01
1.36884442e-13 -7.42707865e+02 6.69149042e+01 2.28375707e-01 4.79761514e-02 -1.94543965e+01
1.44712730e-13 -7.42611241e+02 6.88341395e+01 3.06933516e-01 4.90561249e-02 -1.93768327e+01
1.55687583e-13 -7.42553508e+02 7.00838575e+01 3.22609847e-01 4.66187630e-02 -1.93525034e+01
1.62876566e-13 -7.42513862e+02 7.32705483e+01 2.57986102e-01 4.13232291e-02 -1.92723848e+01
1.72349115e-13 -7.42434957e+02 6.99775336e+01 2.00519517e-01 4.53090122e-02 -1.93960749e+01
1.79863898e-13 -7.42420348e+02 6.59065297e+01 3.04568409e-01 4.95538474e-02 -1.94807234e+01
1.85506719e-13 -7.42367173e+02 6.87074304e+01 2.57946015e-01 4.50502202e-02 -1.93940465e+01
1.97287715e-13 -7.42291281e+02 6.76152484e+01 2.12031459e-01 4.93950794e-02 -1.94699353e+01
2.04752040e-13 -7.42284815e+02 6.87483360e+01 2.12691270e-01 4.88438513e-02 -1.94228733e+01
2.12577643e-13 -7.42210963e+02 6.84575665e+01 2.51636710e-01 4.78443834e-02 -1.93814689e+01
2.52939634e-13 -7.41946539e+02 7.15940393e+01 2.55732328e-01 4.53439725e-02 -1.93167929e+01
2.90975159e-13 -7.41907093e+02 6.80191985e+01 2.30957374e-01 4.95850636e-02 -1.94492689e+01
3.03293846e-13 -7.41857188e+02 6.55348673e+01 2.32295855e-01 5.02062228e-02 -1.95056796e+01
3.17111795e-13 -7.41811238e+02 6.52372750e+01 2.10623080e-01 5.23272329e-02 -1.95232912e+01
3.24554157e-13 -7.41803623e+02 6.91648813e+01 3.19347884e-01 4.53648172e-02 -1.93501330e+01
3.39259718e-13 -7.41717782e+02 6.87740445e+01 3.36321633e-01 4.75549548e-02 -1.93544785e+01
3.57643720e-13 -7.41689779e+02 6.94717558e+01 2.03131889e-01 4.64394841e-02 -1.94132652e+01
3.62417296e-13 -7.41684420e+02 7.30500540e+01 3.02645922e-01 4.26060135e-02 -1.92522783e+01
3.79782691e-13 -7.41591661e+02 7.25203506e+01 2.44422184e-01 4.23976832e-02 -1.92724646e+01
4.03229427e-13 -7.41556117e+02 6.97160191e+01 3.07833246e-01 4.63957573e-02 -1.93286724e+01
4.09142284e-13 -7.41555575e+02 6.69951934e+01 3.46847669e-01 4.87167185e-02 -1.94320947e+01
4.13543067e-13 -7.41528251e+02 6.54933702e+01 2.99194942e-01 5.24137847e-02 -1.94761483e+01
4.30699693e-13 -7.41468332e+02 6.86190310e+01 2.74925207e-01 4.85840958e-02 -1.93735158e+01
4.42953583e-13 -7.41464593e+02 6.54795247e+01 2.70283380e-01 5.31318537e-02 -1.95068690e+01
4.56436638e-13 -7.41402661e+02 6.55095730e+01 3.20634254e-01 5.09630336e-02 -1.94768624e+01
4.73517126e-13 -7.41383593e+02 7.07001880e+01 3.15964289e-01 4.62692669e-02 -1.93220185e+01
4.86860515e-13 -7.41340794e+02 6.50373713e+01 2.18747916e-01 5.20990946e-02 -1.95353915e+01
4.99130367e-13 -7.41326750e+02 7.04602514e+01 2.12428321e-01 4.38765026e-02 -1.93720713e+01
5.16345679e-13 -7.41267158e+02 6.51526741e+01 2.17976268e-01 5.22425421e-02 -1.95195564e+01
5.37873355e-13 -7.41237730e+02 6.54859612e+01 3.00940092e-01 5.04763918e-02 -1.94836093e+01
5.84154690e-13 -7.41099943e+02 7.25076394e+01 2.90986660e-01 4.17431782e-02 -1.92838307e+01
6.41577312e-13 -7.41039711e+02 7.24912769e+01 3.18810011e-01 4.21524547e-02 -1.92649737e+01
6.72697928e-13 -7.40998081e+02 6.67073659e+01 2.42586596e-01 5.00984147e-02 -1.94442462e+01
6.92381239e-13 -7.40975074e+02 6.96370056e+01 2.93560738e-01 4.79622776e-02 -1.93522736e+01
7.05430992e-13 -7.40954059e+02 6.88251121e+01 2.24766819e-01 4.88143579e-02 -1.94187324e+01
7.33128097e-13 -7.40892240e+02 7.01986429e+01 2.31648325e-01 4.38910070e-02 -1.93491426e+01
7.68591897e-13 -7.40852366e+02 6.52680062e+01 2.44470813e-01 5.33484621e-02 -1.95112785e+01
8.05589682e-13 -7.40792067e+02 6.67825703e+01 2.82764693e-01 4.92104686e-02 -1.94297882e+01
8.82566759e-13 -7.40666237e+02 6.97184309e+01 2.64098235e-01 4.79415486e-02 -1.93743053e+01
1.01312043e-12 -7.40511522e+02 6.88190843e+01 3.53464907e-01 4.70006217e-02 -1.93777485e+01
1.09728072e-12 -7.40494080e+02 7.00986776e+01 3.00252959e-01 4.51460536e-02 -1.93680087e+01
1.11119363e-12 -7.40479643e+02 6.87225221e+01 3.40426813e-01 4.75405169e-02 -1.93899605e+01
1.15842078e-12 -7.40405500e+02 6.46936103e+01 2.80849740e-01 5.34298158e-02 -1.95228825e+01
1.25087277e-12 -7.40319878e+02 6.77920597e+01 2.35399735e-01 4.66198986e-02 -1.94254598e+01
1.37358593e-12 -7.40212715e+02 6.85104576e+01 3.05238428e-01 4.86021698e-02 -1.93704163e+01
1.44258592e-12 -7.40212328e+02 7.03653189e+01 2.02229021e-01 4.60397140e-02 -1.93595314e+01
1.53590667e-12 -7.40084758e+02 6.56064518e+01 2.82250961e-01 5.10561954e-02 -1.95085472e+01
1.63006180e-12 -7.40082614e+02 6.94995983e+01 2.01521881e-01 4.70721078e-02 -1.93818131e+01
1.62736827e-12 -7.40081410e+02 6.82132717e+01 2.57910806e-01 4.73152479e-02 -1.94425651e+01
1.63196011e-12 -7.40070353e+02 7.02012873e+01 2.27909475e-01 4.52909084e-02 -1.93406217e+01
1.64480287e-12 -7.40059078e+02 7.10970451e+01 2.36198909e-01 4.55748117e-02 -1.93201705e+01
1.72297995e-12 -7.39972662e+02 7.08939367e+01 3.32456063e-01 4.54875384e-02 -1.93137546e+01
1.81857730e-12 -7.39942781e+02 7.18193969e+01 3.13898536e-01 4.26882439e-02 -1.92982237e+01
1.87125883e-12 -7.39908956e+02 6.74464933e+01 2.70121209e-01 4.76560877e-02 -1.94577259e+01
1.92144645e-12 -7.39883073e+02 6.63695126e+01 3.34138376e-01 5.02519741e-02 -1.94610920e+01
1.94402542e-12 -7.39878772e+02 6.92884219e+01 2.34390689e-01 4.84308614e-02 -1.93944517e+01
1.97976587e-12 -7.39840346e+02 6.88560488e+01 2.33397881e-01 4.54686607e-02 -1.93885306e+01
2.07466266e-12 -7.39779047e+02 6.76857079e+01 3.37609646e-01 4.96175955e-02 -1.93973007e+01
2.20789210e-12 -7.39709482e+02 7.24716175e+01 3.16104161e-01 4.26607650e-02 -1.92600379e+01
2.37750399e-12 -7.39624942e+02 6.76271411e+01 2.59519843e-01 4.70971739e-02 -1.94522895e+01
2.47402545e-12 -7.39621452e+02 6.75075282e+01 3.43557828e-01 4.79773728e-02 -1.94030423e+01
2.53554897e-12 -7.39569823e+02 7.18046076e+01 3.27987316e-01 4.28548248e-02 -1.92808955e+01
2.67548798e-12 -7.39507653e+02 6.83788313e+01 2.08473771e-01 4.78948479e-02 -1.94071778e+01
2.76021868e-12 -7.39499860e+02 7.16213570e+01 3.07353644e-01 4.27200101e-02 -1.92839684e+01
2.76507563e-12 -7.39497468e+02 6.80366495e+01 3.16345823e-01 4.79657741e-02 -1.93803557e+01
2.76819122e-12 -7.39490961e+02 6.90262406e+01 2.72270982e-01 4.83194651e-02 -1.93657758e+01
3.30960292e-12 -7.39160681e+02 7.06154970e+01 2.18795814e-01 4.47733019e-02 -1.93738883e+01
3.84051992e-12 -7.39159599e+02 6.88493927e+01 2.90900252e-01 4.89387749e-02 -1.93757026e+01
3.83688621e-12 -7.39155922e+02 7.28071440e+01 2.31208078e-01 4.24973620e-02 -1.92784313e+01
3.93655505e-12 -7.39102367e+02 7.16788685e+01 2.08561961e-01 4.40575562e-02 -1.93267208e+01
4.17893271e-12 -7.39030346e+02 6.88636133e+01 3.17417832e-01 4.78683236e-02 -1.93952979e+01
4.61379002e-12 -7.38900631e+02 7.30052366e+01 2.97654514e-01 4.22749964e-02 -1.92518874e+01
4.94993326e-12 -7.38878956e+02 6.57814811e+01 2.73959360e-01 5.12471671e-02 -1.95070688e+01
5.02189630e-12 -7.38865039e+02 7.07729265e+01 3.12051342e-01 4.38999612e-02 -1.93025877e+01
5.06994632e-12 -7.38853241e+02 6.99736030e+01 2.50054445e-01 4.60187570e-02 -1.93380045e+01
5.09070310e-12 -7.38850180e+02 6.78367645e+01 2.76221397e-01 4.66747888e-02 -1.94066754e+01
5.46405842e-12 -7.38709944e+02 6.66806329e+01 2.80146373e-01 4.97052630e-02 -1.94343063e+01
5.90049561e-12 -7.38685077e+02 7.21770905e+01 2.21759096e-01 4.37476615e-02 -1.93066717e+01
5.95527930e-12 -7.38684650e+02 6.64927616e+01 2.64015525e-01 4.99132794e-02 -1.94910530e+01
6.24283054e-12 -7.38586517e+02 6.68694041e+01 3.38637771e-01 5.02798824e-02 -1.94407631e+01
6.55486433e-12 -7.38578059e+02 6.76956187e+01 2.62604662e-01 5.02735661e-02 -1.94147027e+01
6.65305388e-12 -7.38550299e+02 6.83567314e+01 3.35540162e-01 4.66251640e-02 -1.93972248e+01
6.74697820e-12 -7.38543186e+02 6.47846775e+01 2.55802602e-01 5.24090567e-02 -1.95330841e+01
7.03836622e-12 -7.38460766e+02 7.00521813e+01 2.97486322e-01 4.65431964e-02 -1.93258382e+01
7.43122450e-12 -7.38426497e+02 6.80209685e+01 2.90896329e-01 4.80199082e-02 -1.94363480e+01
7.67268878e-12 -7.38390193e+02 6.91118706e+01 3.41725760e-01 4.64998606e-02 -1.93468087e+01
7.90918237e-12 -7.38359040e+02 6.52489389e+01 2.43432441e-01 5.17193020e-02 -1.95281655e+01
8.01455414e-12 -7.38356827e+02 7.31546818e+01 2.59391675e-01 4.24977474e-02 -1.92616004e+01
8.10943160e-12 -7.38329039e+02 6.73357239e+01 2.57192819e-01 5.08720743e-02 -1.94545333e+01
8.81816732e-12 -7.38187416e+02 6.95403560e+01 1.98676649e-01 4.62093691e-02 -1.93817102e+01
1.02022050e-11 -7.38031838e+02 6.56024787e+01 3.19389435e-01 5.10096476e-02 -1.94792501e+01
1.10793212e-11 -7.38009883e+02 6.61445432e+01 2.86928612e-01 5.18591322e-02 -1.94580691e+01
1.13218339e-11 -7.37981952e+02 6.94575286e+01 2.20502710e-01 4.48878825e-02 -1.93785317e+01
1.21250533e-11 -7.37869131e+02 7.04951394e+01 3.23585066e-01 4.58558756e-02 -1.93363284e+01
1.28812145e-11 -7.37851204e+02 7.10087066e+01 2.52894182e-01 4.33787363e-02 -1.93497538e+01
1.33309761e-11 -7.37794556e+02 6.80271814e+01 3.52721722e-01 4.85237995e-02 -1.93876781e+01
1.39318895e-11 -7.37755939e+02 6.99578182e+01 3.42938310e-01 4.48038153e-02 -1.93355314e+01
1.44801012e-11 -7.37710846e+02 6.74872049e+01 2.57289508e-01 4.75954979e-02 -1.94591182e+01
1.51386329e-11 -7.37660461e+02 7.01108929e+01 2.81357647e-01 4.70647176e-02 -1.93612168e+01
1.59941073e-11 -7.37594696e+02 6.89486122e+01 3.48224662e-01 4.61165623e-02 -1.93662064e+01
1.70190257e-11 -7.37529561e+02 7.08436763e+01 3.26036072e-01 4.50045682e-02 -1.93259729e+01
1.76384460e-11 -7.37515531e+02 6.59865686e+01 2.98848297e-01 5.01155618e-02 -1.94869243e+01
1.86694491e-11 -7.37411924e+02 6.70154274e+01 2.35962307e-01 4.78430441e-02 -1.94523914e+01
2.08795326e-11 -7.37286370e+02 7.03561116e+01 3.00591802e-01 4.53806217e-02 -1.93574816e+01
2.25700718e-11 -7.37246026e+02 6.54024961e+01 2.17795707e-01 5.15777552e-02 -1.95167843e+01
2.61949737e-11 -7.36996898e+02 6.84468132e+01 2.84444876e-01 4.61168778e-02 -1.93827306e+01
2.99903290e-11 -7.36953745e+02 7.15581100e+01 2.87281290e-01 4.48986989e-02 -1.92926766e+01
3.30045420e-11 -7.36803849e+02 7.27825275e+01 2.63274224e-01 4.29166301e-02 -1.92661216e+01
3.66354276e-11 -7.36733957e+02 6.72006987e+01 3.26365427e-01 5.04027851e-02 -1.94198255e+01
3.95741675e-11 -7.36643687e+02 6.84157701e+01 2.59733996e-01 4.74818379e-02 -1.93827562e+01
4.15175448e-11 -7.36629437e+02 6.85872709e+01 2.95270392e-01 4.59273555e-02 -1.93768335e+01
4.22463790e-11 -7.36602359e+02 6.63543018e+01 3.29196516e-01 5.01700856e-02 -1.94604575e+01
4.30971638e-11 -7.36582816e+02 7.14844625e+01 2.99882576e-01 4.39728123e-02 -1.93190633e+01
4.44307756e-11 -7.36535224e+02 6.69186834e+01 2.84037670e-01 4.90233837e-02 -1.94273682e+01
4.59088061e-11 -7.36510301e+02 7.18451577e+01 2.56061351e-01 4.38860323e-02 -1.93222522e+01
4.71221453e-11 -7.36476526e+02 6.76303758e+01 3.39845592e-01 4.79369364e-02 -1.94160172e+01
4.78946011e-11 -7.36470849e+02 7.02718265e+01 2.93321168e-01 4.64595754e-02 -1.93561532e+01
5.24448725e-11 -7.36295978e+02 7.29612029e+01 2.50240789e-01 4.23981103e-02 -1.92796971e+01
5.72089852e-11 -7.36282705e+02 6.58703641e+01 2.76991537e-01 5.02723284e-02 -1.94704055e+01
5.92923198e-11 -7.36218762e+02 6.63723059e+01 3.16935594e-01 5.00168818e-02 -1.94427280e+01
6.13410995e-11 -7.36207121e+02 6.89666933e+01 2.34348007e-01 4.52717711e-02 -1.93897840e+01
6.25227038e-11 -7.36174185e+02 6.70138116e+01 2.31561533e-01 4.97684324e-02 -1.94415873e+01
6.42174619e-11 -7.36146889e+02 7.05556270e+01 2.85074105e-01 4.47368113e-02 -1.93118927e+01
6.69009198e-11 -7.36086383e+02 6.97010943e+01 3.23877888e-01 4.49286106e-02 -1.93600276e+01
6.95953460e-11 -7.36060516e+02 7.06251261e+01 2.39686446e-01 4.56585467e-02 -1.93657960e+01
7.26758969e-11 -7.35994041e+02 6.80225217e+01 3.32956406e-01 4.72351222e-02 -1.93878048e+01
7.58367635e-11 -7.35967781e+02 6.75407641e+01 2.97872410e-01 4.99009436e-02 -1.94066288e+01
7.70824279e-11 -7.35954671e+02 7.23510592e+01 2.54641709e-01 4.25817429e-02 -1.92766468e+01
7.86094523e-11 -7.35922115e+02 6.84827219e+01 2.02331649e-01 4.85465039e-02 -1.94320308e+01
8.03410637e-11 -7.35904253e+02 7.06621318e+01 2.67890777e-01 4.33072108e-02 -1.93482946e+01
8.11379905e-11 -7.35895657e+02 7.02095891e+01 2.38563428e-01 4.45404105e-02 -1.93407372e+01
8.30064102e-11 -7.35852511e+02 6.87910117e+01 2.08605924e-01 4.84396405e-02 -1.94092553e+01
8.82923065e-11 -7.35766898e+02 6.79769827e+01 2.76775826e-01 4.81432752e-02 -1.94417577e+01
9.23923287e-11 -7.35753288e+02 6.97320442e+01 2.16142843e-01 4.45824740e-02 -1.93810297e+01
9.35582883e-11 -7.35735196e+02 6.95289956e+01 3.23139370e-01 4.75079416e-02 -1.93499718e+01
9.46745847e-11 -7.35722866e+02 6.56139533e+01 2.84528891e-01 5.25302905e-02 -1.94960656e+01
1.03904508e-10 -7.35549918e+02 6.77730348e+01 2.52840141e-01 4.71514345e-02 -1.94496678e+01
1.12514792e-10 -7.35549518e+02 6.77055180e+01 2.04359671e-01 4.80079780e-02 -1.94615619e+01
1.12605964e-10 -7.35541658e+02 6.81509859e+01 2.50226095e-01 4.90592562e-02 -1.94403326e+01
1.16374215e-10 -7.35478026e+02 7.25370721e+01 2.76420361e-01 4.29772072e-02 -1.92664374e+01
1.20424689e-10 -7.35465601e+02 6.73863553e+01 2.78558057e-01 4.93845095e-02 -1.94577743e+01
1.24133184e-10 -7.35411405e+02 6.82991432e+01 3.38584855e-01 4.79634347e-02 -1.93748774e+01
1.29068967e-10 -7.35380467e+02 6.84051862e+01 2.82589824e-01 4.90035350e-02 -1.93841223e+01
1.32229677e-10 -7.35356270e+02 6.73702902e+01 3.39202398e-01 4.83334613e-02 -1.94122493e+01
1.46629139e-10 -7.35175125e+02 6.88385874e+01 2.94596892e-01 4.86785873e-02 -1.93734159e+01
1.59374923e-10 -7.35174716e+02 6.67440964e+01 2.15325646e-01 5.04408993e-02 -1.94628965e+01
1.64244474e-10 -7.35109344e+02 6.73502332e+01 2.91479052e-01 4.80121256e-02 -1.94504037e+01
1.70514135e-10 -7.35092142e+02 6.92632722e+01 3.10288033e-01 4.50523487e-02 -1.93748678e+01
1.79221484e-10 -7.35004908e+02 6.86994535e+01 3.41336921e-01 4.80850611e-02 -1.93724429e+01
1.90356348e-10 -7.34963463e+02 6.95882602e+01 2.34895743e-01 4.77821169e-02 -1.93741096e+01
1.94486055e-10 -7.34954916e+02 6.77312588e+01 3.28903258e-01 4.88121741e-02 -1.94225827e+01
1.95795765e-10 -7.34943399e+02 7.22769041e+01 2.34167308e-01 4.26386257e-02 -1.92913250e+01
1.96531393e-10 -7.34940729e+02 7.01576054e+01 3.04126411e-01 4.54092974e-02 -1.93610270e+01
2.00443288e-10 -7.34897784e+02 6.51538273e+01 2.75163142e-01 5.23872470e-02 -1.95155265e+01
2.05533220e-10 -7.34883511e+02 6.80186477e+01 2.64158576e-01 4.80781383e-02 -1.93950491e+01
2.07779758e-10 -7.34869386e+02 7.17864525e+01 3.17127803e-01 4.38725471e-02 -1.92923076e+01
2.08610846e-10 -7.34868822e+02 6.96833284e+01 2.21477913e-01 4.51136143e-02 -1.93978968e+01
2.09396030e-10 -7.34855262e+02 7.11844268e+01 2.35644925e-01 4.51762405e-02 -1.93194139e+01
2.12572645e-10 -7.34832141e+02 6.68893044e+01 3.15063045e-01 4.83646788e-02 -1.94404608e+01
2.17947857e-10 -7.34798807e+02 7.13547380e+01 3.12911650e-01 4.48206109e-02 -1.93073919e+01
2.21286230e-10 -7.34794809e+02 7.05884181e+01 3.11388230e-01 4.60501735e-02 -1.93175209e+01
2.23813234e-10 -7.34769596e+02 6.53464503e+01 2.70966960e-01 5.24736330e-02 -1.94944275e+01
2.28426956e-10 -7.34747310e+02 7.21495717e+01 2.99589192e-01 4.34515288e-02 -1.92724045e+01
2.31827905e-10 -7.34733308e+02 6.66617397e+01 2.05576433e-01 5.00190715e-02 -1.94908983e+01
2.34558700e-10 -7.34717249e+02 7.26389719e+01 2.66954127e-01 4.32622975e-02 -1.92761216e+01
2.36771450e-10 -7.34707831e+02 6.98878556e+01 3.12732226e-01 4.65189724e-02 -1.93298342e+01
2.42017150e-10 -7.34667158e+02 7.02424821e+01 2.88902045e-01 4.67741333e-02 -1.93325173e+01
2.52930529e-10 -7.34613275e+02 6.73920182e+01 2.80030750e-01 5.01767683e-02 -1.94511447e+01
2.59363787e-10 -7.34609546e+02 6.58922648e+01 2.24378780e-01 5.11451875e-02 -1.95120707e+01
2.61815974e-10 -7.34587913e+02 6.91411348e+01 1.98856426e-01 4.70423888e-02 -1.93981908e+01
2.66475333e-10 -7.34567597e+02 7.10483489e+01 3.08149953e-01 4.34871610e-02 -1.93011816e+01
2.71661265e-10 -7.34542760e+02 6.84490381e+01 3.08836112e-01 4.82037556e-02 -1.94107936e+01
2.75323208e-10 -7.34534027e+02 6.63683890e+01 2.46357660e-01 4.98578353e-02 -1.94959668e+01
2.76545790e-10 -7.34527235e+02 6.88584232e+01 3.15866754e-01 4.64152675e-02 -1.93949335e+01
2.77135740e-10 -7.34523102e+02 6.95010226e+01 2.73823249e-01 4.74546312e-02 -1.93518429e+01
2.76811368e-10 -7.34522918e+02 6.87892068e+01 2.94212266e-01 4.53478912e-02 -1.93830847e+01
2.78591052e-10 -7.34503721e+02 6.60835533e+01 2.12879966e-01 5.07155618e-02 -1.95056354e+01
2.90924639e-10 -7.34430858e+02 6.84680199e+01 3.25633058e-01 4.79604239e-02 -1.94017322e+01
3.01928630e-10 -7.34421508e+02 6.74843428e+01 2.42658835e-01 4.75514346e-02 -1.94286105e+01
3.02392135e-10 -7.34421113e+02 6.97975142e+01 2.87100736e-01 4.70142374e-02 -1.93736596e+01
3.05477081e-10 -7.34394726e+02 6.98504513e+01 2.66532083e-01 4.62489147e-02 -1.93385562e+01
3.09650889e-10 -7.34387156e+02 6.81812862e+01 3.10215710e-01 4.92943250e-02 -1.93897000e+01
3.13949696e-10 -7.34360657e+02 7.15590576e+01 2.28325536e-01 4.39285272e-02 -1.93095991e+01
3.24410503e-10 -7.34315286e+02 7.11225749e+01 2.54199436e-01 4.50666870e-02 -1.93101457e+01
3.52100657e-10 -7.34193385e+02 7.07805949e+01 2.33288476e-01 4.60478115e-02 -1.93438914e+01
3.75711815e-10 -7.34175190e+02 6.59085319e+01 2.67050055e-01 5.07759289e-02 -1.94704005e+01
3.84757193e-10 -7.34139387e+02 6.73307821e+01 2.16469643e-01 4.83213910e-02 -1.94713501e+01
3.96589864e-10 -7.34107881e+02 6.71983070e+01 3.27293685e-01 4.85146680e-02 -1.94168238e+01
4.14968514e-10 -7.34042937e+02 6.65772870e+01 2.89225802e-01 5.12538479e-02 -1.94450504e+01
4.36551613e-10 -7.33999241e+02 6.62240415e+01 2.89406922e-01 5.09366701e-02 -1.94527945e+01
4.47480300e-10 -7.33986394e+02 6.72262279e+01 3.02173504e-01 5.03660027e-02 -1.94196335e+01
4.51024333e-10 -7.33976790e+02 6.87959221e+01 3.47306444e-01 4.70133269e-02 -1.93735271e+01
4.66219416e-10 -7.33914418e+02 7.03144588e+01 2.73172299e-01 4.68335615e-02 -1.93511226e+01
4.82669440e-10 -7.33899863e+02 6.80784632e+01 2.44844517e-01 4.91448406e-02 -1.94427815e+01
5.04923859e-10 -7.33819185e+02 6.82749991e+01 2.27712697e-01 4.64900328e-02 -1.94368506e+01
5.27504782e-10 -7.33804137e+02 6.62965301e+01 2.58976191e-01 5.18065273e-02 -1.94659940e+01
5.31302916e-10 -7.33798133e+02 7.04133730e+01 2.80347639e-01 4.36325334e-02 -1.93503221e+01
5.32898156e-10 -7.33791487e+02 7.05272875e+01 3.14684244e-01 4.52079064e-02 -1.93101310e+01
5.47428860e-10 -7.33738367e+02 6.78679581e+01 2.15959736e-01 4.77470132e-02 -1.94564261e+01
5.61299746e-10 -7.33734086e+02 7.12516692e+01 2.67793366e-01 4.54270232e-02 -1.93254231e+01
5.63499288e-10 -7.33723911e+02 6.74913463e+01 3.30997354e-01 4.92110061e-02 -1.94261025e+01
5.73154801e-10 -7.33693654e+02 6.71209801e+01 2.70204091e-01 5.10076037e-02 -1.94533304e+01
5.89261124e-10 -7.33661852e+02 6.65726927e+01 2.93879730e-01 4.86528278e-02 -1.94557393e+01
6.00340188e-10 -7.33649529e+02 7.09441305e+01 2.84753748e-01 4.53791640e-02 -1.93377925e+01
6.06467807e-10 -7.33634902e+02 6.59051238e+01 2.67398267e-01 5.23451640e-02 -1.94818743e+01
6.19771525e-10 -7.33599731e+02 6.97238804e+01 3.22821103e-01 4.70934062e-02 -1.93437698e+01
6.45118627e-10 -7.33548428e+02 7.19604639e+01 2.97610876e-01 4.41083494e-02 -1.92876312e+01
6.76204505e-10 -7.33498908e+02 7.04763129e+01 2.05394312e-01 4.55278354e-02 -1.93633451e+01
7.01703060e-10 -7.33467379e+02 6.56676576e+01 2.82053796e-01 5.05416405e-02 -1.94826661e+01
7.25819482e-10 -7.33424873e+02 6.81436802e+01 3.10903846e-01 4.85295473e-02 -1.94185496e+01
7.50073464e-10 -7.33394758e+02 6.76105864e+01 2.91932585e-01 5.01726809e-02 -1.94130097e+01
7.78604752e-10 -7.33343971e+02 6.62776663e+01 2.90068515e-01 5.09514263e-02 -1.94514818e+01
8.04842945e-10 -7.33321299e+02 7.05229935e+01 2.61871260e-01 4.46492782e-02 -1.93646379e+01
8.15600569e-10 -7.33310660e+02 6.88767836e+01 3.00542727e-01 4.68975684e-02 -1.93597143e+01
8.71285456e-10 -7.33186384e+02 7.03099359e+01 2.69615285e-01 4.49765035e-02 -1.93691954e+01
9.28949939e-10 -7.33172027e+02 6.77076224e+01 3.18298146e-01 4.74597624e-02 -1.94221434e+01
9.44265695e-10 -7.33147127e+02 6.72082356e+01 2.24997836e-01 4.99142997e-02 -1.94741534e+01
9.81725339e-10 -7.33088274e+02 6.54254270e+01 2.78543666e-01 5.21953493e-02 -1.95056743e+01
1.01280988e-09 -7.33077291e+02 7.14933758e+01 3.05492814e-01 4.29030386e-02 -1.93016480e+01
1.02390201e-09 -7.33059880e+02 6.64354158e+01 2.62664463e-01 4.87598392e-02 -1.94731905e+01
1.04281854e-09 -7.33034113e+02 7.03996226e+01 2.04425923e-01 4.48481354e-02 -1.93648709e+01
1.05278864e-09 -7.33034027e+02 6.74977215e+01 3.31386131e-01 4.93969897e-02 -1.94064069e+01
1.05875958e-09 -7.33016225e+02 6.51194030e+01 2.59601657e-01 5.20840612e-02 -1.95172800e+01
1.07070858e-09 -7.33004880e+02 6.67956265e+01 2.37318278e-01 4.99971901e-02 -1.94858977e+01
1.07773671e-09 -7.32996470e+02 6.59977377e+01 3.14904608e-01 5.11291818e-02 -1.94725368e+01
1.12842477e-09 -7.32908233e+02 7.13896424e+01 2.49866200e-01 4.51732231e-02 -1.93247907e+01
1.21286818e-09 -7.32844552e+02 6.87870886e+01 2.01572536e-01 4.78191797e-02 -1.94112127e+01
1.26820658e-09 -7.32811604e+02 6.89724447e+01 2.66442164e-01 4.61717681e-02 -1.93673010e+01
1.29538943e-09 -7.32795276e+02 7.19089051e+01 2.43517270e-01 4.28589649e-02 -1.93186988e+01
1.38775678e-09 -7.32670987e+02 6.84465962e+01 3.00366902e-01 4.59700498e-02 -1.93901273e+01
1.48254334e-09 -7.32652704e+02 6.74429765e+01 3.13843720e-01 4.80891310e-02 -1.94353977e+01
1.52524536e-09 -7.32607956e+02 6.54808427e+01 2.88618861e-01 5.13457219e-02 -1.94991261e+01
1.57557280e-09 -7.32580805e+02 6.59028348e+01 2.41028864e-01 5.02199234e-02 -1.95036835e+01
1.62606589e-09 -7.32538474e+02 6.62605400e+01 2.30188448e-01 4.94983142e-02 -1.94924422e+01
1.66475397e-09 -7.32526708e+02 6.71676498e+01 2.10709419e-01 4.93347284e-02 -1.94523207e+01
1.71843039e-09 -7.32469144e+02 6.98389287e+01 2.83580564e-01 4.47111732e-02 -1.93404292e+01
1.76750938e-09 -7.32462914e+02 6.56677135e+01 2.86707288e-01 5.19270606e-02 -1.94795252e+01
1.81814684e-09 -7.32406774e+02 7.02296472e+01 2.52691621e-01 4.38061022e-02 -1.93483157e+01
1.91021358e-09 -7.32357288e+02 6.62493850e+01 2.63678637e-01 5.17046877e-02 -1.94655889e+01
2.04066042e-09 -7.32269324e+02 6.97432704e+01 2.67824690e-01 4.45660287e-02 -1.93795453e+01
2.14447749e-09 -7.32249552e+02 7.01323098e+01 3.32625878e-01 4.54452337e-02 -1.93236275e+01
2.17846473e-09 -7.32231205e+02 7.19442658e+01 3.10459558e-01 4.31281052e-02 -1.92824760e+01
2.20021811e-09 -7.32222957e+02 6.75635877e+01 2.67198549e-01 4.89912770e-02 -1.94550530e+01
2.28898394e-09 -7.32146877e+02 7.08636532e+01 2.58904704e-01 4.31639705e-02 -1.93287735e+01
2.38322386e-09 -7.32134202e+02 7.22162782e+01 2.67976927e-01 4.32342260e-02 -1.93016423e+01
2.42481001e-09 -7.32105785e+02 6.89948876e+01 2.46055640e-01 4.51592776e-02 -1.93911828e+01
2.49055164e-09 -7.32074094e+02 6.65022230e+01 2.94818298e-01 4.91297437e-02 -1.94673215e+01
2.53183740e-09 -7.32066012e+02 6.78897616e+01 2.05556356e-01 4.80241037e-02 -1.94331405e+01
2.54596924e-09 -7.32056313e+02 6.55085922e+01 2.94812813e-01 5.17925499e-02 -1.94878610e+01
2.55069841e-09 -7.32055622e+02 6.90908320e+01 3.07174778e-01 4.81826634e-02 -1.93681317e+01
2.55724247e-09 -7.32044563e+02 6.94775346e+01 2.62110965e-01 4.47991724e-02 -1.93624387e+01
2.59268953e-09 -7.32021536e+02 6.93115257e+01 2.07367561e-01 4.72315926e-02 -1.93908174e+01
2.62497941e-09 -7.32013039e+02 6.52994760e+01 2.66571280e-01 5.16965907e-02 -1.95011012e+01
2.64716935e-09 -7.31998082e+02 6.73953009e+01 2.90206239e-01 4.75761143e-02 -1.94211494e+01
2.77039695e-09 -7.31916972e+02 6.54406391e+01 2.77105959e-01 5.21844124e-02 -1.95035925e+01
2.89059199e-09 -7.31904877e+02 7.01593934e+01 2.97276534e-01 4.39713700e-02 -1.93459415e+01
2.92467459e-09 -7.31886917e+02 7.10598716e+01 2.91699081e-01 4.41473001e-02 -1.93341543e+01
3.01717631e-09 -7.31836500e+02 6.69379135e+01 2.92797746e-01 4.99221608e-02 -1.94622684e+01
3.09088811e-09 -7.31831358e+02 6.52858889e+01 2.56754156e-01 5.19628658e-02 -1.95047888e+01
3.09235931e-09 -7.31828888e+02 6.59868158e+01 2.26461581e-01 5.01983763e-02 -1.94982233e+01
3.21631674e-09 -7.31747742e+02 6.84485656e+01 2.58497679e-01 4.57808182e-02 -1.94055120e+01
3.36868936e-09 -7.31728109e+02 6.89511443e+01 2.48404476e-01 4.77695850e-02 -1.93755238e+01
3.51513672e-09 -7.31657139e+02 6.56807116e+01 2.56048538e-01 5.14320328e-02 -1.94856971e+01
3.68184243e-09 -7.31627741e+02 7.00578193e+01 2.40162916e-01 4.54239224e-02 -1.93847351e+01
3.76819086e-09 -7.31604045e+02 6.65330429e+01 2.91637653e-01 4.88618840e-02 -1.94556852e+01
3.94239511e-09 -7.31531860e+02 6.88101790e+01 2.36265699e-01 4.85501905e-02 -1.94139665e+01
4.14408821e-09 -7.31496609e+02 7.14111602e+01 3.10172125e-01 4.34723364e-02 -1.92929745e+01
4.25174778e-09 -7.31473730e+02 7.18299204e+01 2.79131743e-01 4.43394341e-02 -1.92924368e+01
4.32745550e-09 -7.31454615e+02 6.84959526e+01 3.12762754e-01 4.88051262e-02 -1.93833356e+01
4.43551380e-09 -7.31417991e+02 6.76010907e+01 2.24490301e-01 5.00691219e-02 -1.94406504e+01
4.51308723e-09 -7.31412954e+02 6.81182958e+01 3.10830037e-01 4.87958153e-02 -1.94158893e+01
4.53229525e-09 -7.31402861e+02 6.64371948e+01 2.43689001e-01 5.06511514e-02 -1.94925939e+01
4.63841447e-09 -7.31360435e+02 6.59557854e+01 2.93653534e-01 5.09878610e-02 -1.94655554e+01
4.79704014e-09 -7.31328753e+02 6.96839951e+01 2.07647420e-01 4.67911143e-02 -1.93880276e+01
4.86395392e-09 -7.31325825e+02 7.00405772e+01 2.47439516e-01 4.71292684e-02 -1.93619075e+01
5.05640801e-09 -7.31246076e+02 7.09774763e+01 2.15321107e-01 4.49569621e-02 -1.93449598e+01
5.24385392e-09 -7.31244780e+02 6.79907403e+01 2.81781470e-01 4.72131686e-02 -1.94332974e+01
5.23961300e-09 -7.31241041e+02 7.21441660e+01 2.78811764e-01 4.33606197e-02 -1.92785187e+01
5.24139648e-09 -7.31237443e+02 6.90515906e+01 2.03132641e-01 4.72070560e-02 -1.94010543e+01
5.26739228e-09 -7.31224529e+02 7.04499265e+01 2.08806490e-01 4.52374093e-02 -1.93683333e+01
5.33937098e-09 -7.31203709e+02 6.96313362e+01 3.03419848e-01 4.47887066e-02 -1.93483888e+01
5.57555695e-09 -7.31132465e+02 7.07401130e+01 3.05829409e-01 4.52399948e-02 -1.93352795e+01
5.87820158e-09 -7.31090508e+02 7.05639941e+01 2.95259567e-01 4.38142042e-02 -1.93213489e+01
6.02889681e-09 -7.31074805e+02 6.63498406e+01 2.39497702e-01 5.14373043e-02 -1.94717570e+01
6.12972921e-09 -7.31050762e+02 7.11808548e+01 2.15405583e-01 4.40782099e-02 -1.93369596e+01
6.19258882e-09 -7.31047602e+02 6.64118452e+01 2.54821577e-01 5.16393837e-02 -1.94673329e+01
6.25068172e-09 -7.31025551e+02 7.02033605e+01 2.15872559e-01 4.56493373e-02 -1.93801045e+01
6.43433298e-09 -7.30983355e+02 6.70106892e+01 3.24749835e-01 4.94447190e-02 -1.94408651e+01
6.84606656e-09 -7.30896293e+02 7.05821588e+01 2.73229022e-01 4.58881132e-02 -1.93518193e+01
7.22195879e-09 -7.30868100e+02 7.18653581e+01 2.63032216e-01 4.32236277e-02 -1.93157180e+01
7.58801585e-09 -7.30791998e+02 6.63013888e+01 2.52156339e-01 4.93229512e-02 -1.94717713e+01
7.93374238e-09 -7.30770997e+02 6.83326366e+01 2.18319796e-01 4.84257108e-02 -1.94108606e+01
8.50636228e-09 -7.30649539e+02 7.15895243e+01 2.73553989e-01 4.47345301e-02 -1.93019252e+01
9.17381229e-09 -7.30609970e+02 6.82377423e+01 2.17235957e-01 4.66577845e-02 -1.94258433e+01
9.33193212e-09 -7.30608314e+02 6.80360148e+01 2.60855933e-01 4.80045224e-02 -1.93982326e+01
9.41026421e-09 -7.30586713e+02 6.82553927e+01 2.49467016e-01 4.87996665e-02 -1.93987680e+01
9.48589029e-09 -7.30585534e+02 6.59450206e+01 2.99524062e-01 5.06344157e-02 -1.94808518e+01
1.00326961e-08 -7.30471233e+02 6.87608924e+01 3.22673703e-01 4.81991797e-02 -1.93736973e+01
1.06367971e-08 -7.30458713e+02 6.71015533e+01 2.38251871e-01 4.96072277e-02 -1.94393666e+01
1.12002635e-08 -7.30363565e+02 6.67939045e+01 2.55887153e-01 4.95895531e-02 -1.94432528e+01
1.17643602e-08 -7.30351556e+02 6.77448841e+01 2.55071789e-01 4.85242039e-02 -1.94526034e+01
1.18611404e-08 -7.30340518e+02 6.90624829e+01 2.27836436e-01 4.60586947e-02 -1.93832792e+01
1.19412041e-08 -7.30331436e+02 6.87310451e+01 3.13782193e-01 4.68301640e-02 -1.93656453e+01
1.20213697e-08 -7.30320490e+02 6.90974874e+01 3.01032266e-01 4.74874715e-02 -1.93574606e+01
1.20662721e-08 -7.30317296e+02 6.93658394e+01 2.15352334e-01 4.65441041e-02 -1.93796719e+01
1.22731444e-08 -7.30280178e+02 6.95799829e+01 2.09972723e-01 4.53513861e-02 -1.93890888e+01
1.24650768e-08 -7.30279262e+02 6.57738859e+01 2.94907651e-01 5.12566152e-02 -1.94871931e+01
1.25480877e-08 -7.30260337e+02 6.65705899e+01 2.17952825e-01 5.03160894e-02 -1.94723257e+01
1.27713700e-08 -7.30237373e+02 6.68824862e+01 2.26512839e-01 4.88666045e-02 -1.94582515e+01
1.29504899e-08 -7.30225728e+02 6.99661218e+01 2.29718151e-01 4.62934033e-02 -1.93858981e+01
1.30804909e-08 -7.30210763e+02 7.04974183e+01 3.11454919e-01 4.43664246e-02 -1.93389315e+01
1.35303501e-08 -7.30152245e+02 6.66548294e+01 2.92333309e-01 4.95289021e-02 -1.94683755e+01
1.39116004e-08 -7.30147681e+02 7.16697805e+01 3.09687919e-01 4.33712365e-02 -1.92913999e+01
1.40682866e-08 -7.30123333e+02 7.10146359e+01 3.01696656e-01 4.41952132e-02 -1.93017355e+01
1.42009172e-08 -7.30122111e+02 6.69804796e+01 2.50700640e-01 4.81768762e-02 -1.94655753e+01
1.43206413e-08 -7.30100008e+02 6.64589239e+01 2.28524907e-01 4.92854042e-02 -1.94827773e+01
1.45402413e-08 -7.30084954e+02 6.74233795e+01 2.91600043e-01 4.82686676e-02 -1.94132070e+01
1.48146188e-08 -7.30056115e+02 7.22402844e+01 2.43336547e-01 4.32977279e-02 -1.92973573e+01
1.56923252e-08 -7.29965048e+02 6.89008562e+01 2.12992362e-01 4.75432319e-02 -1.93973005e+01
1.68301789e-08 -7.29908191e+02 6.62729984e+01 2.38992908e-01 5.13569496e-02 -1.94745336e+01
1.73898058e-08 -7.29892227e+02 6.85227383e+01 2.68819139e-01 4.73621836e-02 -1.93804086e+01
1.79461535e-08 -7.29839192e+02 6.83080578e+01 2.24057657e-01 4.64350454e-02 -1.94215410e+01
1.85753596e-08 -7.29816082e+02 6.99916463e+01 2.08020026e-01 4.58261252e-02 -1.93715762e+01
1.89124669e-08 -7.29796527e+02 6.95760604e+01 3.15934557e-01 4.60631273e-02 -1.93695550e+01
1.91804087e-08 -7.29781253e+02 6.96070728e+01 2.46172504e-01 4.46294828e-02 -1.93836220e+01
1.98258022e-08 -7.29724431e+02 7.18755550e+01 2.34001022e-01 4.30876886e-02 -1.93148936e+01
2.07225187e-08 -7.29685692e+02 6.94288586e+01 3.14502219e-01 4.68783079e-02 -1.93460750e+01
2.11374912e-08 -7.29677761e+02 6.80696859e+01 2.17183497e-01 4.90823851e-02 -1.94411915e+01
2.16129905e-08 -7.29634985e+02 7.01148450e+01 2.62156869e-01 4.55184971e-02 -1.93758576e+01
2.23225332e-08 -7.29606250e+02 6.99207892e+01 2.57076376e-01 4.47321523e-02 -1.93795004e+01
2.27832661e-08 -7.29587353e+02 7.17441496e+01 2.44630916e-01 4.30994226e-02 -1.93027751e+01
2.30210115e-08 -7.29578762e+02 6.90928929e+01 2.74761704e-01 4.83839348e-02 -1.93831701e+01
2.32453098e-08 -7.29561363e+02 7.06584419e+01 2.24813077e-01 4.52841107e-02 -1.93398991e+01
2.36940107e-08 -7.29533980e+02 7.14231282e+01 3.02212990e-01 4.43034512e-02 -1.93109225e+01
2.39538795e-08 -7.29532704e+02 6.90921172e+01 3.13904362e-01 4.78922911e-02 -1.93657658e+01
2.39396224e-08 -7.29528519e+02 6.81694090e+01 2.47637501e-01 4.73730101e-02 -1.94009247e+01
2.39556975e-08 -7.29524705e+02 7.06086724e+01 3.17721670e-01 4.41324706e-02 -1.93210554e+01
2.42090364e-08 -7.29500962e+02 6.72667042e+01 2.70182004e-01 4.81508375e-02 -1.94267641e+01
2.45991003e-08 -7.29485997e+02 6.88172721e+01 2.35402856e-01 4.63549991e-02 -1.93872692e+01
2.48411327e-08 -7.29474700e+02 6.64406361e+01 2.69407973e-01 4.98799171e-02 -1.94535256e+01
2.64160530e-08 -7.29359673e+02 6.91076241e+01 2.64663420e-01 4.56729633e-02 -1.94028219e+01
2.79979448e-08 -7.29348451e+02 6.70858623e+01 2.16087340e-01 5.00880727e-02 -1.94717770e+01
2.81309799e-08 -7.29343512e+02 6.89554446e+01 3.19808663e-01 4.58964602e-02 -1.93681049e+01
2.85228510e-08 -7.29314334e+02 6.60955382e+01 2.65924623e-01 4.98538818e-02 -1.94877281e+01
2.91893964e-08 -7.29290584e+02 6.91601467e+01 3.09164858e-01 4.74948380e-02 -1.93818529e+01
3.02517755e-08 -7.29236763e+02 7.19549535e+01 2.67238108e-01 4.29068363e-02 -1.92886486e+01
3.10749223e-08 -7.29229525e+02 6.96572707e+01 3.00660644e-01 4.72483747e-02 -1.93637317e+01
3.27201413e-08 -7.29129419e+02 7.09818723e+01 2.84249554e-01 4.42168780e-02 -1.93059200e+01
3.57240432e-08 -7.29046421e+02 7.14306225e+01 2.53796266e-01 4.48934942e-02 -1.93215557e+01
3.74623921e-08 -7.29026118e+02 7.02809087e+01 2.92527816e-01 4.45423488e-02 -1.93555054e+01
3.82691940e-08 -7.28997255e+02 7.17351370e+01 2.96316338e-01 4.31106242e-02 -1.93008306e+01
3.90651667e-08 -7.28978173e+02 7.17758866e+01 2.35230588e-01 4.31180473e-02 -1.93111616e+01
3.95168887e-08 -7.28967543e+02 7.04092215e+01 2.27125697e-01 4.45742040e-02 -1.93461057e+01
3.97314234e-08 -7.28960673e+02 6.62552196e+01 2.55401721e-01 5.06329925e-02 -1.94926803e+01
4.12805853e-08 -7.28885778e+02 6.81687268e+01 2.14292938e-01 4.85524862e-02 -1.94418432e+01
4.32675153e-08 -7.28858778e+02 7.13739318e+01 2.36034518e-01 4.44143151e-02 -1.93349778e+01
4.40837308e-08 -7.28841636e+02 7.14551801e+01 2.62722307e-01 4.37032773e-02 -1.93289530e+01
4.46251690e-08 -7.28827683e+02 6.65521175e+01 2.92242082e-01 5.12125461e-02 -1.94552250e+01
4.49143708e-08 -7.28822020e+02 6.66732531e+01 2.45164053e-01 5.01292135e-02 -1.94842173e+01
4.61796237e-08 -7.28766235e+02 6.92919839e+01 2.23459798e-01 4.54983518e-02 -1.93849217e+01
4.84474455e-08 -7.28719257e+02 6.90305445e+01 2.80679757e-01 4.55424626e-02 -1.93956291e+01
4.96591812e-08 -7.28709644e+02 6.67639898e+01 3.10621293e-01 4.95994366e-02 -1.94539622e+01
4.98078854e-08 -7.28706600e+02 6.71206544e+01 2.42312401e-01 5.02721443e-02 -1.94681546e+01
5.10931668e-08 -7.28652756e+02 7.15338156e+01 2.47747040e-01 4.29070219e-02 -1.93191345e+01
5.40563157e-08 -7.28587532e+02 6.91891680e+01 2.09607284e-01 4.63853628e-02 -1.94100812e+01
5.95866739e-08 -7.28454638e+02 6.72813983e+01 2.82549771e-01 5.01322445e-02 -1.94495723e+01
6.39079979e-08 -7.28436521e+02 7.17878552e+01 2.33516366e-01 4.35822934e-02 -1.93170096e+01
6.44600514e-08 -7.28430706e+02 7.20179421e+01 2.90798742e-01 4.29958767e-02 -1.92855189e+01
6.47487044e-08 -7.28420945e+02 6.76479293e+01 2.26070006e-01 4.80784525e-02 -1.94303857e+01
6.54294950e-08 -7.28403187e+02 7.12316378e+01 2.23840423e-01 4.43275167e-02 -1.93385967e+01
6.64959020e-08 -7.28381989e+02 6.82397456e+01 2.70442962e-01 4.94442896e-02 -1.94070371e+01
6.80562281e-08 -7.28350282e+02 6.93946162e+01 2.48207623e-01 4.48863950e-02 -1.93877923e+01
6.91238506e-08 -7.28343961e+02 6.95857731e+01 2.68106495e-01 4.68702208e-02 -1.93513971e+01
6.93395093e-08 -7.28337397e+02 6.94644851e+01 2.32241750e-01 4.74526408e-02 -1.93935323e+01
7.07764475e-08 -7.28296686e+02 6.66845870e+01 2.68702395e-01 5.11653688e-02 -1.94539225e+01
7.25735792e-08 -7.28280246e+02 6.76741440e+01 2.82527408e-01 4.79968538e-02 -1.94073969e+01
7.44286340e-08 -7.28239890e+02 7.01185389e+01 2.86441323e-01 4.66448700e-02 -1.93383406e+01
7.66696413e-08 -7.28214020e+02 6.81907586e+01 3.08588447e-01 4.82681239e-02 -1.93850760e+01
8.17038132e-08 -7.28108652e+02 6.88966411e+01 2.62636022e-01 4.58879860e-02 -1.94084818e+01
8.65156018e-08 -7.28090227e+02 6.88927918e+01 2.91947517e-01 4.84294532e-02 -1.93797473e+01
8.83296574e-08 -7.28060628e+02 6.99972735e+01 2.43803334e-01 4.62508634e-02 -1.93811157e+01
9.01579747e-08 -7.28042460e+02 6.81346016e+01 2.94876415e-01 4.88676831e-02 -1.94199797e+01
9.08056186e-08 -7.28039577e+02 6.66436458e+01 2.42375936e-01 4.89610521e-02 -1.94646514e+01
9.36581539e-08 -7.27974985e+02 6.86246962e+01 2.61472422e-01 4.71427199e-02 -1.93809395e+01
9.85289633e-08 -7.27930964e+02 6.77559168e+01 2.09807846e-01 4.81119392e-02 -1.94407028e+01
1.00382089e-07 -7.27930578e+02 6.64369892e+01 2.76064603e-01 5.00140248e-02 -1.94796769e+01
1.00357802e-07 -7.27924801e+02 6.85400680e+01 2.16056057e-01 4.77067889e-02 -1.94067234e+01
1.00727602e-07 -7.27916575e+02 6.64644371e+01 2.28071759e-01 5.08773416e-02 -1.94750795e+01
1.00868823e-07 -7.27915327e+02 7.07235007e+01 2.64175414e-01 4.56441816e-02 -1.93238202e+01
1.01913221e-07 -7.27889484e+02 6.76355232e+01 2.59289559e-01 4.81333285e-02 -1.94152248e+01
1.04914483e-07 -7.27850830e+02 7.01801648e+01 2.19207521e-01 4.48579778e-02 -1.93753445e+01
1.10466465e-07 -7.27780557e+02 6.64932291e+01 2.62541917e-01 5.12037019e-02 -1.94600444e+01
1.14163550e-07 -7.27777103e+02 6.84747601e+01 2.59346943e-01 4.74685595e-02 -1.94276020e+01
1.14024606e-07 -7.27776334e+02 6.69922494e+01 3.15837923e-01 4.93125569e-02 -1.94286997e+01
1.16216169e-07 -7.27732845e+02 7.20854615e+01 2.57907117e-01 4.27043237e-02 -1.92992965e+01
1.19569677e-07 -7.27712415e+02 6.76000801e+01 2.77452511e-01 4.93009616e-02 -1.94113389e+01
1.22681234e-07 -7.27675054e+02 6.77705606e+01 2.65264841e-01 4.84233270e-02 -1.94075808e+01
1.26121414e-07 -7.27650253e+02 7.13052991e+01 2.87253525e-01 4.47139444e-02 -1.93189211e+01
1.31581537e-07 -7.27584560e+02 6.87809501e+01 2.81851488e-01 4.66234569e-02 -1.93715261e+01
1.38665837e-07 -7.27538176e+02 6.88451396e+01 2.50780413e-01 4.74992169e-02 -1.94174211e+01
1.48530252e-07 -7.27442224e+02 6.63217029e+01 2.75202409e-01 4.94861956e-02 -1.94665246e+01
1.56372122e-07 -7.27426383e+02 6.99826407e+01 3.01712156e-01 4.57558554e-02 -1.93619153e+01
1.58426795e-07 -7.27409469e+02 6.98833385e+01 2.17943199e-01 4.50183285e-02 -1.93739871e+01
1.60718272e-07 -7.27391020e+02 6.78274956e+01 2.96101228e-01 4.93490274e-02 -1.94036605e+01
1.62112745e-07 -7.27385458e+02 6.82988130e+01 2.33359503e-01 4.65191258e-02 -1.94145374e+01
1.62223694e-07 -7.27382990e+02 7.19930743e+01 2.65794652e-01 4.33192408e-02 -1.92896820e+01
1.63561576e-07 -7.27362479e+02 6.96429604e+01 2.59861051e-01 4.53847978e-02 -1.93885409e+01
1.65791233e-07 -7.27349194e+02 7.05525939e+01 3.17518953e-01 4.53772386e-02 -1.93214385e+01
1.66784376e-07 -7.27343842e+02 7.02421115e+01 2.83435719e-01 4.52121631e-02 -1.93621221e+01
1.67395473e-07 -7.27335235e+02 6.77935915e+01 2.77052456e-01 4.96928943e-02 -1.94324828e+01
1.68467210e-07 -7.27324433e+02 6.66004136e+01 2.48648835e-01 5.03862955e-02 -1.94834671e+01
1.69362460e-07 -7.27317961e+02 6.70525859e+01 3.09145854e-01 5.00018071e-02 -1.94282248e+01
1.70006763e-07 -7.27310188e+02 6.80762317e+01 2.24865875e-01 4.88921609e-02 -1.94417317e+01
1.77713566e-07 -7.27224457e+02 6.94662461e+01 2.76015164e-01 4.74377118e-02 -1.93823382e+01
1.84822416e-07 -7.27223251e+02 6.93671229e+01 2.79169034e-01 4.57137880e-02 -1.93904622e+01
1.85195824e-07 -7.27213787e+02 6.93764480e+01 3.03306692e-01 4.72044416e-02 -1.93762216e+01
1.85657548e-07 -7.27211594e+02 6.86966102e+01 3.32104412e-01 4.70056485e-02 -1.93770408e+01
1.89346072e-07 -7.27168254e+02 6.69462482e+01 3.00029733e-01 5.01859553e-02 -1.94518129e+01
1.94331899e-07 -7.27152548e+02 6.87381154e+01 3.23506704e-01 4.79050131e-02 -1.93809190e+01
1.95762277e-07 -7.27146878e+02 6.71172643e+01 2.41550762e-01 4.89738706e-02 -1.94709256e+01
1.96592878e-07 -7.27137439e+02 6.74583258e+01 2.42253235e-01 5.02559932e-02 -1.94467745e+01
1.98786910e-07 -7.27118097e+02 6.88909747e+01 3.31671842e-01 4.71636452e-02 -1.93730418e+01
2.05195451e-07 -7.27067862e+02 6.81892202e+01 2.28523039e-01 4.79438470e-02 -1.94100416e+01
2.10072970e-07 -7.27063831e+02 6.77286516e+01 2.30140886e-01 4.74041407e-02 -1.94468005e+01
2.09923520e-07 -7.27062626e+02 7.00275319e+01 2.49080112e-01 4.64778353e-02 -1.93484633e+01
2.11536254e-07 -7.27041975e+02 6.93008475e+01 3.28081299e-01 4.60006991e-02 -1.93593991e+01
2.16882620e-07 -7.27006263e+02 6.68070189e+01 2.30161190e-01 4.88697103e-02 -1.94717070e+01
2.21837323e-07 -7.26989891e+02 6.73119153e+01 3.08147543e-01 4.82681311e-02 -1.94345951e+01
2.28636299e-07 -7.26939791e+02 6.93927208e+01 2.40311765e-01 4.77433870e-02 -1.93858421e+01
2.35850574e-07 -7.26920569e+02 6.92864542e+01 2.55989749e-01 4.69252100e-02 -1.94016574e+01
2.37453482e-07 -7.26919497e+02 6.63874487e+01 3.00403224e-01 4.98527307e-02 -1.94625013e+01
2.39425005e-07 -7.26897497e+02 6.90251533e+01 3.30294340e-01 4.67144509e-02 -1.93711932e+01
2.43319365e-07 -7.26880523e+02 6.83650945e+01 2.79076415e-01 4.67412018e-02 -1.93890224e+01
2.48441257e-07 -7.26849349e+02 6.75558913e+01 2.22083540e-01 4.97696925e-02 -1.94471695e+01
2.52630772e-07 -7.26840200e+02 6.80562484e+01 2.53073937e-01 4.95739908e-02 -1.94254841e+01
2.56272375e-07 -7.26814218e+02 7.17910441e+01 2.64798887e-01 4.28700882e-02 -1.93003567e+01
2.64125073e-07 -7.26773428e+02 6.87888104e+01 2.48464014e-01 4.80756861e-02 -1.94155309e+01
2.68726977e-07 -7.26772600e+02 6.93136121e+01 2.55953214e-01 4.53595502e-02 -1.93690708e+01
2.68481715e-07 -7.26768603e+02 6.89241533e+01 2.68129687e-01 4.67523065e-02 -1.94100201e+01
2.69598897e-07 -7.26757666e+02 6.93577580e+01 2.44946226e-01 4.78210261e-02 -1.93816364e+01
2.75952954e-07 -7.26715766e+02 6.95693707e+01 3.00788156e-01 4.68797420e-02 -1.93717490e+01
2.83128237e-07 -7.26699300e+02 6.66134134e+01 2.91498715e-01 4.95671332e-02 -1.94459554e+01
2.85109377e-07 -7.26695101e+02 6.71313878e+01 2.62979303e-01 5.04062398e-02 -1.94373455e+01
2.84946123e-07 -7.26693786e+02 7.09773129e+01 2.38363819e-01 4.40632217e-02 -1.93480504e+01
2.84340593e-07 -7.26692700e+02 6.63377255e+01 2.78967033e-01 5.00570714e-02 -1.94788941e+01
2.84536235e-07 -7.26685766e+02 6.91327201e+01 3.01133977e-01 4.55745919e-02 -1.93656920e+01
2.85841544e-07 -7.26676898e+02 7.13465443e+01 2.99727803e-01 4.44415117e-02 -1.93027430e+01
2.89068263e-07 -7.26656742e+02 6.91790302e+01 2.16973410e-01 4.75231853e-02 -1.94000342e+01
2.91313121e-07 -7.26654670e+02 6.87227682e+01 2.25476960e-01 4.80446876e-02 -1.94211844e+01
2.98409572e-07 -7.26602626e+02 7.02230636e+01 2.58599693e-01 4.44314537e-02 -1.93666435e+01
3.06571528e-07 -7.26593390e+02 6.96696344e+01 2.98329111e-01 4.59747470e-02 -1.93412470e+01
3.07208897e-07 -7.26591796e+02 7.01174968e+01 2.16081133e-01 4.49984583e-02 -1.93700978e+01
3.10031586e-07 -7.26568577e+02 6.58373093e+01 2.49639143e-01 5.11408774e-02 -1.94901993e+01
3.12881355e-07 -7.26566707e+02 7.21310874e+01 2.66887135e-01 4.31602970e-02 -1.92905354e+01
3.19099878e-07 -7.26523037e+02 7.05287429e+01 2.50325620e-01 4.40816253e-02 -1.93577971e+01
3.34510955e-07 -7.26466055e+02 6.94519981e+01 2.48392169e-01 4.66048530e-02 -1.93984038e+01
3.50973583e-07 -7.26420017e+02 6.99917314e+01 2.19128533e-01 4.63089202e-02 -1.93698799e+01
3.60474197e-07 -7.26405504e+02 6.72306159e+01 3.21155904e-01 4.92972567e-02 -1.94254206e+01
3.68318966e-07 -7.26370556e+02 7.10708150e+01 2.64495783e-01 4.39717979e-02 -1.93120619e+01
3.73812389e-07 -7.26368934e+02 6.90257076e+01 2.56443425e-01 4.66736271e-02 -1.93713088e+01
3.72922925e-07 -7.26368664e+02 6.85828769e+01 2.99505678e-01 4.82703556e-02 -1.94021314e+01
3.72726086e-07 -7.26363341e+02 6.79727357e+01 2.23372472e-01 4.87499738e-02 -1.94462268e+01
3.77864019e-07 -7.26334824e+02 6.60999829e+01 2.53418739e-01 5.14373267e-02 -1.94887775e+01
3.85689497e-07 -7.26315579e+02 6.86002250e+01 2.98475876e-01 4.76963338e-02 -1.93743503e+01
3.89119209e-07 -7.26310376e+02 7.10964221e+01 2.46744971e-01 4.38174378e-02 -1.93198897e+01
3.93084025e-07 -7.26288758e+02 7.02868728e+01 2.49033088e-01 4.54074156e-02 -1.93710321e+01
4.01014069e-07 -7.26263813e+02 6.93477362e+01 3.16343100e-01 4.55441521e-02 -1.93623789e+01
4.12500718e-07 -7.26225824e+02 6.86175893e+01 2.35059236e-01 4.67144477e-02 -1.93957870e+01
4.24248265e-07 -7.26200792e+02 6.86453603e+01 3.15247617e-01 4.69483633e-02 -1.93950896e+01
4.33861623e-07 -7.26174373e+02 7.09547972e+01 2.61277936e-01 4.37608295e-02 -1.93415784e+01
4.38989719e-07 -7.26170465e+02 7.07492990e+01 2.23649696e-01 4.51830953e-02 -1.93483524e+01
4.39103239e-07 -7.26167199e+02 6.60012473e+01 2.50466943e-01 5.05201011e-02 -1.94936070e+01
4.38916745e-07 -7.26164658e+02 6.62582914e+01 2.33582510e-01 5.05925129e-02 -1.94802072e+01
4.43365339e-07 -7.26140519e+02 7.00524348e+01 2.62949254e-01 4.68172629e-02 -1.93509044e+01
4.60393550e-07 -7.26083300e+02 6.76019351e+01 2.95683932e-01 4.75687657e-02 -1.94289711e+01
4.84689113e-07 -7.26030880e+02 6.79735945e+01 3.22809991e-01 4.84736549e-02 -1.94080977e+01
5.06109160e-07 -7.25989888e+02 6.83049035e+01 2.58153007e-01 4.64341887e-02 -1.94041053e+01
5.15028060e-07 -7.25988866e+02 7.02427491e+01 3.17419614e-01 4.54932831e-02 -1.93276111e+01
5.16652799e-07 -7.25976968e+02 7.09470599e+01 2.74912851e-01 4.35058253e-02 -1.93205015e+01
5.29572710e-07 -7.25933254e+02 6.70118025e+01 3.16244912e-01 4.93224696e-02 -1.94355808e+01
5.40184687e-07 -7.25930156e+02 6.71928727e+01 2.95868258e-01 4.83443400e-02 -1.94433134e+01
5.55286322e-07 -7.25872288e+02 6.62413377e+01 2.46490422e-01 5.11593298e-02 -1.94878743e+01
5.70663099e-07 -7.25868037e+02 7.04360762e+01 2.29365755e-01 4.58041912e-02 -1.93500572e+01
5.73411326e-07 -7.25856055e+02 6.69865975e+01 2.59134380e-01 4.88348197e-02 -1.94672605e+01
5.75643270e-07 -7.25853578e+02 6.88441233e+01 2.17590256e-01 4.78500316e-02 -1.94040738e+01
5.74781303e-07 -7.25852395e+02 6.81148211e+01 2.26338131e-01 4.71333239e-02 -1.94209978e+01
5.95686422e-07 -7.25776897e+02 6.89306389e+01 2.20825428e-01 4.60170913e-02 -1.94048032e+01
6.37100153e-07 -7.25710976e+02 6.86742902e+01 2.66408447e-01 4.72888612e-02 -1.93791651e+01
6.57297142e-07 -7.25706741e+02 6.97231536e+01 2.52250649e-01 4.50837932e-02 -1.93569949e+01
6.57591538e-07 -7.25703423e+02 6.73872112e+01 3.08532559e-01 4.95840695e-02 -1.94182405e+01
6.66275762e-07 -7.25674059e+02 7.07259940e+01 2.25322398e-01 4.44972647e-02 -1.93549676e+01
6.83486401e-07 -7.25645746e+02 6.72753143e+01 2.17504726e-01 4.88762303e-02 -1.94532990e+01
7.21410084e-07 -7.25560996e+02 7.06680448e+01 2.96347495e-01 4.55616611e-02 -1.93327730e+01
7.76746126e-07 -7.25490719e+02 6.94193610e+01 2.27756507e-01 4.72824494e-02 -1.93944948e+01
8.29245953e-07 -7.25423431e+02 6.88379262e+01 3.24196525e-01 4.74947316e-02 -1.93721881e+01
8.60066217e-07 -7.25409991e+02 6.92537563e+01 3.13080069e-01 4.58982440e-02 -1.93574216e+01
8.78433866e-07 -7.25374778e+02 6.75103305e+01 2.38496730e-01 4.89731146e-02 -1.94592578e+01
9.04741290e-07 -7.25344242e+02 6.61846376e+01 2.36050886e-01 5.08939839e-02 -1.94862075e+01
9.15567187e-07 -7.25344100e+02 6.82154392e+01 2.16773441e-01 4.78417889e-02 -1.94196252e+01
9.18199926e-07 -7.25331881e+02 6.97623727e+01 2.16298521e-01 4.63279930e-02 -1.93770237e+01
9.34627135e-07 -7.25302163e+02 6.62241834e+01 2.87127335e-01 5.03489333e-02 -1.94745296e+01
9.50818816e-07 -7.25290686e+02 7.05153471e+01 2.23589125e-01 4.53688628e-02 -1.93605847e+01
9.66251237e-07 -7.25263459e+02 6.59176375e+01 2.58277611e-01 5.08723133e-02 -1.94918661e+01
9.84404882e-07 -7.25246688e+02 7.01096013e+01 3.11911127e-01 4.57324012e-02 -1.93479334e+01
9.92570765e-07 -7.25240221e+02 6.92147312e+01 2.82327776e-01 4.68098909e-02 -1.93940508e+01
9.93765407e-07 -7.25237618e+02 6.96844775e+01 2.45996326e-01 4.66748359e-02 -1.93882304e+01
9.93544768e-07 -7.25234012e+02 6.72704777e+01 2.17250494e-01 4.95447454e-02 -1.94615983e+01
1.01613401e-06 -7.25186560e+02 6.73788345e+01 3.07844548e-01 4.82939118e-02 -1.94212082e+01
1.04012236e-06 -7.25180137e+02 6.99169913e+01 3.00887575e-01 4.66084759e-02 -1.93428125e+01
1.05484698e-06 -7.25151977e+02 6.78493564e+01 2.48581397e-01 4.80552032e-02 -1.94470467e+01
1.07893919e-06 -7.25128259e+02 6.99913939e+01 2.59862940e-01 4.69061829e-02 -1.93607000e+01
1.10855884e-06 -7.25091356e+02 6.66490081e+01 2.91601370e-01 5.01723794e-02 -1.94636335e+01
1.12873778e-06 -7.25085194e+02 6.93171501e+01 2.31358857e-01 4.67681113e-02 -1.94043304e+01
1.16096413e-06 -7.25029174e+02 6.83564573e+01 3.18989727e-01 4.73224059e-02 -1.93845234e+01
1.19804657e-06 -7.25014922e+02 6.78584610e+01 2.90660949e-01 4.70922924e-02 -1.94161794e+01
1.21249472e-06 -7.24998560e+02 6.68403782e+01 2.83648278e-01 4.97348032e-02 -1.94632995e+01
1.23909943e-06 -7.24965070e+02 6.99023788e+01 2.29759063e-01 4.65396266e-02 -1.93795369e+01
1.25595573e-06 -7.24964600e+02 7.13639076e+01 2.47409501e-01 4.41257975e-02 -1.93310086e+01
1.25521880e-06 -7.24959594e+02 6.79140808e+01 3.13755962e-01 4.75455760e-02 -1.94038754e+01
1.25484981e-06 -7.24958526e+02 7.05802637e+01 2.62671947e-01 4.38372692e-02 -1.93464594e+01
1.26833399e-06 -7.24931741e+02 6.64314257e+01 2.67273353e-01 5.03830059e-02 -1.94584610e+01
1.29487791e-06 -7.24910381e+02 6.79584797e+01 2.84080773e-01 4.88634605e-02 -1.94004726e+01
1.30740194e-06 -7.24905726e+02 6.92544224e+01 2.92243083e-01 4.72496629e-02 -1.93586647e+01
1.34539670e-06 -7.24847280e+02 6.83258044e+01 3.17242725e-01 4.76202045e-02 -1.94021488e+01
1.39177918e-06 -7.24830499e+02 7.03559798e+01 2.36722046e-01 4.61265380e-02 -1.93583408e+01
1.45705626e-06 -7.24750484e+02 6.88094539e+01 2.89973027e-01 4.79695855e-02 -1.93985561e+01
1.51198574e-06 -7.24748233e+02 6.68163691e+01 3.03983063e-01 4.94663636e-02 -1.94405117e+01
1.51764116e-06 -7.24736395e+02 7.10006248e+01 2.85284946e-01 4.47488814e-02 -1.93105584e+01
1.52945861e-06 -7.24726056e+02 6.69869860e+01 2.26839738e-01 4.92482225e-02 -1.94574206e+01
1.53291585e-06 -7.24725197e+02 7.12086303e+01 2.81617670e-01 4.34465448e-02 -1.93122705e+01
1.53740611e-06 -7.24713584e+02 6.78831925e+01 2.88298208e-01 4.75908413e-02 -1.94033921e+01
1.56189590e-06 -7.24687076e+02 6.68593958e+01 2.41061324e-01 5.05862315e-02 -1.94585414e+01
1.60759282e-06 -7.24649432e+02 6.64883279e+01 2.44883688e-01 5.08512550e-02 -1.94805364e+01
1.63812789e-06 -7.24642446e+02 6.74694515e+01 3.07574547e-01 4.82323077e-02 -1.94175906e+01
1.64757212e-06 -7.24631298e+02 6.66658912e+01 2.46957642e-01 5.03830565e-02 -1.94579203e+01
1.70643647e-06 -7.24566597e+02 7.14474109e+01 2.45194914e-01 4.43519432e-02 -1.93210191e+01
1.78616104e-06 -7.24532563e+02 6.94944200e+01 2.40225250e-01 4.74516456e-02 -1.93806412e+01
1.81380709e-06 -7.24528936e+02 6.90323619e+01 3.22321183e-01 4.72276113e-02 -1.93695622e+01
1.81809748e-06 -7.24521193e+02 6.81568597e+01 2.28388773e-01 4.74944146e-02 -1.94394732e+01
1.81920073e-06 -7.24521052e+02 6.79610594e+01 2.83526181e-01 4.93490393e-02 -1.94226400e+01
1.85257167e-06 -7.24478633e+02 6.86216345e+01 2.26502941e-01 4.77206662e-02 -1.94256702e+01
1.91527945e-06 -7.24447610e+02 6.78968678e+01 2.67775353e-01 4.78603570e-02 -1.94060472e+01
1.95651624e-06 -7.24429217e+02 7.07450345e+01 2.61834556e-01 4.40847251e-02 -1.93251735e+01
1.99603171e-06 -7.24401077e+02 6.79526342e+01 3.14711769e-01 4.88453425e-02 -1.94028099e+01
2.03473824e-06 -7.24384024e+02 7.11914281e+01 2.60631366e-01 4.49709231e-02 -1.93253783e+01
2.06135491e-06 -7.24368417e+02 6.72245124e+01 2.52826853e-01 4.82464336e-02 -1.94578592e+01
2.07708505e-06 -7.24362114e+02 6.82462335e+01 2.23924101e-01 4.69913930e-02 -1.94306980e+01
2.13803890e-06 -7.24304727e+02 6.93436910e+01 2.70674428e-01 4.54212577e-02 -1.93886820e+01
2.19419519e-06 -7.24302783e+02 6.64792038e+01 2.72621572e-01 5.09345941e-02 -1.94712589e+01
2.19214447e-06 -7.24299943e+02 6.68405435e+01 2.24892006e-01 4.99551116e-02 -1.94738425e+01
2.18859303e-06 -7.24299368e+02 7.03879921e+01 2.58936188e-01 4.59617998e-02 -1.93372558e+01
2.21033719e-06 -7.24273680e+02 7.10175795e+01 2.34410571e-01 4.44905049e-02 -1.93434788e+01
2.23473383e-06 -7.24270596e+02 6.66813923e+01 2.31906274e-01 4.95022977e-02 -1.94692786e+01
2.26854409e-06 -7.24237267e+02 6.75386495e+01 3.03444896e-01 4.87097595e-02 -1.94332488e+01
2.30939628e-06 -7.24227989e+02 6.88479467e+01 2.27204874e-01 4.60756390e-02 -1.94035181e+01
2.38317397e-06 -7.24168578e+02 7.04715678e+01 2.88088743e-01 4.52603531e-02 -1.93487491e+01
2.47347031e-06 -7.24146198e+02 6.88177121e+01 2.11883122e-01 4.71247957e-02 -1.94102815e+01
2.62329241e-06 -7.24046657e+02 6.93620287e+01 2.59887809e-01 4.50816195e-02 -1.93763349e+01
2.78724874e-06 -7.24016051e+02 6.97065791e+01 3.18166197e-01 4.62958985e-02 -1.93523445e+01
2.83095135e-06 -7.24008666e+02 6.83917586e+01 2.77187496e-01 4.84878204e-02 -1.93901244e+01
2.86291271e-06 -7.23987045e+02 7.08027346e+01 2.35562344e-01 4.40199537e-02 -1.93447360e+01
2.92224177e-06 -7.23961039e+02 6.80729939e+01 2.63646080e-01 4.68376825e-02 -1.94108374e+01
2.97923586e-06 -7.23941683e+02 7.02219968e+01 2.44339267e-01 4.62051893e-02 -1.93495248e+01
2.99855433e-06 -7.23941363e+02 6.85356483e+01 2.19293152e-01 4.81915761e-02 -1.94156493e+01
3.01115581e-06 -7.23926693e+02 6.88468059e+01 2.75767149e-01 4.57337032e-02 -1.93863224e+01
3.07495024e-06 -7.23893008e+02 6.88383178e+01 3.22987404e-01 4.68530335e-02 -1.93769247e+01
3.15807754e-06 -7.23866579e+02 6.78057627e+01 2.93650834e-01 4.73003054e-02 -1.94174345e+01
3.22192018e-06 -7.23846253e+02 6.77638010e+01 2.99070367e-01 4.83039409e-02 -1.94290342e+01
3.24721100e-06 -7.23844184e+02 6.96190548e+01 2.62158789e-01 4.65463526e-02 -1.93863783e+01
3.26148123e-06 -7.23830871e+02 7.00479239e+01 3.03287536e-01 4.55312686e-02 -1.93332901e+01
3.29551202e-06 -7.23816773e+02 6.72830204e+01 3.08167474e-01 4.96051093e-02 -1.94260340e+01
3.31724897e-06 -7.23811025e+02 7.04743484e+01 2.23299090e-01 4.49300021e-02 -1.93595104e+01
3.31754587e-06 -7.23809931e+02 6.84102343e+01 2.87542500e-01 4.81741070e-02 -1.93854078e+01
3.31695285e-06 -7.23804734e+02 6.87601735e+01 2.97816384e-01 4.78170718e-02 -1.93970587e+01
3.31703424e-06 -7.23803220e+02 6.70924426e+01 3.09289525e-01 4.96400469e-02 -1.94352401e+01
3.31349073e-06 -7.23800217e+02 6.93415001e+01 2.90142249e-01 4.73094183e-02 -1.93596886e+01
3.31254299e-06 -7.23797136e+02 6.81661923e+01 2.26876827e-01 4.70380460e-02 -1.94312324e+01
3.32583995e-06 -7.23785581e+02 7.10969281e+01 2.86736875e-01 4.42440965e-02 -1.93265684e+01
3.34206857e-06 -7.23780718e+02 6.98540609e+01 2.91713910e-01 4.48042412e-02 -1.93480563e+01
3.34768364e-06 -7.23775568e+02 7.11809168e+01 2.36974515e-01 4.38823360e-02 -1.93314512e+01
3.36473807e-06 -7.23763927e+02 6.69000979e+01 2.73224465e-01 5.06281486e-02 -1.94482044e+01
3.38452045e-06 -7.23757166e+02 7.03375054e+01 2.94784675e-01 4.55823795e-02 -1.93484939e+01
3.39241536e-06 -7.23752605e+02 7.07504500e+01 2.92774431e-01 4.45181118e-02 -1.93360075e+01
3.40643329e-06 -7.23742285e+02 6.78286016e+01 2.52192507e-01 4.93928749e-02 -1.94190496e+01
3.42108760e-06 -7.23737343e+02 6.83419184e+01 2.38708426e-01 4.74222044e-02 -1.94030377e+01
3.44719271e-06 -7.23720491e+02 7.15872417e+01 2.81379235e-01 4.35135993e-02 -1.93070334e+01
3.47458999e-06 -7.23714792e+02 6.93166874e+01 3.03034370e-01 4.70721707e-02 -1.93568492e+01
3.47645287e-06 -7.23712756e+02 7.10545816e+01 2.78659264e-01 4.35907391e-02 -1.93248452e+01
3.47187766e-06 -7.23710771e+02 7.13509680e+01 2.43801117e-01 4.43867212e-02 -1.93239379e+01
3.48848949e-06 -7.23696603e+02 7.06882820e+01 2.88452907e-01 4.42194824e-02 -1.93382533e+01
3.51035362e-06 -7.23691575e+02 6.84385729e+01 2.56544355e-01 4.81181121e-02 -1.93928323e+01
3.52489416e-06 -7.23681698e+02 7.00082881e+01 2.32553167e-01 4.64393573e-02 -1.93638103e+01
3.53183860e-06 -7.23680959e+02 6.75396402e+01 2.66925553e-01 4.77831795e-02 -1.94245091e+01
3.58166579e-06 -7.23647307e+02 7.11489940e+01 2.59367900e-01 4.46111121e-02 -1.93339212e+01
3.63008036e-06 -7.23647167e+02 6.78276811e+01 2.53544919e-01 4.94848184e-02 -1.94375010e+01
3.64515588e-06 -7.23632417e+02 6.97686752e+01 2.16512750e-01 4.59360349e-02 -1.93811110e+01
3.67964830e-06 -7.23621650e+02 6.98047460e+01 2.28670607e-01 4.59089710e-02 -1.93871552e+01
3.86578421e-06 -7.23529175e+02 6.82936235e+01 2.19891806e-01 4.76803367e-02 -1.94170194e+01
4.14709283e-06 -7.23473156e+02 7.03553649e+01 2.32149271e-01 4.45394839e-02 -1.93538851e+01
4.25941682e-06 -7.23468291e+02 6.89240888e+01 3.00888290e-01 4.72840709e-02 -1.93921145e+01
4.27617905e-06 -7.23458662e+02 6.74104609e+01 2.72708286e-01 5.01339247e-02 -1.94345861e+01
4.30621334e-06 -7.23447645e+02 6.89447928e+01 2.70551642e-01 4.81690788e-02 -1.93820555e+01
4.31966492e-06 -7.23445739e+02 6.96863758e+01 2.73887805e-01 4.47911761e-02 -1.93608460e+01
4.34078433e-06 -7.23431286e+02 6.75893271e+01 2.69817482e-01 4.76078858e-02 -1.94243852e+01
4.39170006e-06 -7.23415769e+02 6.67881835e+01 2.60390418e-01 4.91224709e-02 -1.94686469e+01
4.44332063e-06 -7.23401252e+02 6.92396650e+01 3.18510234e-01 4.61435865e-02 -1.93662172e+01
4.48630447e-06 -7.23389839e+02 7.08246140e+01 2.37319858e-01 4.40202973e-02 -1.93425303e+01
4.55270604e-06 -7.23365329e+02 6.94352231e+01 2.48049369e-01 4.51646871e-02 -1.93755069e+01
4.62722283e-06 -7.23350617e+02 6.90124447e+01 2.92175890e-01 4.66440159e-02 -1.93945571e+01
4.71585955e-06 -7.23320891e+02 6.82358659e+01 3.06207464e-01 4.86579372e-02 -1.94029346e+01
4.80848202e-06 -7.23304904e+02 6.73729896e+01 2.39115776e-01 4.98120576e-02 -1.94559688e+01
4.88079481e-06 -7.23284423e+02 6.78905473e+01 3.14216124e-01 4.85847814e-02 -1.94128305e+01
4.92272266e-06 -7.23281039e+02 6.74730744e+01 2.97813919e-01 4.97337733e-02 -1.94271394e+01
4.94858706e-06 -7.23267331e+02 6.81543735e+01 2.34649919e-01 4.68797706e-02 -1.94267148e+01
5.07802547e-06 -7.23223183e+02 7.05479292e+01 2.66645545e-01 4.53735967e-02 -1.93280426e+01
5.22140253e-06 -7.23204588e+02 6.66363583e+01 2.75583688e-01 4.94197333e-02 -1.94665681e+01
5.25599258e-06 -7.23203235e+02 6.91301361e+01 2.37657374e-01 4.59290735e-02 -1.93832110e+01
5.27204330e-06 -7.23191866e+02 6.86552536e+01 2.20001526e-01 4.78917389e-02 -1.94094263e+01
5.28895730e-06 -7.23190142e+02 6.75301658e+01 2.70971576e-01 4.99542946e-02 -1.94287365e+01
5.43507361e-06 -7.23131563e+02 6.83497476e+01 2.72812102e-01 4.66858304e-02 -1.94176142e+01
5.60152419e-06 -7.23122319e+02 6.80534685e+01 2.64078714e-01 4.69614975e-02 -1.94105262e+01
5.61230678e-06 -7.23121041e+02 7.05770897e+01 2.32614795e-01 4.43803257e-02 -1.93486095e+01
5.68486263e-06 -7.23090210e+02 7.01300800e+01 2.29424954e-01 4.50470521e-02 -1.93733237e+01
5.80163414e-06 -7.23073552e+02 7.10267133e+01 2.45870361e-01 4.48376085e-02 -1.93388864e+01
5.85804903e-06 -7.23064153e+02 6.77341681e+01 3.15246781e-01 4.87294003e-02 -1.94101833e+01
6.07740755e-06 -7.22994561e+02 7.10054473e+01 2.94937222e-01 4.46146144e-02 -1.93222026e+01
6.36979500e-06 -7.22962565e+02 6.89165762e+01 2.58740259e-01 4.82700359e-02 -1.93940024e+01
6.48253243e-06 -7.22952587e+02 6.77446436e+01 3.14362804e-01 4.88099951e-02 -1.94134903e+01
6.50688661e-06 -7.22948389e+02 7.01387367e+01 2.52840520e-01 4.59816774e-02 -1.93448314e+01
6.51909854e-06 -7.22942186e+02 6.85544543e+01 2.76446769e-01 4.61573930e-02 -1.93963423e+01
6.74203853e-06 -7.22875580e+02 7.03206447e+01 2.79240882e-01 4.58609021e-02 -1.93536792e+01
7.00114572e-06 -7.22859067e+02 6.89852763e+01 3.03402906e-01 4.61323427e-02 -1.93697940e+01
7.07262248e-06 -7.22848569e+02 6.75147157e+01 2.72040133e-01 4.84694184e-02 -1.94191199e+01
7.09515654e-06 -7.22846023e+02 6.91956956e+01 2.58287925e-01 4.67560882e-02 -1.94015128e+01
7.10950252e-06 -7.22837889e+02 6.73532619e+01 2.75718193e-01 4.79178306e-02 -1.94384879e+01
7.21321258e-06 -7.22810574e+02 7.03674144e+01 2.84441683e-01 4.52534044e-02 -1.93530225e+01
7.41571965e-06 -7.22775971e+02 6.98022129e+01 2.92069429e-01 4.65002108e-02 -1.93451022e+01
7.52303827e-06 -7.22774883e+02 6.95456864e+01 3.06438321e-01 4.66840322e-02 -1.93655909e+01
7.52266125e-06 -7.22769422e+02 6.95737141e+01 2.78479870e-01 4.56840986e-02 -1.93521901e+01
7.61604130e-06 -7.22743712e+02 6.65240446e+01 2.66444090e-01 4.94941227e-02 -1.94645792e+01
7.81009378e-06 -7.22712524e+02 7.05544335e+01 3.04537327e-01 4.50903376e-02 -1.93324012e+01
7.97940088e-06 -7.22694006e+02 7.00326829e+01 2.27411620e-01 4.50593310e-02 -1.93737530e+01
8.14885594e-06 -7.22663980e+02 6.82033323e+01 2.54578981e-01 4.71990308e-02 -1.94308494e+01
8.24742813e-06 -7.22663077e+02 6.93531080e+01 3.16537929e-01 4.60657978e-02 -1.93634978e+01
8.24929514e-06 -7.22656881e+02 6.76729761e+01 2.72310964e-01 4.97860566e-02 -1.94278348e+01
8.28742079e-06 -7.22647213e+02 6.96543040e+01 3.05953712e-01 4.62203117e-02 -1.93646855e+01
8.32933186e-06 -7.22640126e+02 6.93194960e+01 2.70463023e-01 4.54489895e-02 -1.93873590e+01
8.33121954e-06 -7.22640092e+02 6.96241582e+01 2.22920705e-01 4.55289563e-02 -1.93833831e+01
8.32094458e-06 -7.22635943e+02 7.02872122e+01 2.75533788e-01 4.43997940e-02 -1.93381704e+01
8.31504468e-06 -7.22634851e+02 6.68933053e+01 2.85056097e-01 4.92564355e-02 -1.94570055e+01
8.35928380e-06 -7.22618739e+02 6.68512639e+01 2.98707971e-01 4.94035127e-02 -1.94462094e+01
8.51998390e-06 -7.22590250e+02 6.95663772e+01 2.51564348e-01 4.65418748e-02 -1.93607764e+01
8.61348937e-06 -7.22590051e+02 6.90607580e+01 2.67061367e-01 4.58356462e-02 -1.93978890e+01
8.60211894e-06 -7.22586240e+02 6.78093573e+01 2.89315330e-01 4.82311328e-02 -1.94050361e+01
8.73977618e-06 -7.22551934e+02 6.86960995e+01 3.04226140e-01 4.75406113e-02 -1.93962323e+01
8.86790838e-06 -7.22550182e+02 6.83997951e+01 2.53355532e-01 4.84979921e-02 -1.94228982e+01
8.91902355e-06 -7.22533849e+02 7.12877657e+01 2.75565441e-01 4.45565049e-02 -1.93139694e+01
9.00499572e-06 -7.22524297e+02 7.01383436e+01 2.34849753e-01 4.56726992e-02 -1.93533364e+01
9.02737850e-06 -7.22522207e+02 7.02492965e+01 2.99390742e-01 4.50078847e-02 -1.93479112e+01
9.05585888e-06 -7.22511370e+02 6.90366751e+01 2.48666069e-01 4.57749425e-02 -1.94016373e+01
9.27072678e-06 -7.22469069e+02 6.91207918e+01 2.97199235e-01 4.62818555e-02 -1.93867475e+01
9.56377909e-06 -7.22442205e+02 6.88867445e+01 2.52315926e-01 4.67897508e-02 -1.93804728e+01
9.69972836e-06 -7.22434020e+02 6.86135881e+01 3.10912588e-01 4.79989759e-02 -1.93845122e+01
9.77183613e-06 -7.22420763e+02 6.67327785e+01 2.72134738e-01 5.04859182e-02 -1.94641655e+01
9.85386339e-06 -7.22410628e+02 7.03211438e+01 2.96756744e-01 4.58682099e-02 -1.93342541e+01
9.87643879e-06 -7.22409506e+02 6.73697284e+01 2.52807817e-01 4.80644732e-02 -1.94510264e+01
9.89326144e-06 -7.22400588e+02 7.03784630e+01 2.85990016e-01 4.54281662e-02 -1.93282228e+01
9.95086161e-06 -7.22391241e+02 6.97228083e+01 2.59500087e-01 4.69564406e-02 -1.93758527e+01
1.01498784e-05 -7.22354640e+02 7.06599447e+01 2.93857423e-01 4.51657674e-02 -1.93218637e+01
1.03048965e-05 -7.22353936e+02 7.05281345e+01 2.45484613e-01 4.57828739e-02 -1.93460263e+01
1.03151935e-05 -7.22346003e+02 7.05481868e+01 2.81000100e-01 4.40875899e-02 -1.93390039e+01
1.03435198e-05 -7.22341785e+02 6.85408159e+01 3.11099075e-01 4.79350923e-02 -1.93934001e+01
1.03409146e-05 -7.22339848e+02 6.68507152e+01 2.54139101e-01 4.98143680e-02 -1.94494799e+01
1.04585871e-05 -7.22312683e+02 6.86276518e+01 2.22277724e-01 4.71122442e-02 -1.94226498e+01
1.05700034e-05 -7.22311814e+02 7.11721084e+01 2.82289946e-01 4.43972562e-02 -1.93106527e+01
1.05557959e-05 -7.22308719e+02 6.79012447e+01 2.96457443e-01 4.87687742e-02 -1.94027605e+01
1.05588481e-05 -7.22304582e+02 6.88415770e+01 2.47189005e-01 4.58817866e-02 -1.94028063e+01
1.08245704e-05 -7.22253015e+02 6.77197943e+01 2.31178274e-01 4.83871834e-02 -1.94505476e+01
1.11136344e-05 -7.22244572e+02 6.82868697e+01 2.37478271e-01 4.88140619e-02 -1.94155639e+01
1.12039589e-05 -7.22230204e+02 7.11190674e+01 2.84328820e-01 4.44984755e-02 -1.93231822e+01
1.12842376e-05 -7.22223596e+02 6.77668602e+01 3.01668357e-01 4.79877731e-02 -1.94079984e+01
1.13335192e-05 -7.22214842e+02 6.83691910e+01 2.23346042e-01 4.80901016e-02 -1.94147549e+01
1.14498756e-05 -7.22196576e+02 7.04983332e+01 2.77172603e-01 4.41129253e-02 -1.93360112e+01
1.15265736e-05 -7.22194751e+02 6.74306798e+01 2.92591948e-01 4.83782257e-02 -1.94208883e+01
1.15080026e-05 -7.22193145e+02 6.71558423e+01 3.01127265e-01 4.96152861e-02 -1.94390098e+01
1.14953253e-05 -7.22190301e+02 6.64753007e+01 2.56599514e-01 5.03687080e-02 -1.94779175e+01
1.16974730e-05 -7.22151990e+02 6.86666221e+01 2.83532693e-01 4.83782204e-02 -1.93981389e+01
1.21163332e-05 -7.22113290e+02 6.72578349e+01 2.56384259e-01 5.01750544e-02 -1.94428319e+01
1.23411457e-05 -7.22108198e+02 6.77851625e+01 2.20868324e-01 4.83717426e-02 -1.94367281e+01
1.23710893e-05 -7.22101791e+02 6.93935555e+01 2.85394017e-01 4.56343582e-02 -1.93813463e+01
1.24404365e-05 -7.22090384e+02 6.72049035e+01 2.72574724e-01 4.84014127e-02 -1.94502538e+01
1.26578754e-05 -7.22060669e+02 6.78778216e+01 2.84967809e-01 4.85028197e-02 -1.94309150e+01
1.29004674e-05 -7.22045597e+02 6.91684333e+01 2.44185687e-01 4.76839691e-02 -1.93840552e+01
1.33504164e-05 -7.21986269e+02 6.69641688e+01 2.39108612e-01 4.89578844e-02 -1.94582020e+01
1.37646588e-05 -7.21976970e+02 6.94266761e+01 2.21520292e-01 4.61957018e-02 -1.93956724e+01
1.40162890e-05 -7.21943638e+02 7.01710930e+01 3.06413859e-01 4.56022057e-02 -1.93438702e+01
1.42080215e-05 -7.21942863e+02 6.76938860e+01 2.29770056e-01 4.79872365e-02 -1.94474574e+01
1.42244609e-05 -7.21934686e+02 6.94784051e+01 2.69922985e-01 4.52486963e-02 -1.93810921e+01
1.42782565e-05 -7.21928651e+02 6.64379159e+01 2.61037691e-01 5.06516008e-02 -1.94669304e+01
1.42741203e-05 -7.21928601e+02 6.74882680e+01 2.91800159e-01 4.92431160e-02 -1.94178472e+01
1.42706444e-05 -7.21922491e+02 6.73920991e+01 2.91813903e-01 4.85727813e-02 -1.94216171e+01
1.44139646e-05 -7.21902054e+02 6.65738379e+01 2.58473277e-01 5.04804897e-02 -1.94612688e+01
1.45989554e-05 -7.21890261e+02 6.87860785e+01 2.26883865e-01 4.64281182e-02 -1.94125647e+01
1.46915437e-05 -7.21882734e+02 6.83872370e+01 2.60413198e-01 4.86748056e-02 -1.94000227e+01
1.47210128e-05 -7.21879586e+02 6.81287041e+01 2.96083011e-01 4.70478620e-02 -1.94087733e+01
1.47695075e-05 -7.21869523e+02 6.69946033e+01 2.83942521e-01 5.01829940e-02 -1.94501305e+01
1.48626600e-05 -7.21860352e+02 7.07235178e+01 2.57651376e-01 4.44380500e-02 -1.93279902e+01
1.49056264e-05 -7.21857076e+02 7.01941746e+01 2.59926963e-01 4.47023810e-02 -1.93433896e+01
1.53025902e-05 -7.21801888e+02 6.98348835e+01 2.30940274e-01 4.57985882e-02 -1.93647121e+01
1.57737416e-05 -7.21789051e+02 6.95914587e+01 2.88817652e-01 4.52570880e-02 -1.93557010e+01
1.58307507e-05 -7.21787976e+02 6.74157174e+01 3.07562747e-01 4.91230309e-02 -1.94260030e+01
1.59827571e-05 -7.21763434e+02 7.02812078e+01 2.52795984e-01 4.46279926e-02 -1.93630664e+01
1.61363710e-05 -7.21762040e+02 6.77835692e+01 2.28054976e-01 4.78829751e-02 -1.94341960e+01
1.61231484e-05 -7.21758420e+02 6.97520424e+01 2.57387497e-01 4.66430018e-02 -1.93790263e+01
1.61074568e-05 -7.21757329e+02 6.81693267e+01 2.30474927e-01 4.73422503e-02 -1.94184968e+01
1.63339598e-05 -7.21724112e+02 7.12303360e+01 2.73209096e-01 4.39265280e-02 -1.93237733e+01
1.66513524e-05 -7.21711944e+02 7.11820250e+01 2.65834044e-01 4.36706002e-02 -1.93241258e+01
1.67172820e-05 -7.21709518e+02 6.90826123e+01 3.11977376e-01 4.64847993e-02 -1.93655266e+01
1.67788163e-05 -7.21697972e+02 7.05608977e+01 2.77544356e-01 4.43403534e-02 -1.93286795e+01
1.68624592e-05 -7.21692890e+02 7.06632941e+01 3.01549400e-01 4.48281668e-02 -1.93251622e+01
1.69263570e-05 -7.21683767e+02 6.92668907e+01 2.76988600e-01 4.74988696e-02 -1.93682792e+01
1.70251591e-05 -7.21674594e+02 6.80595644e+01 2.94921398e-01 4.84941614e-02 -1.94190302e+01
1.72007236e-05 -7.21656652e+02 6.82153927e+01 2.92667249e-01 4.83276833e-02 -1.94154873e+01
1.73147760e-05 -7.21654642e+02 6.82283204e+01 2.59438357e-01 4.82367230e-02 -1.94292947e+01
1.72849808e-05 -7.21653440e+02 6.82358420e+01 2.20888095e-01 4.75675106e-02 -1.94317524e+01
1.72695132e-05 -7.21649780e+02 6.95517061e+01 2.31300555e-01 4.58380475e-02 -1.93734474e+01
1.72702993e-05 -7.21646693e+02 6.88940080e+01 3.16064803e-01 4.72088249e-02 -1.93754083e+01
1.78974121e-05 -7.21573138e+02 7.04051211e+01 2.41415800e-01 4.44502356e-02 -1.93496267e+01
1.85070336e-05 -7.21571696e+02 6.86361819e+01 3.07752557e-01 4.67950934e-02 -1.93809969e+01
1.85101077e-05 -7.21566158e+02 6.85020957e+01 2.38876151e-01 4.64608536e-02 -1.94127534e+01
1.85111781e-05 -7.21564918e+02 6.81199023e+01 2.96357389e-01 4.77382674e-02 -1.93951092e+01
1.89422435e-05 -7.21514108e+02 6.94343839e+01 2.70199615e-01 4.64571720e-02 -1.93887582e+01
1.94439619e-05 -7.21505352e+02 6.84190694e+01 2.42157087e-01 4.86533190e-02 -1.94096995e+01
1.94850533e-05 -7.21503212e+02 6.97395965e+01 2.96909398e-01 4.67240297e-02 -1.93543976e+01
1.96347224e-05 -7.21483489e+02 6.74634374e+01 2.56852435e-01 4.86906974e-02 -1.94267139e+01
1.99762698e-05 -7.21462082e+02 6.68648194e+01 2.86502662e-01 4.93552923e-02 -1.94438550e+01
2.02261867e-05 -7.21451878e+02 6.73427716e+01 2.37119049e-01 4.96470701e-02 -1.94560553e+01
2.03733764e-05 -7.21440929e+02 6.88315397e+01 2.60577704e-01 4.60320704e-02 -1.94039804e+01
2.05908896e-05 -7.21424025e+02 6.67417663e+01 2.45596122e-01 5.04385285e-02 -1.94666469e+01
2.07823390e-05 -7.21415710e+02 7.07385834e+01 2.51459524e-01 4.43136501e-02 -1.93319968e+01
2.11468953e-05 -7.21382843e+02 6.75547300e+01 3.05154431e-01 4.84939926e-02 -1.94170683e+01
2.18250156e-05 -7.21345996e+02 6.95253548e+01 2.34679972e-01 4.65987659e-02 -1.93924850e+01
2.31399732e-05 -7.21260658e+02 6.89530442e+01 2.38478358e-01 4.79121782e-02 -1.93957946e+01
2.42521324e-05 -7.21243706e+02 6.79516391e+01 2.31610184e-01 4.89202085e-02 -1.94378445e+01
2.44142378e-05 -7.21240609e+02 7.07353645e+01 2.44530349e-01 4.52159381e-02 -1.93461733e+01
2.45626053e-05 -7.21224992e+02 6.98971970e+01 2.23862959e-01 4.57639637e-02 -1.93727725e+01
2.48493391e-05 -7.21210732e+02 6.91949475e+01 2.23365519e-01 4.70392091e-02 -1.93924067e+01
2.49819340e-05 -7.21207644e+02 6.94504896e+01 2.60027215e-01 4.65390897e-02 -1.93616590e+01
2.52460733e-05 -7.21183188e+02 6.75180905e+01 2.60678058e-01 4.93242268e-02 -1.94249666e+01
2.57011521e-05 -7.21165190e+02 6.84900296e+01 2.80014794e-01 4.76673948e-02 -1.94141639e+01
2.58796965e-05 -7.21162607e+02 6.90646404e+01 2.56070631e-01 4.76755120e-02 -1.93796333e+01
2.61643010e-05 -7.21136824e+02 6.82443274e+01 2.99632242e-01 4.85901612e-02 -1.94044983e+01
2.67624086e-05 -7.21110751e+02 7.06682284e+01 2.85859154e-01 4.41700373e-02 -1.93311160e+01
2.73400605e-05 -7.21087425e+02 7.00225650e+01 2.39655148e-01 4.48015799e-02 -1.93639447e+01
2.76626789e-05 -7.21080509e+02 6.85114889e+01 2.53375912e-01 4.86111580e-02 -1.94114822e+01
2.78079799e-05 -7.21070306e+02 6.85592151e+01 3.12380158e-01 4.70483942e-02 -1.93865341e+01
2.80181041e-05 -7.21058805e+02 7.00840212e+01 2.43890350e-01 4.62420929e-02 -1.93679314e+01
2.83307977e-05 -7.21041495e+02 6.89138192e+01 2.64087755e-01 4.72400762e-02 -1.94066737e+01
2.86655888e-05 -7.21028620e+02 6.92572912e+01 2.48368664e-01 4.55771860e-02 -1.93797986e+01
2.89945519e-05 -7.21012046e+02 7.01446372e+01 2.35289402e-01 4.60746545e-02 -1.93635556e+01
2.94668756e-05 -7.20989703e+02 6.65274901e+01 2.53732568e-01 5.04254315e-02 -1.94733907e+01
2.99112489e-05 -7.20975381e+02 7.07749183e+01 2.57961460e-01 4.39863440e-02 -1.93388519e+01
3.06480200e-05 -7.20934742e+02 6.83148803e+01 2.74209630e-01 4.82402571e-02 -1.93938229e+01
3.11843728e-05 -7.20933615e+02 6.93966628e+01 2.67024010e-01 4.61816657e-02 -1.93906350e+01
3.11773498e-05 -7.20928543e+02 6.68982757e+01 2.62872090e-01 4.89637995e-02 -1.94519206e+01
3.11839569e-05 -7.20926530e+02 7.05724788e+01 2.99409708e-01 4.48614991e-02 -1.93271937e+01
3.14961212e-05 -7.20902114e+02 7.08253081e+01 2.39943689e-01 4.43725104e-02 -1.93428573e+01
3.22992204e-05 -7.20869632e+02 6.97803711e+01 2.94583816e-01 4.63957272e-02 -1.93472027e+01
3.28156606e-05 -7.20863478e+02 6.86914071e+01 2.99803865e-01 4.66699567e-02 -1.93797796e+01
3.30320601e-05 -7.20849867e+02 6.70215863e+01 2.63712671e-01 4.87007601e-02 -1.94483472e+01
3.32253616e-05 -7.20845112e+02 6.91528148e+01 2.24828437e-01 4.69231025e-02 -1.93909130e+01
3.34333895e-05 -7.20830774e+02 7.11322672e+01 2.81296845e-01 4.44825552e-02 -1.93186172e+01
3.39026924e-05 -7.20810628e+02 6.72236325e+01 2.92716403e-01 4.88140144e-02 -1.94411459e+01
3.41647515e-05 -7.20808618e+02 6.65593062e+01 2.57412751e-01 4.97782510e-02 -1.94662583e+01
3.43755837e-05 -7.20791739e+02 6.82372593e+01 2.59757770e-01 4.87451752e-02 -1.94232017e+01
3.46183813e-05 -7.20787819e+02 6.99532428e+01 2.68521464e-01 4.55535191e-02 -1.93716840e+01
3.46639739e-05 -7.20782454e+02 6.96666094e+01 3.00628271e-01 4.58351028e-02 -1.93653268e+01
3.46590203e-05 -7.20781442e+02 6.94171304e+01 2.37396960e-01 4.64158504e-02 -1.93732596e+01
3.46465675e-05 -7.20776523e+02 7.10331143e+01 2.52251300e-01 4.47591420e-02 -1.93327555e+01
3.49665687e-05 -7.20756493e+02 6.84383493e+01 2.38210442e-01 4.66466358e-02 -1.94129161e+01
3.52602658e-05 -7.20753042e+02 6.72116364e+01 2.49274299e-01 4.87607895e-02 -1.94589712e+01
3.52472384e-05 -7.20750575e+02 6.79322023e+01 2.69697477e-01 4.81551552e-02 -1.94067242e+01
3.52529346e-05 -7.20746066e+02 6.86057159e+01 3.01516040e-01 4.75738446e-02 -1.93986116e+01
3.52568420e-05 -7.20743694e+02 6.83048097e+01 3.01955283e-01 4.70247505e-02 -1.93985575e+01
3.53584709e-05 -7.20733678e+02 6.92657393e+01 3.03150149e-01 4.63945820e-02 -1.93595567e+01
3.55413455e-05 -7.20726708e+02 6.76033061e+01 2.57329222e-01 4.93887383e-02 -1.94252721e+01
3.58601675e-05 -7.20709226e+02 6.75947911e+01 3.03342911e-01 4.86022559e-02 -1.94156801e+01
3.65706684e-05 -7.20680938e+02 6.80799631e+01 2.71090280e-01 4.84218489e-02 -1.94020449e+01
3.75519874e-05 -7.20649655e+02 6.81820323e+01 3.08488316e-01 4.78493261e-02 -1.94057459e+01
3.85969883e-05 -7.20619371e+02 6.65669927e+01 2.48557050e-01 5.02264369e-02 -1.94717481e+01
3.92675611e-05 -7.20608351e+02 6.83248611e+01 2.47927330e-01 4.74617732e-02 -1.94288823e+01
3.95034165e-05 -7.20600723e+02 6.75978902e+01 2.42205196e-01 4.94753569e-02 -1.94452904e+01
3.95608517e-05 -7.20598777e+02 7.08025413e+01 2.61245781e-01 4.52508316e-02 -1.93375607e+01
3.99305806e-05 -7.20575596e+02 6.94052630e+01 2.84567174e-01 4.68149315e-02 -1.93582683e+01
4.04679898e-05 -7.20565276e+02 6.94207522e+01 2.85673991e-01 4.61007800e-02 -1.93817117e+01
4.07173016e-05 -7.20556648e+02 6.98488551e+01 2.85930553e-01 4.61257655e-02 -1.93447980e+01
4.10146333e-05 -7.20544089e+02 6.88232375e+01 2.40366674e-01 4.78129299e-02 -1.94108741e+01
4.13067373e-05 -7.20535777e+02 6.76369120e+01 2.60802836e-01 4.78764535e-02 -1.94418491e+01
4.13886318e-05 -7.20533456e+02 6.78408360e+01 2.69145891e-01 4.93403301e-02 -1.94290813e+01
4.18482783e-05 -7.20507204e+02 7.04285358e+01 2.51737530e-01 4.47112254e-02 -1.93584459e+01
4.24307896e-05 -7.20498998e+02 6.84583581e+01 3.05821359e-01 4.69655501e-02 -1.93919806e+01
4.33899809e-05 -7.20456279e+02 7.02607942e+01 2.56941470e-01 4.58114290e-02 -1.93429963e+01
4.44990265e-05 -7.20441464e+02 7.10826458e+01 2.77443791e-01 4.45102630e-02 -1.93175583e+01
4.50001503e-05 -7.20427222e+02 7.00701914e+01 2.40678760e-01 4.62160156e-02 -1.93671179e+01
4.58760607e-05 -7.20396439e+02 6.81955488e+01 2.40510948e-01 4.87459122e-02 -1.94157685e+01
4.73356674e-05 -7.20358057e+02 6.83439069e+01 2.51383628e-01 4.73897749e-02 -1.94004385e+01
4.81135724e-05 -7.20356815e+02 6.95932973e+01 2.90716392e-01 4.69395618e-02 -1.93600588e+01
4.80452864e-05 -7.20354243e+02 7.10867987e+01 2.70190530e-01 4.43205364e-02 -1.93177225e+01
4.80842594e-05 -7.20348544e+02 6.75634701e+01 2.64860100e-01 4.97231790e-02 -1.94358876e+01
4.84225944e-05 -7.20333612e+02 6.95497065e+01 2.34416176e-01 4.59659290e-02 -1.93913457e+01
4.88226473e-05 -7.20325395e+02 6.98952378e+01 2.69294252e-01 4.47484825e-02 -1.93609368e+01
4.89453656e-05 -7.20321922e+02 6.99185115e+01 2.68467803e-01 4.47390379e-02 -1.93620355e+01
4.89385306e-05 -7.20319017e+02 6.99063862e+01 3.06032233e-01 4.55879072e-02 -1.93503242e+01
4.89802835e-05 -7.20313566e+02 7.08996824e+01 2.56632115e-01 4.39983452e-02 -1.93327305e+01
4.91460026e-05 -7.20305615e+02 6.85741729e+01 2.54930265e-01 4.79083692e-02 -1.93922806e+01
4.93666609e-05 -7.20297949e+02 7.11161605e+01 2.77601752e-01 4.43367406e-02 -1.93169085e+01
4.95619976e-05 -7.20291058e+02 7.05395938e+01 2.66857145e-01 4.44324671e-02 -1.93487419e+01
4.97695464e-05 -7.20282941e+02 7.01331218e+01 2.87992938e-01 4.49586051e-02 -1.93389460e+01
5.00066311e-05 -7.20274898e+02 6.74362856e+01 2.50049777e-01 4.89460481e-02 -1.94538636e+01
5.10706381e-05 -7.20234567e+02 6.75440736e+01 2.90922185e-01 4.91768778e-02 -1.94332449e+01
5.20959443e-05 -7.20228091e+02 6.67748907e+01 2.74246804e-01 4.95237912e-02 -1.94607622e+01
5.22688495e-05 -7.20221286e+02 6.80162139e+01 2.35561123e-01 4.73667584e-02 -1.94320364e+01
5.22750937e-05 -7.20221185e+02 6.77794650e+01 2.25610690e-01 4.86462883e-02 -1.94367530e+01
5.21042581e-05 -7.20221177e+02 6.86069260e+01 2.75860074e-01 4.84485209e-02 -1.93968636e+01
5.20725180e-05 -7.20215756e+02 6.94478233e+01 2.85822901e-01 4.53564824e-02 -1.93708302e+01
5.21004714e-05 -7.20213442e+02 6.92357219e+01 2.67745379e-01 4.63435839e-02 -1.93947743e+01
5.21590421e-05 -7.20206862e+02 6.97485385e+01 2.55755966e-01 4.51346693e-02 -1.93607766e+01
5.23504271e-05 -7.20199464e+02 6.92909388e+01 2.36435880e-01 4.61879818e-02 -1.93791206e+01
5.32565294e-05 -7.20166150e+02 6.89792982e+01 2.32594138e-01 4.76403082e-02 -1.93970018e+01
5.45478529e-05 -7.20144730e+02 6.81237063e+01 2.63154748e-01 4.90627248e-02 -1.94193897e+01
5.54411134e-05 -7.20126972e+02 6.99860427e+01 2.49015139e-01 4.48912459e-02 -1.93699965e+01
5.58039689e-05 -7.20124949e+02 7.10267873e+01 2.49125392e-01 4.43357678e-02 -1.93343718e+01
5.57041493e-05 -7.20123897e+02 7.03945505e+01 2.64682990e-01 4.58833275e-02 -1.93495105e+01
5.56760133e-05 -7.20119309e+02 6.97718816e+01 2.69749612e-01 4.67005258e-02 -1.93706093e+01
5.56824136e-05 -7.20117007e+02 7.02647065e+01 2.35844510e-01 4.50563575e-02 -1.93648245e+01
5.55933191e-05 -7.20115855e+02 6.66123523e+01 2.56091037e-01 5.02141821e-02 -1.94698649e+01
5.56022679e-05 -7.20110038e+02 6.90819145e+01 2.65222784e-01 4.73668867e-02 -1.93739280e+01
5.55808189e-05 -7.20109963e+02 6.96543037e+01 2.48623180e-01 4.69403542e-02 -1.93774449e+01
5.55257215e-05 -7.20105371e+02 6.73925665e+01 3.00360238e-01 4.87613860e-02 -1.94282011e+01
5.57423490e-05 -7.20095539e+02 6.66790002e+01 2.47650267e-01 4.98803914e-02 -1.94659248e+01
5.63009391e-05 -7.20078819e+02 6.85347292e+01 2.61204023e-01 4.65657467e-02 -1.94135468e+01
5.87528050e-05 -7.20004923e+02 6.83080022e+01 2.98464077e-01 4.73508146e-02 -1.94075652e+01
6.07421498e-05 -7.20004201e+02 6.78688980e+01 2.97533477e-01 4.76765714e-02 -1.94134931e+01
6.10314238e-05 -7.19988824e+02 6.78610034e+01 2.62697884e-01 4.73237987e-02 -1.94227446e+01
6.16330696e-05 -7.19977897e+02 6.94537063e+01 2.94717891e-01 4.63471907e-02 -1.93549952e+01
6.18451186e-05 -7.19975271e+02 6.99512936e+01 2.55486561e-01 4.47483396e-02 -1.93634596e+01
6.23322082e-05 -7.19955646e+02 6.89959273e+01 2.60139359e-01 4.57676448e-02 -1.93894823e+01
6.27903816e-05 -7.19953873e+02 6.67384476e+01 2.47513343e-01 4.96660223e-02 -1.94676774e+01
6.35997528e-05 -7.19923603e+02 6.80983993e+01 2.76589393e-01 4.87528832e-02 -1.94220700e+01
6.44832790e-05 -7.19919400e+02 6.92797443e+01 2.62869562e-01 4.56349336e-02 -1.93727181e+01
6.45424687e-05 -7.19915113e+02 6.79398416e+01 2.70258036e-01 4.86690571e-02 -1.94081928e+01
6.53015757e-05 -7.19889518e+02 6.91748713e+01 2.30493156e-01 4.70108736e-02 -1.94016908e+01
6.59969222e-05 -7.19887111e+02 6.69885982e+01 2.68649214e-01 4.97990752e-02 -1.94432866e+01
6.59775344e-05 -7.19883452e+02 6.92391470e+01 2.65807552e-01 4.56956746e-02 -1.93727936e+01
6.58805783e-05 -7.19883393e+02 6.71249598e+01 2.69444641e-01 4.87992813e-02 -1.94399443e+01
6.61108050e-05 -7.19869865e+02 6.74922684e+01 2.63472253e-01 4.84505688e-02 -1.94473078e+01
6.71265232e-05 -7.19846336e+02 6.75957136e+01 2.66791379e-01 4.96496057e-02 -1.94305546e+01
6.81714362e-05 -7.19832228e+02 6.71187634e+01 2.44233223e-01 4.91099853e-02 -1.94482783e+01
6.85913005e-05 -7.19827357e+02 6.84083675e+01 2.70530130e-01 4.67614686e-02 -1.94142398e+01
6.91050729e-05 -7.19810711e+02 6.95216154e+01 2.79013078e-01 4.65959393e-02 -1.93795461e+01
6.96103534e-05 -7.19806067e+02 6.82420641e+01 2.74161481e-01 4.72552942e-02 -1.94208396e+01
6.95860204e-05 -7.19804750e+02 6.87959360e+01 2.73492417e-01 4.75441928e-02 -1.94049710e+01
6.94059773e-05 -7.19804592e+02 6.81952107e+01 2.55954516e-01 4.75038033e-02 -1.94295014e+01
7.06562390e-05 -7.19762823e+02 6.69408136e+01 2.43366301e-01 4.99638050e-02 -1.94590059e+01
7.19328273e-05 -7.19761688e+02 6.95783635e+01 2.61392740e-01 4.67777257e-02 -1.93820832e+01
7.20320101e-05 -7.19753429e+02 6.78226634e+01 2.83494865e-01 4.77219964e-02 -1.94272469e+01
7.21530938e-05 -7.19751657e+02 7.10626378e+01 2.66416385e-01 4.40623869e-02 -1.93277098e+01
7.26135520e-05 -7.19734126e+02 6.98505535e+01 2.74567162e-01 4.58817501e-02 -1.93471145e+01
7.30456490e-05 -7.19733059e+02 7.05964768e+01 2.91884630e-01 4.48033055e-02 -1.93344906e+01
7.29094492e-05 -7.19731204e+02 7.02736865e+01 2.82773800e-01 4.50333053e-02 -1.93528657e+01
7.28784419e-05 -7.19727257e+02 6.96685164e+01 2.98235284e-01 4.54565910e-02 -1.93542522e+01
7.31013959e-05 -7.19718455e+02 7.02347453e+01 2.45479798e-01 4.50723353e-02 -1.93486595e+01
7.31871811e-05 -7.19718237e+02 6.68742800e+01 2.59411741e-01 4.97589963e-02 -1.94644653e+01
7.31623316e-05 -7.19712487e+02 6.95331054e+01 2.88356293e-01 4.53314521e-02 -1.93658418e+01
7.32713562e-05 -7.19708598e+02 6.92856763e+01 2.92167745e-01 4.59285015e-02 -1.93633523e+01
7.36320014e-05 -7.19696047e+02 6.89720253e+01 2.61261035e-01 4.61268440e-02 -1.94010879e+01
7.54512208e-05 -7.19653542e+02 6.75899058e+01 2.31768758e-01 4.84469358e-02 -1.94485263e+01
7.83246659e-05 -7.19614567e+02 7.05809794e+01 2.51715253e-01 4.45424479e-02 -1.93383120e+01
8.06815912e-05 -7.19587395e+02 6.73169291e+01 2.68837641e-01 4.82516921e-02 -1.94405457e+01
8.21878933e-05 -7.19570800e+02 6.72740817e+01 2.44444140e-01 4.95391504e-02 -1.94431293e+01
8.26541711e-05 -7.19569357e+02 6.93128004e+01 2.76215538e-01 4.66049025e-02 -1.93623688e+01
8.25604600e-05 -7.19566415e+02 7.10749055e+01 2.67024815e-01 4.45287903e-02 -1.93229276e+01
8.25245062e-05 -7.19563572e+02 6.80154977e+01 2.41311653e-01 4.73104006e-02 -1.94300543e+01
8.42642866e-05 -7.19518539e+02 6.96033722e+01 2.67554291e-01 4.57534564e-02 -1.93816908e+01
8.61305135e-05 -7.19512607e+02 6.94109897e+01 2.55628261e-01 4.69202577e-02 -1.93896342e+01
8.70312475e-05 -7.19491182e+02 7.02409678e+01 2.72411261e-01 4.60314595e-02 -1.93437695e+01
8.86855296e-05 -7.19468309e+02 6.97648929e+01 2.68916850e-01 4.50518843e-02 -1.93583244e+01
8.95318773e-05 -7.19465402e+02 6.70042474e+01 2.47259658e-01 4.91803610e-02 -1.94530557e+01
8.99304262e-05 -7.19452808e+02 6.89559047e+01 2.70271192e-01 4.73227113e-02 -1.94009152e+01
9.01975166e-05 -7.19452776e+02 6.97414440e+01 2.63248209e-01 4.63205737e-02 -1.93778530e+01
9.21781934e-05 -7.19403320e+02 6.74401002e+01 2.67401538e-01 4.86952169e-02 -1.94266427e+01
9.47256378e-05 -7.19391024e+02 6.90773293e+01 2.25005810e-01 4.68928862e-02 -1.93963593e+01
9.52408405e-05 -7.19385785e+02 6.82292129e+01 2.49917717e-01 4.72097234e-02 -1.94085161e+01
9.52150005e-05 -7.19384905e+02 6.90368575e+01 2.57791023e-01 4.58971321e-02 -1.93968810e+01
9.54935795e-05 -7.19373320e+02 6.90118496e+01 2.28369033e-01 4.73277643e-02 -1.94030467e+01
9.57715580e-05 -7.19372402e+02 6.95317018e+01 2.30578298e-01 4.62159656e-02 -1.93900721e+01
9.55610077e-05 -7.19371066e+02 6.89153361e+01 2.98354715e-01 4.76324467e-02 -1.93801379e+01
9.54814276e-05 -7.19367416e+02 6.82460472e+01 3.07821487e-01 4.78022393e-02 -1.93991142e+01
9.57441829e-05 -7.19358929e+02 6.76029066e+01 2.92572783e-01 4.92478184e-02 -1.94221404e+01
9.62668739e-05 -7.19349874e+02 7.00798097e+01 2.32351392e-01 4.56574404e-02 -1.93636261e+01
9.88999420e-05 -7.19298933e+02 6.83813375e+01 2.72488187e-01 4.66263561e-02 -1.94073208e+01
1.01640006e-04 -7.19287943e+02 6.90371343e+01 2.82840114e-01 4.77281919e-02 -1.93837305e+01
1.02115570e-04 -7.19282918e+02 6.89978079e+01 2.33990744e-01 4.67620493e-02 -1.93899350e+01
1.02158025e-04 -7.19280451e+02 6.78046741e+01 2.96231079e-01 4.88248958e-02 -1.94115008e+01
1.03192086e-04 -7.19256264e+02 7.02418220e+01 2.40476596e-01 4.58095860e-02 -1.93570244e+01
1.04404696e-04 -7.19250293e+02 6.77364179e+01 2.87577151e-01 4.77749086e-02 -1.94195914e+01
1.05066046e-04 -7.19237015e+02 6.90469018e+01 2.75445651e-01 4.60037411e-02 -1.93923583e+01
1.06668084e-04 -7.19213467e+02 7.04094109e+01 2.93474166e-01 4.49846918e-02 -1.93332186e+01
1.07742633e-04 -7.19210177e+02 6.79127237e+01 2.43826771e-01 4.74933720e-02 -1.94262543e+01
1.08453322e-04 -7.19193727e+02 6.81425523e+01 2.52767744e-01 4.89541147e-02 -1.94188447e+01
1.10429372e-04 -7.19167513e+02 6.93795044e+01 2.98984571e-01 4.64277384e-02 -1.93736134e+01
1.11910290e-04 -7.19160270e+02 7.03494568e+01 2.83245614e-01 4.53560538e-02 -1.93336832e+01
1.13663854e-04 -7.19129977e+02 6.90831014e+01 3.01183567e-01 4.62425363e-02 -1.93716376e+01
1.16482516e-04 -7.19104555e+02 6.91193265e+01 2.99836006e-01 4.63715804e-02 -1.93675443e+01
1.18071222e-04 -7.19096085e+02 7.01317861e+01 2.33354935e-01 4.55948617e-02 -1.93657021e+01
1.18314314e-04 -7.19093769e+02 6.96660742e+01 2.87636496e-01 4.55400857e-02 -1.93690367e+01
1.18237159e-04 -7.19090735e+02 6.99482997e+01 2.85370261e-01 4.63676128e-02 -1.93514242e+01
1.18348741e-04 -7.19085232e+02 6.77997254e+01 2.58707232e-01 4.92925782e-02 -1.94326613e+01
1.19130709e-04 -7.19070951e+02 6.96533441e+01 2.30105352e-01 4.61456782e-02 -1.93757595e+01
1.19764189e-04 -7.19067921e+02 6.99169975e+01 2.37067709e-01 4.54518587e-02 -1.93635719e+01
1.20599991e-04 -7.19050461e+02 6.96054739e+01 2.62404424e-01 4.55205637e-02 -1.93811417e+01
1.22398847e-04 -7.19031666e+02 6.79776132e+01 2.85108575e-01 4.78198235e-02 -1.94237623e+01
1.23185611e-04 -7.19030902e+02 6.79100399e+01 2.49806049e-01 4.82275073e-02 -1.94164925e+01
1.22905460e-04 -7.19029565e+02 6.75236882e+01 2.53139246e-01 4.96183823e-02 -1.94391898e+01
1.22854531e-04 -7.19025080e+02 6.98712841e+01 2.58131258e-01 4.49833511e-02 -1.93591771e+01
1.24234704e-04 -7.19000709e+02 6.96549103e+01 2.76350239e-01 4.67001165e-02 -1.93569302e+01
1.26131776e-04 -7.18988007e+02 6.69821716e+01 2.60683258e-01 4.96955593e-02 -1.94600784e+01
1.27625937e-04 -7.18970537e+02 6.84550779e+01 2.54128620e-01 4.85614059e-02 -1.94092755e+01
1.29401208e-04 -7.18953718e+02 6.92324148e+01 2.40261412e-01 4.60790678e-02 -1.93816420e+01
1.31217551e-04 -7.18936011e+02 6.79888338e+01 2.90922371e-01 4.77278760e-02 -1.94192832e+01
1.32779449e-04 -7.18923358e+02 6.77538426e+01 2.39717862e-01 4.90300037e-02 -1.94304876e+01
1.33356257e-04 -7.18920648e+02 6.89995754e+01 2.61423408e-01 4.59857484e-02 -1.93971333e+01
1.33538549e-04 -7.18913980e+02 6.85120392e+01 2.62911137e-01 4.64971580e-02 -1.94086369e+01
1.33883563e-04 -7.18908827e+02 6.95318575e+01 2.46642063e-01 4.70167004e-02 -1.93758551e+01
1.34256237e-04 -7.18901771e+02 6.88760366e+01 2.43613423e-01 4.67488118e-02 -1.94106851e+01
1.35126785e-04 -7.18889272e+02 6.86896819e+01 2.39650804e-01 4.77820174e-02 -1.93983336e+01
1.37333367e-04 -7.18862855e+02 7.01852465e+01 2.93476409e-01 4.54237884e-02 -1.93380791e+01
1.39225849e-04 -7.18855085e+02 6.77593955e+01 2.62323566e-01 4.88338951e-02 -1.94389645e+01
1.39339664e-04 -7.18854550e+02 6.91005664e+01 2.42603024e-01 4.67547517e-02 -1.93819150e+01
1.39297906e-04 -7.18849036e+02 6.88056519e+01 3.05600529e-01 4.68895214e-02 -1.93790528e+01
1.39634713e-04 -7.18843066e+02 6.73095006e+01 2.54091913e-01 4.86595377e-02 -1.94386305e+01
1.40735992e-04 -7.18826726e+02 6.75561862e+01 2.46565230e-01 4.93426182e-02 -1.94343659e+01
1.42753795e-04 -7.18807960e+02 6.86683813e+01 2.79690757e-01 4.63302472e-02 -1.93938168e+01
1.45156739e-04 -7.18786710e+02 6.89796822e+01 2.86123911e-01 4.60742543e-02 -1.93786415e+01
1.46509449e-04 -7.18782644e+02 6.89117416e+01 2.27105534e-01 4.68297502e-02 -1.94078369e+01
1.47040739e-04 -7.18772835e+02 6.88287905e+01 2.53463495e-01 4.66204547e-02 -1.93867217e+01
1.47302376e-04 -7.18772409e+02 6.90473094e+01 2.50683722e-01 4.76130677e-02 -1.93853781e+01
1.46857483e-04 -7.18772229e+02 6.88097589e+01 2.97075253e-01 4.67211910e-02 -1.93913479e+01
1.46811820e-04 -7.18766384e+02 6.97219227e+01 2.46839406e-01 4.61864723e-02 -1.93623479e+01
1.48343009e-04 -7.18744929e+02 6.85888644e+01 2.64945453e-01 4.83913763e-02 -1.94025615e+01
1.50221391e-04 -7.18734475e+02 7.08696193e+01 2.56816682e-01 4.44843978e-02 -1.93308081e+01
1.52173420e-04 -7.18712545e+02 6.89502466e+01 2.33007273e-01 4.73081675e-02 -1.93944115e+01
1.53946338e-04 -7.18704548e+02 7.02332086e+01 2.58491274e-01 4.57249400e-02 -1.93447719e+01
1.55909241e-04 -7.18680676e+02 6.70448508e+01 2.59713143e-01 4.99272527e-02 -1.94550953e+01
1.57485595e-04 -7.18677633e+02 6.85673740e+01 2.84054376e-01 4.65783382e-02 -1.94003216e+01
1.57520224e-04 -7.18673583e+02 6.98954032e+01 2.49694016e-01 4.50143601e-02 -1.93632216e+01
1.58153511e-04 -7.18662977e+02 6.91059766e+01 2.80470603e-01 4.75647030e-02 -1.93761110e+01
1.58737142e-04 -7.18659535e+02 6.73293524e+01 2.87908308e-01 4.93826053e-02 -1.94308672e+01
1.59266061e-04 -7.18649689e+02 7.08784031e+01 2.76827470e-01 4.46222409e-02 -1.93277620e+01
1.60311821e-04 -7.18639790e+02 6.88793829e+01 2.36500980e-01 4.76146021e-02 -1.93964722e+01
1.60814872e-04 -7.18636745e+02 6.73044257e+01 2.60479703e-01 4.89888546e-02 -1.94523082e+01
1.60620401e-04 -7.18635553e+02 6.77104976e+01 2.78748832e-01 4.86168505e-02 -1.94148160e+01
1.62863218e-04 -7.18602627e+02 6.90745314e+01 2.75939640e-01 4.76829580e-02 -1.93803847e+01
1.67134964e-04 -7.18577008e+02 6.90064947e+01 2.30818067e-01 4.65326401e-02 -1.93951739e+01
1.69389228e-04 -7.18569028e+02 6.87538229e+01 2.65650516e-01 4.64425330e-02 -1.94053501e+01
1.69826702e-04 -7.18565182e+02 6.93203726e+01 2.32301784e-01 4.67099561e-02 -1.93952400e+01
1.69637023e-04 -7.18564604e+02 6.88793159e+01 2.45327904e-01 4.72028324e-02 -1.94100780e+01
1.70274835e-04 -7.18551066e+02 6.79631278e+01 2.66959049e-01 4.81946296e-02 -1.94322972e+01
1.71350857e-04 -7.18545312e+02 6.88221710e+01 2.95152068e-01 4.73067089e-02 -1.93764338e+01
1.72064428e-04 -7.18536112e+02 6.77125364e+01 2.40674089e-01 4.90820278e-02 -1.94414721e+01
1.73939208e-04 -7.18517052e+02 6.84672817e+01 2.39021855e-01 4.81006187e-02 -1.94069273e+01
1.76605999e-04 -7.18499016e+02 7.03116492e+01 2.49314503e-01 4.57887836e-02 -1.93536173e+01
1.79242095e-04 -7.18480766e+02 6.92042117e+01 2.61032277e-01 4.74073772e-02 -1.93902079e+01
1.81513972e-04 -7.18467133e+02 6.89009510e+01 3.04537020e-01 4.72262881e-02 -1.93788441e+01
1.82997657e-04 -7.18457805e+02 6.94089380e+01 2.47219336e-01 4.57630803e-02 -1.93899632e+01
1.83412307e-04 -7.18455930e+02 6.82457663e+01 2.64586242e-01 4.87875285e-02 -1.94138173e+01
1.84056952e-04 -7.18444166e+02 6.93576832e+01 2.99140681e-01 4.67664710e-02 -1.93700872e+01
1.86583212e-04 -7.18422098e+02 6.92030947e+01 2.30033059e-01 4.69992073e-02 -1.93935684e+01
1.91421589e-04 -7.18386503e+02 6.95297010e+01 2.86435180e-01 4.54390784e-02 -1.93653716e+01
1.94727404e-04 -7.18380888e+02 7.04360885e+01 2.64411502e-01 4.54034254e-02 -1.93515138e+01
1.95485580e-04 -7.18372087e+02 6.75208794e+01 2.41808509e-01 4.82959038e-02 -1.94404449e+01
1.95700196e-04 -7.18372019e+02 6.78278992e+01 2.57532545e-01 4.80042113e-02 -1.94378754e+01
1.95424951e-04 -7.18368250e+02 7.02014061e+01 2.50308042e-01 4.58529612e-02 -1.93514047e+01
1.95228428e-04 -7.18367372e+02 6.77091444e+01 2.82688785e-01 4.92105275e-02 -1.94207114e+01
1.95369306e-04 -7.18360164e+02 6.70615829e+01 2.75194261e-01 4.95819686e-02 -1.94419052e+01
1.96602846e-04 -7.18348152e+02 7.03893099e+01 2.79513734e-01 4.49778719e-02 -1.93480915e+01
1.97437272e-04 -7.18345005e+02 6.88643981e+01 2.38632863e-01 4.70034463e-02 -1.93921398e+01
1.97220201e-04 -7.18343694e+02 7.06516765e+01 2.80972331e-01 4.49182780e-02 -1.93360031e+01
1.97646720e-04 -7.18334051e+02 6.71918968e+01 2.67727571e-01 4.97476470e-02 -1.94406922e+01
1.98772118e-04 -7.18325677e+02 6.99772892e+01 2.77824251e-01 4.54125670e-02 -1.93637781e+01
1.99736924e-04 -7.18317710e+02 6.88429767e+01 2.60253242e-01 4.62379164e-02 -1.94022922e+01
2.00727058e-04 -7.18309134e+02 6.98484950e+01 2.50583718e-01 4.64300549e-02 -1.93723940e+01
2.01173454e-04 -7.18306595e+02 6.86738252e+01 2.64719872e-01 4.70317127e-02 -1.94113410e+01
2.00857377e-04 -7.18305622e+02 6.72526513e+01 2.72499423e-01 4.85924489e-02 -1.94436299e+01
2.00879495e-04 -7.18299727e+02 6.92424374e+01 2.93485846e-01 4.65863219e-02 -1.93804276e+01
2.01095189e-04 -7.18296814e+02 6.84331779e+01 2.37391774e-01 4.82726625e-02 -1.94174334e+01
2.01612381e-04 -7.18287952e+02 6.86631327e+01 2.83162645e-01 4.70759736e-02 -1.94042026e+01
2.02032567e-04 -7.18285975e+02 6.85744275e+01 2.31342440e-01 4.73926217e-02 -1.94068236e+01
2.02050264e-04 -7.18281126e+02 6.99087839e+01 2.70601829e-01 4.58810263e-02 -1.93691911e+01
2.03233215e-04 -7.18267684e+02 6.82082325e+01 2.99233389e-01 4.75308786e-02 -1.94054971e+01
2.03943202e-04 -7.18267451e+02 6.94655058e+01 2.31043155e-01 4.59792904e-02 -1.93862986e+01
2.04238943e-04 -7.18258152e+02 7.03834229e+01 2.44478529e-01 4.49533156e-02 -1.93490856e+01
2.08003145e-04 -7.18224531e+02 6.90603297e+01 2.67112984e-01 4.63266239e-02 -1.93753402e+01
2.10987706e-04 -7.18222721e+02 6.76882097e+01 2.35563598e-01 4.89356757e-02 -1.94419923e+01
2.10493815e-04 -7.18222562e+02 6.88926023e+01 2.73089161e-01 4.70755436e-02 -1.93772528e+01
2.10477162e-04 -7.18216234e+02 6.84970590e+01 2.70339721e-01 4.66940492e-02 -1.93964408e+01
2.11297732e-04 -7.18208131e+02 6.95309788e+01 2.52740247e-01 4.67672787e-02 -1.93842680e+01
2.12072264e-04 -7.18202253e+02 6.78673664e+01 2.33908541e-01 4.79962516e-02 -1.94318179e+01
2.14001484e-04 -7.18183443e+02 6.92814346e+01 2.92308973e-01 4.60156761e-02 -1.93655671e+01
2.16728111e-04 -7.18170231e+02 6.85768970e+01 2.42929910e-01 4.75379456e-02 -1.93989065e+01
2.21934855e-04 -7.18129674e+02 6.69995118e+01 2.77890771e-01 4.94479645e-02 -1.94488137e+01
2.26324103e-04 -7.18124004e+02 6.94257403e+01 2.95479741e-01 4.62935520e-02 -1.93588869e+01
2.26328390e-04 -7.18122973e+02 7.03810915e+01 2.72031388e-01 4.53861543e-02 -1.93508931e+01
2.26272752e-04 -7.18117846e+02 7.01139253e+01 2.42628399e-01 4.55700981e-02 -1.93557056e+01
2.27122753e-04 -7.18108832e+02 6.71278521e+01 2.55571434e-01 4.92583164e-02 -1.94566463e+01
2.28375436e-04 -7.18100188e+02 6.85045267e+01 2.92583764e-01 4.81349050e-02 -1.93938694e+01
2.29058719e-04 -7.18096187e+02 7.04242637e+01 2.53584687e-01 4.50060187e-02 -1.93420454e+01
2.31171780e-04 -7.18075273e+02 6.98755566e+01 2.85736175e-01 4.51354482e-02 -1.93558383e+01
2.33500540e-04 -7.18069384e+02 6.74585373e+01 2.92562377e-01 4.88293165e-02 -1.94275573e+01
2.34179788e-04 -7.18062810e+02 6.98588449e+01 2.33345775e-01 4.58642054e-02 -1.93733360e+01
2.35173130e-04 -7.18054271e+02 7.04380123e+01 2.52869462e-01 4.47726786e-02 -1.93436784e+01
2.36122316e-04 -7.18048090e+02 6.79677385e+01 2.76138453e-01 4.88360756e-02 -1.94237957e+01
2.38161459e-04 -7.18030485e+02 6.86891365e+01 2.27795089e-01 4.71172495e-02 -1.94101813e+01
2.41003849e-04 -7.18017670e+02 7.04501274e+01 2.60257037e-01 4.55444512e-02 -1.93426699e+01
2.41886825e-04 -7.18016475e+02 7.06634178e+01 2.71838800e-01 4.46306406e-02 -1.93312913e+01
2.42604743e-04 -7.18005119e+02 6.88109053e+01 2.91799309e-01 4.74110475e-02 -1.93936272e+01
2.44271709e-04 -7.17996112e+02 7.01551170e+01 2.78490626e-01 4.52145614e-02 -1.93565871e+01
2.47290106e-04 -7.17974003e+02 6.89862521e+01 2.54951894e-01 4.62127677e-02 -1.93845114e+01
2.51560685e-04 -7.17955179e+02 6.69984224e+01 2.67117945e-01 4.98221593e-02 -1.94497148e+01
2.53121255e-04 -7.17954890e+02 6.92950022e+01 2.61381072e-01 4.56370061e-02 -1.93767964e+01
2.53143449e-04 -7.17948358e+02 6.74506174e+01 2.61501704e-01 4.94125496e-02 -1.94442362e+01
2.54440311e-04 -7.17938031e+02 7.05015509e+01 2.49624877e-01 4.51973258e-02 -1.93439910e+01
2.55959437e-04 -7.17929788e+02 6.88861650e+01 2.47499116e-01 4.73649924e-02 -1.93879617e+01
2.57596510e-04 -7.17918638e+02 6.91174916e+01 2.30935340e-01 4.69167997e-02 -1.94001533e+01
2.59652556e-04 -7.17907234e+02 6.85991339e+01 2.52327480e-01 4.68271741e-02 -1.94147201e+01
2.61281028e-04 -7.17899461e+02 6.93698018e+01 2.34207706e-01 4.63947947e-02 -1.93815316e+01
2.61451157e-04 -7.17899261e+02 6.75628549e+01 2.75215244e-01 4.82000891e-02 -1.94359548e+01
2.61788673e-04 -7.17890245e+02 6.79729327e+01 2.57742108e-01 4.74940335e-02 -1.94297027e+01
2.64136371e-04 -7.17874789e+02 6.87731431e+01 2.71168504e-01 4.80421855e-02 -1.93960819e+01
2.65547932e-04 -7.17872871e+02 6.72683840e+01 2.78245527e-01 4.88823827e-02 -1.94435452e+01
2.65953972e-04 -7.17865092e+02 7.07189837e+01 2.60488360e-01 4.50050544e-02 -1.93378598e+01
2.66657136e-04 -7.17860924e+02 7.03822811e+01 2.81102870e-01 4.54339767e-02 -1.93372218e+01
2.69535133e-04 -7.17837104e+02 7.04224780e+01 2.81450292e-01 4.47716450e-02 -1.93423673e+01
2.71936743e-04 -7.17836385e+02 6.97057525e+01 2.63791966e-01 4.53855714e-02 -1.93751850e+01
2.71541483e-04 -7.17833359e+02 6.78304814e+01 2.94394742e-01 4.82520588e-02 -1.94200976e+01
2.71597574e-04 -7.17829318e+02 6.86356247e+01 2.81113942e-01 4.67870694e-02 -1.93867015e+01
2.72170896e-04 -7.17822494e+02 6.77535071e+01 2.36792973e-01 4.81104387e-02 -1.94356890e+01
2.72245963e-04 -7.17822100e+02 6.75851842e+01 2.54770315e-01 4.87787716e-02 -1.94453370e+01
2.74622112e-04 -7.17798596e+02 6.91464570e+01 2.47508153e-01 4.74423479e-02 -1.93863200e+01
2.78259380e-04 -7.17789014e+02 7.04892801e+01 2.80483188e-01 4.53136476e-02 -1.93374084e+01
2.83702419e-04 -7.17753489e+02 6.79235678e+01 2.54123766e-01 4.74800332e-02 -1.94236837e+01
2.88872367e-04 -7.17745939e+02 6.94146893e+01 2.42896312e-01 4.66405295e-02 -1.93750133e+01
2.89005314e-04 -7.17745899e+02 6.75783579e+01 2.74340380e-01 4.83540399e-02 -1.94232939e+01
2.89416444e-04 -7.17736462e+02 6.90679142e+01 2.32966915e-01 4.66379859e-02 -1.94026721e+01
2.91024396e-04 -7.17728157e+02 6.92673432e+01 2.79053325e-01 4.72188551e-02 -1.93704807e+01
2.93185272e-04 -7.17715037e+02 7.00782140e+01 2.79032256e-01 4.57793709e-02 -1.93579504e+01
2.94608376e-04 -7.17711777e+02 6.85828492e+01 2.73106432e-01 4.65574074e-02 -1.93950811e+01
2.94112492e-04 -7.17711748e+02 7.00280364e+01 2.55412862e-01 4.49183196e-02 -1.93622245e+01
2.93580344e-04 -7.17708746e+02 6.79470996e+01 2.54244037e-01 4.89585074e-02 -1.94204648e+01
2.94115396e-04 -7.17701462e+02 7.01690476e+01 2.43342424e-01 4.50571750e-02 -1.93584910e+01
2.95619193e-04 -7.17691900e+02 6.92876629e+01 2.33931151e-01 4.69163038e-02 -1.93913931e+01
2.96594673e-04 -7.17688198e+02 6.87146099e+01 3.02002932e-01 4.73774961e-02 -1.93843697e+01
2.97092785e-04 -7.17681895e+02 6.98471389e+01 2.85190717e-01 4.56500366e-02 -1.93637064e+01
2.97444127e-04 -7.17679171e+02 6.73488369e+01 2.80679123e-01 4.86192928e-02 -1.94371121e+01
2.98005983e-04 -7.17671478e+02 6.89379926e+01 2.74403847e-01 4.60689182e-02 -1.93903093e+01
3.00592376e-04 -7.17655283e+02 6.84565935e+01 2.90563100e-01 4.71026890e-02 -1.93916220e+01
3.02283541e-04 -7.17653537e+02 6.84844321e+01 2.33047695e-01 4.79608952e-02 -1.94171080e+01
3.01816225e-04 -7.17651722e+02 6.95385542e+01 2.67396811e-01 4.63843345e-02 -1.93819248e+01
3.02914658e-04 -7.17639651e+02 6.77529668e+01 2.46983178e-01 4.81573269e-02 -1.94409879e+01
3.04337826e-04 -7.17635659e+02 6.84149530e+01 2.61612881e-01 4.70395062e-02 -1.94173035e+01
3.04817754e-04 -7.17629848e+02 6.75378869e+01 2.87231489e-01 4.88484734e-02 -1.94320639e+01
3.05654368e-04 -7.17623523e+02 6.83866973e+01 2.46096625e-01 4.69110770e-02 -1.94174702e+01
3.06679764e-04 -7.17616497e+02 6.96426306e+01 2.57638698e-01 4.55161285e-02 -1.93793037e+01
3.10124052e-04 -7.17594638e+02 6.87458830e+01 2.81868838e-01 4.65683418e-02 -1.93982603e+01
3.15278716e-04 -7.17576832e+02 6.75072868e+01 2.87441295e-01 4.88427375e-02 -1.94243035e+01
3.18479743e-04 -7.17567720e+02 6.82066540e+01 2.95153259e-01 4.78736483e-02 -1.93982274e+01
3.21675180e-04 -7.17550265e+02 6.80581063e+01 2.73719109e-01 4.80126897e-02 -1.94256670e+01
3.28279143e-04 -7.17520565e+02 6.84940572e+01 2.95035488e-01 4.70861551e-02 -1.93912887e+01
3.34847123e-04 -7.17503839e+02 6.85552176e+01 2.55734139e-01 4.68213674e-02 -1.93976649e+01
3.39241599e-04 -7.17487827e+02 6.81262315e+01 2.90926041e-01 4.74375633e-02 -1.94076735e+01
3.41626417e-04 -7.17483114e+02 6.98491650e+01 2.42721677e-01 4.53272576e-02 -1.93721734e+01
3.41767794e-04 -7.17480340e+02 6.96311120e+01 2.88137920e-01 4.54889044e-02 -1.93629614e+01
3.41159455e-04 -7.17480020e+02 7.04270760e+01 2.51781575e-01 4.51268193e-02 -1.93539961e+01
3.41435455e-04 -7.17472083e+02 6.96577526e+01 2.77624017e-01 4.58038526e-02 -1.93551951e+01
3.44411604e-04 -7.17456055e+02 7.05852312e+01 2.78011757e-01 4.50375842e-02 -1.93359925e+01
3.48463739e-04 -7.17442019e+02 6.82358078e+01 2.53316256e-01 4.83142746e-02 -1.94075378e+01
3.50087447e-04 -7.17440054e+02 6.86550328e+01 2.67653160e-01 4.72221775e-02 -1.93871411e+01
3.50005900e-04 -7.17435833e+02 6.80621420e+01 2.59787721e-01 4.85762304e-02 -1.94280713e+01
3.52393101e-04 -7.17419863e+02 6.98129399e+01 2.49549672e-01 4.61410824e-02 -1.93610085e+01
3.54158186e-04 -7.17419121e+02 6.84879659e+01 2.37562328e-01 4.78728581e-02 -1.94196843e+01
3.53501139e-04 -7.17416922e+02 6.74455345e+01 2.68423189e-01 4.93310592e-02 -1.94309636e+01
3.52927526e-04 -7.17415712e+02 6.84242373e+01 2.52573130e-01 4.70634362e-02 -1.94192252e+01
3.53335564e-04 -7.17407970e+02 6.97444902e+01 2.69407994e-01 4.53622484e-02 -1.93576880e+01
3.55264562e-04 -7.17398177e+02 6.81930305e+01 2.78148775e-01 4.86052981e-02 -1.94135534e+01
3.55917902e-04 -7.17397616e+02 6.80689979e+01 2.72973944e-01 4.88382833e-02 -1.94125237e+01
3.56303053e-04 -7.17389375e+02 6.85064988e+01 2.56930500e-01 4.74920827e-02 -1.94179990e+01
3.56888124e-04 -7.17387663e+02 6.75224895e+01 2.70453843e-01 4.89354368e-02 -1.94410286e+01
3.57595336e-04 -7.17378779e+02 6.91111067e+01 2.99317866e-01 4.69379956e-02 -1.93760219e+01
3.58303622e-04 -7.17377031e+02 6.93263553e+01 2.39301986e-01 4.58900907e-02 -1.93873979e+01
3.58498883e-04 -7.17371042e+02 6.89733792e+01 2.86303680e-01 4.61992776e-02 -1.93805257e+01
3.60402925e-04 -7.17359804e+02 6.86410259e+01 2.78671832e-01 4.81236703e-02 -1.93952286e+01
3.64881004e-04 -7.17339758e+02 6.84404423e+01 2.37172429e-01 4.70873755e-02 -1.94126400e+01
3.68227497e-04 -7.17334795e+02 6.73639125e+01 2.80593434e-01 4.93023403e-02 -1.94325326e+01
3.68562836e-04 -7.17331279e+02 6.98549999e+01 2.62973666e-01 4.64820296e-02 -1.93605957e+01
3.68037247e-04 -7.17330990e+02 6.77229473e+01 2.90901221e-01 4.82157950e-02 -1.94205115e+01
3.66988232e-04 -7.17330332e+02 6.82909978e+01 2.64145196e-01 4.86173922e-02 -1.94131111e+01
3.68969686e-04 -7.17313635e+02 6.88913488e+01 2.51234562e-01 4.67248249e-02 -1.93866178e+01
3.72760571e-04 -7.17303191e+02 7.01899999e+01 2.50044503e-01 4.57969182e-02 -1.93594686e+01
3.74140610e-04 -7.17299564e+02 6.86421255e+01 2.77300739e-01 4.72057719e-02 -1.94064823e+01
3.77423386e-04 -7.17279164e+02 6.92952832e+01 2.43697593e-01 4.64879349e-02 -1.93953724e+01
3.80063504e-04 -7.17278863e+02 6.79431209e+01 2.57547355e-01 4.75017300e-02 -1.94279158e+01
3.80282278e-04 -7.17271371e+02 7.04673401e+01 2.68884603e-01 4.53480914e-02 -1.93389445e+01
3.80770780e-04 -7.17269627e+02 6.91298852e+01 2.43672949e-01 4.72903295e-02 -1.93962162e+01
3.80786745e-04 -7.17264637e+02 6.92260112e+01 2.35370537e-01 4.61729459e-02 -1.93931613e+01
3.83149294e-04 -7.17250644e+02 6.74394961e+01 2.66795399e-01 4.94537930e-02 -1.94397158e+01
3.87077543e-04 -7.17237575e+02 6.82100731e+01 2.53649095e-01 4.79610110e-02 -1.94068909e+01
3.88796921e-04 -7.17235083e+02 6.79498055e+01 2.42976076e-01 4.87294028e-02 -1.94245887e+01
3.88747029e-04 -7.17231178e+02 6.97639788e+01 2.68838459e-01 4.58912713e-02 -1.93736578e+01
3.89772443e-04 -7.17223171e+02 6.75507453e+01 2.88003820e-01 4.85809932e-02 -1.94248446e+01
3.91401127e-04 -7.17216179e+02 6.90890130e+01 2.67879661e-01 4.58873141e-02 -1.93841507e+01
3.92517043e-04 -7.17210816e+02 6.88660799e+01 2.40078293e-01 4.75088994e-02 -1.93955530e+01
3.93480629e-04 -7.17204622e+02 7.00540019e+01 2.39932267e-01 4.56781658e-02 -1.93639413e+01
3.94396021e-04 -7.17199510e+02 6.84696730e+01 2.61630351e-01 4.76277881e-02 -1.93952834e+01
3.95188921e-04 -7.17193951e+02 6.72432126e+01 2.63931305e-01 4.93855325e-02 -1.94394682e+01
3.95050997e-04 -7.17193545e+02 6.96445077e+01 2.96577406e-01 4.61539192e-02 -1.93583263e+01
3.94100432e-04 -7.17192114e+02 6.75089988e+01 2.82801934e-01 4.84123086e-02 -1.94297920e+01
3.94279382e-04 -7.17185990e+02 6.79012942e+01 2.72077905e-01 4.84295168e-02 -1.94115970e+01
3.94771367e-04 -7.17182957e+02 6.79696672e+01 2.72720840e-01 4.86503096e-02 -1.94259633e+01
3.94327455e-04 -7.17181583e+02 6.73965057e+01 2.66111086e-01 4.94619585e-02 -1.94416471e+01
3.93305675e-04 -7.17181490e+02 6.72870134e+01 2.50378141e-01 4.94414839e-02 -1.94490921e+01
3.92049746e-04 -7.17181324e+02 6.85128662e+01 2.64655127e-01 4.82979426e-02 -1.94075719e+01
3.91563705e-04 -7.17177320e+02 6.78164677e+01 2.49946986e-01 4.80592392e-02 -1.94380014e+01
3.93116027e-04 -7.17166779e+02 6.92311702e+01 2.64909801e-01 4.69527993e-02 -1.93912479e+01
3.94394293e-04 -7.17164146e+02 6.97347309e+01 2.58580093e-01 4.63937369e-02 -1.93754519e+01
3.94225198e-04 -7.17160982e+02 6.92683510e+01 2.73789758e-01 4.63090072e-02 -1.93674390e+01
3.94200684e-04 -7.17157615e+02 6.90909752e+01 2.44397597e-01 4.65111873e-02 -1.94013453e+01
3.93958466e-04 -7.17155554e+02 7.00117982e+01 2.70693036e-01 4.51000955e-02 -1.93504845e+01
3.93076221e-04 -7.17155442e+02 6.80230534e+01 2.66184599e-01 4.88870898e-02 -1.94157466e+01
3.97307526e-04 -7.17127677e+02 6.74799814e+01 2.59158665e-01 4.89924640e-02 -1.94311656e+01
4.01976304e-04 -7.17125230e+02 6.82004491e+01 2.84634802e-01 4.75984181e-02 -1.93999890e+01
4.01320051e-04 -7.17124288e+02 6.73759080e+01 2.43138987e-01 4.91365845e-02 -1.94466556e+01
4.02226276e-04 -7.17114089e+02 6.89670239e+01 2.48625998e-01 4.76713727e-02 -1.93943958e+01
4.02986930e-04 -7.17113828e+02 6.91747572e+01 2.44888662e-01 4.62468271e-02 -1.93974733e+01
4.04263503e-04 -7.17101148e+02 6.83825412e+01 2.51473318e-01 4.68701835e-02 -1.94138251e+01
4.07025895e-04 -7.17093527e+02 6.89255993e+01 2.59752596e-01 4.76208999e-02 -1.93994685e+01
4.07723988e-04 -7.17091052e+02 6.88150472e+01 2.71083166e-01 4.62643719e-02 -1.93953825e+01
4.07802194e-04 -7.17086491e+02 6.98726538e+01 2.76230207e-01 4.54305539e-02 -1.93510760e+01
4.07943293e-04 -7.17083702e+02 6.91243238e+01 2.59617564e-01 4.75200745e-02 -1.93884186e+01
4.10049189e-04 -7.17069586e+02 6.90034070e+01 2.31585764e-01 4.69422045e-02 -1.93976733e+01
4.12500043e-04 -7.17065083e+02 6.75771118e+01 2.64024017e-01 4.92989746e-02 -1.94300488e+01
4.12747056e-04 -7.17061731e+02 6.92563656e+01 2.34063833e-01 4.65306437e-02 -1.93871202e+01
4.12779121e-04 -7.17058272e+02 7.00049606e+01 2.67657802e-01 4.50709998e-02 -1.93523168e+01
4.16350117e-04 -7.17037948e+02 6.88715252e+01 2.92417507e-01 4.73557941e-02 -1.93787024e+01
4.20145309e-04 -7.17033370e+02 6.81159026e+01 2.41942151e-01 4.75674806e-02 -1.94193388e+01
4.22733148e-04 -7.17019057e+02 6.90838119e+01 2.37659946e-01 4.68059376e-02 -1.93885771e+01
4.26193498e-04 -7.17010378e+02 6.77159123e+01 2.76306004e-01 4.85591535e-02 -1.94330184e+01
4.27085525e-04 -7.17008202e+02 6.83869687e+01 2.86942563e-01 4.81924578e-02 -1.94043221e+01
4.27371571e-04 -7.17002390e+02 6.83201446e+01 2.71349376e-01 4.83305734e-02 -1.94146983e+01
4.28653897e-04 -7.16995558e+02 6.99551716e+01 2.60786193e-01 4.55184851e-02 -1.93691179e+01
4.30224709e-04 -7.16988420e+02 6.96555586e+01 2.48171843e-01 4.57117717e-02 -1.93811692e+01
4.31683410e-04 -7.16982130e+02 6.87764899e+01 2.72428764e-01 4.79260905e-02 -1.93897747e+01
4.36282354e-04 -7.16960675e+02 6.97800250e+01 2.47128262e-01 4.61144709e-02 -1.93637446e+01
4.40219078e-04 -7.16957396e+02 6.83121094e+01 2.32572105e-01 4.76574329e-02 -1.94228451e+01
4.40365221e-04 -7.16953357e+02 6.95212768e+01 2.36699167e-01 4.65159270e-02 -1.93809138e+01
4.40037120e-04 -7.16952227e+02 6.89096664e+01 2.53196113e-01 4.75647971e-02 -1.93881336e+01
4.40262169e-04 -7.16945690e+02 7.00206508e+01 2.66882212e-01 4.49719652e-02 -1.93583242e+01
4.42977894e-04 -7.16933300e+02 6.92199302e+01 2.98165298e-01 4.64062776e-02 -1.93719726e+01
4.44410833e-04 -7.16932537e+02 6.99378381e+01 2.65755119e-01 4.63151238e-02 -1.93580057e+01
4.43113071e-04 -7.16932494e+02 6.81401423e+01 2.51722349e-01 4.83316008e-02 -1.94281265e+01
4.42816774e-04 -7.16927226e+02 6.72095042e+01 2.56486667e-01 4.91063926e-02 -1.94512822e+01
4.43740208e-04 -7.16921672e+02 6.90390196e+01 2.85584996e-01 4.73625899e-02 -1.93850740e+01
4.44075342e-04 -7.16919054e+02 6.82224710e+01 2.38526033e-01 4.74382615e-02 -1.94246892e+01
4.44282077e-04 -7.16914090e+02 6.79781739e+01 2.80431755e-01 4.88046346e-02 -1.94170826e+01
4.46480736e-04 -7.16902553e+02 6.86997554e+01 2.96117977e-01 4.74664520e-02 -1.93845746e+01
4.48147318e-04 -7.16899952e+02 6.97801576e+01 2.38146236e-01 4.60065660e-02 -1.93712629e+01
4.51536498e-04 -7.16880918e+02 6.88573486e+01 2.89072879e-01 4.64547516e-02 -1.93837883e+01
4.57727117e-04 -7.16866027e+02 6.73131196e+01 2.51239093e-01 4.93826186e-02 -1.94474768e+01
4.60423025e-04 -7.16862465e+02 6.92360280e+01 2.88024741e-01 4.63677748e-02 -1.93812511e+01
4.63604585e-04 -7.16845666e+02 6.93980182e+01 2.64706212e-01 4.70093855e-02 -1.93707872e+01
4.66175771e-04 -7.16844677e+02 6.91925505e+01 2.92225830e-01 4.62312584e-02 -1.93704140e+01
4.64911586e-04 -7.16844441e+02 6.90026945e+01 2.36254378e-01 4.65043529e-02 -1.94013045e+01
4.64650057e-04 -7.16839154e+02 6.99714092e+01 2.59436598e-01 4.56676148e-02 -1.93687811e+01
4.64859607e-04 -7.16836878e+02 6.93457849e+01 2.35917254e-01 4.61123657e-02 -1.93874315e+01
4.64476207e-04 -7.16834149e+02 6.90337415e+01 2.58825706e-01 4.76304197e-02 -1.93891868e+01
4.63643190e-04 -7.16833811e+02 6.74855150e+01 2.82107121e-01 4.87012463e-02 -1.94341579e+01
4.64027645e-04 -7.16825852e+02 6.97644290e+01 2.38751571e-01 4.61262276e-02 -1.93750174e+01
4.68292772e-04 -7.16808912e+02 6.79584231e+01 2.45727158e-01 4.79176155e-02 -1.94341737e+01
4.70825122e-04 -7.16808339e+02 6.79411990e+01 2.43443710e-01 4.84665677e-02 -1.94350155e+01
4.69670852e-04 -7.16807166e+02 6.84609110e+01 2.69560024e-01 4.80403946e-02 -1.93956022e+01
4.69410024e-04 -7.16802798e+02 6.95885630e+01 2.64566933e-01 4.66288395e-02 -1.93774916e+01
4.77225573e-04 -7.16767787e+02 6.95306436e+01 2.82534535e-01 4.62973514e-02 -1.93745085e+01
4.84439257e-04 -7.16765832e+02 6.93143944e+01 2.84638389e-01 4.62825144e-02 -1.93805607e+01
4.84339278e-04 -7.16761548e+02 6.90684648e+01 2.36161561e-01 4.65876671e-02 -1.93916708e+01
4.84527513e-04 -7.16758397e+02 6.87960441e+01 2.88012093e-01 4.65373497e-02 -1.93902139e+01
4.85277934e-04 -7.16751806e+02 6.77256821e+01 2.71882725e-01 4.82434735e-02 -1.94194887e+01
4.85768888e-04 -7.16749709e+02 6.96418098e+01 2.73832649e-01 4.67056893e-02 -1.93639185e+01
4.85059151e-04 -7.16748074e+02 6.97586088e+01 2.92794279e-01 4.59018849e-02 -1.93542948e+01
4.84744073e-04 -7.16744356e+02 6.95643756e+01 2.60802917e-01 4.67849293e-02 -1.93771000e+01
4.85523254e-04 -7.16738212e+02 6.78027361e+01 2.56755272e-01 4.80063458e-02 -1.94356630e+01
4.85639434e-04 -7.16737213e+02 6.83180650e+01 2.49457316e-01 4.71031314e-02 -1.94195559e+01
4.85088008e-04 -7.16733831e+02 6.86713787e+01 2.37955886e-01 4.71747516e-02 -1.94141744e+01
4.87582197e-04 -7.16720343e+02 6.85045491e+01 2.57344358e-01 4.80178362e-02 -1.93986433e+01
4.92369867e-04 -7.16707628e+02 6.75651647e+01 2.83472396e-01 4.90103243e-02 -1.94290656e+01
4.95825421e-04 -7.16699675e+02 6.90148819e+01 2.77549316e-01 4.74210552e-02 -1.93899875e+01
4.96678532e-04 -7.16697519e+02 6.90065878e+01 2.52133265e-01 4.63393924e-02 -1.93855969e+01
4.95981714e-04 -7.16695827e+02 6.77835375e+01 2.87281034e-01 4.87231522e-02 -1.94218901e+01
4.95246054e-04 -7.16693833e+02 6.74279583e+01 2.67591385e-01 4.85633334e-02 -1.94334424e+01
4.98802493e-04 -7.16674949e+02 6.97565101e+01 2.66585783e-01 4.52827382e-02 -1.93686818e+01
5.02440921e-04 -7.16672554e+02 7.02020217e+01 2.80414572e-01 4.50342723e-02 -1.93466795e+01
5.03860831e-04 -7.16662672e+02 6.86377556e+01 2.82299454e-01 4.78424849e-02 -1.93999406e+01
5.05978621e-04 -7.16657492e+02 7.04203755e+01 2.75479824e-01 4.51936562e-02 -1.93393249e+01
5.08625709e-04 -7.16645609e+02 7.05494523e+01 2.68225984e-01 4.48457514e-02 -1.93411145e+01
5.11241173e-04 -7.16640549e+02 6.75429248e+01 2.50144153e-01 4.86018476e-02 -1.94342653e+01
5.15357305e-04 -7.16622986e+02 6.84065866e+01 2.40846780e-01 4.71591544e-02 -1.94118287e+01
5.18297574e-04 -7.16622439e+02 6.89551840e+01 2.66544244e-01 4.67460261e-02 -1.94000395e+01
5.18086753e-04 -7.16617151e+02 6.90856251e+01 2.63043588e-01 4.71521940e-02 -1.93775828e+01
5.19089163e-04 -7.16611917e+02 6.81444273e+01 2.57677560e-01 4.72550346e-02 -1.94151673e+01
5.21698249e-04 -7.16600494e+02 6.80237908e+01 2.85669501e-01 4.82359026e-02 -1.94064289e+01
5.23939316e-04 -7.16596659e+02 6.78396619e+01 2.56760259e-01 4.88400979e-02 -1.94335366e+01
5.25011360e-04 -7.16589758e+02 6.96915811e+01 2.59490906e-01 4.54702611e-02 -1.93635287e+01
5.26023257e-04 -7.16586144e+02 6.98567617e+01 2.54863446e-01 4.54839455e-02 -1.93589728e+01
5.26037119e-04 -7.16583049e+02 6.90672127e+01 2.44851984e-01 4.72843496e-02 -1.93881084e+01
5.25923644e-04 -7.16579920e+02 6.94453276e+01 2.48213662e-01 4.69094418e-02 -1.93821016e+01
5.26967644e-04 -7.16572439e+02 6.86727990e+01 2.44222275e-01 4.68214058e-02 -1.94116565e+01
5.31737707e-04 -7.16555302e+02 6.98098441e+01 2.43195231e-01 4.57497477e-02 -1.93756242e+01
5.37686842e-04 -7.16543493e+02 6.79046316e+01 2.52995670e-01 4.88769263e-02 -1.94300798e+01
5.39748597e-04 -7.16540958e+02 6.83813095e+01 2.59281261e-01 4.68780255e-02 -1.94089321e+01
5.39463036e-04 -7.16537896e+02 6.77484733e+01 2.42527843e-01 4.88462970e-02 -1.94343602e+01
5.39070042e-04 -7.16535759e+02 6.95099269e+01 2.42769150e-01 4.63387180e-02 -1.93864463e+01
5.39325025e-04 -7.16530301e+02 6.80399110e+01 2.71912843e-01 4.87131506e-02 -1.94206277e+01
5.40584776e-04 -7.16524439e+02 6.81617798e+01 2.91891632e-01 4.76448199e-02 -1.94082858e+01
5.42403141e-04 -7.16516935e+02 6.99932115e+01 2.50503667e-01 4.58047282e-02 -1.93573120e+01
5.43943826e-04 -7.16512102e+02 6.88149211e+01 2.75671416e-01 4.75619345e-02 -1.93833175e+01
5.43930758e-04 -7.16510323e+02 6.87132886e+01 2.52594638e-01 4.65160107e-02 -1.93986864e+01
5.43466901e-04 -7.16507154e+02 6.80451883e+01 2.85133437e-01 4.85279013e-02 -1.94151077e+01
5.43484010e-04 -7.16503605e+02 6.91711470e+01 2.44975561e-01 4.61552055e-02 -1.93949954e+01
5.42730642e-04 -7.16503270e+02 6.74057219e+01 2.69817822e-01 4.89252112e-02 -1.94322489e+01
5.41456414e-04 -7.16501651e+02 6.73015467e+01 2.69625353e-01 4.88701769e-02 -1.94383825e+01
5.40641591e-04 -7.16499627e+02 6.87053019e+01 2.88629423e-01 4.76079263e-02 -1.93852333e+01
5.40430543e-04 -7.16495779e+02 6.91962836e+01 2.70236822e-01 4.72768707e-02 -1.93761403e+01
5.40723566e-04 -7.16491887e+02 6.90231198e+01 2.40741116e-01 4.65037784e-02 -1.93907951e+01
5.41708967e-04 -7.16485488e+02 6.80425339e+01 2.49119792e-01 4.82013171e-02 -1.94317416e+01
5.43013733e-04 -7.16480416e+02 6.78810271e+01 2.62333421e-01 4.80819255e-02 -1.94327981e+01
5.43486582e-04 -7.16477088e+02 6.73032048e+01 2.57970604e-01 4.88275990e-02 -1.94462327e+01
5.43492668e-04 -7.16473738e+02 6.81095238e+01 2.91577795e-01 4.78349303e-02 -1.94049411e+01
5.43283614e-04 -7.16471201e+02 6.95767321e+01 2.50249575e-01 4.55678325e-02 -1.93729369e+01
5.43777580e-04 -7.16465272e+02 6.76046200e+01 2.42488145e-01 4.85296402e-02 -1.94397329e+01
5.43723079e-04 -7.16464737e+02 6.91060776e+01 2.50188334e-01 4.60251014e-02 -1.93910281e+01
5.43102921e-04 -7.16460903e+02 6.74245777e+01 2.48919094e-01 4.89798618e-02 -1.94466036e+01
5.44873011e-04 -7.16451592e+02 6.74713394e+01 2.52987344e-01 4.88736240e-02 -1.94356638e+01
5.45700744e-04 -7.16451190e+02 6.95723531e+01 2.63934594e-01 4.55946725e-02 -1.93775792e+01
5.44315119e-04 -7.16450021e+02 6.84366834e+01 2.38286492e-01 4.76206335e-02 -1.94095123e+01
5.44545517e-04 -7.16443697e+02 6.83188766e+01 2.81991339e-01 4.74531992e-02 -1.93973569e+01
5.47643517e-04 -7.16432044e+02 6.97733476e+01 2.47312903e-01 4.54398188e-02 -1.93729928e+01
5.49496422e-04 -7.16430253e+02 6.85385043e+01 2.96154179e-01 4.74653843e-02 -1.93909068e+01
5.48215690e-04 -7.16430054e+02 6.93246142e+01 2.61470540e-01 4.64430246e-02 -1.93896996e+01
5.47037917e-04 -7.16427900e+02 6.94904530e+01 2.55599045e-01 4.62739798e-02 -1.93675844e+01
5.53018092e-04 -7.16401822e+02 6.96440549e+01 2.82953525e-01 4.59031906e-02 -1.93696602e+01
5.59572259e-04 -7.16397515e+02 7.00024503e+01 2.66713476e-01 4.60700246e-02 -1.93608296e+01
5.62218315e-04 -7.16385761e+02 6.78615777e+01 2.50663338e-01 4.80052783e-02 -1.94233418e+01
5.64302996e-04 -7.16383424e+02 6.89598186e+01 2.53519699e-01 4.66976526e-02 -1.94031007e+01
5.67078028e-04 -7.16369343e+02 6.74577611e+01 2.73225127e-01 4.88136508e-02 -1.94299277e+01
5.69564885e-04 -7.16367968e+02 6.91148748e+01 2.87035201e-01 4.70973583e-02 -1.93731326e+01
5.70830483e-04 -7.16358271e+02 6.88204934e+01 2.84588569e-01 4.75547528e-02 -1.93928164e+01
5.72020483e-04 -7.16357124e+02 6.76502716e+01 2.49060393e-01 4.85378605e-02 -1.94416926e+01
5.72092982e-04 -7.16351370e+02 6.91016187e+01 2.66985861e-01 4.67021489e-02 -1.93950201e+01
5.73671939e-04 -7.16344958e+02 6.83229428e+01 2.64973002e-01 4.70925818e-02 -1.94047601e+01
5.75591847e-04 -7.16338034e+02 6.91201361e+01 2.84953420e-01 4.64710653e-02 -1.93715983e+01
5.77744585e-04 -7.16330838e+02 6.97101076e+01 2.90733499e-01 4.57934396e-02 -1.93571727e+01
5.83981647e-04 -7.16309999e+02 7.03287196e+01 2.74980189e-01 4.50555295e-02 -1.93423892e+01
5.88271710e-04 -7.16309435e+02 6.83526338e+01 2.65712342e-01 4.84412507e-02 -1.94099185e+01
5.87252661e-04 -7.16306812e+02 6.94657699e+01 2.57087404e-01 4.57248308e-02 -1.93715397e+01
5.87281905e-04 -7.16302682e+02 6.83177842e+01 2.49534728e-01 4.72766438e-02 -1.94213480e+01
5.86617293e-04 -7.16302417e+02 6.83465668e+01 2.55159967e-01 4.74898874e-02 -1.94213669e+01
5.86915296e-04 -7.16295024e+02 6.93031875e+01 2.61007474e-01 4.58469388e-02 -1.93757498e+01
5.87714068e-04 -7.16293029e+02 6.78897238e+01 2.78741583e-01 4.85291817e-02 -1.94251356e+01
5.86595267e-04 -7.16292179e+02 6.80447513e+01 2.51542233e-01 4.83250266e-02 -1.94154148e+01
5.85070762e-04 -7.16291578e+02 6.83861065e+01 2.48556052e-01 4.70524269e-02 -1.94169534e+01
5.84620398e-04 -7.16287068e+02 6.99415267e+01 2.57248574e-01 4.51995425e-02 -1.93655087e+01
5.84923235e-04 -7.16283884e+02 7.02910625e+01 2.63493018e-01 4.53639225e-02 -1.93540151e+01
5.85949562e-04 -7.16276916e+02 6.88202029e+01 2.71949148e-01 4.65160525e-02 -1.93987983e+01
5.91310268e-04 -7.16259081e+02 6.92547013e+01 2.87381594e-01 4.61853460e-02 -1.93689938e+01
5.97439770e-04 -7.16249579e+02 6.80321490e+01 2.83045255e-01 4.79048888e-02 -1.94074023e+01
6.00273058e-04 -7.16242952e+02 6.79015443e+01 2.60240158e-01 4.80563554e-02 -1.94170854e+01
6.01133252e-04 -7.16240050e+02 7.01253372e+01 2.62368743e-01 4.50048756e-02 -1.93535989e+01
6.00266844e-04 -7.16239179e+02 6.77880523e+01 2.59618249e-01 4.78999433e-02 -1.94252030e+01
6.02730862e-04 -7.16225250e+02 6.87103844e+01 2.58397185e-01 4.73904891e-02 -1.93902126e+01
6.06964849e-04 -7.16218486e+02 6.95504243e+01 2.74625615e-01 4.55322265e-02 -1.93672965e+01
6.07173944e-04 -7.16217894e+02 6.73962053e+01 2.70174432e-01 4.87728334e-02 -1.94406720e+01
6.06464106e-04 -7.16214173e+02 6.84108970e+01 2.90239013e-01 4.72455443e-02 -1.94015190e+01
6.06371165e-04 -7.16211543e+02 6.95045097e+01 2.72613404e-01 4.58689763e-02 -1.93782463e+01
6.08442384e-04 -7.16200725e+02 6.88525971e+01 2.70088310e-01 4.69817493e-02 -1.94015138e+01
6.09857266e-04 -7.16200213e+02 6.88272704e+01 2.55337669e-01 4.69879274e-02 -1.93877522e+01
6.08156513e-04 -7.16199655e+02 6.89849733e+01 2.86614853e-01 4.73675419e-02 -1.93846330e+01
6.08187977e-04 -7.16193464e+02 6.74994234e+01 2.46151145e-01 4.87957394e-02 -1.94410809e+01
6.11475593e-04 -7.16182239e+02 7.01103225e+01 2.59851318e-01 4.55862129e-02 -1.93619814e+01
6.14417080e-04 -7.16177185e+02 6.85076824e+01 2.67530930e-01 4.74895564e-02 -1.94130053e+01
6.16769819e-04 -7.16167955e+02 6.99245035e+01 2.72177185e-01 4.55997529e-02 -1.93510869e+01
6.21521577e-04 -7.16155199e+02 6.87901801e+01 2.65852269e-01 4.65411125e-02 -1.93886994e+01
6.23559244e-04 -7.16154712e+02 6.79736894e+01 2.53724702e-01 4.84171092e-02 -1.94171583e+01
6.21671998e-04 -7.16154606e+02 6.88539929e+01 2.94453283e-01 4.68038249e-02 -1.93850936e+01
6.23448912e-04 -7.16142386e+02 6.82991347e+01 2.85938247e-01 4.80445676e-02 -1.94089289e+01
6.26284989e-04 -7.16138839e+02 6.86078384e+01 2.95132360e-01 4.72190542e-02 -1.93923878e+01
6.27866219e-04 -7.16130700e+02 7.03061204e+01 2.52589584e-01 4.52343822e-02 -1.93517692e+01
6.29895169e-04 -7.16125720e+02 6.96032685e+01 2.90708403e-01 4.62780196e-02 -1.93624038e+01
6.31332768e-04 -7.16119489e+02 6.81243993e+01 2.41975960e-01 4.84005771e-02 -1.94215370e+01
6.36064331e-04 -7.16104180e+02 6.78266923e+01 2.85254842e-01 4.82217516e-02 -1.94159372e+01
6.40023620e-04 -7.16100368e+02 6.92009386e+01 2.54182346e-01 4.59769461e-02 -1.93824995e+01
6.41947799e-04 -7.16091537e+02 6.89025956e+01 2.77817465e-01 4.62939682e-02 -1.93879296e+01
6.43860663e-04 -7.16087746e+02 6.98230708e+01 2.75199866e-01 4.53736944e-02 -1.93638200e+01
6.44455704e-04 -7.16083036e+02 6.82255687e+01 2.88171671e-01 4.81742402e-02 -1.94082784e+01
6.46143760e-04 -7.16075865e+02 6.94134396e+01 2.61060464e-01 4.61278965e-02 -1.93686095e+01
6.48704237e-04 -7.16068471e+02 6.86498952e+01 2.86991946e-01 4.78025897e-02 -1.93915553e+01
6.49124401e-04 -7.16067901e+02 6.96322092e+01 2.65589077e-01 4.66917675e-02 -1.93680600e+01
6.52209513e-04 -7.16052393e+02 6.82466119e+01 2.67654260e-01 4.71863441e-02 -1.94154506e+01
6.56341292e-04 -7.16048559e+02 6.79768695e+01 2.52903567e-01 4.85583135e-02 -1.94186551e+01
6.55798890e-04 -7.16047387e+02 6.85132671e+01 2.62299636e-01 4.68210261e-02 -1.94005427e+01
6.54253348e-04 -7.16046622e+02 6.92288298e+01 2.61411953e-01 4.62970543e-02 -1.93916954e+01
6.52801438e-04 -7.16045175e+02 6.90850057e+01 2.41037983e-01 4.65317972e-02 -1.93889649e+01
6.52753742e-04 -7.16040119e+02 6.95637566e+01 2.50954060e-01 4.61869496e-02 -1.93684522e+01
6.52649933e-04 -7.16038832e+02 6.88027339e+01 2.49075017e-01 4.77471300e-02 -1.93976886e+01
6.53222686e-04 -7.16031721e+02 6.76341484e+01 2.44499442e-01 4.87408212e-02 -1.94397906e+01
6.59742014e-04 -7.16012396e+02 7.00417455e+01 2.79778953e-01 4.52678998e-02 -1.93503804e+01
6.64218733e-04 -7.16011447e+02 6.99318870e+01 2.77302515e-01 4.56531620e-02 -1.93617238e+01
6.64006353e-04 -7.16006386e+02 6.84462006e+01 2.45346931e-01 4.70550574e-02 -1.94155267e+01
6.64665989e-04 -7.16002802e+02 6.96053753e+01 2.44968662e-01 4.60786522e-02 -1.93821204e+01
6.70348814e-04 -7.15982800e+02 6.89625773e+01 2.41553079e-01 4.64405037e-02 -1.93981172e+01
6.75149953e-04 -7.15981774e+02 6.81187789e+01 2.75402667e-01 4.74333847e-02 -1.94098923e+01
6.74824365e-04 -7.15977114e+02 6.81397919e+01 2.37440533e-01 4.79589386e-02 -1.94232851e+01
6.75658953e-04 -7.15972646e+02 6.98441295e+01 2.54768802e-01 4.53113789e-02 -1.93646636e+01
6.77439512e-04 -7.15965204e+02 6.77480214e+01 2.68987028e-01 4.87095884e-02 -1.94327595e+01
6.78206751e-04 -7.15963713e+02 6.89712763e+01 2.71952228e-01 4.75971643e-02 -1.93880097e+01
6.79154815e-04 -7.15955770e+02 6.90430842e+01 2.47350462e-01 4.73872364e-02 -1.93909913e+01
6.81224055e-04 -7.15950963e+02 6.73714260e+01 2.68329333e-01 4.91915795e-02 -1.94374830e+01
6.83289888e-04 -7.15943068e+02 6.95891524e+01 2.51633098e-01 4.66646176e-02 -1.93755101e+01
6.86447509e-04 -7.15935087e+02 6.96369470e+01 2.69787506e-01 4.59312256e-02 -1.93754686e+01
6.91848670e-04 -7.15920773e+02 6.91790016e+01 2.50648415e-01 4.62952313e-02 -1.93810445e+01
6.95845357e-04 -7.15916863e+02 6.97983873e+01 2.59031580e-01 4.62012771e-02 -1.93602795e+01
6.94910989e-04 -7.15916801e+02 6.83062131e+01 2.90215277e-01 4.74516306e-02 -1.94033816e+01
6.92944182e-04 -7.15915877e+02 6.86287638e+01 2.61405521e-01 4.67792026e-02 -1.93953855e+01
6.93981216e-04 -7.15907173e+02 6.91249149e+01 2.38848578e-01 4.69705626e-02 -1.93958664e+01
6.95474558e-04 -7.15904904e+02 6.99226162e+01 2.53349644e-01 4.52855577e-02 -1.93628014e+01
6.95442022e-04 -7.15900614e+02 6.82709876e+01 2.71239845e-01 4.78796491e-02 -1.94009058e+01
6.97594817e-04 -7.15892081e+02 6.94859812e+01 2.81478200e-01 4.57451619e-02 -1.93705105e+01
6.98298541e-04 -7.15891924e+02 7.02848711e+01 2.65248823e-01 4.52521992e-02 -1.93526910e+01
6.96750626e-04 -7.15889865e+02 6.94124913e+01 2.83667121e-01 4.60178995e-02 -1.93650852e+01
6.96414583e-04 -7.15886235e+02 6.82919806e+01 2.45267163e-01 4.74839705e-02 -1.94229487e+01
6.96083233e-04 -7.15884159e+02 6.77064476e+01 2.44623041e-01 4.87334406e-02 -1.94348123e+01
6.95633903e-04 -7.15880873e+02 7.00133814e+01 2.56879076e-01 4.53514798e-02 -1.93649452e+01
6.95623410e-04 -7.15877533e+02 6.96029408e+01 2.74603767e-01 4.55528799e-02 -1.93645066e+01
7.00858474e-04 -7.15859302e+02 6.90218775e+01 2.72313581e-01 4.65276069e-02 -1.93775755e+01
7.05265760e-04 -7.15858258e+02 6.90168733e+01 2.80156969e-01 4.67940306e-02 -1.93753798e+01
7.08305168e-04 -7.15844096e+02 6.89172931e+01 2.61670008e-01 4.62476476e-02 -1.93907914e+01
7.11167556e-04 -7.15843486e+02 6.88849212e+01 2.84412013e-01 4.66555973e-02 -1.93916332e+01
7.09081050e-04 -7.15843317e+02 6.88135901e+01 2.49948381e-01 4.75043264e-02 -1.94058324e+01
7.09246411e-04 -7.15836376e+02 6.85690515e+01 2.72586327e-01 4.79941858e-02 -1.93948199e+01
7.10952856e-04 -7.15831848e+02 6.93354948e+01 2.84857873e-01 4.68057743e-02 -1.93752833e+01
7.10723920e-04 -7.15830360e+02 6.86362543e+01 2.93752734e-01 4.71938413e-02 -1.93898781e+01
7.09833387e-04 -7.15827701e+02 6.73824026e+01 2.57202049e-01 4.89296051e-02 -1.94440702e+01
7.10926705e-04 -7.15820637e+02 6.91707267e+01 2.51118904e-01 4.70644635e-02 -1.93818391e+01
7.11355052e-04 -7.15819829e+02 6.89300605e+01 2.41390959e-01 4.73219410e-02 -1.93953481e+01
7.12523857e-04 -7.15810718e+02 6.98844530e+01 2.60684029e-01 4.58821578e-02 -1.93563094e+01
7.14118589e-04 -7.15808682e+02 6.95910956e+01 2.66659048e-01 4.56314655e-02 -1.93752802e+01
7.13235599e-04 -7.15806537e+02 7.01382090e+01 2.63950717e-01 4.51108983e-02 -1.93566295e+01
7.13799733e-04 -7.15800453e+02 6.85497004e+01 2.68933807e-01 4.81065570e-02 -1.94040966e+01
7.15454739e-04 -7.15795248e+02 6.76711220e+01 2.62109309e-01 4.81147257e-02 -1.94318351e+01
7.15987370e-04 -7.15792305e+02 6.89010058e+01 2.70294872e-01 4.65778216e-02 -1.93826524e+01
7.14765507e-04 -7.15792006e+02 6.79683028e+01 2.45754852e-01 4.78382668e-02 -1.94298195e+01
7.15732819e-04 -7.15782965e+02 6.82044420e+01 2.55641023e-01 4.72708020e-02 -1.94146112e+01
7.19757259e-04 -7.15774135e+02 6.88771606e+01 2.86723025e-01 4.67742793e-02 -1.93910085e+01
7.24498525e-04 -7.15763188e+02 7.01095673e+01 2.75683413e-01 4.53406625e-02 -1.93477934e+01
7.28803335e-04 -7.15755616e+02 6.85206598e+01 2.80826800e-01 4.73184172e-02 -1.94058464e+01
7.29708066e-04 -7.15754038e+02 6.95837433e+01 2.84035332e-01 4.57177334e-02 -1.93650660e+01
7.30368598e-04 -7.15747162e+02 7.00426178e+01 2.71602469e-01 4.54250313e-02 -1.93495592e+01
7.38924808e-04 -7.15724208e+02 6.89222347e+01 2.76488013e-01 4.66647640e-02 -1.93799690e+01
7.45184197e-04 -7.15723504e+02 6.74876431e+01 2.56882005e-01 4.88149305e-02 -1.94353692e+01
7.51279162e-04 -7.15701383e+02 6.76346494e+01 2.67173440e-01 4.87668027e-02 -1.94360031e+01
7.61315131e-04 -7.15690217e+02 6.88596879e+01 2.72958629e-01 4.75207467e-02 -1.93964513e+01
7.65567016e-04 -7.15683569e+02 6.91310339e+01 2.70978490e-01 4.73543210e-02 -1.93821691e+01
7.66544922e-04 -7.15680999e+02 6.86230960e+01 2.46030651e-01 4.72410098e-02 -1.93997997e+01
7.68396610e-04 -7.15672106e+02 7.00314330e+01 2.74625293e-01 4.52913145e-02 -1.93511455e+01
7.69293125e-04 -7.15671992e+02 6.89837696e+01 2.85097736e-01 4.63931160e-02 -1.93813052e+01
7.70841308e-04 -7.15661457e+02 6.83653374e+01 2.47728245e-01 4.71740522e-02 -1.94116150e+01
7.72447253e-04 -7.15661146e+02 6.95777760e+01 2.85782520e-01 4.64040803e-02 -1.93622584e+01
7.70628200e-04 -7.15659518e+02 6.81054958e+01 2.68263821e-01 4.83412423e-02 -1.94222907e+01
7.72598742e-04 -7.15649408e+02 6.95768690e+01 2.47806239e-01 4.65683663e-02 -1.93767637e+01
7.74289026e-04 -7.15648466e+02 6.78926753e+01 2.51494041e-01 4.87292034e-02 -1.94304534e+01
7.72688925e-04 -7.15646890e+02 6.86798771e+01 2.78840259e-01 4.73652619e-02 -1.94019383e+01
7.71976922e-04 -7.15643656e+02 6.85296316e+01 2.72678849e-01 4.69875696e-02 -1.93949903e+01
7.71535134e-04 -7.15641378e+02 6.78507232e+01 2.58015017e-01 4.84923615e-02 -1.94205126e+01
7.70995707e-04 -7.15638400e+02 6.87564059e+01 2.42767146e-01 4.74482777e-02 -1.93987042e+01
7.70828495e-04 -7.15635156e+02 6.92972333e+01 2.74591103e-01 4.66595358e-02 -1.93840433e+01
7.72741172e-04 -7.15626803e+02 6.85764637e+01 2.62886277e-01 4.80980522e-02 -1.94016504e+01
7.74803689e-04 -7.15623156e+02 6.99839555e+01 2.47827029e-01 4.55602923e-02 -1.93627549e+01
7.74299586e-04 -7.15621447e+02 6.97146929e+01 2.57535722e-01 4.64817127e-02 -1.93694349e+01
7.73582130e-04 -7.15618356e+02 6.79314142e+01 2.53841043e-01 4.77534088e-02 -1.94279071e+01
7.72556830e-04 -7.15617441e+02 6.85102812e+01 2.71413429e-01 4.69775257e-02 -1.94077705e+01
7.73148898e-04 -7.15610181e+02 6.99662905e+01 2.59785204e-01 4.52691952e-02 -1.93581228e+01
7.73536902e-04 -7.15609769e+02 6.96792564e+01 2.78111481e-01 4.63947076e-02 -1.93662739e+01
7.72828669e-04 -7.15605362e+02 6.89806936e+01 2.37131944e-01 4.67949687e-02 -1.93979349e+01
7.72812872e-04 -7.15603151e+02 6.83836265e+01 2.66343450e-01 4.69830269e-02 -1.94062116e+01
7.71402159e-04 -7.15602360e+02 6.81941910e+01 2.70742752e-01 4.83555186e-02 -1.94172629e+01
7.70225774e-04 -7.15599549e+02 6.84363799e+01 2.63016807e-01 4.82495350e-02 -1.94047609e+01
7.70792723e-04 -7.15594238e+02 6.91969136e+01 2.65184375e-01 4.72668625e-02 -1.93837095e+01
7.75265720e-04 -7.15581356e+02 6.88486732e+01 2.65941021e-01 4.68290920e-02 -1.94018599e+01
7.79692339e-04 -7.15576160e+02 6.87605737e+01 2.41172880e-01 4.67839712e-02 -1.94033668e+01
7.81101136e-04 -7.15571089e+02 6.96489971e+01 2.73059210e-01 4.55957261e-02 -1.93622721e+01
7.85413653e-04 -7.15558526e+02 7.01741370e+01 2.72924602e-01 4.54253982e-02 -1.93473480e+01
7.87772677e-04 -7.15558396e+02 6.99316729e+01 2.59404194e-01 4.61133794e-02 -1.93627138e+01
7.87450763e-04 -7.15552696e+02 7.00916097e+01 2.63975379e-01 4.57158877e-02 -1.93589754e+01
7.87120684e-04 -7.15552571e+02 6.82529869e+01 2.87103897e-01 4.77824140e-02 -1.94009125e+01
7.85090718e-04 -7.15551205e+02 6.83272506e+01 2.81399895e-01 4.72340485e-02 -1.94064740e+01
7.85410218e-04 -7.15545110e+02 6.82183103e+01 2.85269159e-01 4.75073281e-02 -1.94082363e+01
7.90237142e-04 -7.15532327e+02 6.98689809e+01 2.78946512e-01 4.54973414e-02 -1.93601800e+01
7.93199897e-04 -7.15530930e+02 6.92256760e+01 2.80098833e-01 4.70674624e-02 -1.93743792e+01
7.93075759e-04 -7.15525990e+02 6.77645375e+01 2.77922966e-01 4.87899469e-02 -1.94231898e+01
7.92404152e-04 -7.15525963e+02 6.83681739e+01 2.48527574e-01 4.81168317e-02 -1.94095392e+01
7.90507582e-04 -7.15524128e+02 6.75724842e+01 2.62897579e-01 4.90219250e-02 -1.94316424e+01
7.91177562e-04 -7.15517623e+02 6.98865245e+01 2.77749187e-01 4.57799297e-02 -1.93617822e+01
7.94569450e-04 -7.15508925e+02 6.75692612e+01 2.75221179e-01 4.88651117e-02 -1.94317038e+01
8.00055435e-04 -7.15497221e+02 6.78365350e+01 2.68165290e-01 4.86762945e-02 -1.94290912e+01
8.07914502e-04 -7.15482737e+02 6.85399194e+01 2.75624046e-01 4.80175075e-02 -1.93966484e+01
8.12042657e-04 -7.15480321e+02 6.93099973e+01 2.67203702e-01 4.58646752e-02 -1.93756448e+01
8.10673817e-04 -7.15479455e+02 6.95947181e+01 2.75789209e-01 4.62231777e-02 -1.93732673e+01
8.09650378e-04 -7.15476195e+02 6.83240011e+01 2.77833030e-01 4.76547152e-02 -1.94127649e+01
8.13506111e-04 -7.15463336e+02 7.02006704e+01 2.57198157e-01 4.54830654e-02 -1.93538337e+01
8.16272770e-04 -7.15462708e+02 6.97277764e+01 2.43639944e-01 4.59976273e-02 -1.93734944e+01
8.15119635e-04 -7.15459510e+02 6.90295833e+01 2.63810681e-01 4.70119092e-02 -1.93966050e+01
8.14998164e-04 -7.15456350e+02 6.90799517e+01 2.50762917e-01 4.62153851e-02 -1.93884109e+01
8.21125141e-04 -7.15437957e+02 6.88499605e+01 2.92309592e-01 4.71096103e-02 -1.93852340e+01
8.26007127e-04 -7.15437754e+02 6.89110899e+01 2.69991816e-01 4.71546435e-02 -1.93815485e+01
8.25071744e-04 -7.15433572e+02 6.76282452e+01 2.54898813e-01 4.88138886e-02 -1.94384256e+01
8.25234979e-04 -7.15430701e+02 6.87045379e+01 2.72861904e-01 4.78733919e-02 -1.93957689e+01
8.28617657e-04 -7.15418769e+02 6.80750622e+01 2.77963498e-01 4.82391002e-02 -1.94079108e+01
8.31573623e-04 -7.15416888e+02 6.86831021e+01 2.46914574e-01 4.74398710e-02 -1.94109686e+01
8.30320515e-04 -7.15415129e+02 6.89599545e+01 2.85194348e-01 4.66806776e-02 -1.93785132e+01
8.35983000e-04 -7.15396724e+02 6.93762517e+01 2.87269854e-01 4.62915023e-02 -1.93663976e+01
8.41420782e-04 -7.15395422e+02 6.87707003e+01 2.51779904e-01 4.71262777e-02 -1.93923653e+01
8.39833100e-04 -7.15393846e+02 6.95126066e+01 2.48291683e-01 4.64593667e-02 -1.93737229e+01
8.38679511e-04 -7.15391516e+02 6.84774764e+01 2.86611431e-01 4.71537013e-02 -1.93977621e+01
8.38551871e-04 -7.15387497e+02 6.85767881e+01 2.78574148e-01 4.77240578e-02 -1.94033627e+01
8.37905850e-04 -7.15386399e+02 6.92350615e+01 2.71696536e-01 4.60792958e-02 -1.93846001e+01
8.36116769e-04 -7.15385117e+02 6.82950582e+01 2.58123186e-01 4.75625006e-02 -1.94055605e+01
8.34175288e-04 -7.15384392e+02 6.84434591e+01 2.54731675e-01 4.80578053e-02 -1.94143156e+01
8.39844849e-04 -7.15365008e+02 6.87590829e+01 2.51335386e-01 4.68727367e-02 -1.94075428e+01
8.47764698e-04 -7.15358880e+02 7.00568201e+01 2.64562848e-01 4.53846043e-02 -1.93603715e+01
8.47704291e-04 -7.15358485e+02 6.79398488e+01 2.77276107e-01 4.84468845e-02 -1.94223401e+01
8.47463224e-04 -7.15352801e+02 6.91344562e+01 2.80677622e-01 4.70874853e-02 -1.93833951e+01
8.47510734e-04 -7.15351710e+02 6.90374375e+01 2.41254523e-01 4.65363933e-02 -1.93935801e+01
8.46738779e-04 -7.15347972e+02 6.99833781e+01 2.61168553e-01 4.59542086e-02 -1.93573144e+01
8.46166116e-04 -7.15346404e+02 6.79640914e+01 2.46090893e-01 4.80615368e-02 -1.94308799e+01
8.46950985e-04 -7.15339473e+02 6.97529744e+01 2.47943254e-01 4.56400753e-02 -1.93713315e+01
8.47899763e-04 -7.15337499e+02 6.88832746e+01 2.78614491e-01 4.67598086e-02 -1.93947502e+01
8.46515929e-04 -7.15336084e+02 6.84615581e+01 2.71128295e-01 4.71528382e-02 -1.94099968e+01
8.49267177e-04 -7.15324387e+02 6.86648433e+01 2.71807452e-01 4.77064835e-02 -1.94029979e+01
8.52271884e-04 -7.15322332e+02 6.87899598e+01 2.46754858e-01 4.66378225e-02 -1.93998114e+01
8.53667996e-04 -7.15314472e+02 6.96085925e+01 2.73540537e-01 4.65705368e-02 -1.93681226e+01
8.54361223e-04 -7.15314037e+02 6.90411674e+01 2.64435093e-01 4.71347050e-02 -1.93949321e+01
8.53488623e-04 -7.15309865e+02 6.85275650e+01 2.43508901e-01 4.70777346e-02 -1.94094230e+01
8.52628774e-04 -7.15309393e+02 6.85020652e+01 2.80249874e-01 4.77780937e-02 -1.94047762e+01
8.51165903e-04 -7.15306645e+02 6.95691996e+01 2.80829381e-01 4.57715434e-02 -1.93681860e+01
8.50084651e-04 -7.15305278e+02 6.95903597e+01 2.61666734e-01 4.66383032e-02 -1.93730987e+01
8.48537042e-04 -7.15303634e+02 6.95138044e+01 2.43932543e-01 4.62208625e-02 -1.93830853e+01
8.48483424e-04 -7.15298755e+02 6.97950649e+01 2.83970658e-01 4.58246537e-02 -1.93570665e+01
8.49043966e-04 -7.15295654e+02 6.88689163e+01 2.48257277e-01 4.72259714e-02 -1.93918037e+01
8.58962221e-04 -7.15269046e+02 6.89395854e+01 2.47134941e-01 4.68892974e-02 -1.93900081e+01
8.67687976e-04 -7.15268607e+02 6.95468629e+01 2.53336291e-01 4.66512437e-02 -1.93751227e+01
8.65861313e-04 -7.15266606e+02 6.79172174e+01 2.69265152e-01 4.84705891e-02 -1.94155764e+01
8.79200155e-04 -7.15231680e+02 6.75407023e+01 2.59086699e-01 4.89585617e-02 -1.94374266e+01
8.91643187e-04 -7.15231538e+02 6.81959818e+01 2.45296709e-01 4.81307832e-02 -1.94165223e+01
8.88863385e-04 -7.15231270e+02 6.77724782e+01 2.75262109e-01 4.82361685e-02 -1.94211140e+01
8.86132120e-04 -7.15231038e+02 6.78074627e+01 2.54824006e-01 4.86544890e-02 -1.94333636e+01
8.85601676e-04 -7.15225818e+02 6.78352417e+01 2.67762939e-01 4.79232827e-02 -1.94239718e+01
8.85597233e-04 -7.15224386e+02 6.91076394e+01 2.68073637e-01 4.66608312e-02 -1.93762193e+01
8.84116632e-04 -7.15222510e+02 6.87685441e+01 2.49025119e-01 4.76108977e-02 -1.94048451e+01
8.83334909e-04 -7.15219501e+02 6.78469886e+01 2.46321851e-01 4.85402444e-02 -1.94312723e+01
8.83739420e-04 -7.15214941e+02 6.84734046e+01 2.76684206e-01 4.80752666e-02 -1.93999897e+01
8.82814354e-04 -7.15214935e+02 6.93466455e+01 2.46188524e-01 4.68101777e-02 -1.93847064e+01
8.82630446e-04 -7.15208712e+02 6.99410686e+01 2.68693392e-01 4.58885594e-02 -1.93545294e+01
8.83148528e-04 -7.15207097e+02 6.78502483e+01 2.53037300e-01 4.87270542e-02 -1.94268753e+01
8.81315485e-04 -7.15206212e+02 6.88825929e+01 2.83431985e-01 4.66125492e-02 -1.93896902e+01
8.85696715e-04 -7.15190584e+02 6.86856232e+01 2.48746839e-01 4.77867878e-02 -1.94026274e+01
8.90950886e-04 -7.15187668e+02 6.77219044e+01 2.48127604e-01 4.85585431e-02 -1.94345092e+01
8.90510231e-04 -7.15184918e+02 6.94475084e+01 2.64295766e-01 4.57167890e-02 -1.93754234e+01
8.92988673e-04 -7.15175474e+02 6.76145174e+01 2.54588632e-01 4.88190005e-02 -1.94338331e+01
8.95924826e-04 -7.15171678e+02 6.86608200e+01 2.47496439e-01 4.77863976e-02 -1.94035646e+01
8.95744481e-04 -7.15169219e+02 6.84707154e+01 2.88639262e-01 4.75700397e-02 -1.94001456e+01
8.94121726e-04 -7.15168648e+02 6.82046640e+01 2.53848979e-01 4.77754840e-02 -1.94106244e+01
8.95730889e-04 -7.15158990e+02 6.79706713e+01 2.65088731e-01 4.83288628e-02 -1.94271486e+01
8.99644645e-04 -7.15153257e+02 6.79599400e+01 2.70552764e-01 4.83808023e-02 -1.94250593e+01
8.99872826e-04 -7.15151820e+02 6.87380432e+01 2.88492486e-01 4.73540505e-02 -1.93918483e+01
8.97785124e-04 -7.15151247e+02 6.88647446e+01 2.62404217e-01 4.64958787e-02 -1.93892303e+01
8.96157156e-04 -7.15148796e+02 6.78604320e+01 2.51229503e-01 4.82884044e-02 -1.94332518e+01
8.94831369e-04 -7.15147551e+02 6.92976546e+01 2.86779445e-01 4.62957104e-02 -1.93750896e+01
8.92463347e-04 -7.15147439e+02 6.86508770e+01 2.55179702e-01 4.68274820e-02 -1.94078142e+01
8.89879339e-04 -7.15146695e+02 6.82250591e+01 2.84816199e-01 4.80658398e-02 -1.94041157e+01
8.88943104e-04 -7.15142892e+02 6.75822679e+01 2.65773225e-01 4.88128640e-02 -1.94356897e+01
8.92439076e-04 -7.15132214e+02 6.99212801e+01 2.72287534e-01 4.59596095e-02 -1.93603733e+01
8.96711384e-04 -7.15126664e+02 6.90828268e+01 2.77515373e-01 4.64859204e-02 -1.93883689e+01
8.96643288e-04 -7.15125703e+02 6.81753878e+01 2.78318505e-01 4.80889126e-02 -1.94049067e+01
8.94332081e-04 -7.15125171e+02 6.83709839e+01 2.58236038e-01 4.79236154e-02 -1.94035557e+01
8.91808371e-04 -7.15124699e+02 6.92785429e+01 2.50567706e-01 4.66924893e-02 -1.93787945e+01
8.91789795e-04 -7.15118566e+02 6.79420563e+01 2.66426821e-01 4.85470526e-02 -1.94165543e+01
8.93965350e-04 -7.15113168e+02 6.88901098e+01 2.78474199e-01 4.64585151e-02 -1.93888619e+01
8.93637739e-04 -7.15112636e+02 6.83446237e+01 2.53930306e-01 4.76377758e-02 -1.94199220e+01
8.93258155e-04 -7.15107369e+02 7.00450907e+01 2.66423415e-01 4.58095174e-02 -1.93568769e+01
8.93137407e-04 -7.15106244e+02 6.96389906e+01 2.46229487e-01 4.62561940e-02 -1.93741814e+01
8.93733199e-04 -7.15099391e+02 6.95221778e+01 2.86427635e-01 4.62437364e-02 -1.93644485e+01
8.94058182e-04 -7.15098850e+02 6.98045469e+01 2.50818995e-01 4.56286367e-02 -1.93666687e+01
8.91965539e-04 -7.15097423e+02 6.87397764e+01 2.54239453e-01 4.77415492e-02 -1.94030875e+01
8.91532998e-04 -7.15093169e+02 6.82232600e+01 2.49883211e-01 4.74450779e-02 -1.94156211e+01
8.91471936e-04 -7.15090901e+02 6.92604756e+01 2.61584991e-01 4.62335672e-02 -1.93887086e+01
8.89528579e-04 -7.15090876e+02 6.94221596e+01 2.86538243e-01 4.61419941e-02 -1.93698349e+01
8.87795591e-04 -7.15088148e+02 6.88213905e+01 2.77348401e-01 4.65712203e-02 -1.93877086e+01
8.86471157e-04 -7.15087205e+02 6.86736519e+01 2.54341833e-01 4.69911974e-02 -1.93958059e+01
8.84732128e-04 -7.15085420e+02 6.98204133e+01 2.58077007e-01 4.57820430e-02 -1.93605277e+01
8.85787796e-04 -7.15078177e+02 7.01446968e+01 2.68826124e-01 4.53322591e-02 -1.93517141e+01
8.89538946e-04 -7.15070315e+02 6.83820260e+01 2.68717410e-01 4.81919178e-02 -1.94035033e+01
8.90149857e-04 -7.15070133e+02 6.92545004e+01 2.43604232e-01 4.66243461e-02 -1.93842106e+01
8.88901230e-04 -7.15066470e+02 6.88251808e+01 2.58359405e-01 4.75363078e-02 -1.94016756e+01
8.88884400e-04 -7.15063514e+02 6.82562268e+01 2.47698881e-01 4.81501162e-02 -1.94141184e+01
8.87368139e-04 -7.15063227e+02 6.82981699e+01 2.80686022e-01 4.80896082e-02 -1.94087599e+01
8.86642989e-04 -7.15058499e+02 6.94144643e+01 2.75640478e-01 4.66461272e-02 -1.93675292e+01
8.87576619e-04 -7.15054465e+02 6.89332139e+01 2.45867584e-01 4.72604822e-02 -1.94009177e+01
8.86858689e-04 -7.15053458e+02 6.86610288e+01 2.51633409e-01 4.78372999e-02 -1.94049171e+01
8.86016914e-04 -7.15049712e+02 6.89597646e+01 2.59252938e-01 4.63587265e-02 -1.93883823e+01
8.86708449e-04 -7.15045243e+02 6.91256325e+01 2.87384041e-01 4.68688404e-02 -1.93753337e+01
8.86482734e-04 -7.15043561e+02 6.79850776e+01 2.63368790e-01 4.83900788e-02 -1.94152461e+01
8.88352365e-04 -7.15034394e+02 6.96417146e+01 2.79692734e-01 4.61105844e-02 -1.93599681e+01
8.90256820e-04 -7.15032602e+02 6.93432396e+01 2.82665186e-01 4.62013292e-02 -1.93763870e+01
8.91296082e-04 -7.15025418e+02 6.92203767e+01 2.81487965e-01 4.67473539e-02 -1.93714967e+01
8.94866288e-04 -7.15017952e+02 6.85953736e+01 2.41873847e-01 4.71481654e-02 -1.94108077e+01
8.95491299e-04 -7.15017352e+02 6.94151601e+01 2.50381585e-01 4.64259092e-02 -1.93750791e+01
8.92858125e-04 -7.15017186e+02 6.92367476e+01 2.51953785e-01 4.65183371e-02 -1.93923425e+01
8.93705769e-04 -7.15008816e+02 6.94192945e+01 2.81764082e-01 4.61224978e-02 -1.93664355e+01
8.94943115e-04 -7.15007746e+02 6.82531100e+01 2.71227260e-01 4.83469992e-02 -1.94083218e+01
8.93732609e-04 -7.15004869e+02 6.94089738e+01 2.56727207e-01 4.67440237e-02 -1.93743280e+01
8.93913754e-04 -7.15000688e+02 6.86710016e+01 2.88235238e-01 4.74801931e-02 -1.93909049e+01
8.92941906e-04 -7.15000385e+02 6.86623041e+01 2.88955973e-01 4.72996918e-02 -1.93936108e+01
8.92470406e-04 -7.14995096e+02 6.81638938e+01 2.79601938e-01 4.75742026e-02 -1.94120695e+01
8.92483555e-04 -7.14993693e+02 6.78182637e+01 2.62132649e-01 4.83961915e-02 -1.94215693e+01
8.91410877e-04 -7.14990847e+02 6.95267762e+01 2.50473572e-01 4.59043520e-02 -1.93807363e+01
8.90455080e-04 -7.14989182e+02 6.87428265e+01 2.83491203e-01 4.67815061e-02 -1.93895573e+01
8.88782260e-04 -7.14987952e+02 6.95390280e+01 2.50618303e-01 4.60753763e-02 -1.93817635e+01
8.86483081e-04 -7.14987706e+02 6.87703173e+01 2.47647265e-01 4.67776566e-02 -1.94053728e+01
8.87362432e-04 -7.14979331e+02 6.92566948e+01 2.85607621e-01 4.65327277e-02 -1.93777469e+01
8.88389561e-04 -7.14978720e+02 6.82127856e+01 2.58830208e-01 4.73333669e-02 -1.94146162e+01
8.86973645e-04 -7.14975867e+02 6.82355901e+01 2.50783641e-01 4.78218512e-02 -1.94113854e+01
8.88857648e-04 -7.14967835e+02 6.94423450e+01 2.49728863e-01 4.66523176e-02 -1.93824663e+01
8.89588599e-04 -7.14967551e+02 6.84665292e+01 2.61284412e-01 4.72218574e-02 -1.94132476e+01
8.86867941e-04 -7.14967305e+02 6.84315900e+01 2.73214265e-01 4.80027735e-02 -1.93990589e+01
8.84365672e-04 -7.14966547e+02 6.84424251e+01 2.69592927e-01 4.71655477e-02 -1.94101784e+01
8.82396039e-04 -7.14965109e+02 6.87852053e+01 2.53058568e-01 4.68981991e-02 -1.94060172e+01
8.81106655e-04 -7.14962817e+02 6.88188047e+01 2.85936717e-01 4.73406547e-02 -1.93900353e+01
8.83372957e-04 -7.14953337e+02 6.93455148e+01 2.44526651e-01 4.66588775e-02 -1.93831449e+01
8.85970055e-04 -7.14950270e+02 6.76892382e+01 2.61373203e-01 4.82784506e-02 -1.94305837e+01
8.84991857e-04 -7.14948889e+02 6.83348567e+01 2.50915331e-01 4.74284257e-02 -1.94191763e+01
8.82822041e-04 -7.14948523e+02 6.94591848e+01 2.76492983e-01 4.59359360e-02 -1.93748098e+01
8.80469217e-04 -7.14947571e+02 6.83759760e+01 2.71555505e-01 4.81286837e-02 -1.94021742e+01
8.80445821e-04 -7.14941929e+02 6.78323963e+01 2.52669174e-01 4.85894223e-02 -1.94265055e+01
8.82957424e-04 -7.14935222e+02 6.89912732e+01 2.67709665e-01 4.73566956e-02 -1.93834697e+01
8.83108322e-04 -7.14934920e+02 6.89241460e+01 2.68289092e-01 4.63477746e-02 -1.93892950e+01
8.83004922e-04 -7.14928809e+02 6.91867223e+01 2.63371379e-01 4.66000916e-02 -1.93758111e+01
8.84792362e-04 -7.14924216e+02 6.82714140e+01 2.61179944e-01 4.82667919e-02 -1.94086106e+01
8.85878193e-04 -7.14919701e+02 6.83732537e+01 2.79063268e-01 4.75111350e-02 -1.94092190e+01
8.86650258e-04 -7.14915817e+02 6.93268715e+01 2.58305043e-01 4.62136576e-02 -1.93744410e+01
8.90461166e-04 -7.14904496e+02 6.82757283e+01 2.44808745e-01 4.80731531e-02 -1.94193835e+01
8.95093842e-04 -7.14898759e+02 6.79864286e+01 2.77220106e-01 4.81944661e-02 -1.94206705e+01
8.95783569e-04 -7.14896293e+02 7.00075072e+01 2.65566534e-01 4.54969576e-02 -1.93605941e+01
8.94374028e-04 -7.14895252e+02 6.92297683e+01 2.47312831e-01 4.62776365e-02 -1.93841738e+01
8.94768106e-04 -7.14888767e+02 6.78898281e+01 2.57196619e-01 4.83213754e-02 -1.94310541e+01
8.95503391e-04 -7.14886944e+02 7.01063616e+01 2.66278466e-01 4.55368426e-02 -1.93550933e+01
8.94582925e-04 -7.14884169e+02 6.75876871e+01 2.67307117e-01 4.86222611e-02 -1.94324763e+01
8.93755647e-04 -7.14882138e+02 6.91137220e+01 2.59352993e-01 4.61655136e-02 -1.93897805e+01
8.93452427e-04 -7.14878195e+02 6.90879896e+01 2.55404491e-01 4.68815697e-02 -1.93821200e+01
8.93478733e-04 -7.14875421e+02 6.78792282e+01 2.54703410e-01 4.86411710e-02 -1.94290420e+01
8.92562306e-04 -7.14873591e+02 6.91454915e+01 2.88365870e-01 4.66950927e-02 -1.93775956e+01
8.91096650e-04 -7.14872052e+02 6.99564749e+01 2.60326118e-01 4.57469009e-02 -1.93641231e+01
8.90053757e-04 -7.14869278e+02 6.78895099e+01 2.52151208e-01 4.80455194e-02 -1.94298804e+01
8.89241862e-04 -7.14867221e+02 6.79841005e+01 2.46740917e-01 4.80116144e-02 -1.94257011e+01
8.88020273e-04 -7.14865372e+02 6.81712299e+01 2.60610463e-01 4.83610415e-02 -1.94198016e+01
8.86083733e-04 -7.14864931e+02 6.83256561e+01 2.44975066e-01 4.78511554e-02 -1.94200068e+01
8.90439539e-04 -7.14848972e+02 6.78197191e+01 2.68287436e-01 4.85220876e-02 -1.94287875e+01
8.97262499e-04 -7.14842954e+02 6.89488968e+01 2.65453747e-01 4.63243715e-02 -1.93914281e+01
8.99265916e-04 -7.14837854e+02 6.93956865e+01 2.60432188e-01 4.61359386e-02 -1.93843526e+01
9.00254308e-04 -7.14834099e+02 6.92534813e+01 2.57857290e-01 4.60765866e-02 -1.93796299e+01
8.99726562e-04 -7.14832368e+02 6.88282228e+01 2.86240473e-01 4.72164752e-02 -1.93901908e+01
9.01317847e-04 -7.14823926e+02 6.92673045e+01 2.42282224e-01 4.64882940e-02 -1.93872822e+01
9.04725891e-04 -7.14818155e+02 6.81275096e+01 2.73981010e-01 4.83695662e-02 -1.94156652e+01
9.04459191e-04 -7.14817852e+02 6.96250581e+01 2.78095709e-01 4.57874056e-02 -1.93631304e+01
9.02400348e-04 -7.14816058e+02 6.80517818e+01 2.68159540e-01 4.85492672e-02 -1.94162854e+01
9.01175672e-04 -7.14813913e+02 6.94961285e+01 2.82053273e-01 4.60299487e-02 -1.93655166e+01
9.00187836e-04 -7.14811596e+02 6.86401340e+01 2.76583733e-01 4.70189183e-02 -1.93909073e+01
8.99877575e-04 -7.14807948e+02 6.83891471e+01 2.72858283e-01 4.81411012e-02 -1.94069932e+01
8.98730548e-04 -7.14807488e+02 6.84241815e+01 2.64200187e-01 4.81229189e-02 -1.94038071e+01
8.97420255e-04 -7.14804214e+02 7.00431688e+01 2.68920385e-01 4.56578489e-02 -1.93563202e+01
8.96181626e-04 -7.14803592e+02 6.90210938e+01 2.70060626e-01 4.71349960e-02 -1.93801180e+01
8.94706800e-04 -7.14800854e+02 6.95670426e+01 2.62924086e-01 4.65680933e-02 -1.93744044e+01
8.93785605e-04 -7.14798996e+02 6.92379356e+01 2.49729966e-01 4.67486093e-02 -1.93913528e+01
8.92798245e-04 -7.14796410e+02 6.82767267e+01 2.65698777e-01 4.77688649e-02 -1.94180656e+01
8.93789284e-04 -7.14790130e+02 6.92245331e+01 2.70935562e-01 4.70016732e-02 -1.93756598e+01
8.93673770e-04 -7.14790003e+02 6.96552144e+01 2.68541610e-01 4.64298019e-02 -1.93691175e+01
8.92486771e-04 -7.14786136e+02 6.79963390e+01 2.69577338e-01 4.77283141e-02 -1.94187988e+01
8.91867431e-04 -7.14784732e+02 6.87563929e+01 2.76438260e-01 4.70623231e-02 -1.93861365e+01
8.89731944e-04 -7.14784275e+02 6.97157994e+01 2.80066993e-01 4.60868610e-02 -1.93630679e+01
8.88333458e-04 -7.14781225e+02 6.89267337e+01 2.85288599e-01 4.72068935e-02 -1.93826925e+01
8.88350902e-04 -7.14777581e+02 6.89047102e+01 2.52344891e-01 4.66214942e-02 -1.94008186e+01
8.88179227e-04 -7.14774954e+02 6.91492880e+01 2.82112183e-01 4.63853818e-02 -1.93753800e+01
8.87528379e-04 -7.14772391e+02 6.93636528e+01 2.56329338e-01 4.59801956e-02 -1.93839298e+01
8.85801603e-04 -7.14772192e+02 6.92835210e+01 2.79916952e-01 4.67102437e-02 -1.93707979e+01
8.83932185e-04 -7.14769962e+02 6.89085244e+01 2.75865188e-01 4.66648275e-02 -1.93827098e+01
8.82127595e-04 -7.14769623e+02 6.88370299e+01 2.45792347e-01 4.66944074e-02 -1.94000621e+01
8.82546403e-04 -7.14762370e+02 6.95474962e+01 2.54640384e-01 4.61545739e-02 -1.93806612e+01
8.83335192e-04 -7.14761168e+02 6.97791637e+01 2.60991273e-01 4.62332587e-02 -1.93648269e+01
8.80959999e-04 -7.14761100e+02 6.98158825e+01 2.57485814e-01 4.60144005e-02 -1.93693354e+01
8.78198983e-04 -7.14760790e+02 6.85012400e+01 2.72186245e-01 4.79704977e-02 -1.93985750e+01
8.75815436e-04 -7.14759880e+02 6.85974457e+01 2.42378619e-01 4.71712823e-02 -1.94083586e+01
8.73661065e-04 -7.14759060e+02 6.82186142e+01 2.66646819e-01 4.82377480e-02 -1.94171527e+01
8.71470157e-04 -7.14758246e+02 6.91757242e+01 2.43209904e-01 4.66356930e-02 -1.93879282e+01
8.69459575e-04 -7.14757024e+02 6.97965920e+01 2.66650943e-01 4.56707783e-02 -1.93594896e+01
8.70034418e-04 -7.14750280e+02 6.88388160e+01 2.74183069e-01 4.65437154e-02 -1.93888865e+01
8.75005571e-04 -7.14738994e+02 6.77549558e+01 2.71832920e-01 4.83753411e-02 -1.94278528e+01
8.79782631e-04 -7.14732713e+02 6.81687604e+01 2.66641960e-01 4.84325239e-02 -1.94136094e+01
8.80470724e-04 -7.14730766e+02 6.97067722e+01 2.78897536e-01 4.58471715e-02 -1.93600516e+01
8.78907801e-04 -7.14729610e+02 6.88658915e+01 2.46437719e-01 4.68651325e-02 -1.93945474e+01
8.77586630e-04 -7.14727120e+02 6.90978564e+01 2.84285495e-01 4.66727429e-02 -1.93756522e+01
8.75944715e-04 -7.14726698e+02 6.83156974e+01 2.64777506e-01 4.82558097e-02 -1.94078913e+01
8.75915757e-04 -7.14720540e+02 6.84708917e+01 2.65139851e-01 4.76002379e-02 -1.94124356e+01
8.76796420e-04 -7.14718025e+02 6.84991719e+01 2.66512427e-01 4.70084912e-02 -1.94077347e+01
8.77522840e-04 -7.14712235e+02 6.88952723e+01 2.66422800e-01 4.65856174e-02 -1.93971625e+01
8.78991065e-04 -7.14708022e+02 6.89017360e+01 2.69084416e-01 4.74054870e-02 -1.93952296e+01
8.78273287e-04 -7.14707209e+02 6.78048562e+01 2.56501834e-01 4.86907365e-02 -1.94297708e+01
8.77884907e-04 -7.14702257e+02 6.90493443e+01 2.82926308e-01 4.65823537e-02 -1.93778080e+01
8.77353477e-04 -7.14701759e+02 6.88000042e+01 2.82548036e-01 4.68676083e-02 -1.93856143e+01
8.74883983e-04 -7.14701239e+02 6.87683819e+01 2.59782260e-01 4.76184780e-02 -1.93931156e+01
8.72304414e-04 -7.14701009e+02 6.87915290e+01 2.68973407e-01 4.66311321e-02 -1.93902226e+01
8.69915907e-04 -7.14700067e+02 6.97765463e+01 2.67705290e-01 4.62167447e-02 -1.93624348e+01
8.68035020e-04 -7.14698682e+02 6.80870248e+01 2.71153459e-01 4.76314643e-02 -1.94134049e+01
8.67446713e-04 -7.14694771e+02 6.78337209e+01 2.69412206e-01 4.86576095e-02 -1.94254346e+01
8.67038361e-04 -7.14692966e+02 6.85418173e+01 2.56139660e-01 4.69697107e-02 -1.94028398e+01
8.65162389e-04 -7.14692447e+02 6.92585642e+01 2.68610075e-01 4.65002064e-02 -1.93865187e+01
8.62570992e-04 -7.14692309e+02 6.99698241e+01 2.56815865e-01 4.56505301e-02 -1.93601363e+01
8.61072184e-04 -7.14689271e+02 6.86509465e+01 2.48592277e-01 4.71752540e-02 -1.94103852e+01
8.60184331e-04 -7.14687715e+02 6.88396777e+01 2.68178718e-01 4.73116467e-02 -1.93859533e+01
8.63687540e-04 -7.14674530e+02 6.96362742e+01 2.60482630e-01 4.62756069e-02 -1.93658220e+01
8.66741574e-04 -7.14673957e+02 6.78433596e+01 2.54219045e-01 4.81708953e-02 -1.94306792e+01
8.64877231e-04 -7.14672182e+02 6.83265473e+01 2.71641912e-01 4.72258654e-02 -1.94085932e+01
8.64529670e-04 -7.14668109e+02 6.92692287e+01 2.76926475e-01 4.68985349e-02 -1.93739356e+01
8.63793145e-04 -7.14667227e+02 6.83626782e+01 2.42531630e-01 4.76587930e-02 -1.94165952e+01
8.62594360e-04 -7.14664233e+02 6.83310745e+01 2.70243374e-01 4.75192100e-02 -1.94019448e+01
8.61242780e-04 -7.14663705e+02 6.90138342e+01 2.52652928e-01 4.70155092e-02 -1.93983440e+01
8.63937031e-04 -7.14651368e+02 6.91857279e+01 2.62980480e-01 4.60968961e-02 -1.93859485e+01
8.66515787e-04 -7.14651051e+02 6.82597309e+01 2.68020382e-01 4.82036810e-02 -1.94148517e+01
8.63944404e-04 -7.14650656e+02 6.85280636e+01 2.52808792e-01 4.69752320e-02 -1.94080893e+01
8.63868835e-04 -7.14644579e+02 6.87093747e+01 2.57360396e-01 4.77447014e-02 -1.94027296e+01
8.64631697e-04 -7.14642228e+02 6.84782574e+01 2.61856643e-01 4.78429407e-02 -1.94000583e+01
8.63041293e-04 -7.14641605e+02 6.85100755e+01 2.81608397e-01 4.74738261e-02 -1.93940775e+01
8.60999604e-04 -7.14640309e+02 6.91536698e+01 2.79290699e-01 4.63672511e-02 -1.93756116e+01
8.59875222e-04 -7.14637564e+02 6.88481342e+01 2.79637872e-01 4.69499062e-02 -1.93832966e+01
8.59809392e-04 -7.14633808e+02 6.83720566e+01 2.51787100e-01 4.76805506e-02 -1.94184222e+01
8.59890044e-04 -7.14630720e+02 6.93778445e+01 2.67069212e-01 4.63566157e-02 -1.93829633e+01
8.60774836e-04 -7.14625101e+02 6.94982938e+01 2.56737682e-01 4.66405255e-02 -1.93774206e+01
8.60345808e-04 -7.14625053e+02 6.86652626e+01 2.54473424e-01 4.77747718e-02 -1.94000417e+01
8.58664555e-04 -7.14622360e+02 6.81207969e+01 2.80530941e-01 4.77923420e-02 -1.94126554e+01
8.60836105e-04 -7.14613365e+02 6.79196150e+01 2.49621069e-01 4.83407646e-02 -1.94292320e+01
8.65037383e-04 -7.14605961e+02 6.88832541e+01 2.50343797e-01 4.70254618e-02 -1.93912646e+01
8.67395089e-04 -7.14601257e+02 6.85713852e+01 2.62020029e-01 4.79496346e-02 -1.94046365e+01
8.66741753e-04 -7.14600807e+02 6.97843191e+01 2.53302959e-01 4.58243151e-02 -1.93658755e+01
8.64513680e-04 -7.14599750e+02 6.88072005e+01 2.85997469e-01 4.71391254e-02 -1.93853481e+01
8.64266912e-04 -7.14594728e+02 6.94031824e+01 2.70872355e-01 4.67273710e-02 -1.93708822e+01
8.68126387e-04 -7.14584204e+02 6.88192529e+01 2.51310804e-01 4.75411701e-02 -1.93968772e+01
8.70179306e-04 -7.14583321e+02 6.91735431e+01 2.53995763e-01 4.67059390e-02 -1.93931196e+01
8.68366675e-04 -7.14581719e+02 6.98749968e+01 2.73138431e-01 4.59100593e-02 -1.93599210e+01
8.67788105e-04 -7.14578001e+02 6.81406463e+01 2.77464299e-01 4.82753418e-02 -1.94126429e+01
8.66990585e-04 -7.14576900e+02 6.83326208e+01 2.62278879e-01 4.76823057e-02 -1.94038134e+01
8.67045546e-04 -7.14571227e+02 6.92492738e+01 2.51562702e-01 4.67211342e-02 -1.93903368e+01
8.68614382e-04 -7.14566626e+02 6.86856187e+01 2.58855009e-01 4.68448100e-02 -1.93960164e+01
8.69167540e-04 -7.14563295e+02 6.98825849e+01 2.58843163e-01 4.55349266e-02 -1.93640680e+01
8.72381033e-04 -7.14552615e+02 6.85202395e+01 2.73876413e-01 4.70283430e-02 -1.93981983e+01
8.74196430e-04 -7.14552453e+02 6.87698548e+01 2.53670143e-01 4.66520230e-02 -1.94000199e+01
8.72811796e-04 -7.14549133e+02 6.84047291e+01 2.74652964e-01 4.80764027e-02 -1.94042501e+01
8.71675294e-04 -7.14548401e+02 6.93961225e+01 2.55030656e-01 4.59287019e-02 -1.93796955e+01
8.71559916e-04 -7.14542750e+02 6.88712340e+01 2.50568653e-01 4.66186661e-02 -1.94000847e+01
8.72622556e-04 -7.14539304e+02 6.79628041e+01 2.51760028e-01 4.81169019e-02 -1.94285057e+01
8.71772541e-04 -7.14538041e+02 6.87541403e+01 2.87002662e-01 4.71692567e-02 -1.93883673e+01
8.70515181e-04 -7.14535536e+02 6.80452574e+01 2.47170824e-01 4.81681397e-02 -1.94253094e+01
8.68838996e-04 -7.14535238e+02 6.85461853e+01 2.59229442e-01 4.70766940e-02 -1.94099957e+01
8.66397664e-04 -7.14534508e+02 6.80089341e+01 2.60937642e-01 4.80068367e-02 -1.94259523e+01
8.66655847e-04 -7.14527997e+02 6.82816433e+01 2.75611994e-01 4.74057079e-02 -1.94057668e+01
8.67694606e-04 -7.14525448e+02 6.99687018e+01 2.62690845e-01 4.57111536e-02 -1.93612040e+01
8.66237893e-04 -7.14524701e+02 6.93702036e+01 2.58459316e-01 4.67429725e-02 -1.93753367e+01
8.66655748e-04 -7.14517839e+02 6.91398018e+01 2.46433533e-01 4.68144150e-02 -1.93870416e+01
8.67647299e-04 -7.14515747e+02 6.97686225e+01 2.58679016e-01 4.61393475e-02 -1.93649318e+01
8.66649979e-04 -7.14513484e+02 6.82958536e+01 2.82826336e-01 4.79441996e-02 -1.94045446e+01
8.65489320e-04 -7.14511772e+02 6.94344831e+01 2.79898221e-01 4.64153378e-02 -1.93671094e+01
8.63355283e-04 -7.14511765e+02 6.89312304e+01 2.64905094e-01 4.69414302e-02 -1.93981233e+01
8.62524649e-04 -7.14507047e+02 6.90706396e+01 2.79397323e-01 4.66107871e-02 -1.93771915e+01
8.62786373e-04 -7.14504499e+02 6.93293442e+01 2.73847173e-01 4.67976837e-02 -1.93786692e+01
8.61872225e-04 -7.14502511e+02 6.95100357e+01 2.62749785e-01 4.58342111e-02 -1.93768902e+01
8.60168971e-04 -7.14501799e+02 6.98445540e+01 2.64514128e-01 4.59233968e-02 -1.93596416e+01
8.59087311e-04 -7.14498375e+02 6.83863959e+01 2.57357116e-01 4.76868532e-02 -1.94167207e+01
8.59410719e-04 -7.14494392e+02 6.87647774e+01 2.50027642e-01 4.67327543e-02 -1.94006897e+01
8.59313551e-04 -7.14491943e+02 6.92079870e+01 2.73980200e-01 4.61377700e-02 -1.93808743e+01
8.58457382e-04 -7.14489729e+02 6.93164986e+01 2.49572943e-01 4.67671278e-02 -1.93822320e+01
8.56559779e-04 -7.14489712e+02 6.84286784e+01 2.74247035e-01 4.79745593e-02 -1.94065754e+01
8.56589054e-04 -7.14483017e+02 6.87944923e+01 2.51140344e-01 4.75092763e-02 -1.94025730e+01
8.56965165e-04 -7.14482167e+02 6.97741349e+01 2.63661203e-01 4.56333787e-02 -1.93679539e+01
8.57228064e-04 -7.14475758e+02 6.95338795e+01 2.52569455e-01 4.59848722e-02 -1.93795890e+01
8.57755258e-04 -7.14474272e+02 6.91179898e+01 2.83900012e-01 4.69132753e-02 -1.93798951e+01
8.55839113e-04 -7.14473575e+02 6.84713495e+01 2.57502710e-01 4.71473650e-02 -1.94119568e+01
8.53656018e-04 -7.14472725e+02 6.96884410e+01 2.68225440e-01 4.56364153e-02 -1.93668571e+01
8.51386360e-04 -7.14472243e+02 6.89871546e+01 2.84386343e-01 4.66943817e-02 -1.93850543e+01
8.50004480e-04 -7.14469320e+02 6.86335480e+01 2.73193628e-01 4.68907248e-02 -1.93944878e+01
8.50255201e-04 -7.14465001e+02 6.82595461e+01 2.58495584e-01 4.74223642e-02 -1.94108457e+01
8.49585110e-04 -7.14464237e+02 6.88294256e+01 2.83221326e-01 4.73556471e-02 -1.93879313e+01
8.47745022e-04 -7.14462682e+02 6.89502698e+01 2.85292053e-01 4.67432795e-02 -1.93827852e+01
8.45725283e-04 -7.14462351e+02 6.84859237e+01 2.57455282e-01 4.79909582e-02 -1.94047089e+01
8.43602326e-04 -7.14461053e+02 6.86752730e+01 2.42805268e-01 4.72194159e-02 -1.94050431e+01
8.42014066e-04 -7.14459465e+02 6.84439273e+01 2.72999498e-01 4.80212174e-02 -1.94049720e+01
8.40799493e-04 -7.14457285e+02 6.84238508e+01 2.75539438e-01 4.76022990e-02 -1.93977681e+01
8.40993478e-04 -7.14452353e+02 6.85827885e+01 2.43008752e-01 4.74804238e-02 -1.94097612e+01
8.40362922e-04 -7.14452124e+02 6.91169747e+01 2.64226371e-01 4.71009662e-02 -1.93897621e+01
8.38702764e-04 -7.14449654e+02 6.91809499e+01 2.66503758e-01 4.68300390e-02 -1.93887272e+01
8.39149213e-04 -7.14444409e+02 6.85385432e+01 2.85383265e-01 4.74045266e-02 -1.93978573e+01
8.38675993e-04 -7.14444120e+02 6.82642302e+01 2.73058485e-01 4.78337782e-02 -1.94145034e+01
8.36493009e-04 -7.14442967e+02 6.98436873e+01 2.65986709e-01 4.60032602e-02 -1.93641455e+01
8.36794704e-04 -7.14436752e+02 6.93748939e+01 2.61326894e-01 4.66875317e-02 -1.93736286e+01
8.36745938e-04 -7.14436418e+02 6.95426333e+01 2.58146550e-01 4.64439094e-02 -1.93704443e+01
8.34837550e-04 -7.14434664e+02 6.87747671e+01 2.64540433e-01 4.69450020e-02 -1.94025708e+01
8.33823485e-04 -7.14432194e+02 6.84420439e+01 2.62111966e-01 4.73187497e-02 -1.94129568e+01
8.32439806e-04 -7.14431329e+02 6.94595913e+01 2.68929545e-01 4.66983583e-02 -1.93737224e+01
8.31645359e-04 -7.14427452e+02 6.83076976e+01 2.71871281e-01 4.81367934e-02 -1.94052107e+01
8.31130361e-04 -7.14425909e+02 6.90416663e+01 2.50797692e-01 4.65394722e-02 -1.93963311e+01
8.29398279e-04 -7.14424968e+02 6.82243634e+01 2.53787002e-01 4.75244049e-02 -1.94194312e+01
8.32022168e-04 -7.14412972e+02 6.93908706e+01 2.57348874e-01 4.61339497e-02 -1.93744046e+01
8.34833917e-04 -7.14411530e+02 6.80223852e+01 2.64783289e-01 4.77634373e-02 -1.94177544e+01
8.33641487e-04 -7.14409176e+02 6.88626181e+01 2.84032599e-01 4.69345137e-02 -1.93897980e+01
8.34423492e-04 -7.14403007e+02 6.98125599e+01 2.57055173e-01 4.59825283e-02 -1.93645397e+01
8.34283692e-04 -7.14402846e+02 6.78058667e+01 2.67877020e-01 4.84954767e-02 -1.94275346e+01
8.32904893e-04 -7.14399662e+02 6.96828994e+01 2.75531425e-01 4.57943887e-02 -1.93629008e+01
8.32589019e-04 -7.14396948e+02 6.95070552e+01 2.81176032e-01 4.62128104e-02 -1.93694755e+01
8.31841729e-04 -7.14394802e+02 6.86637618e+01 2.48126671e-01 4.70648653e-02 -1.94084212e+01
8.30908832e-04 -7.14392537e+02 6.97041208e+01 2.76053371e-01 4.57838030e-02 -1.93629737e+01
8.29127616e-04 -7.14392437e+02 6.97752067e+01 2.66802946e-01 4.56905751e-02 -1.93671488e+01
8.26983800e-04 -7.14391060e+02 6.92728777e+01 2.60605646e-01 4.60493385e-02 -1.93800463e+01
8.24808011e-04 -7.14391050e+02 6.83271538e+01 2.83639453e-01 4.76836751e-02 -1.94043639e+01
8.23838036e-04 -7.14386762e+02 6.89703715e+01 2.79648006e-01 4.66064232e-02 -1.93818211e+01
8.24084622e-04 -7.14383793e+02 6.93754322e+01 2.55776872e-01 4.60080372e-02 -1.93779891e+01
8.23649883e-04 -7.14381161e+02 6.92352901e+01 2.47367253e-01 4.63061128e-02 -1.93873771e+01
8.23915115e-04 -7.14376497e+02 6.86210500e+01 2.52241397e-01 4.72918450e-02 -1.94104345e+01
8.23300761e-04 -7.14375992e+02 6.94912996e+01 2.62050877e-01 4.58489363e-02 -1.93769266e+01
8.20949098e-04 -7.14375563e+02 6.78338475e+01 2.57033323e-01 4.84975537e-02 -1.94297863e+01
8.21669479e-04 -7.14367598e+02 6.78856654e+01 2.67690093e-01 4.85639873e-02 -1.94238245e+01
8.22369610e-04 -7.14367188e+02 6.85579698e+01 2.54036658e-01 4.74537292e-02 -1.94001525e+01
8.22382991e-04 -7.14360920e+02 6.85518160e+01 2.78572569e-01 4.77949620e-02 -1.93973351e+01
8.22222012e-04 -7.14360914e+02 6.95777052e+01 2.73953000e-01 4.61623207e-02 -1.93638707e+01
8.19513796e-04 -7.14360863e+02 6.91965663e+01 2.47129258e-01 4.63913838e-02 -1.93869333e+01
8.16880837e-04 -7.14360694e+02 6.83880169e+01 2.52846272e-01 4.72342716e-02 -1.94119479e+01
8.14628938e-04 -7.14359729e+02 6.88210308e+01 2.69444862e-01 4.69773898e-02 -1.93994750e+01
8.13195029e-04 -7.14357563e+02 6.88842451e+01 2.57578303e-01 4.69981494e-02 -1.94013796e+01
8.11736911e-04 -7.14356661e+02 6.92162566e+01 2.55559591e-01 4.70268624e-02 -1.93846037e+01
8.10531823e-04 -7.14353881e+02 6.77924176e+01 2.65444764e-01 4.85745779e-02 -1.94279476e+01
8.09052787e-04 -7.14353657e+02 6.90163492e+01 2.68078922e-01 4.67698724e-02 -1.93806296e+01
8.09563169e-04 -7.14345978e+02 6.82720215e+01 2.77570235e-01 4.76970540e-02 -1.94113346e+01
8.11965354e-04 -7.14341067e+02 6.79076759e+01 2.69976048e-01 4.81713807e-02 -1.94242876e+01
8.11530131e-04 -7.14340389e+02 6.88940238e+01 2.55274487e-01 4.69822245e-02 -1.93889690e+01
8.09163705e-04 -7.14340252e+02 6.89271219e+01 2.65875110e-01 4.74200652e-02 -1.93934857e+01
8.06979375e-04 -7.14339140e+02 6.80880884e+01 2.54080837e-01 4.82570897e-02 -1.94176335e+01
8.04968640e-04 -7.14338585e+02 6.88872686e+01 2.83804377e-01 4.68102857e-02 -1.93845287e+01
8.02889914e-04 -7.14337656e+02 6.88418280e+01 2.45611883e-01 4.73071067e-02 -1.94010373e+01
8.00808920e-04 -7.14337120e+02 6.88359076e+01 2.54812384e-01 4.75186960e-02 -1.93949770e+01
7.98451562e-04 -7.14336897e+02 6.98382391e+01 2.61107259e-01 4.57470563e-02 -1.93668246e+01
7.96549435e-04 -7.14335235e+02 6.78329137e+01 2.65815923e-01 4.86032761e-02 -1.94252814e+01
7.95652699e-04 -7.14332495e+02 6.89301214e+01 2.66937376e-01 4.73369195e-02 -1.93857787e+01
7.98626357e-04 -7.14321149e+02 6.83929509e+01 2.52232843e-01 4.80254423e-02 -1.94131597e+01
8.00830284e-04 -7.14320296e+02 6.95435470e+01 2.64906464e-01 4.57915767e-02 -1.93704904e+01
8.01838020e-04 -7.14311996e+02 6.97314267e+01 2.59634452e-01 4.60853711e-02 -1.93648248e+01
8.04658670e-04 -7.14306607e+02 6.91290088e+01 2.73079554e-01 4.66621402e-02 -1.93762598e+01
8.06593457e-04 -7.14300539e+02 6.95167060e+01 2.63551944e-01 4.58032816e-02 -1.93727496e+01
8.11050346e-04 -7.14288955e+02 6.82589542e+01 2.59217595e-01 4.82321301e-02 -1.94118245e+01
8.13591416e-04 -7.14287594e+02 6.94394003e+01 2.68781915e-01 4.65505636e-02 -1.93780937e+01
8.11468408e-04 -7.14287525e+02 6.98264084e+01 2.64443159e-01 4.57563526e-02 -1.93662120e+01
8.11212794e-04 -7.14281577e+02 6.88111671e+01 2.69176525e-01 4.72309757e-02 -1.93995281e+01
8.12502591e-04 -7.14277687e+02 6.85569127e+01 2.62505645e-01 4.75240350e-02 -1.94097502e+01
8.12324565e-04 -7.14275357e+02 6.80685411e+01 2.72658948e-01 4.79945175e-02 -1.94191911e+01
8.10859936e-04 -7.14274639e+02 6.95395699e+01 2.52935835e-01 4.63779213e-02 -1.93782165e+01
8.08580901e-04 -7.14274331e+02 6.86838035e+01 2.79642001e-01 4.75835434e-02 -1.93951178e+01
8.06999322e-04 -7.14271901e+02 6.97476124e+01 2.54347211e-01 4.59108996e-02 -1.93706998e+01
8.05405624e-04 -7.14271627e+02 6.93144989e+01 2.74866208e-01 4.60788090e-02 -1.93750410e+01
8.03783602e-04 -7.14269279e+02 6.93253302e+01 2.56603052e-01 4.63560965e-02 -1.93867829e+01
8.04020864e-04 -7.14264386e+02 6.87514323e+01 2.78244802e-01 4.74169827e-02 -1.93883816e+01
8.04092804e-04 -7.14262439e+02 6.82917142e+01 2.54277948e-01 4.77867081e-02 -1.94093539e+01
8.02317593e-04 -7.14262150e+02 6.93088553e+01 2.54358754e-01 4.65504921e-02 -1.93776728e+01
8.06434465e-04 -7.14245616e+02 6.81869009e+01 2.58023282e-01 4.80321050e-02 -1.94212325e+01
8.10529937e-04 -7.14245295e+02 6.91775717e+01 2.74916623e-01 4.70097257e-02 -1.93783727e+01
8.08812050e-04 -7.14243205e+02 6.79887018e+01 2.56966945e-01 4.82099923e-02 -1.94265962e+01
8.08060357e-04 -7.14240500e+02 6.95868476e+01 2.77803728e-01 4.60423349e-02 -1.93646261e+01
8.07546978e-04 -7.14237820e+02 6.90163320e+01 2.76772359e-01 4.71614465e-02 -1.93815532e+01
8.09008236e-04 -7.14230241e+02 6.79353962e+01 2.60824832e-01 4.84299533e-02 -1.94260433e+01
8.09606954e-04 -7.14229671e+02 6.85376643e+01 2.50032113e-01 4.75503732e-02 -1.94035994e+01
8.08088465e-04 -7.14227341e+02 6.83669836e+01 2.52764000e-01 4.80568661e-02 -1.94121853e+01
8.06486709e-04 -7.14226982e+02 6.80900075e+01 2.75594646e-01 4.78134226e-02 -1.94149046e+01
8.05123937e-04 -7.14224070e+02 6.84305845e+01 2.46360702e-01 4.74729865e-02 -1.94145329e+01
8.04116808e-04 -7.14222828e+02 6.93975644e+01 2.69590176e-01 4.61459714e-02 -1.93796650e+01
8.02653810e-04 -7.14221057e+02 6.94259622e+01 2.72845744e-01 4.66077705e-02 -1.93756256e+01
8.01646046e-04 -7.14218686e+02 6.93650204e+01 2.77238549e-01 4.66853770e-02 -1.93735261e+01
8.00474868e-04 -7.14217325e+02 6.91688001e+01 2.65095661e-01 4.62474008e-02 -1.93800108e+01
7.98475681e-04 -7.14217031e+02 6.86747120e+01 2.75552824e-01 4.75818683e-02 -1.93917988e+01
7.96070841e-04 -7.14216702e+02 6.89310630e+01 2.61391966e-01 4.68518264e-02 -1.93856751e+01
7.94159491e-04 -7.14215184e+02 6.92852319e+01 2.52848577e-01 4.67104423e-02 -1.93800775e+01
7.93579825e-04 -7.14211509e+02 6.93824656e+01 2.55022464e-01 4.60418934e-02 -1.93783624e+01
7.92564216e-04 -7.14211086e+02 6.93401617e+01 2.61259957e-01 4.60497350e-02 -1.93766533e+01
7.90210262e-04 -7.14210803e+02 6.86332248e+01 2.59653566e-01 4.71971017e-02 -1.94081072e+01
7.88054568e-04 -7.14209894e+02 6.82547477e+01 2.65165231e-01 4.81576360e-02 -1.94083854e+01
7.88158249e-04 -7.14203893e+02 6.91076323e+01 2.80754789e-01 4.65153985e-02 -1.93778917e+01
7.89408004e-04 -7.14200064e+02 6.94279688e+01 2.52836040e-01 4.63951368e-02 -1.93832752e+01
7.88688411e-04 -7.14199058e+02 6.83490346e+01 2.74064112e-01 4.75354056e-02 -1.94017191e+01
7.87441239e-04 -7.14196575e+02 6.86477463e+01 2.65654534e-01 4.70135969e-02 -1.94048550e+01
7.86753208e-04 -7.14194150e+02 6.85954815e+01 2.73357549e-01 4.69318047e-02 -1.93990386e+01
7.85314191e-04 -7.14193580e+02 6.81732032e+01 2.76908299e-01 4.79837559e-02 -1.94136427e+01
7.83114509e-04 -7.14193105e+02 6.81582654e+01 2.64591810e-01 4.77910006e-02 -1.94199251e+01
7.80968076e-04 -7.14192413e+02 6.86822100e+01 2.46010818e-01 4.72854942e-02 -1.94020216e+01
7.81044918e-04 -7.14186262e+02 6.87474085e+01 2.63512051e-01 4.76813357e-02 -1.93973370e+01
7.81545850e-04 -7.14184467e+02 6.86766056e+01 2.45625172e-01 4.74443046e-02 -1.94037834e+01
7.79808725e-04 -7.14184056e+02 6.91387622e+01 2.45838865e-01 4.67064271e-02 -1.93891026e+01
7.77468722e-04 -7.14183822e+02 6.79313480e+01 2.68104894e-01 4.80063542e-02 -1.94219419e+01
7.75169334e-04 -7.14183324e+02 6.82630596e+01 2.64055047e-01 4.73762802e-02 -1.94127343e+01
7.75121702e-04 -7.14177298e+02 6.84447943e+01 2.62013099e-01 4.79873314e-02 -1.94097845e+01
7.75355897e-04 -7.14176055e+02 6.82767956e+01 2.60069393e-01 4.77633954e-02 -1.94184010e+01
7.73409810e-04 -7.14175668e+02 6.83627007e+01 2.61320843e-01 4.75769448e-02 -1.94155479e+01
7.71441475e-04 -7.14174497e+02 6.81502442e+01 2.62137673e-01 4.83486106e-02 -1.94162594e+01
7.70656300e-04 -7.14171052e+02 6.86995676e+01 2.56352379e-01 4.68856066e-02 -1.93972122e+01
7.70448308e-04 -7.14168380e+02 6.96557994e+01 2.66617574e-01 4.57361581e-02 -1.93691027e+01
7.69074091e-04 -7.14167965e+02 6.85767571e+01 2.47972622e-01 4.76594875e-02 -1.94091318e+01
7.67289283e-04 -7.14166372e+02 6.80170817e+01 2.59091970e-01 4.83136859e-02 -1.94245270e+01
7.66285137e-04 -7.14163930e+02 6.94619259e+01 2.59601953e-01 4.59783812e-02 -1.93794354e+01
7.67300664e-04 -7.14157077e+02 6.90800290e+01 2.57878387e-01 4.63963670e-02 -1.93850143e+01
7.67388980e-04 -7.14157032e+02 6.94406605e+01 2.76597085e-01 4.61256537e-02 -1.93741549e+01
7.64980999e-04 -7.14156708e+02 6.87403753e+01 2.51203333e-01 4.75760038e-02 -1.94007595e+01
7.62711253e-04 -7.14156319e+02 6.96096819e+01 2.70588877e-01 4.58222223e-02 -1.93699073e+01
7.61344448e-04 -7.14153641e+02 6.83601877e+01 2.46199153e-01 4.76695491e-02 -1.94159959e+01
7.59968493e-04 -7.14153280e+02 6.93297996e+01 2.65163303e-01 4.60088972e-02 -1.93777288e+01
7.59407576e-04 -7.14148468e+02 6.91027074e+01 2.81833737e-01 4.65446109e-02 -1.93785888e+01
7.58957250e-04 -7.14147805e+02 6.90387566e+01 2.53710784e-01 4.63985224e-02 -1.93914719e+01
7.59583589e-04 -7.14140177e+02 6.93340310e+01 2.60236382e-01 4.68292626e-02 -1.93814738e+01
7.63531316e-04 -7.14130789e+02 6.82732412e+01 2.58961344e-01 4.74749256e-02 -1.94102801e+01
7.65149334e-04 -7.14129266e+02 6.90289350e+01 2.51294466e-01 4.68304336e-02 -1.93970787e+01
7.64135763e-04 -7.14126786e+02 6.90307765e+01 2.75728869e-01 4.64868466e-02 -1.93815834e+01
7.65544810e-04 -7.14118940e+02 6.85581855e+01 2.78696522e-01 4.76316670e-02 -1.94009597e+01
7.66551392e-04 -7.14117487e+02 6.87062329e+01 2.71454399e-01 4.67826820e-02 -1.93947221e+01
7.64576173e-04 -7.14117444e+02 6.93561330e+01 2.47860661e-01 4.63437208e-02 -1.93839046e+01
7.63406049e-04 -7.14113898e+02 6.96774032e+01 2.74125200e-01 4.58851994e-02 -1.93661789e+01
7.65375271e-04 -7.14105650e+02 6.86253790e+01 2.76373808e-01 4.72603025e-02 -1.93920013e+01
7.66537027e-04 -7.14104193e+02 6.83649915e+01 2.53023619e-01 4.73386968e-02 -1.94138606e+01
7.65290973e-04 -7.14102248e+02 6.82780854e+01 2.48236558e-01 4.79339424e-02 -1.94177389e+01
7.63819211e-04 -7.14101386e+02 6.87841494e+01 2.51955287e-01 4.74415705e-02 -1.93965290e+01
7.61763390e-04 -7.14100983e+02 6.93982269e+01 2.52322332e-01 4.65893480e-02 -1.93787227e+01
7.59438073e-04 -7.14100845e+02 6.87341799e+01 2.63645931e-01 4.76172258e-02 -1.93941255e+01
7.57646335e-04 -7.14099052e+02 6.90482587e+01 2.51224358e-01 4.71189697e-02 -1.93898206e+01
7.56923016e-04 -7.14096101e+02 6.91135917e+01 2.52620892e-01 4.70254038e-02 -1.93917497e+01
7.57794527e-04 -7.14090102e+02 6.83502049e+01 2.79324220e-01 4.74742306e-02 -1.94043672e+01
7.58890084e-04 -7.14086550e+02 6.84445382e+01 2.72599242e-01 4.71775756e-02 -1.94050238e+01
7.58222150e-04 -7.14085205e+02 6.86455098e+01 2.53986645e-01 4.69281906e-02 -1.94015511e+01
7.58313039e-04 -7.14079662e+02 6.94467521e+01 2.78618663e-01 4.61255024e-02 -1.93709321e+01
7.59797669e-04 -7.14074636e+02 6.96464626e+01 2.64669025e-01 4.62669223e-02 -1.93710735e+01
7.60772602e-04 -7.14070440e+02 6.92156495e+01 2.66101929e-01 4.67097278e-02 -1.93871922e+01
7.60357117e-04 -7.14069069e+02 6.97600808e+01 2.58792406e-01 4.58673931e-02 -1.93691027e+01
7.59352521e-04 -7.14066430e+02 6.87697672e+01 2.59081933e-01 4.74038029e-02 -1.94028990e+01
7.57944339e-04 -7.14066124e+02 6.93449861e+01 2.60975342e-01 4.67540084e-02 -1.93763609e+01
7.56941860e-04 -7.14062425e+02 6.92532766e+01 2.55439297e-01 4.63624966e-02 -1.93884737e+01
7.57820287e-04 -7.14057153e+02 6.80896776e+01 2.59458105e-01 4.83352808e-02 -1.94204955e+01
7.59075980e-04 -7.14052457e+02 6.97577708e+01 2.63878758e-01 4.58807293e-02 -1.93682513e+01
7.58895741e-04 -7.14050967e+02 6.94412175e+01 2.50964681e-01 4.61438754e-02 -1.93786706e+01
7.58648830e-04 -7.14046456e+02 6.92687282e+01 2.57612536e-01 4.67388320e-02 -1.93784910e+01
7.57839938e-04 -7.14046440e+02 6.84456734e+01 2.72517155e-01 4.76817891e-02 -1.94084055e+01
7.55419575e-04 -7.14046199e+02 6.91622501e+01 2.65800441e-01 4.62913514e-02 -1.93800162e+01
7.54746631e-04 -7.14041572e+02 6.86462073e+01 2.48665786e-01 4.75558653e-02 -1.94031630e+01
7.54101513e-04 -7.14041248e+02 6.88276366e+01 2.55740516e-01 4.66873146e-02 -1.93997387e+01
7.52549862e-04 -7.14039037e+02 6.92427920e+01 2.50300315e-01 4.63951344e-02 -1.93834330e+01
7.50933667e-04 -7.14038891e+02 6.96116359e+01 2.68526297e-01 4.63551448e-02 -1.93691224e+01
7.49346786e-04 -7.14036614e+02 6.88961348e+01 2.67615191e-01 4.70712548e-02 -1.93851155e+01
7.48836682e-04 -7.14033598e+02 6.82224613e+01 2.52828791e-01 4.80891341e-02 -1.94148161e+01
7.48324134e-04 -7.14031327e+02 6.87639754e+01 2.76613246e-01 4.75118771e-02 -1.93928040e+01
7.47398339e-04 -7.14029418e+02 6.79694955e+01 2.57025442e-01 4.82018356e-02 -1.94260150e+01
7.47843334e-04 -7.14023488e+02 6.96770175e+01 2.72992802e-01 4.60396787e-02 -1.93634818e+01
7.48905221e-04 -7.14019919e+02 6.96178813e+01 2.66769927e-01 4.57923346e-02 -1.93692979e+01
7.48467045e-04 -7.14018001e+02 6.93387145e+01 2.78007874e-01 4.64125012e-02 -1.93710698e+01
7.46873715e-04 -7.14017525e+02 6.82813389e+01 2.63632774e-01 4.78608305e-02 -1.94166891e+01
7.44752614e-04 -7.14017034e+02 6.86336428e+01 2.75063812e-01 4.69815611e-02 -1.93947758e+01
7.42567331e-04 -7.14016746e+02 6.93874328e+01 2.78869662e-01 4.61969274e-02 -1.93725385e+01
7.40909483e-04 -7.14014849e+02 6.88413324e+01 2.51541523e-01 4.67074580e-02 -1.93975683e+01
7.39396003e-04 -7.14014180e+02 6.87274003e+01 2.78684192e-01 4.71998985e-02 -1.93967956e+01
7.37801692e-04 -7.14012511e+02 6.80169879e+01 2.56524489e-01 4.83505294e-02 -1.94215907e+01
7.36199158e-04 -7.14011872e+02 6.97877430e+01 2.63181592e-01 4.58784248e-02 -1.93667489e+01
7.35382887e-04 -7.14008078e+02 6.83681669e+01 2.77076218e-01 4.75159821e-02 -1.94016928e+01
7.34612083e-04 -7.14007311e+02 6.87768431e+01 2.63511343e-01 4.66683755e-02 -1.93956934e+01
7.33200683e-04 -7.14005269e+02 6.91839702e+01 2.73816379e-01 4.68948279e-02 -1.93832430e+01
7.35202065e-04 -7.13995227e+02 6.80559841e+01 2.74322181e-01 4.81836022e-02 -1.94162927e+01
7.36454295e-04 -7.13995185e+02 6.90739140e+01 2.82297907e-01 4.66508067e-02 -1.93814874e+01
7.34248120e-04 -7.13994572e+02 6.96864475e+01 2.73117493e-01 4.58870196e-02 -1.93648104e+01
7.32717989e-04 -7.13992702e+02 6.81688405e+01 2.69319608e-01 4.80981739e-02 -1.94168500e+01
7.31466215e-04 -7.13991336e+02 6.94760067e+01 2.50472384e-01 4.63134605e-02 -1.93785199e+01
7.30464416e-04 -7.13988789e+02 6.96008816e+01 2.52828296e-01 4.61337466e-02 -1.93742948e+01
7.29042708e-04 -7.13988575e+02 6.83040255e+01 2.52476536e-01 4.74700932e-02 -1.94150438e+01
7.27125680e-04 -7.13987400e+02 6.89979605e+01 2.68762850e-01 4.67705649e-02 -1.93819092e+01
7.25571611e-04 -7.13986199e+02 6.90891783e+01 2.52626912e-01 4.64048961e-02 -1.93910143e+01
7.25737530e-04 -7.13980295e+02 6.93503316e+01 2.57481094e-01 4.61123645e-02 -1.93829442e+01
7.26836512e-04 -7.13976512e+02 6.83103659e+01 2.69000804e-01 4.75856594e-02 -1.94045822e+01
7.26764020e-04 -7.13973837e+02 6.81599424e+01 2.60905701e-01 4.80051578e-02 -1.94206196e+01
7.27135853e-04 -7.13968838e+02 6.83732556e+01 2.60225419e-01 4.72549385e-02 -1.94097291e+01
7.30314948e-04 -7.13958477e+02 6.97139565e+01 2.70674653e-01 4.58554918e-02 -1.93658863e+01
7.32593345e-04 -7.13955927e+02 6.94838504e+01 2.57468109e-01 4.63625013e-02 -1.93797601e+01
7.31184523e-04 -7.13955670e+02 6.82741213e+01 2.68211342e-01 4.80713261e-02 -1.94071566e+01
7.28869719e-04 -7.13955613e+02 6.95922317e+01 2.63282610e-01 4.62278340e-02 -1.93743534e+01
7.27639868e-04 -7.13952394e+02 6.95609698e+01 2.54653123e-01 4.61475193e-02 -1.93771972e+01
7.27589978e-04 -7.13949095e+02 6.82667848e+01 2.51267914e-01 4.80167749e-02 -1.94171975e+01
7.27613277e-04 -7.13945675e+02 6.91478109e+01 2.48685006e-01 4.64815932e-02 -1.93893566e+01
7.27568573e-04 -7.13942562e+02 6.95540951e+01 2.53725387e-01 4.60212172e-02 -1.93746855e+01
7.27061846e-04 -7.13940412e+02 6.91785066e+01 2.54709583e-01 4.69782360e-02 -1.93854777e+01
7.26353693e-04 -7.13937855e+02 6.82784905e+01 2.57908436e-01 4.75059912e-02 -1.94164797e+01
7.25385533e-04 -7.13936423e+02 6.87341736e+01 2.68997093e-01 4.70688475e-02 -1.93902643e+01
7.24376864e-04 -7.13933984e+02 6.86675130e+01 2.46768633e-01 4.74223834e-02 -1.94042399e+01
7.23157116e-04 -7.13933136e+02 6.92505893e+01 2.72523106e-01 4.65575822e-02 -1.93831833e+01
7.22040630e-04 -7.13930420e+02 6.89250691e+01 2.48914573e-01 4.71999744e-02 -1.93953463e+01
7.21087112e-04 -7.13929122e+02 6.87051730e+01 2.58912593e-01 4.76644060e-02 -1.94010430e+01
7.19794735e-04 -7.13927353e+02 6.79137872e+01 2.64359954e-01 4.81313120e-02 -1.94231647e+01
7.18813853e-04 -7.13925194e+02 6.84815110e+01 2.64359571e-01 4.71002673e-02 -1.94040044e+01
7.17205115e-04 -7.13925177e+02 6.94367045e+01 2.72896417e-01 4.62081081e-02 -1.93691955e+01
7.15024181e-04 -7.13924630e+02 6.90695943e+01 2.54720227e-01 4.70295510e-02 -1.93863586e+01
7.13289641e-04 -7.13923379e+02 6.92997939e+01 2.80294108e-01 4.65283324e-02 -1.93740988e+01
7.11926983e-04 -7.13921799e+02 6.82335653e+01 2.73840503e-01 4.75795103e-02 -1.94094871e+01
7.11372109e-04 -7.13918286e+02 6.83419103e+01 2.62443999e-01 4.79959783e-02 -1.94135381e+01
7.10682259e-04 -7.13917081e+02 6.81885890e+01 2.52741365e-01 4.77123653e-02 -1.94171738e+01
7.08904290e-04 -7.13916640e+02 6.91956116e+01 2.66057636e-01 4.64537888e-02 -1.93773169e+01
7.06780324e-04 -7.13916427e+02 6.86109768e+01 2.75196604e-01 4.71364691e-02 -1.94012417e+01
7.05651826e-04 -7.13913182e+02 6.90075288e+01 2.51237602e-01 4.70155798e-02 -1.93964092e+01
7.04756058e-04 -7.13912309e+02 6.84940947e+01 2.63606814e-01 4.72074198e-02 -1.94010463e+01
7.02791808e-04 -7.13912109e+02 6.87159198e+01 2.49285133e-01 4.72497625e-02 -1.94061969e+01
7.00599646e-04 -7.13911902e+02 6.90654976e+01 2.61309448e-01 4.71996576e-02 -1.93886432e+01
6.98650763e-04 -7.13911025e+02 6.82227950e+01 2.49506674e-01 4.78575346e-02 -1.94175759e+01
6.97177318e-04 -7.13909469e+02 6.82222042e+01 2.68723498e-01 4.75728237e-02 -1.94141529e+01
6.95404142e-04 -7.13909462e+02 6.89446366e+01 2.54146899e-01 4.71334795e-02 -1.93898172e+01
6.93588867e-04 -7.13908041e+02 6.86422323e+01 2.66917701e-01 4.68785900e-02 -1.93982213e+01
6.91918152e-04 -7.13907629e+02 6.92620856e+01 2.53147180e-01 4.64767520e-02 -1.93883177e+01
6.89928846e-04 -7.13907144e+02 6.85300726e+01 2.77742122e-01 4.75578753e-02 -1.93959972e+01
6.89560092e-04 -7.13902049e+02 6.89847039e+01 2.58923708e-01 4.70643353e-02 -1.93861446e+01
6.89269762e-04 -7.13901325e+02 6.92855926e+01 2.49107233e-01 4.66071691e-02 -1.93848737e+01
6.87356558e-04 -7.13900952e+02 6.95059284e+01 2.53646000e-01 4.63514799e-02 -1.93781802e+01
6.85853864e-04 -7.13899047e+02 6.93328152e+01 2.79590683e-01 4.63507051e-02 -1.93733452e+01
6.84499842e-04 -7.13898248e+02 6.85580541e+01 2.50369887e-01 4.72262276e-02 -1.94049023e+01
6.82971691e-04 -7.13896862e+02 6.90304990e+01 2.53390795e-01 4.64869931e-02 -1.93902609e+01
6.81925027e-04 -7.13894661e+02 6.85576926e+01 2.63069489e-01 4.75878477e-02 -1.93978789e+01
6.81176634e-04 -7.13892402e+02 6.82733697e+01 2.76784139e-01 4.76491496e-02 -1.94060795e+01
6.79835511e-04 -7.13891946e+02 6.81541882e+01 2.67104012e-01 4.78402401e-02 -1.94108057e+01
6.79414130e-04 -7.13886993e+02 6.96044150e+01 2.64596396e-01 4.60372266e-02 -1.93735371e+01
6.78865762e-04 -7.13886899e+02 6.79346013e+01 2.66261144e-01 4.83477453e-02 -1.94206935e+01
6.77315001e-04 -7.13884912e+02 6.95340624e+01 2.76333654e-01 4.61940388e-02 -1.93693059e+01
6.75902736e-04 -7.13884417e+02 6.87765314e+01 2.59937683e-01 4.75741532e-02 -1.93961153e+01
6.74771971e-04 -7.13881607e+02 6.89607498e+01 2.65746593e-01 4.69923487e-02 -1.93953529e+01
6.74059662e-04 -7.13879873e+02 6.86548926e+01 2.68827097e-01 4.69562223e-02 -1.94017489e+01
6.72567019e-04 -7.13879385e+02 6.85776104e+01 2.60415987e-01 4.75597524e-02 -1.94084961e+01
6.71189112e-04 -7.13877320e+02 6.84222636e+01 2.51762323e-01 4.73732588e-02 -1.94132087e+01
6.72863420e-04 -7.13867768e+02 6.84850925e+01 2.68447753e-01 4.73988104e-02 -1.94087175e+01
6.74329831e-04 -7.13866288e+02 6.85979592e+01 2.71660816e-01 4.76599233e-02 -1.93956452e+01
6.72713870e-04 -7.13865911e+02 6.84295946e+01 2.56393866e-01 4.73061748e-02 -1.94124006e+01
6.70885575e-04 -7.13865075e+02 6.80578922e+01 2.62715332e-01 4.78453879e-02 -1.94176011e+01
6.69207042e-04 -7.13864265e+02 6.88671304e+01 2.58553922e-01 4.68061322e-02 -1.93903182e+01
6.67343062e-04 -7.13863998e+02 6.88428031e+01 2.57242948e-01 4.67553080e-02 -1.93999716e+01
6.65832897e-04 -7.13862141e+02 6.85336828e+01 2.49312712e-01 4.74685954e-02 -1.94113158e+01
6.65239799e-04 -7.13859126e+02 6.86338728e+01 2.60290886e-01 4.69548825e-02 -1.94046503e+01
6.64160734e-04 -7.13858730e+02 6.87235576e+01 2.70782736e-01 4.75159641e-02 -1.93918881e+01
6.62886300e-04 -7.13856314e+02 6.80408387e+01 2.60277732e-01 4.80531448e-02 -1.94174364e+01
6.61532085e-04 -7.13856163e+02 6.91776766e+01 2.57909738e-01 4.68357790e-02 -1.93813170e+01
6.59455408e-04 -7.13855946e+02 6.86479484e+01 2.60398792e-01 4.70359527e-02 -1.94056515e+01
6.57435049e-04 -7.13855645e+02 6.93209361e+01 2.52023907e-01 4.66642143e-02 -1.93836376e+01
6.55511555e-04 -7.13855151e+02 6.88292416e+01 2.77788416e-01 4.69453755e-02 -1.93934041e+01
6.54641681e-04 -7.13851648e+02 6.94327937e+01 2.77205979e-01 4.64162534e-02 -1.93711523e+01
6.54056847e-04 -7.13850280e+02 6.87855926e+01 2.68760500e-01 4.66979524e-02 -1.93945963e+01
6.52758928e-04 -7.13848965e+02 6.90606702e+01 2.59488902e-01 4.71473653e-02 -1.93861598e+01
6.51922481e-04 -7.13846190e+02 6.91611412e+01 2.68818420e-01 4.65698450e-02 -1.93774763e+01
6.50987470e-04 -7.13845178e+02 6.87819498e+01 2.71059855e-01 4.67306721e-02 -1.93947637e+01
6.50072443e-04 -7.13842350e+02 6.93436590e+01 2.61235230e-01 4.64652689e-02 -1.93746706e+01
6.48951801e-04 -7.13841971e+02 6.95697635e+01 2.63402050e-01 4.63893480e-02 -1.93707452e+01
6.46955546e-04 -7.13841856e+02 6.91523132e+01 2.51758624e-01 4.68674890e-02 -1.93906893e+01
6.45726539e-04 -7.13839121e+02 6.92896028e+01 2.74768338e-01 4.63887563e-02 -1.93731861e+01
6.45380255e-04 -7.13836273e+02 6.85541133e+01 2.57706686e-01 4.70609008e-02 -1.94070722e+01
6.45036638e-04 -7.13833530e+02 6.86234752e+01 2.73738266e-01 4.72282988e-02 -1.94021087e+01
6.43968648e-04 -7.13832930e+02 6.94535423e+01 2.62607890e-01 4.59627974e-02 -1.93755485e+01
6.42051363e-04 -7.13832838e+02 6.92426686e+01 2.62396627e-01 4.63458383e-02 -1.93777886e+01
6.39977794e-04 -7.13832744e+02 6.90995668e+01 2.48692850e-01 4.65764241e-02 -1.93907354e+01
6.37978813e-04 -7.13832439e+02 6.81211758e+01 2.60324643e-01 4.82759040e-02 -1.94174845e+01
6.36579714e-04 -7.13830480e+02 6.81736953e+01 2.56262532e-01 4.80087347e-02 -1.94142496e+01
6.35732785e-04 -7.13828446e+02 6.85539736e+01 2.58440498e-01 4.71555721e-02 -1.94086928e+01
6.34295183e-04 -7.13828352e+02 6.82918551e+01 2.76598022e-01 4.76069565e-02 -1.94081910e+01
6.33744694e-04 -7.13823533e+02 6.83781632e+01 2.61751180e-01 4.74241874e-02 -1.94053443e+01
6.34834196e-04 -7.13818262e+02 6.93512853e+01 2.69812699e-01 4.63853194e-02 -1.93719991e+01
6.35570855e-04 -7.13814554e+02 6.83793117e+01 2.51950040e-01 4.78859917e-02 -1.94108803e+01
6.35899572e-04 -7.13810573e+02 6.85525444e+01 2.72072326e-01 4.73789040e-02 -1.94051192e+01
6.35196107e-04 -7.13810109e+02 6.95597132e+01 2.71701524e-01 4.60685682e-02 -1.93670016e+01
6.33475516e-04 -7.13809342e+02 6.86925045e+01 2.62471138e-01 4.76782010e-02 -1.93997348e+01
6.31640962e-04 -7.13809253e+02 6.88418756e+01 2.80784957e-01 4.70215638e-02 -1.93905538e+01
6.29751986e-04 -7.13808677e+02 6.90420188e+01 2.51178608e-01 4.67946498e-02 -1.93955425e+01
6.27927704e-04 -7.13808400e+02 6.79695650e+01 2.59077905e-01 4.83034834e-02 -1.94227728e+01
6.27033301e-04 -7.13804875e+02 6.90645644e+01 2.74526057e-01 4.67761371e-02 -1.93879903e+01
6.26136842e-04 -7.13804603e+02 6.85641293e+01 2.52357848e-01 4.71219617e-02 -1.94075487e+01
6.25257041e-04 -7.13801035e+02 6.83900050e+01 2.53704751e-01 4.79398752e-02 -1.94118458e+01
6.24510939e-04 -7.13800332e+02 6.84552673e+01 2.73734034e-01 4.77593869e-02 -1.93997411e+01
6.22982343e-04 -7.13799281e+02 6.86910176e+01 2.78181414e-01 4.71596929e-02 -1.93972348e+01
6.21446138e-04 -7.13798614e+02 6.80368492e+01 2.62337383e-01 4.81724535e-02 -1.94223561e+01
6.19920198e-04 -7.13797542e+02 6.88330530e+01 2.64406144e-01 4.66810129e-02 -1.93968622e+01
6.18872803e-04 -7.13795341e+02 6.89048573e+01 2.76415091e-01 4.69316404e-02 -1.93919947e+01
6.20260131e-04 -7.13786427e+02 6.89113781e+01 2.69878508e-01 4.69054939e-02 -1.93951516e+01
6.21015721e-04 -7.13786231e+02 6.84775100e+01 2.60328095e-01 4.72105986e-02 -1.94036719e+01
6.20136921e-04 -7.13782607e+02 6.85174939e+01 2.50095187e-01 4.73528360e-02 -1.94110316e+01
6.23065676e-04 -7.13770187e+02 6.96206964e+01 2.57885924e-01 4.59511200e-02 -1.93716462e+01
6.25092786e-04 -7.13769416e+02 6.86164572e+01 2.63695354e-01 4.76199865e-02 -1.94051588e+01
6.23818322e-04 -7.13767614e+02 6.88287160e+01 2.50849932e-01 4.68513045e-02 -1.93967878e+01
6.22583713e-04 -7.13766722e+02 6.95878558e+01 2.59509583e-01 4.60226742e-02 -1.93701470e+01
6.20959478e-04 -7.13766183e+02 6.87240761e+01 2.48578093e-01 4.73683361e-02 -1.94013792e+01
6.20021822e-04 -7.13763091e+02 6.87726343e+01 2.70452662e-01 4.68218496e-02 -1.93971888e+01
6.18962277e-04 -7.13762946e+02 6.92290676e+01 2.64763061e-01 4.63008865e-02 -1.93854053e+01
6.17075523e-04 -7.13762542e+02 6.85328966e+01 2.67704468e-01 4.70842218e-02 -1.94044001e+01
6.15414429e-04 -7.13761681e+02 6.89346690e+01 2.52195961e-01 4.72115206e-02 -1.93930683e+01
6.14282975e-04 -7.13759567e+02 6.89309877e+01 2.72204750e-01 4.73073115e-02 -1.93878705e+01
6.13596983e-04 -7.13757261e+02 6.92478101e+01 2.50248768e-01 4.65337361e-02 -1.93841962e+01
6.12742314e-04 -7.13755699e+02 6.86372153e+01 2.54568195e-01 4.70863679e-02 -1.94068511e+01
6.11262486e-04 -7.13755441e+02 6.85773402e+01 2.73989156e-01 4.76830560e-02 -1.94008913e+01
6.10390373e-04 -7.13751902e+02 6.89347821e+01 2.81349304e-01 4.69549391e-02 -1.93852031e+01
6.09990918e-04 -7.13750092e+02 6.84396931e+01 2.71897004e-01 4.75149768e-02 -1.94081914e+01
6.08772676e-04 -7.13749244e+02 6.91333953e+01 2.58809774e-01 4.66418078e-02 -1.93915167e+01
6.07087918e-04 -7.13748979e+02 6.89478273e+01 2.65714843e-01 4.70557327e-02 -1.93849602e+01
6.05984227e-04 -7.13746230e+02 6.82074761e+01 2.52125992e-01 4.77795798e-02 -1.94181119e+01
6.05657952e-04 -7.13743401e+02 6.92864203e+01 2.53916460e-01 4.64606788e-02 -1.93802404e+01
6.06908832e-04 -7.13735461e+02 6.85037400e+01 2.71985123e-01 4.71669784e-02 -1.94034914e+01
6.07590320e-04 -7.13734485e+02 6.86527441e+01 2.50818059e-01 4.73029287e-02 -1.94008952e+01
6.06157492e-04 -7.13733528e+02 6.84572114e+01 2.71832263e-01 4.73306259e-02 -1.94067340e+01
6.04444497e-04 -7.13733489e+02 6.87914715e+01 2.76092605e-01 4.72455945e-02 -1.93881009e+01
6.03201201e-04 -7.13730992e+02 6.91021805e+01 2.78556413e-01 4.67441820e-02 -1.93836074e+01
6.02169988e-04 -7.13730254e+02 6.90198774e+01 2.57571632e-01 4.69337010e-02 -1.93858105e+01
6.01117253e-04 -7.13727837e+02 6.89200549e+01 2.64259550e-01 4.66989700e-02 -1.93872792e+01
6.01011194e-04 -7.13723954e+02 6.87452642e+01 2.77064510e-01 4.72962018e-02 -1.93896169e+01
6.01086496e-04 -7.13720930e+02 6.85061094e+01 2.64877308e-01 4.75627027e-02 -1.93991864e+01
6.00498880e-04 -7.13719253e+02 6.88919917e+01 2.57814366e-01 4.71817794e-02 -1.93899740e+01
5.99054200e-04 -7.13719091e+02 6.84380417e+01 2.51808108e-01 4.73515160e-02 -1.94105020e+01
5.98072476e-04 -7.13715880e+02 6.90169862e+01 2.58583617e-01 4.65171620e-02 -1.93932425e+01
5.97348520e-04 -7.13714855e+02 6.95242045e+01 2.65556843e-01 4.63160975e-02 -1.93751652e+01
5.99986476e-04 -7.13700463e+02 6.91362331e+01 2.68908894e-01 4.68117829e-02 -1.93876826e+01
6.03343013e-04 -7.13696993e+02 6.83507099e+01 2.57946190e-01 4.77776350e-02 -1.94073036e+01
6.02649970e-04 -7.13696104e+02 6.92500621e+01 2.57108826e-01 4.67822349e-02 -1.93809372e+01
6.01082124e-04 -7.13695548e+02 6.89328195e+01 2.78077507e-01 4.67791671e-02 -1.93845215e+01
5.99354476e-04 -7.13695205e+02 6.95485305e+01 2.57038021e-01 4.61440181e-02 -1.93762475e+01
5.97481983e-04 -7.13695150e+02 6.91869836e+01 2.54765232e-01 4.66859604e-02 -1.93825587e+01
5.95646588e-04 -7.13694702e+02 6.88774301e+01 2.66916709e-01 4.66382668e-02 -1.93942270e+01
5.94074316e-04 -7.13693781e+02 6.80790571e+01 2.58813592e-01 4.81831331e-02 -1.94179887e+01
5.92710799e-04 -7.13692643e+02 6.95136417e+01 2.69074974e-01 4.61407216e-02 -1.93687441e+01
5.91480319e-04 -7.13691282e+02 6.83841622e+01 2.75072860e-01 4.74189514e-02 -1.94045031e+01
5.91960323e-04 -7.13684376e+02 6.95267586e+01 2.63541132e-01 4.60877256e-02 -1.93701072e+01
5.92731058e-04 -7.13682013e+02 6.90560031e+01 2.51179424e-01 4.66536243e-02 -1.93892150e+01
5.92020283e-04 -7.13680120e+02 6.86189179e+01 2.75151459e-01 4.75978817e-02 -1.93955611e+01
5.91648925e-04 -7.13676615e+02 6.87194471e+01 2.52297285e-01 4.69344933e-02 -1.94022662e+01
5.91047937e-04 -7.13675494e+02 6.90643346e+01 2.59165618e-01 4.68303898e-02 -1.93838356e+01
5.89469246e-04 -7.13675308e+02 6.91324481e+01 2.75298468e-01 4.67339494e-02 -1.93778947e+01
5.87934902e-04 -7.13674051e+02 6.91200818e+01 2.49185287e-01 4.67213533e-02 -1.93892265e+01
5.86715733e-04 -7.13672804e+02 6.88164299e+01 2.80179365e-01 4.71807865e-02 -1.93901803e+01
5.85457581e-04 -7.13671689e+02 6.82255972e+01 2.58144750e-01 4.80304384e-02 -1.94176960e+01
5.85522086e-04 -7.13665936e+02 6.81847881e+01 2.65328237e-01 4.79199500e-02 -1.94175606e+01
5.85987911e-04 -7.13663436e+02 6.85640179e+01 2.64180343e-01 4.70827238e-02 -1.94053827e+01
5.84864441e-04 -7.13663117e+02 6.92765574e+01 2.76684880e-01 4.64442451e-02 -1.93744365e+01
5.84561914e-04 -7.13657822e+02 6.88901002e+01 2.60405900e-01 4.70252464e-02 -1.93885379e+01
5.84446149e-04 -7.13656851e+02 6.85502488e+01 2.68981949e-01 4.76655200e-02 -1.93977902e+01
5.82979230e-04 -7.13656193e+02 6.85277644e+01 2.49398705e-01 4.73437648e-02 -1.94085863e+01
5.81516380e-04 -7.13655220e+02 6.90871344e+01 2.72236525e-01 4.66886125e-02 -1.93879550e+01
5.80609141e-04 -7.13652661e+02 6.89034371e+01 2.69773715e-01 4.69024246e-02 -1.93854161e+01
5.79559940e-04 -7.13652181e+02 6.88382534e+01 2.68566541e-01 4.69789791e-02 -1.93975981e+01
5.78540735e-04 -7.13649528e+02 6.88817249e+01 2.76440492e-01 4.67762869e-02 -1.93869548e+01
5.77428522e-04 -7.13649372e+02 6.90004590e+01 2.55180346e-01 4.66384230e-02 -1.93888572e+01
5.75573688e-04 -7.13649307e+02 6.83311390e+01 2.75282197e-01 4.77064831e-02 -1.94084863e+01
5.74449494e-04 -7.13646628e+02 6.88949839e+01 2.49706877e-01 4.71731079e-02 -1.93964808e+01
5.73718301e-04 -7.13645198e+02 6.90031569e+01 2.70940356e-01 4.69768208e-02 -1.93909889e+01
5.72314554e-04 -7.13644872e+02 6.89179278e+01 2.65121603e-01 4.71688627e-02 -1.93956125e+01
5.70554138e-04 -7.13644703e+02 6.83581439e+01 2.51625662e-01 4.77995551e-02 -1.94117223e+01
5.69033446e-04 -7.13643554e+02 6.88981757e+01 2.49874784e-01 4.68236842e-02 -1.93958104e+01
5.68038657e-04 -7.13641548e+02 6.94126168e+01 2.75597050e-01 4.64056264e-02 -1.93722107e+01
5.67463678e-04 -7.13638925e+02 6.80335943e+01 2.61301911e-01 4.80939473e-02 -1.94217548e+01
5.66788259e-04 -7.13637273e+02 6.93515029e+01 2.53126272e-01 4.63189461e-02 -1.93803804e+01
5.65585405e-04 -7.13636518e+02 6.84687230e+01 2.77056071e-01 4.73632532e-02 -1.94015102e+01
5.64670550e-04 -7.13633857e+02 6.80714435e+01 2.57350330e-01 4.81515690e-02 -1.94200223e+01
5.64410977e-04 -7.13630782e+02 6.94557368e+01 2.67218128e-01 4.62531277e-02 -1.93706118e+01
5.63656678e-04 -7.13629874e+02 6.82259123e+01 2.52720835e-01 4.79355731e-02 -1.94166688e+01
5.62721196e-04 -7.13627450e+02 6.88361926e+01 2.64174225e-01 4.73489177e-02 -1.93976628e+01
5.61835301e-04 -7.13626368e+02 6.95633572e+01 2.72072347e-01 4.61661741e-02 -1.93692931e+01
5.61625704e-04 -7.13621546e+02 6.85358656e+01 2.49351492e-01 4.73706020e-02 -1.94077900e+01
5.61229189e-04 -7.13621119e+02 6.91859426e+01 2.57936609e-01 4.63991748e-02 -1.93822976e+01
5.59526404e-04 -7.13620968e+02 6.90497196e+01 2.75592070e-01 4.68063929e-02 -1.93871400e+01
5.57721674e-04 -7.13620925e+02 6.93396138e+01 2.57681930e-01 4.62301224e-02 -1.93830636e+01
5.56036393e-04 -7.13620365e+02 6.88148146e+01 2.68735268e-01 4.70435890e-02 -1.93884070e+01
5.54961732e-04 -7.13618140e+02 6.91853959e+01 2.70030161e-01 4.68811737e-02 -1.93788440e+01
5.54692686e-04 -7.13614681e+02 6.96002408e+01 2.60916080e-01 4.61910350e-02 -1.93725924e+01
5.54252925e-04 -7.13613068e+02 6.85127096e+01 2.55630365e-01 4.75598730e-02 -1.94030933e+01
5.53437797e-04 -7.13610969e+02 6.89375515e+01 2.67407373e-01 4.72593953e-02 -1.93872412e+01
5.52257779e-04 -7.13610680e+02 6.88236535e+01 2.70205883e-01 4.72962717e-02 -1.93886900e+01
5.50589414e-04 -7.13610365e+02 6.83659467e+01 2.75995479e-01 4.76812528e-02 -1.94067920e+01
5.48864135e-04 -7.13610302e+02 6.91393831e+01 2.53513284e-01 4.67435519e-02 -1.93849945e+01
5.47492809e-04 -7.13608713e+02 6.88210373e+01 2.48221435e-01 4.70856796e-02 -1.93998620e+01
5.46837107e-04 -7.13606044e+02 6.90080929e+01 2.52617451e-01 4.70975971e-02 -1.93916441e+01
5.45994864e-04 -7.13605139e+02 6.83224148e+01 2.62024254e-01 4.80453212e-02 -1.94103260e+01
5.44438019e-04 -7.13605099e+02 6.83411840e+01 2.61039041e-01 4.74097864e-02 -1.94121837e+01
5.43067036e-04 -7.13603526e+02 6.91180593e+01 2.69057601e-01 4.63725801e-02 -1.93824672e+01
5.41927341e-04 -7.13602645e+02 6.89113506e+01 2.63167530e-01 4.65772267e-02 -1.93917948e+01
5.41567761e-04 -7.13598203e+02 6.88908761e+01 2.54306468e-01 4.68175298e-02 -1.93924394e+01
5.41292511e-04 -7.13597001e+02 6.82854156e+01 2.57411649e-01 4.76222806e-02 -1.94161981e+01
5.40370233e-04 -7.13594959e+02 6.86123558e+01 2.50637860e-01 4.72127858e-02 -1.94040170e+01
5.39661444e-04 -7.13592971e+02 6.87429920e+01 2.60890165e-01 4.68084149e-02 -1.93971614e+01
5.39371248e-04 -7.13589381e+02 6.84999556e+01 2.73289281e-01 4.77711261e-02 -1.94013633e+01
5.38627183e-04 -7.13589073e+02 6.94130624e+01 2.68073097e-01 4.60748650e-02 -1.93752655e+01
5.37177094e-04 -7.13588117e+02 6.92252526e+01 2.76221531e-01 4.67216116e-02 -1.93773080e+01
5.36013241e-04 -7.13586756e+02 6.86902843e+01 2.76327434e-01 4.71101515e-02 -1.93922196e+01
5.34627596e-04 -7.13586638e+02 6.92049755e+01 2.72216141e-01 4.63091425e-02 -1.93804692e+01
5.33091203e-04 -7.13585856e+02 6.86337659e+01 2.56661437e-01 4.70055457e-02 -1.94016436e+01
5.31625764e-04 -7.13585488e+02 6.89775727e+01 2.70762625e-01 4.70605503e-02 -1.93913495e+01
5.30049453e-04 -7.13585139e+02 6.86759329e+01 2.52669628e-01 4.75372080e-02 -1.94022010e+01
5.28699841e-04 -7.13583932e+02 6.90472663e+01 2.57131456e-01 4.70593865e-02 -1.93924290e+01
5.27652490e-04 -7.13582450e+02 6.88720586e+01 2.78885574e-01 4.68983531e-02 -1.93893862e+01
5.26360329e-04 -7.13582179e+02 6.85308853e+01 2.72784729e-01 4.72059978e-02 -1.93989308e+01
5.24761946e-04 -7.13581877e+02 6.87633959e+01 2.79833471e-01 4.71222575e-02 -1.93908598e+01
5.23151954e-04 -7.13581669e+02 6.93609375e+01 2.62850355e-01 4.66567218e-02 -1.93765196e+01
5.22154249e-04 -7.13579041e+02 6.84294408e+01 2.56462607e-01 4.74042573e-02 -1.94065212e+01
5.21258155e-04 -7.13578447e+02 6.88209203e+01 2.57116567e-01 4.73515383e-02 -1.93938310e+01
5.19774535e-04 -7.13578086e+02 6.88659085e+01 2.60419211e-01 4.68371073e-02 -1.93987516e+01
5.18457148e-04 -7.13576868e+02 6.86200645e+01 2.65118210e-01 4.76020991e-02 -1.94039947e+01
5.17217536e-04 -7.13576218e+02 6.83146149e+01 2.64090856e-01 4.78720714e-02 -1.94139527e+01
5.15837404e-04 -7.13575556e+02 6.86123341e+01 2.75276648e-01 4.71197223e-02 -1.93961629e+01
5.14313298e-04 -7.13575480e+02 6.86970442e+01 2.59204927e-01 4.76126054e-02 -1.93997870e+01
5.12924495e-04 -7.13574309e+02 6.84419516e+01 2.57729730e-01 4.72634387e-02 -1.94086250e+01
5.11562203e-04 -7.13574143e+02 6.82432909e+01 2.65364295e-01 4.75901220e-02 -1.94107896e+01
5.10811588e-04 -7.13570593e+02 6.88077597e+01 2.73369610e-01 4.69229813e-02 -1.93887130e+01
5.10092233e-04 -7.13570303e+02 6.93938468e+01 2.63502219e-01 4.64952858e-02 -1.93801047e+01
5.08992491e-04 -7.13568255e+02 6.81557072e+01 2.57795058e-01 4.81206014e-02 -1.94173383e+01
5.07844656e-04 -7.13568161e+02 6.84992077e+01 2.77292450e-01 4.76176034e-02 -1.94010583e+01
5.06745006e-04 -7.13565936e+02 6.90594341e+01 2.63148080e-01 4.70659695e-02 -1.93844431e+01
5.05682416e-04 -7.13565703e+02 6.92720821e+01 2.56832056e-01 4.67729135e-02 -1.93832045e+01
5.04429569e-04 -7.13564242e+02 6.85399379e+01 2.73778869e-01 4.71873361e-02 -1.93991933e+01
5.03479268e-04 -7.13562818e+02 6.85926841e+01 2.55838543e-01 4.76906167e-02 -1.94051354e+01
5.02443295e-04 -7.13561706e+02 6.87559055e+01 2.65432173e-01 4.73394370e-02 -1.94005864e+01
5.01093324e-04 -7.13561543e+02 6.95795187e+01 2.60828104e-01 4.62344585e-02 -1.93717434e+01
4.99567095e-04 -7.13561151e+02 6.87454481e+01 2.71096753e-01 4.74351061e-02 -1.93975078e+01
4.98121744e-04 -7.13560683e+02 6.86553650e+01 2.77197187e-01 4.71272248e-02 -1.93969054e+01
4.97432745e-04 -7.13557267e+02 6.94559693e+01 2.60087955e-01 4.64926593e-02 -1.93759820e+01
4.96813238e-04 -7.13556517e+02 6.86478053e+01 2.77686191e-01 4.71830451e-02 -1.93971887e+01
4.95839257e-04 -7.13554537e+02 6.92099902e+01 2.76040742e-01 4.64168697e-02 -1.93782607e+01
4.94818173e-04 -7.13553983e+02 6.92843874e+01 2.52022563e-01 4.65588288e-02 -1.93835974e+01
4.93531458e-04 -7.13553089e+02 6.80690728e+01 2.58993008e-01 4.81057729e-02 -1.94204251e+01
4.92356643e-04 -7.13552094e+02 6.85398442e+01 2.58309863e-01 4.74898602e-02 -1.94009724e+01
4.91194940e-04 -7.13551158e+02 6.87168359e+01 2.69625019e-01 4.75242004e-02 -1.93981830e+01
4.90068955e-04 -7.13550029e+02 6.91391525e+01 2.57056904e-01 4.69785873e-02 -1.93862788e+01
4.89088186e-04 -7.13548509e+02 6.88809599e+01 2.70624154e-01 4.72773904e-02 -1.93878342e+01
4.88121612e-04 -7.13547329e+02 6.81606782e+01 2.62747892e-01 4.77540054e-02 -1.94144556e+01
4.86851672e-04 -7.13547063e+02 6.90052258e+01 2.71494829e-01 4.71508589e-02 -1.93876636e+01
4.86110531e-04 -7.13543723e+02 6.80442783e+01 2.64722322e-01 4.81508501e-02 -1.94192322e+01
4.86326516e-04 -7.13539521e+02 6.88007352e+01 2.49323257e-01 4.70155584e-02 -1.94002602e+01
4.85972953e-04 -7.13538518e+02 6.88633113e+01 2.59082789e-01 4.67178982e-02 -1.93927065e+01
4.84841676e-04 -7.13537526e+02 6.87871667e+01 2.76716777e-01 4.69683803e-02 -1.93936361e+01
4.83805858e-04 -7.13536140e+02 6.86320656e+01 2.59887158e-01 4.76477274e-02 -1.93996804e+01
4.82733133e-04 -7.13535310e+02 6.88728126e+01 2.57754970e-01 4.66800277e-02 -1.93961096e+01
4.81842242e-04 -7.13533180e+02 6.81387101e+01 2.64952846e-01 4.80286233e-02 -1.94179719e+01
4.80767351e-04 -7.13533120e+02 6.90913253e+01 2.58083054e-01 4.67391123e-02 -1.93924091e+01
4.79518779e-04 -7.13531726e+02 6.90391376e+01 2.77409585e-01 4.69527563e-02 -1.93841352e+01
4.78412951e-04 -7.13531082e+02 6.89409124e+01 2.71302902e-01 4.72415601e-02 -1.93872919e+01
4.77294104e-04 -7.13529753e+02 6.85472451e+01 2.49731925e-01 4.74449977e-02 -1.94084979e+01
4.76776768e-04 -7.13526597e+02 6.94867618e+01 2.72757703e-01 4.62042959e-02 -1.93710758e+01
4.76164569e-04 -7.13525665e+02 6.92068951e+01 2.62280603e-01 4.63070908e-02 -1.93853921e+01
4.75236889e-04 -7.13523842e+02 6.83844314e+01 2.67643724e-01 4.73866652e-02 -1.94052315e+01
4.74365197e-04 -7.13522681e+02 6.93623380e+01 2.65749058e-01 4.66006071e-02 -1.93749142e+01
4.73092927e-04 -7.13522558e+02 6.87163808e+01 2.64604262e-01 4.68736619e-02 -1.93997560e+01
4.71741089e-04 -7.13521749e+02 6.89459525e+01 2.70328952e-01 4.67859227e-02 -1.93847170e+01
4.70386653e-04 -7.13521652e+02 6.85240387e+01 2.56226840e-01 4.72155824e-02 -1.94085120e+01
4.69106887e-04 -7.13520542e+02 6.82583071e+01 2.70191777e-01 4.78442755e-02 -1.94075707e+01
4.68149574e-04 -7.13519083e+02 6.84688320e+01 2.68823188e-01 4.73837210e-02 -1.94076628e+01
4.67802698e-04 -7.13515372e+02 6.90745347e+01 2.64619326e-01 4.70896650e-02 -1.93848600e+01
4.67319263e-04 -7.13514492e+02 6.87332699e+01 2.60565420e-01 4.70662708e-02 -1.94029588e+01
4.66180188e-04 -7.13513597e+02 6.94984250e+01 2.63428731e-01 4.62151394e-02 -1.93712941e+01
4.64915143e-04 -7.13513271e+02 6.81822646e+01 2.56285970e-01 4.78066920e-02 -1.94166415e+01
4.63902618e-04 -7.13511303e+02 6.86103164e+01 2.70625831e-01 4.76130654e-02 -1.93965631e+01
4.62869623e-04 -7.13511073e+02 6.84354467e+01 2.64445064e-01 4.76385657e-02 -1.94106787e+01
4.61481734e-04 -7.13510653e+02 6.92574009e+01 2.53447137e-01 4.64081032e-02 -1.93833329e+01
4.60747403e-04 -7.13507604e+02 6.83806684e+01 2.67564163e-01 4.79001438e-02 -1.94050778e+01
4.60501637e-04 -7.13505064e+02 6.94986589e+01 2.64984295e-01 4.61653474e-02 -1.93757452e+01
4.59669731e-04 -7.13504563e+02 6.86969087e+01 2.71185357e-01 4.69198629e-02 -1.93957319e+01
4.58325036e-04 -7.13504268e+02 6.89365646e+01 2.65620520e-01 4.72873072e-02 -1.93891938e+01
4.57108612e-04 -7.13503223e+02 6.89386456e+01 2.74290719e-01 4.71801983e-02 -1.93887432e+01
4.55997051e-04 -7.13502481e+02 6.93889951e+01 2.64262401e-01 4.64033181e-02 -1.93802640e+01
4.55437791e-04 -7.13499025e+02 6.81768886e+01 2.67833833e-01 4.80859282e-02 -1.94126401e+01
4.54798504e-04 -7.13498632e+02 6.87573767e+01 2.63515871e-01 4.68719907e-02 -1.93998440e+01
4.53982075e-04 -7.13495965e+02 6.84503834e+01 2.69339790e-01 4.77440574e-02 -1.94014095e+01
4.53401213e-04 -7.13494536e+02 6.86566477e+01 2.53225860e-01 4.73339265e-02 -1.94064703e+01
4.52333261e-04 -7.13494025e+02 6.87254868e+01 2.65046556e-01 4.75600244e-02 -1.93959304e+01
4.51773429e-04 -7.13490361e+02 6.92379238e+01 2.69916457e-01 4.64958113e-02 -1.93833628e+01
4.51207924e-04 -7.13489871e+02 6.93706472e+01 2.55740647e-01 4.63819122e-02 -1.93782928e+01
4.50215312e-04 -7.13488110e+02 6.95701291e+01 2.62843781e-01 4.61461297e-02 -1.93731718e+01
4.49375949e-04 -7.13486947e+02 6.86418029e+01 2.78427535e-01 4.73650906e-02 -1.93954257e+01
4.48238048e-04 -7.13486525e+02 6.85235739e+01 2.75825571e-01 4.73929777e-02 -1.94021580e+01
4.47143486e-04 -7.13485182e+02 6.84556924e+01 2.53752512e-01 4.76740876e-02 -1.94116529e+01
4.47035770e-04 -7.13480357e+02 6.95694427e+01 2.64553905e-01 4.62360013e-02 -1.93710385e+01
4.47092114e-04 -7.13478270e+02 6.84193137e+01 2.71577331e-01 4.76209057e-02 -1.94015457e+01
4.46134379e-04 -7.13477989e+02 6.83393134e+01 2.53347269e-01 4.77548291e-02 -1.94146880e+01
4.44882548e-04 -7.13477234e+02 6.94907627e+01 2.70917863e-01 4.62654296e-02 -1.93705437e+01
4.43582891e-04 -7.13477185e+02 6.87538025e+01 2.71957026e-01 4.68744350e-02 -1.93929644e+01
4.42656671e-04 -7.13474760e+02 6.89171105e+01 2.55807678e-01 4.66673506e-02 -1.93937690e+01
4.43503521e-04 -7.13466721e+02 6.86434208e+01 2.76678671e-01 4.74168243e-02 -1.93944095e+01
4.43864535e-04 -7.13466461e+02 6.88304720e+01 2.76388627e-01 4.72636242e-02 -1.93907251e+01
4.42794006e-04 -7.13464896e+02 6.82344767e+01 2.63756294e-01 4.76493644e-02 -1.94115176e+01
4.41964411e-04 -7.13463556e+02 6.88810749e+01 2.49739334e-01 4.70683687e-02 -1.93976523e+01
4.40819584e-04 -7.13463427e+02 6.81998048e+01 2.56328070e-01 4.79793798e-02 -1.94173561e+01
4.39495038e-04 -7.13462919e+02 6.91131868e+01 2.56224631e-01 4.68883002e-02 -1.93907676e+01
4.38162053e-04 -7.13462847e+02 6.89171381e+01 2.58823688e-01 4.71745493e-02 -1.93898824e+01
4.37359734e-04 -7.13459931e+02 6.89692261e+01 2.51138824e-01 4.68335142e-02 -1.93925500e+01
4.37177669e-04 -7.13457024e+02 6.83242727e+01 2.63852349e-01 4.74578921e-02 -1.94095724e+01
4.36398868e-04 -7.13456840e+02 6.85736695e+01 2.64933825e-01 4.77441161e-02 -1.94016381e+01
4.35780383e-04 -7.13453208e+02 6.92253831e+01 2.61046617e-01 4.64936310e-02 -1.93868219e+01
4.35469773e-04 -7.13451607e+02 6.83373491e+01 2.56373659e-01 4.76890460e-02 -1.94095658e+01
4.34544462e-04 -7.13450806e+02 6.86864386e+01 2.72872193e-01 4.74835362e-02 -1.93938708e+01
4.33517349e-04 -7.13449685e+02 6.93439758e+01 2.73427939e-01 4.64250762e-02 -1.93736377e+01
4.32373501e-04 -7.13449434e+02 6.84754566e+01 2.73232722e-01 4.75314973e-02 -1.94052911e+01
4.31208123e-04 -7.13448427e+02 6.94760404e+01 2.70739103e-01 4.62174917e-02 -1.93733427e+01
4.30062984e-04 -7.13448097e+02 6.88523426e+01 2.70013149e-01 4.68254572e-02 -1.93885747e+01
4.29008591e-04 -7.13446682e+02 6.92555294e+01 2.58182858e-01 4.67444684e-02 -1.93812108e+01
4.28028081e-04 -7.13446017e+02 6.94400810e+01 2.72333449e-01 4.63113448e-02 -1.93735956e+01
4.26925127e-04 -7.13445187e+02 6.81652626e+01 2.60261259e-01 4.80321066e-02 -1.94147918e+01
4.26188955e-04 -7.13442814e+02 6.88501345e+01 2.51344262e-01 4.69335579e-02 -1.93963594e+01
4.25683129e-04 -7.13440906e+02 6.87882928e+01 2.67318058e-01 4.68854487e-02 -1.93979702e+01
4.24995735e-04 -7.13439391e+02 6.86326813e+01 2.69056129e-01 4.70763101e-02 -1.93962675e+01
4.23909394e-04 -7.13439368e+02 6.84596326e+01 2.68793881e-01 4.74710844e-02 -1.94008059e+01
4.23728168e-04 -7.13433599e+02 6.81079848e+01 2.61215241e-01 4.80658180e-02 -1.94185916e+01
4.24349903e-04 -7.13429776e+02 6.82951601e+01 2.67217380e-01 4.77666600e-02 -1.94130667e+01
4.23750357e-04 -7.13429767e+02 6.91797608e+01 2.67188239e-01 4.69075270e-02 -1.93836694e+01
4.22381628e-04 -7.13429591e+02 6.90887535e+01 2.64095859e-01 4.65782273e-02 -1.93825825e+01
4.21146011e-04 -7.13428971e+02 6.92092258e+01 2.66221302e-01 4.62900809e-02 -1.93823038e+01
4.20614230e-04 -7.13425465e+02 6.93747529e+01 2.72817606e-01 4.63372976e-02 -1.93732307e+01
4.20009067e-04 -7.13425192e+02 6.84532864e+01 2.61625626e-01 4.78178209e-02 -1.94089399e+01
4.18803986e-04 -7.13424556e+02 6.91761995e+01 2.55023200e-01 4.64386261e-02 -1.93876967e+01
4.17684242e-04 -7.13423891e+02 6.90575050e+01 2.76893182e-01 4.67231982e-02 -1.93845571e+01
4.17115707e-04 -7.13420627e+02 6.88846444e+01 2.59397126e-01 4.72218706e-02 -1.93973736e+01
4.16460083e-04 -7.13420379e+02 6.92396020e+01 2.71140440e-01 4.66388530e-02 -1.93764686e+01
4.16420629e-04 -7.13414171e+02 6.92224335e+01 2.73533429e-01 4.65621925e-02 -1.93815185e+01
4.16358621e-04 -7.13414011e+02 6.91080663e+01 2.76852612e-01 4.67323873e-02 -1.93804196e+01
4.15346266e-04 -7.13412385e+02 6.94268964e+01 2.58533875e-01 4.61769385e-02 -1.93771487e+01
4.14672879e-04 -7.13410601e+02 6.85184296e+01 2.60298119e-01 4.77208793e-02 -1.94027596e+01
4.13739016e-04 -7.13410237e+02 6.91034291e+01 2.54809430e-01 4.66701613e-02 -1.93860391e+01
4.12730014e-04 -7.13408829e+02 6.86368365e+01 2.73720732e-01 4.75385876e-02 -1.93983026e+01
4.12145554e-04 -7.13406417e+02 6.83481140e+01 2.58763472e-01 4.75712934e-02 -1.94137815e+01
4.11947252e-04 -7.13403138e+02 6.92141495e+01 2.64086544e-01 4.64190203e-02 -1.93792616e+01
4.11314535e-04 -7.13402833e+02 6.90825774e+01 2.57391630e-01 4.69691902e-02 -1.93863244e+01
4.10109747e-04 -7.13402349e+02 6.83427058e+01 2.53233465e-01 4.76699210e-02 -1.94133419e+01
4.09111323e-04 -7.13401053e+02 6.86618167e+01 2.60794486e-01 4.76178379e-02 -1.94012950e+01
4.08788334e-04 -7.13397276e+02 6.85209613e+01 2.67420097e-01 4.76421741e-02 -1.94060909e+01
4.08247707e-04 -7.13397040e+02 6.86654687e+01 2.77495831e-01 4.73161297e-02 -1.93943171e+01
4.07546124e-04 -7.13394063e+02 6.82394514e+01 2.58431688e-01 4.79973634e-02 -1.94139483e+01
4.06841885e-04 -7.13393842e+02 6.92994465e+01 2.74086353e-01 4.63803736e-02 -1.93771817e+01
4.05870172e-04 -7.13392190e+02 6.87726030e+01 2.50732055e-01 4.70498364e-02 -1.94006493e+01
4.05036177e-04 -7.13391299e+02 6.81700487e+01 2.57869134e-01 4.79350031e-02 -1.94164256e+01
4.04286564e-04 -7.13389241e+02 6.89576627e+01 2.74576286e-01 4.69626936e-02 -1.93841886e+01
4.03681717e-04 -7.13387638e+02 6.88947292e+01 2.62496626e-01 4.69310181e-02 -1.93884829e+01
4.02740090e-04 -7.13387255e+02 6.91897489e+01 2.52921246e-01 4.65252939e-02 -1.93864656e+01
4.01620677e-04 -7.13386549e+02 6.88065895e+01 2.66311850e-01 4.72240488e-02 -1.93901899e+01
4.00504968e-04 -7.13386163e+02 6.83659024e+01 2.68518533e-01 4.79058790e-02 -1.94065769e+01
3.99303320e-04 -7.13385903e+02 6.90443747e+01 2.62260479e-01 4.70439798e-02 -1.93909455e+01
3.98167339e-04 -7.13385206e+02 6.86859956e+01 2.77596530e-01 4.71950739e-02 -1.93943999e+01
3.97654736e-04 -7.13381827e+02 6.82748945e+01 2.69342272e-01 4.78964647e-02 -1.94081796e+01
3.97413037e-04 -7.13379764e+02 6.95135156e+01 2.66510772e-01 4.62772797e-02 -1.93730771e+01
3.96668697e-04 -7.13378920e+02 6.84065405e+01 2.61519822e-01 4.75719838e-02 -1.94049079e+01
3.95532061e-04 -7.13378848e+02 6.84521713e+01 2.63821637e-01 4.76561874e-02 -1.94025785e+01
3.94319238e-04 -7.13378406e+02 6.88188313e+01 2.60168816e-01 4.73115513e-02 -1.93990525e+01
3.93169147e-04 -7.13378034e+02 6.81826936e+01 2.61486472e-01 4.78357100e-02 -1.94138963e+01
3.91978266e-04 -7.13377818e+02 6.82996493e+01 2.61448317e-01 4.75813159e-02 -1.94136862e+01
3.90765197e-04 -7.13377577e+02 6.93798277e+01 2.58405841e-01 4.62180325e-02 -1.93797742e+01
3.89565167e-04 -7.13377313e+02 6.88984929e+01 2.68916763e-01 4.71637958e-02 -1.93939644e+01
3.88428049e-04 -7.13376768e+02 6.86910755e+01 2.74293102e-01 4.70265815e-02 -1.93950643e+01
3.87399988e-04 -7.13375958e+02 6.86810927e+01 2.67153445e-01 4.70776666e-02 -1.94015416e+01
3.86295224e-04 -7.13375824e+02 6.91999176e+01 2.59132155e-01 4.66308331e-02 -1.93810456e+01
3.85276727e-04 -7.13374583e+02 6.91467375e+01 2.75997444e-01 4.66358967e-02 -1.93794758e+01
3.84397611e-04 -7.13373737e+02 6.90570467e+01 2.76410743e-01 4.68721673e-02 -1.93840884e+01
3.83352529e-04 -7.13373373e+02 6.91438467e+01 2.65354302e-01 4.69362876e-02 -1.93859537e+01
3.82686319e-04 -7.13370562e+02 6.90166501e+01 2.58293619e-01 4.71236803e-02 -1.93895826e+01
3.82274259e-04 -7.13368870e+02 6.94341167e+01 2.63958122e-01 4.64641757e-02 -1.93745663e+01
3.81446213e-04 -7.13368243e+02 6.94687259e+01 2.64709404e-01 4.61808100e-02 -1.93726990e+01
3.80899784e-04 -7.13365084e+02 6.86220904e+01 2.75283412e-01 4.74412778e-02 -1.93988524e+01
3.80309708e-04 -7.13364685e+02 6.90228964e+01 2.76917142e-01 4.69032968e-02 -1.93844387e+01
3.79313050e-04 -7.13363677e+02 6.87807897e+01 2.71197420e-01 4.72221231e-02 -1.93970789e+01
3.78693570e-04 -7.13361300e+02 6.90098703e+01 2.59780927e-01 4.67516577e-02 -1.93863366e+01
3.77919213e-04 -7.13361114e+02 6.92322697e+01 2.67276664e-01 4.64335720e-02 -1.93839283e+01
3.77093161e-04 -7.13359022e+02 6.85931076e+01 2.63990009e-01 4.75067128e-02 -1.94055222e+01
3.76394889e-04 -7.13358164e+02 6.94238744e+01 2.60732102e-01 4.64769660e-02 -1.93769506e+01
3.75426236e-04 -7.13357520e+02 6.92755192e+01 2.72827381e-01 4.64438388e-02 -1.93758643e+01
3.74407717e-04 -7.13356942e+02 6.92995122e+01 2.56910708e-01 4.66295086e-02 -1.93830945e+01
3.73496063e-04 -7.13355740e+02 6.91128784e+01 2.69816229e-01 4.65618174e-02 -1.93807272e+01
3.72906057e-04 -7.13353449e+02 6.85751471e+01 2.58390928e-01 4.74803250e-02 -1.94005459e+01
3.72124493e-04 -7.13353280e+02 6.86181887e+01 2.54919888e-01 4.71137834e-02 -1.94037453e+01
3.71201554e-04 -7.13351761e+02 6.94122779e+01 2.59882516e-01 4.61881743e-02 -1.93783196e+01
3.70509641e-04 -7.13350355e+02 6.82296443e+01 2.69049550e-01 4.79505062e-02 -1.94122996e+01
3.69823133e-04 -7.13348815e+02 6.92547517e+01 2.59443809e-01 4.63283895e-02 -1.93811585e+01
3.68903463e-04 -7.13348679e+02 6.88386337e+01 2.56232440e-01 4.67880494e-02 -1.93967492e+01
3.67906394e-04 -7.13347572e+02 6.83174192e+01 2.64261275e-01 4.75045938e-02 -1.94099160e+01
3.67010181e-04 -7.13346901e+02 6.86678713e+01 2.58573194e-01 4.73233306e-02 -1.94050429e+01
3.66153315e-04 -7.13345592e+02 6.94497528e+01 2.58048125e-01 4.62691958e-02 -1.93770773e+01
3.65378105e-04 -7.13344484e+02 6.91889056e+01 2.58515979e-01 4.63766533e-02 -1.93859508e+01
3.64503060e-04 -7.13343732e+02 6.87968076e+01 2.60308374e-01 4.67938705e-02 -1.93970688e+01
3.63479625e-04 -7.13343452e+02 6.94171724e+01 2.58085667e-01 4.64003217e-02 -1.93788945e+01
3.62447146e-04 -7.13342765e+02 6.86977651e+01 2.60819233e-01 4.69214644e-02 -1.93996536e+01
3.62004295e-04 -7.13339245e+02 6.81991815e+01 2.60292795e-01 4.78643842e-02 -1.94168574e+01
3.61477284e-04 -7.13339020e+02 6.92778725e+01 2.66696331e-01 4.64552433e-02 -1.93764510e+01
3.60374104e-04 -7.13338702e+02 6.85179252e+01 2.53594168e-01 4.73638363e-02 -1.94090092e+01
3.59806461e-04 -7.13335520e+02 6.83060101e+01 2.71768226e-01 4.77563844e-02 -1.94094852e+01
3.59765392e-04 -7.13332275e+02 6.89811954e+01 2.69848407e-01 4.68732374e-02 -1.93915256e+01
3.59190069e-04 -7.13332063e+02 6.82368554e+01 2.64010409e-01 4.80108646e-02 -1.94121146e+01
3.58137928e-04 -7.13331486e+02 6.81536168e+01 2.63542212e-01 4.78728208e-02 -1.94155191e+01
3.57149502e-04 -7.13330935e+02 6.91920766e+01 2.74695319e-01 4.65722044e-02 -1.93810208e+01
3.56127602e-04 -7.13330561e+02 6.88707768e+01 2.58956181e-01 4.73255175e-02 -1.93950738e+01
3.55094054e-04 -7.13330092e+02 6.85346385e+01 2.65221648e-01 4.73081601e-02 -1.94066417e+01
3.54060812e-04 -7.13329734e+02 6.91667750e+01 2.70455615e-01 4.66364917e-02 -1.93849579e+01
3.52952475e-04 -7.13329707e+02 6.87072835e+01 2.57227814e-01 4.72774735e-02 -1.93967759e+01
3.52220626e-04 -7.13327231e+02 6.91112612e+01 2.65034073e-01 4.69553721e-02 -1.93829859e+01
3.51556691e-04 -7.13326823e+02 6.93634450e+01 2.67396820e-01 4.65465819e-02 -1.93752036e+01
3.50531455e-04 -7.13326417e+02 6.91106427e+01 2.66014998e-01 4.68367723e-02 -1.93884479e+01
3.49592650e-04 -7.13325531e+02 6.86808461e+01 2.75441642e-01 4.73922780e-02 -1.93942043e+01
3.48856499e-04 -7.13323977e+02 6.91732159e+01 2.68215961e-01 4.68946099e-02 -1.93822050e+01
3.48436153e-04 -7.13321288e+02 6.89589238e+01 2.73271190e-01 4.67637015e-02 -1.93850339e+01
3.47790337e-04 -7.13321030e+02 6.90610701e+01 2.64543469e-01 4.70190850e-02 -1.93845035e+01
3.46753766e-04 -7.13320603e+02 6.91489600e+01 2.60972339e-01 4.68490068e-02 -1.93881151e+01
3.45886213e-04 -7.13319385e+02 6.88917235e+01 2.69459063e-01 4.72038607e-02 -1.93879322e+01
3.45428242e-04 -7.13316598e+02 6.87112161e+01 2.73719802e-01 4.73274335e-02 -1.93973090e+01
3.45118295e-04 -7.13314524e+02 6.89763134e+01 2.67853322e-01 4.69735077e-02 -1.93847631e+01
3.44328486e-04 -7.13314524e+02 6.84758274e+01 2.73258906e-01 4.75885852e-02 -1.94042986e+01
3.43289277e-04 -7.13313914e+02 6.82251850e+01 2.65007711e-01 4.77344640e-02 -1.94117855e+01
3.42408236e-04 -7.13313008e+02 6.86938964e+01 2.66027918e-01 4.71503946e-02 -1.93940621e+01
3.41732418e-04 -7.13311210e+02 6.91968170e+01 2.59040943e-01 4.68073037e-02 -1.93828142e+01
3.40995753e-04 -7.13310668e+02 6.84460336e+01 2.53305766e-01 4.76540914e-02 -1.94095583e+01
3.40479118e-04 -7.13307590e+02 6.88365279e+01 2.71382334e-01 4.71129890e-02 -1.93951731e+01
3.39990096e-04 -7.13306885e+02 6.87163179e+01 2.72256240e-01 4.74474062e-02 -1.93962102e+01
3.39274105e-04 -7.13305151e+02 6.85146222e+01 2.63379967e-01 4.71954677e-02 -1.94053770e+01
3.38751572e-04 -7.13303312e+02 6.88467498e+01 2.64389536e-01 4.68395808e-02 -1.93905843e+01
3.37969143e-04 -7.13303119e+02 6.89068321e+01 2.66285697e-01 4.71955964e-02 -1.93940611e+01
3.37228111e-04 -7.13301047e+02 6.84266359e+01 2.59255807e-01 4.73554557e-02 -1.94084497e+01
3.36973775e-04 -7.13297974e+02 6.90746050e+01 2.62356222e-01 4.64851626e-02 -1.93859539e+01
3.36489362e-04 -7.13297267e+02 6.85614786e+01 2.64637581e-01 4.71580757e-02 -1.94007184e+01
3.35612396e-04 -7.13296538e+02 6.86254975e+01 2.68704668e-01 4.70495649e-02 -1.93997540e+01
3.34862022e-04 -7.13295088e+02 6.90587448e+01 2.66299282e-01 4.68885988e-02 -1.93900502e+01
3.34056137e-04 -7.13294701e+02 6.93288367e+01 2.69154079e-01 4.66030561e-02 -1.93765835e+01
3.33143861e-04 -7.13293902e+02 6.84311446e+01 2.57060512e-01 4.77780507e-02 -1.94079372e+01
3.32208414e-04 -7.13293669e+02 6.86418548e+01 2.51645286e-01 4.73723038e-02 -1.94040013e+01
3.31148982e-04 -7.13293635e+02 6.94172084e+01 2.62335251e-01 4.62341013e-02 -1.93782657e+01
3.30584251e-04 -7.13290429e+02 6.87579266e+01 2.52474481e-01 4.72304230e-02 -1.93986930e+01
3.30206152e-04 -7.13289266e+02 6.84493191e+01 2.70734832e-01 4.76437286e-02 -1.94016261e+01
3.29366490e-04 -7.13288866e+02 6.88128847e+01 2.71483877e-01 4.71341333e-02 -1.93957980e+01
3.28438270e-04 -7.13288254e+02 6.90710323e+01 2.59575250e-01 4.66356420e-02 -1.93851952e+01
3.27538465e-04 -7.13287697e+02 6.89902330e+01 2.63816427e-01 4.71639788e-02 -1.93904006e+01
3.26877162e-04 -7.13285642e+02 6.92468940e+01 2.69176433e-01 4.63815324e-02 -1.93778832e+01
3.26310980e-04 -7.13284508e+02 6.91342747e+01 2.64143888e-01 4.68809368e-02 -1.93822039e+01
3.25483377e-04 -7.13284065e+02 6.87810719e+01 2.70711429e-01 4.68821648e-02 -1.93951958e+01
3.24585076e-04 -7.13283380e+02 6.92756233e+01 2.70419521e-01 4.64545706e-02 -1.93762234e+01
3.23648825e-04 -7.13283187e+02 6.83621657e+01 2.64362440e-01 4.78264841e-02 -1.94110992e+01
3.22608199e-04 -7.13283165e+02 6.88536832e+01 2.64830205e-01 4.67264960e-02 -1.93928155e+01
3.21666431e-04 -7.13282378e+02 6.91707810e+01 2.73286463e-01 4.67798469e-02 -1.93812035e+01
3.20964586e-04 -7.13280878e+02 6.87557692e+01 2.55779362e-01 4.70581600e-02 -1.93965919e+01
3.20239738e-04 -7.13280244e+02 6.86283859e+01 2.52552506e-01 4.72355695e-02 -1.94036911e+01
3.19414313e-04 -7.13279385e+02 6.92607962e+01 2.57552589e-01 4.65040535e-02 -1.93808513e+01
3.18512293e-04 -7.13279244e+02 6.83051332e+01 2.66356016e-01 4.77510812e-02 -1.94124178e+01
3.17579389e-04 -7.13278596e+02 6.92724249e+01 2.64805562e-01 4.64509163e-02 -1.93774231e+01
3.16825950e-04 -7.13277339e+02 6.92979000e+01 2.72541681e-01 4.65411805e-02 -1.93763499e+01
3.15981720e-04 -7.13277276e+02 6.88156833e+01 2.65819291e-01 4.73833375e-02 -1.93955297e+01
3.14985371e-04 -7.13277000e+02 6.85748975e+01 2.72252240e-01 4.73953091e-02 -1.94023580e+01
3.14359419e-04 -7.13274600e+02 6.87955118e+01 2.64922276e-01 4.70936564e-02 -1.93992369e+01
3.13736161e-04 -7.13274312e+02 6.89973933e+01 2.62255859e-01 4.71585957e-02 -1.93896804e+01
3.12808070e-04 -7.13273870e+02 6.92167621e+01 2.68676912e-01 4.65498457e-02 -1.93838170e+01
3.11939212e-04 -7.13273220e+02 6.82200133e+01 2.66605930e-01 4.79187502e-02 -1.94114443e+01
3.11191969e-04 -7.13272011e+02 6.84185835e+01 2.64966796e-01 4.75569092e-02 -1.94037578e+01
3.10539044e-04 -7.13270765e+02 6.91039919e+01 2.69415630e-01 4.68048670e-02 -1.93809671e+01
3.09736708e-04 -7.13270529e+02 6.88435830e+01 2.75499188e-01 4.70359741e-02 -1.93920355e+01
3.08754852e-04 -7.13270459e+02 6.91587283e+01 2.68842682e-01 4.64856543e-02 -1.93850095e+01
3.08168004e-04 -7.13267681e+02 6.90744258e+01 2.58689841e-01 4.69105533e-02 -1.93911987e+01
3.07596549e-04 -7.13267514e+02 6.89595741e+01 2.53644344e-01 4.68288071e-02 -1.93918793e+01
3.06620426e-04 -7.13267382e+02 6.94371827e+01 2.66459614e-01 4.62593062e-02 -1.93760858e+01
3.05742995e-04 -7.13266590e+02 6.92061727e+01 2.63028285e-01 4.66236123e-02 -1.93862938e+01
3.05085903e-04 -7.13265030e+02 6.90643006e+01 2.66809486e-01 4.67480669e-02 -1.93898651e+01
3.04397577e-04 -7.13264451e+02 6.94601436e+01 2.64180106e-01 4.63361368e-02 -1.93739743e+01
3.03474482e-04 -7.13264448e+02 6.92610772e+01 2.69252548e-01 4.67062955e-02 -1.93783997e+01
3.02501206e-04 -7.13264220e+02 6.86715486e+01 2.63208844e-01 4.75691926e-02 -1.94006044e+01
3.01635543e-04 -7.13263525e+02 6.87232537e+01 2.59201535e-01 4.74989373e-02 -1.93993747e+01
3.00738055e-04 -7.13263524e+02 6.86956816e+01 2.58584077e-01 4.70302253e-02 -1.93981020e+01
2.99756558e-04 -7.13263407e+02 6.85897631e+01 2.68112948e-01 4.71216959e-02 -1.93993716e+01
2.99077263e-04 -7.13261407e+02 6.88706704e+01 2.61892317e-01 4.70855625e-02 -1.93976839e+01
2.98622503e-04 -7.13259794e+02 6.91773250e+01 2.73600557e-01 4.65060169e-02 -1.93800791e+01
2.98145741e-04 -7.13257947e+02 6.89110980e+01 2.69315843e-01 4.68473042e-02 -1.93934575e+01
2.97525180e-04 -7.13257305e+02 6.88014094e+01 2.64457129e-01 4.72195231e-02 -1.93988508e+01
2.96847892e-04 -7.13255850e+02 6.87585645e+01 2.69825044e-01 4.73780271e-02 -1.93924731e+01
2.96161233e-04 -7.13255281e+02 6.83379088e+01 2.57435261e-01 4.76600699e-02 -1.94102296e+01
2.95621620e-04 -7.13252843e+02 6.85651491e+01 2.68167205e-01 4.72344322e-02 -1.94038866e+01
2.95051889e-04 -7.13252482e+02 6.86981344e+01 2.68973843e-01 4.69627465e-02 -1.93974275e+01
2.94153271e-04 -7.13252288e+02 6.86591500e+01 2.64599912e-01 4.74851462e-02 -1.93964556e+01
2.93239754e-04 -7.13252047e+02 6.90833880e+01 2.75690197e-01 4.67517238e-02 -1.93828203e+01
2.92339523e-04 -7.13251782e+02 6.86634751e+01 2.57610464e-01 4.74611436e-02 -1.94041017e+01
2.91673151e-04 -7.13249957e+02 6.90931941e+01 2.59135996e-01 4.65001347e-02 -1.93867079e+01
2.91143020e-04 -7.13248764e+02 6.87655910e+01 2.52730862e-01 4.70459529e-02 -1.93992503e+01
2.90489627e-04 -7.13247794e+02 6.82905678e+01 2.59215162e-01 4.77457742e-02 -1.94110576e+01
2.89695309e-04 -7.13247585e+02 6.93067885e+01 2.68397765e-01 4.65213416e-02 -1.93759196e+01
2.88889982e-04 -7.13246707e+02 6.87932909e+01 2.73378609e-01 4.72127980e-02 -1.93901148e+01
2.88060428e-04 -7.13246681e+02 6.84152108e+01 2.55641962e-01 4.74823931e-02 -1.94097090e+01
2.87110328e-04 -7.13246658e+02 6.86908190e+01 2.66890333e-01 4.69722315e-02 -1.93965709e+01
2.86244028e-04 -7.13246069e+02 6.89755552e+01 2.53795462e-01 4.69473356e-02 -1.93950680e+01
2.85581805e-04 -7.13244636e+02 6.84180478e+01 2.70439589e-01 4.74656380e-02 -1.94037588e+01
2.84905637e-04 -7.13244154e+02 6.84479891e+01 2.63995534e-01 4.73169412e-02 -1.94069815e+01
2.84411019e-04 -7.13241457e+02 6.93892347e+01 2.63958294e-01 4.64673286e-02 -1.93756270e+01
2.83879449e-04 -7.13241238e+02 6.86283046e+01 2.72706926e-01 4.72730174e-02 -1.93953945e+01
2.82998603e-04 -7.13241017e+02 6.82827139e+01 2.62455321e-01 4.78046968e-02 -1.94098745e+01
2.82249179e-04 -7.13239886e+02 6.89314868e+01 2.74727777e-01 4.67995865e-02 -1.93869800e+01
2.81483443e-04 -7.13239794e+02 6.87026114e+01 2.65790043e-01 4.69538336e-02 -1.93965090e+01
2.80747549e-04 -7.13238466e+02 6.86870639e+01 2.63047876e-01 4.73347605e-02 -1.94028587e+01
2.80187536e-04 -7.13237132e+02 6.82224794e+01 2.67760980e-01 4.78469882e-02 -1.94122024e+01
2.79613628e-04 -7.13235911e+02 6.88655691e+01 2.67287800e-01 4.67303046e-02 -1.93922131e+01
2.78930007e-04 -7.13235372e+02 6.89831951e+01 2.59143175e-01 4.70040402e-02 -1.93880523e+01
2.78092684e-04 -7.13235269e+02 6.92043909e+01 2.60090689e-01 4.65710232e-02 -1.93811155e+01
2.77184253e-04 -7.13235260e+02 6.86927540e+01 2.75343545e-01 4.73478497e-02 -1.93951839e+01
2.76379645e-04 -7.13234427e+02 6.85770653e+01 2.63479770e-01 4.75707332e-02 -1.93994615e+01
2.75652451e-04 -7.13233874e+02 6.89729443e+01 2.55367834e-01 4.69497579e-02 -1.93901880e+01
2.75007096e-04 -7.13232460e+02 6.90982341e+01 2.63060258e-01 4.66744956e-02 -1.93828561e+01
2.74398914e-04 -7.13231646e+02 6.91149543e+01 2.54930862e-01 4.66797272e-02 -1.93903435e+01
2.74163686e-04 -7.13227524e+02 6.87637525e+01 2.64922993e-01 4.69660256e-02 -1.93931519e+01
2.74023159e-04 -7.13226012e+02 6.89580193e+01 2.55810814e-01 4.69075610e-02 -1.93902777e+01
2.73773675e-04 -7.13222692e+02 6.83432647e+01 2.58264505e-01 4.75618817e-02 -1.94111325e+01
2.73417031e-04 -7.13221961e+02 6.89196200e+01 2.57047852e-01 4.72007568e-02 -1.93933945e+01
2.72689780e-04 -7.13221363e+02 6.89843349e+01 2.59719186e-01 4.70774705e-02 -1.93932611e+01
2.72168183e-04 -7.13219136e+02 6.91393141e+01 2.61994838e-01 4.64744008e-02 -1.93834660e+01
2.71599415e-04 -7.13218890e+02 6.82853471e+01 2.59344543e-01 4.76695764e-02 -1.94134031e+01
2.70741560e-04 -7.13218807e+02 6.88356732e+01 2.75049980e-01 4.71424811e-02 -1.93892762e+01
2.69937114e-04 -7.13218186e+02 6.89856532e+01 2.65754245e-01 4.66201949e-02 -1.93872195e+01
2.69168932e-04 -7.13217851e+02 6.88576135e+01 2.53832107e-01 4.69330200e-02 -1.93952912e+01
2.69000272e-04 -7.13212791e+02 6.91513100e+01 2.64982656e-01 4.67199850e-02 -1.93872725e+01
2.68792014e-04 -7.13212738e+02 6.86783770e+01 2.64002440e-01 4.75572236e-02 -1.93985465e+01
2.67928040e-04 -7.13212574e+02 6.90335114e+01 2.68064008e-01 4.68309850e-02 -1.93901366e+01
2.67076722e-04 -7.13212448e+02 6.89889163e+01 2.60027126e-01 4.66542856e-02 -1.93886510e+01
2.66418646e-04 -7.13210853e+02 6.87927541e+01 2.69320231e-01 4.72853468e-02 -1.93964364e+01
2.65789871e-04 -7.13210517e+02 6.85742516e+01 2.53582522e-01 4.74009564e-02 -1.94044190e+01
2.64981127e-04 -7.13210292e+02 6.92929777e+01 2.67785957e-01 4.66535798e-02 -1.93783018e+01
2.64158135e-04 -7.13210083e+02 6.89249757e+01 2.71579074e-01 4.68460048e-02 -1.93863219e+01
2.63477043e-04 -7.13208801e+02 6.91689290e+01 2.67681741e-01 4.64839978e-02 -1.93804156e+01
2.62803192e-04 -7.13208549e+02 6.83183886e+01 2.68181531e-01 4.77698488e-02 -1.94106580e+01
2.61974692e-04 -7.13208460e+02 6.85507788e+01 2.64079042e-01 4.75302419e-02 -1.93997769e+01
2.61153216e-04 -7.13208174e+02 6.82887715e+01 2.66276249e-01 4.78325121e-02 -1.94121390e+01
2.60351878e-04 -7.13207951e+02 6.88561517e+01 2.71119839e-01 4.72312956e-02 -1.93893957e+01
2.59554985e-04 -7.13207650e+02 6.87563177e+01 2.73915949e-01 4.72653646e-02 -1.93917157e+01
2.58747598e-04 -7.13207526e+02 6.89631470e+01 2.59726027e-01 4.66398285e-02 -1.93925199e+01
2.58081918e-04 -7.13206147e+02 6.93193683e+01 2.62538480e-01 4.66142372e-02 -1.93804095e+01
2.57441881e-04 -7.13205836e+02 6.83909184e+01 2.68378279e-01 4.74639926e-02 -1.94060437e+01
2.56754798e-04 -7.13204836e+02 6.91000899e+01 2.64510354e-01 4.64931963e-02 -1.93842277e+01
2.56110859e-04 -7.13204203e+02 6.92867686e+01 2.67414415e-01 4.66571339e-02 -1.93781728e+01
2.55385559e-04 -7.13203853e+02 6.83174286e+01 2.70516604e-01 4.77543271e-02 -1.94086067e+01
2.54664762e-04 -7.13203200e+02 6.86745492e+01 2.59237567e-01 4.71242412e-02 -1.94036646e+01
2.53930299e-04 -7.13202973e+02 6.86982561e+01 2.72468404e-01 4.72835896e-02 -1.93982401e+01
2.53179984e-04 -7.13202463e+02 6.86172907e+01 2.67607825e-01 4.75761047e-02 -1.94014091e+01
2.52612835e-04 -7.13200804e+02 6.88146459e+01 2.67711329e-01 4.68642854e-02 -1.93915245e+01
2.52142973e-04 -7.13199531e+02 6.89643580e+01 2.54880310e-01 4.70387945e-02 -1.93916739e+01
2.51626002e-04 -7.13198253e+02 6.89043776e+01 2.73130262e-01 4.70183037e-02 -1.93914427e+01
2.51058315e-04 -7.13197392e+02 6.91737611e+01 2.68413180e-01 4.65900732e-02 -1.93850784e+01
2.50383707e-04 -7.13196978e+02 6.88718892e+01 2.75258655e-01 4.69422364e-02 -1.93903778e+01
2.49866706e-04 -7.13194871e+02 6.87931365e+01 2.71793416e-01 4.69134186e-02 -1.93918511e+01
2.49362984e-04 -7.13194358e+02 6.91818691e+01 2.55201672e-01 4.67060959e-02 -1.93867693e+01
2.48882870e-04 -7.13192072e+02 6.86595080e+01 2.62555102e-01 4.71361883e-02 -1.94032591e+01
2.48362054e-04 -7.13191891e+02 6.90081718e+01 2.55809086e-01 4.66996973e-02 -1.93931232e+01
2.47797592e-04 -7.13189967e+02 6.87754704e+01 2.74534898e-01 4.71597405e-02 -1.93943542e+01
2.47454704e-04 -7.13188004e+02 6.87705116e+01 2.63509468e-01 4.68563510e-02 -1.93966885e+01
2.46981142e-04 -7.13187142e+02 6.88894671e+01 2.53743804e-01 4.68761189e-02 -1.93951292e+01
2.46303371e-04 -7.13186845e+02 6.91207606e+01 2.63770629e-01 4.64868085e-02 -1.93836702e+01
2.45644854e-04 -7.13185841e+02 6.90472549e+01 2.58664242e-01 4.66787275e-02 -1.93920715e+01
2.45013978e-04 -7.13185332e+02 6.83808698e+01 2.62457844e-01 4.77404038e-02 -1.94065466e+01
2.44359206e-04 -7.13184538e+02 6.84472929e+01 2.55695275e-01 4.74781181e-02 -1.94081776e+01
2.43715692e-04 -7.13183950e+02 6.90251444e+01 2.63217126e-01 4.66740957e-02 -1.93916095e+01
2.43037972e-04 -7.13183451e+02 6.85287672e+01 2.73902995e-01 4.74407162e-02 -1.93997919e+01
2.42295142e-04 -7.13183417e+02 6.86738345e+01 2.60267040e-01 4.73063920e-02 -1.93969875e+01
2.41570948e-04 -7.13182783e+02 6.82857833e+01 2.58621524e-01 4.78366260e-02 -1.94131625e+01
2.40925484e-04 -7.13182112e+02 6.85616796e+01 2.60600229e-01 4.73952451e-02 -1.94006164e+01
2.40389503e-04 -7.13180582e+02 6.86149624e+01 2.62364906e-01 4.75105286e-02 -1.94043849e+01
2.39794013e-04 -7.13180417e+02 6.92162699e+01 2.67480374e-01 4.65956478e-02 -1.93785620e+01
2.39070968e-04 -7.13179966e+02 6.89421378e+01 2.57116601e-01 4.70893197e-02 -1.93909665e+01
2.38488573e-04 -7.13178640e+02 6.85181610e+01 2.61943067e-01 4.76477391e-02 -1.94070161e+01
2.38005596e-04 -7.13177365e+02 6.92506844e+01 2.60752922e-01 4.63692645e-02 -1.93813292e+01
2.37404372e-04 -7.13177042e+02 6.92418054e+01 2.67555322e-01 4.67342130e-02 -1.93800823e+01
2.36761017e-04 -7.13176137e+02 6.82994182e+01 2.65694257e-01 4.78396643e-02 -1.94117631e+01
2.36252523e-04 -7.13174687e+02 6.88768920e+01 2.73995835e-01 4.71318188e-02 -1.93906807e+01
2.35722069e-04 -7.13173976e+02 6.86022390e+01 2.69960159e-01 4.71550731e-02 -1.94006596e+01
2.35054338e-04 -7.13173705e+02 6.91786986e+01 2.72394007e-01 4.65281983e-02 -1.93816815e+01
2.34534970e-04 -7.13171746e+02 6.87580272e+01 2.56392533e-01 4.69858474e-02 -1.94007097e+01
2.33989222e-04 -7.13171707e+02 6.82678924e+01 2.63956386e-01 4.78936539e-02 -1.94126830e+01
2.33288183e-04 -7.13171091e+02 6.90830524e+01 2.63865428e-01 4.69960464e-02 -1.93855529e+01
2.32678999e-04 -7.13170281e+02 6.89646934e+01 2.64123303e-01 4.70928313e-02 -1.93874791e+01
2.32013942e-04 -7.13170160e+02 6.85661270e+01 2.59031394e-01 4.72333197e-02 -1.94061816e+01
2.31260879e-04 -7.13170128e+02 6.91358427e+01 2.66803117e-01 4.69131565e-02 -1.93836136e+01
2.30510699e-04 -7.13170003e+02 6.83730857e+01 2.68548937e-01 4.77295714e-02 -1.94088368e+01
2.29779316e-04 -7.13169828e+02 6.83921060e+01 2.59239785e-01 4.74754266e-02 -1.94092139e+01
2.29063398e-04 -7.13169588e+02 6.90689139e+01 2.67502968e-01 4.65793407e-02 -1.93880052e+01
2.28360811e-04 -7.13169316e+02 6.91245048e+01 2.58839846e-01 4.69029724e-02 -1.93862699e+01
2.27835011e-04 -7.13167544e+02 6.88163692e+01 2.67874378e-01 4.68176836e-02 -1.93934431e+01
2.27453946e-04 -7.13166009e+02 6.91332513e+01 2.54860982e-01 4.67399098e-02 -1.93871040e+01
2.27056704e-04 -7.13164384e+02 6.90419049e+01 2.58889641e-01 4.65754679e-02 -1.93888873e+01
2.26645349e-04 -7.13162979e+02 6.90135003e+01 2.56411938e-01 4.68560227e-02 -1.93936341e+01
2.26086025e-04 -7.13162670e+02 6.85988454e+01 2.62433709e-01 4.76321622e-02 -1.94016131e+01
2.25376469e-04 -7.13162611e+02 6.84458419e+01 2.69430690e-01 4.77005112e-02 -1.94059285e+01
2.24726781e-04 -7.13161788e+02 6.87199627e+01 2.75188464e-01 4.72185791e-02 -1.93935369e+01
2.24078819e-04 -7.13161730e+02 6.88978866e+01 2.70091023e-01 4.67447768e-02 -1.93907445e+01
2.23398213e-04 -7.13161217e+02 6.87188291e+01 2.72690723e-01 4.70376065e-02 -1.93956687e+01
2.22986160e-04 -7.13158768e+02 6.88043707e+01 2.58063436e-01 4.73448365e-02 -1.93977282e+01
2.22566529e-04 -7.13158327e+02 6.90613534e+01 2.74564521e-01 4.67622339e-02 -1.93842366e+01
2.21952398e-04 -7.13157639e+02 6.89864140e+01 2.66684409e-01 4.71137057e-02 -1.93898503e+01
2.21313264e-04 -7.13157439e+02 6.89516234e+01 2.57668483e-01 4.66911242e-02 -1.93927299e+01
2.20636079e-04 -7.13157112e+02 6.85992223e+01 2.71531397e-01 4.72389743e-02 -1.93974614e+01
2.20038212e-04 -7.13156210e+02 6.88021649e+01 2.52708102e-01 4.71095124e-02 -1.93994276e+01
2.19450106e-04 -7.13155809e+02 6.83248218e+01 2.62621874e-01 4.77623035e-02 -1.94124776e+01
2.18801200e-04 -7.13155477e+02 6.84715193e+01 2.56663735e-01 4.76789777e-02 -1.94073552e+01
2.18188238e-04 -7.13154765e+02 6.91204671e+01 2.68060639e-01 4.68230331e-02 -1.93864039e+01
2.17714633e-04 -7.13153168e+02 6.87003145e+01 2.66455027e-01 4.70059845e-02 -1.93958933e+01
2.17317700e-04 -7.13151758e+02 6.90475402e+01 2.58783191e-01 4.70033551e-02 -1.93881475e+01
2.16994874e-04 -7.13149487e+02 6.86946528e+01 2.65803335e-01 4.71166312e-02 -1.94011341e+01
2.16593326e-04 -7.13148806e+02 6.91818152e+01 2.64197598e-01 4.64017796e-02 -1.93831071e+01
2.16034423e-04 -7.13147999e+02 6.90150736e+01 2.72086138e-01 4.66933524e-02 -1.93874722e+01
2.15492138e-04 -7.13147177e+02 6.86505249e+01 2.59934867e-01 4.70694293e-02 -1.94002051e+01
2.14977126e-04 -7.13146129e+02 6.88598668e+01 2.73374606e-01 4.69054510e-02 -1.93917060e+01
2.14439115e-04 -7.13145533e+02 6.85895835e+01 2.74292222e-01 4.73587199e-02 -1.93985110e+01
2.13847716e-04 -7.13144997e+02 6.84899544e+01 2.66426008e-01 4.73031690e-02 -1.94032185e+01
2.13195252e-04 -7.13144989e+02 6.84183830e+01 2.59182533e-01 4.77153311e-02 -1.94070739e+01
2.12501495e-04 -7.13144860e+02 6.85877025e+01 2.66443497e-01 4.76182274e-02 -1.94000020e+01
2.11914130e-04 -7.13143869e+02 6.89834273e+01 2.61835596e-01 4.66216002e-02 -1.93912612e+01
2.11393997e-04 -7.13143119e+02 6.87127570e+01 2.61126295e-01 4.71209114e-02 -1.93958059e+01
2.10829880e-04 -7.13142558e+02 6.90072513e+01 2.64270726e-01 4.69520882e-02 -1.93855935e+01
2.10205412e-04 -7.13142396e+02 6.85745674e+01 2.68982040e-01 4.75734901e-02 -1.93989558e+01
2.09623586e-04 -7.13141446e+02 6.91947871e+01 2.60943241e-01 4.64622571e-02 -1.93822908e+01
2.09042969e-04 -7.13141288e+02 6.89602319e+01 2.56320175e-01 4.70254800e-02 -1.93908321e+01
2.09099856e-04 -7.13140902e+02 6.88665803e+01 2.67878525e-01 4.67867714e-02 -1.93906182e+01
2.09148433e-04 -7.13140823e+02 6.89513233e+01 2.71810943e-01 4.70461570e-02 -1.93862275e+01
2.09241001e-04 -7.13140017e+02 6.82897960e+01 2.59488818e-01 4.78037537e-02 -1.94123624e+01
2.09505172e-04 -7.13138300e+02 6.89805039e+01 2.54661467e-01 4.68115601e-02 -1.93941828e+01
2.09700022e-04 -7.13138157e+02 6.87299268e+01 2.74346087e-01 4.72926231e-02 -1.93938574e+01
2.09797461e-04 -7.13137371e+02 6.90407535e+01 2.55178963e-01 4.67695188e-02 -1.93890795e+01
2.10127756e-04 -7.13135012e+02 6.92795378e+01 2.66069726e-01 4.66503484e-02 -1.93788888e+01
2.10535943e-04 -7.13133489e+02 6.93146036e+01 2.66726917e-01 4.64374826e-02 -1.93767050e+01
2.10747938e-04 -7.13132999e+02 6.83685753e+01 2.59179147e-01 4.77890816e-02 -1.94110376e+01
2.10833674e-04 -7.13132676e+02 6.84017865e+01 2.64049359e-01 4.78112846e-02 -1.94071034e+01
2.10919422e-04 -7.13132185e+02 6.91170580e+01 2.65335957e-01 4.66040505e-02 -1.93878294e+01
2.11075632e-04 -7.13131195e+02 6.85175611e+01 2.59189981e-01 4.75895596e-02 -1.94078838e+01
2.11215451e-04 -7.13130861e+02 6.87113491e+01 2.54645320e-01 4.71915600e-02 -1.93993523e+01
2.11300032e-04 -7.13130394e+02 6.85644452e+01 2.58565539e-01 4.74364939e-02 -1.94071318e+01
2.11415547e-04 -7.13129768e+02 6.82776175e+01 2.63923970e-01 4.77694086e-02 -1.94127180e+01
2.11682479e-04 -7.13127872e+02 6.85578107e+01 2.55777808e-01 4.75680910e-02 -1.94057054e+01
2.11930893e-04 -7.13127421e+02 6.89622076e+01 2.58777587e-01 4.68812611e-02 -1.93889591e+01
2.11990792e-04 -7.13127306e+02 6.87552150e+01 2.68640558e-01 4.69671244e-02 -1.93933555e+01
2.12090504e-04 -7.13126481e+02 6.87463422e+01 2.65033996e-01 4.73571052e-02 -1.93939451e+01
2.12188053e-04 -7.13126387e+02 6.86157024e+01 2.67358463e-01 4.75706271e-02 -1.94010222e+01
2.12241131e-04 -7.13125981e+02 6.85308334e+01 2.71611348e-01 4.73762686e-02 -1.94027125e+01
2.12294555e-04 -7.13125883e+02 6.87499892e+01 2.55125667e-01 4.71717944e-02 -1.94018697e+01
2.12329544e-04 -7.13125651e+02 6.89690940e+01 2.60832118e-01 4.66623638e-02 -1.93898596e+01
2.12377630e-04 -7.13125430e+02 6.85374125e+01 2.62294424e-01 4.76258727e-02 -1.94060229e+01
2.12436835e-04 -7.13125094e+02 6.88410435e+01 2.73761883e-01 4.71641385e-02 -1.93899378e+01
2.12487253e-04 -7.13124956e+02 6.93220224e+01 2.62725944e-01 4.64376041e-02 -1.93812666e+01
2.12606175e-04 -7.13123975e+02 6.90802508e+01 2.67181937e-01 4.67579790e-02 -1.93885724e+01
2.12794683e-04 -7.13123183e+02 6.90697906e+01 2.64382988e-01 4.66673197e-02 -1.93897734e+01
2.12942283e-04 -7.13122588e+02 6.83474893e+01 2.59444090e-01 4.75930772e-02 -1.94106096e+01
2.13126765e-04 -7.13121451e+02 6.84980367e+01 2.59544279e-01 4.73022255e-02 -1.94062738e+01
2.13262320e-04 -7.13121316e+02 6.83718794e+01 2.61518555e-01 4.76141567e-02 -1.94075775e+01
2.13342304e-04 -7.13120701e+02 6.91377688e+01 2.57059653e-01 4.65420316e-02 -1.93876047e+01
2.13445823e-04 -7.13120346e+02 6.90860852e+01 2.61825236e-01 4.68051968e-02 -1.93841416e+01
2.13490138e-04 -7.13120286e+02 6.91572675e+01 2.66700736e-01 4.65597077e-02 -1.93808821e+01
2.13537382e-04 -7.13119903e+02 6.84666631e+01 2.71353334e-01 4.76275983e-02 -1.94026745e+01
2.13597481e-04 -7.13119723e+02 6.90400715e+01 2.54867502e-01 4.67351800e-02 -1.93918152e+01
2.13733827e-04 -7.13118627e+02 6.86944111e+01 2.62489303e-01 4.71595457e-02 -1.93958950e+01
2.13964726e-04 -7.13117564e+02 6.92299333e+01 2.68204510e-01 4.65020250e-02 -1.93786308e+01
2.14092487e-04 -7.13117433e+02 6.85162921e+01 2.68189892e-01 4.72833824e-02 -1.94020219e+01
2.14134468e-04 -7.13117172e+02 6.89405290e+01 2.54830351e-01 4.68747276e-02 -1.93955196e+01
2.14217021e-04 -7.13116662e+02 6.93717747e+01 2.61061306e-01 4.63796252e-02 -1.93783800e+01
2.14328387e-04 -7.13116132e+02 6.88193287e+01 2.64208694e-01 4.70535170e-02 -1.93981403e+01
2.14780182e-04 -7.13112454e+02 6.89160513e+01 2.62169803e-01 4.70523214e-02 -1.93890595e+01
2.15189641e-04 -7.13112320e+02 6.89188166e+01 2.59151165e-01 4.68859632e-02 -1.93961487e+01
2.15342207e-04 -7.13111037e+02 6.86839737e+01 2.58320463e-01 4.71820173e-02 -1.93981041e+01
2.15566046e-04 -7.13110242e+02 6.83765438e+01 2.64879002e-01 4.76818479e-02 -1.94102917e+01
2.15722992e-04 -7.13109582e+02 6.87118438e+01 2.64323126e-01 4.74700598e-02 -1.93990772e+01
2.15812927e-04 -7.13109408e+02 6.85131632e+01 2.65901504e-01 4.74388597e-02 -1.94064251e+01
2.15952538e-04 -7.13108288e+02 6.85423056e+01 2.71160267e-01 4.73348091e-02 -1.94023724e+01
2.16168484e-04 -7.13107409e+02 6.92931591e+01 2.65102195e-01 4.65647798e-02 -1.93780337e+01
2.16269988e-04 -7.13107349e+02 6.89145389e+01 2.63445529e-01 4.67125408e-02 -1.93930877e+01
2.16342605e-04 -7.13106738e+02 6.91280824e+01 2.70668039e-01 4.68415016e-02 -1.93825908e+01
2.16480540e-04 -7.13106075e+02 6.93383750e+01 2.67779241e-01 4.63670869e-02 -1.93769146e+01
2.16618057e-04 -7.13105467e+02 6.87123426e+01 2.70789748e-01 4.74184265e-02 -1.93960777e+01
2.16834036e-04 -7.13104082e+02 6.91669587e+01 2.65407903e-01 4.64861120e-02 -1.93853206e+01
2.17007560e-04 -7.13103867e+02 6.85702032e+01 2.70111588e-01 4.73845394e-02 -1.94028148e+01
2.17103419e-04 -7.13103199e+02 6.92712438e+01 2.61317377e-01 4.63987410e-02 -1.93827920e+01
2.17227113e-04 -7.13102728e+02 6.90660929e+01 2.73035360e-01 4.66724795e-02 -1.93838256e+01
2.17381875e-04 -7.13101775e+02 6.88315528e+01 2.62633796e-01 4.68880090e-02 -1.93973254e+01
2.17666689e-04 -7.13100110e+02 6.91730966e+01 2.59135637e-01 4.66212186e-02 -1.93874725e+01
2.17866398e-04 -7.13099940e+02 6.90851925e+01 2.71266671e-01 4.68597959e-02 -1.93853098e+01
2.18137381e-04 -7.13097625e+02 6.89418890e+01 2.68728527e-01 4.69470719e-02 -1.93863546e+01
2.18403920e-04 -7.13097496e+02 6.87364427e+01 2.57429092e-01 4.73455233e-02 -1.94012329e+01
2.18484996e-04 -7.13096883e+02 6.93127096e+01 2.67704616e-01 4.64031590e-02 -1.93792293e+01
2.18569253e-04 -7.13096725e+02 6.86034114e+01 2.57659972e-01 4.71826532e-02 -1.94042234e+01
2.18948556e-04 -7.13093418e+02 6.85515079e+01 2.66897098e-01 4.72717751e-02 -1.94002353e+01
2.19558389e-04 -7.13091161e+02 6.85280106e+01 2.64914625e-01 4.74177113e-02 -1.94063075e+01
2.19813479e-04 -7.13091094e+02 6.87322624e+01 2.64162599e-01 4.69568627e-02 -1.93987379e+01
2.19833793e-04 -7.13090976e+02 6.85910395e+01 2.72657937e-01 4.73022088e-02 -1.93998961e+01
2.19873853e-04 -7.13090730e+02 6.84136655e+01 2.67258099e-01 4.77495310e-02 -1.94054880e+01
2.20343258e-04 -7.13086715e+02 6.86468718e+01 2.59053649e-01 4.73318487e-02 -1.93988697e+01
2.20839476e-04 -7.13086227e+02 6.85781367e+01 2.62054434e-01 4.74366271e-02 -1.93999033e+01
2.21020065e-04 -7.13085080e+02 6.92883840e+01 2.59973903e-01 4.65695570e-02 -1.93808279e+01
2.21213684e-04 -7.13084475e+02 6.90732325e+01 2.66645405e-01 4.67891684e-02 -1.93830634e+01
2.21361021e-04 -7.13083748e+02 6.86933243e+01 2.69275933e-01 4.74591076e-02 -1.93971739e+01
2.21446032e-04 -7.13083707e+02 6.89245234e+01 2.54314966e-01 4.70086880e-02 -1.93954250e+01
2.21455175e-04 -7.13083666e+02 6.84490133e+01 2.59947558e-01 4.77094505e-02 -1.94086302e+01
2.21468576e-04 -7.13083586e+02 6.92097212e+01 2.62235354e-01 4.66023780e-02 -1.93854785e+01
2.21483292e-04 -7.13083533e+02 6.91980442e+01 2.64431865e-01 4.64711756e-02 -1.93810531e+01
2.21573575e-04 -7.13082771e+02 6.88721936e+01 2.61931559e-01 4.68003179e-02 -1.93920884e+01
2.21688115e-04 -7.13082499e+02 6.89005183e+01 2.59931824e-01 4.68477583e-02 -1.93910071e+01
2.21725837e-04 -7.13082431e+02 6.92550971e+01 2.60324352e-01 4.66588841e-02 -1.93822122e+01
2.21776972e-04 -7.13082038e+02 6.83656556e+01 2.66521363e-01 4.76024476e-02 -1.94067962e+01
2.21821628e-04 -7.13082028e+02 6.90175361e+01 2.56482584e-01 4.69702830e-02 -1.93918746e+01
2.21983294e-04 -7.13080581e+02 6.88546929e+01 2.56297085e-01 4.69579975e-02 -1.93981457e+01
2.22222045e-04 -7.13079878e+02 6.90503950e+01 2.65060036e-01 4.65676141e-02 -1.93862698e+01
2.22366524e-04 -7.13079282e+02 6.89783537e+01 2.63102697e-01 4.66369758e-02 -1.93905718e+01
2.22521049e-04 -7.13078489e+02 6.87959711e+01 2.62944967e-01 4.72990843e-02 -1.93933673e+01
2.22617288e-04 -7.13078417e+02 6.89404853e+01 2.73598559e-01 4.70065328e-02 -1.93872342e+01
2.23249503e-04 -7.13072825e+02 6.93308241e+01 2.67415148e-01 4.64024800e-02 -1.93772868e+01
2.23891177e-04 -7.13072669e+02 6.90298879e+01 2.66050107e-01 4.66420343e-02 -1.93855297e+01
2.23935523e-04 -7.13072429e+02 6.91252185e+01 2.55936777e-01 4.66926208e-02 -1.93870266e+01
2.24072947e-04 -7.13071442e+02 6.91353548e+01 2.70138511e-01 4.65323992e-02 -1.93829286e+01
2.24285695e-04 -7.13070530e+02 6.84188074e+01 2.57730990e-01 4.76862956e-02 -1.94094497e+01
2.24463571e-04 -7.13069856e+02 6.85608316e+01 2.57009363e-01 4.72819934e-02 -1.94044783e+01
2.24679790e-04 -7.13068605e+02 6.83755018e+01 2.64836846e-01 4.75715615e-02 -1.94069748e+01
2.24848549e-04 -7.13068354e+02 6.84608005e+01 2.70903235e-01 4.75255165e-02 -1.94028595e+01
2.24892254e-04 -7.13068216e+02 6.89848896e+01 2.57526712e-01 4.66938864e-02 -1.93916222e+01
2.24910794e-04 -7.13068189e+02 6.86714006e+01 2.71808975e-01 4.71766753e-02 -1.93953359e+01
2.24931055e-04 -7.13068036e+02 6.86238159e+01 2.69374064e-01 4.73249089e-02 -1.93965453e+01
2.25364585e-04 -7.13064342e+02 6.91357990e+01 2.62315682e-01 4.64946450e-02 -1.93864410e+01
2.26079148e-04 -7.13061703e+02 6.87568082e+01 2.59461090e-01 4.73931069e-02 -1.93977820e+01
2.26463177e-04 -7.13060946e+02 6.84475748e+01 2.67898001e-01 4.77050998e-02 -1.94055152e+01
2.26566860e-04 -7.13060788e+02 6.87539982e+01 2.58706568e-01 4.70336410e-02 -1.94006710e+01
2.26698792e-04 -7.13059782e+02 6.89558724e+01 2.63500094e-01 4.71377219e-02 -1.93916659e+01
2.26844320e-04 -7.13059504e+02 6.85076947e+01 2.71048443e-01 4.75373965e-02 -1.94031402e+01
2.26979152e-04 -7.13058593e+02 6.88709304e+01 2.67751651e-01 4.71559953e-02 -1.93942580e+01
2.27129353e-04 -7.13058181e+02 6.86807916e+01 2.55536562e-01 4.73920872e-02 -1.94021204e+01
2.27208345e-04 -7.13057898e+02 6.90066253e+01 2.58630504e-01 4.70255409e-02 -1.93895785e+01
2.27268539e-04 -7.13057651e+02 6.84706930e+01 2.60117458e-01 4.76317823e-02 -1.94085877e+01
2.27539241e-04 -7.13055518e+02 6.88212271e+01 2.54636350e-01 4.69968196e-02 -1.93981935e+01
2.27900999e-04 -7.13054473e+02 6.89057698e+01 2.64257804e-01 4.70274837e-02 -1.93887684e+01
2.28397371e-04 -7.13051169e+02 6.88461702e+01 2.68337111e-01 4.72646573e-02 -1.93931691e+01
2.29144585e-04 -7.13047940e+02 6.86313389e+01 2.66266350e-01 4.71140800e-02 -1.94008302e+01
2.29596319e-04 -7.13047228e+02 6.85943992e+01 2.64674425e-01 4.75026933e-02 -1.93990959e+01
2.29917557e-04 -7.13045145e+02 6.92914979e+01 2.61946268e-01 4.64984603e-02 -1.93819533e+01
2.30305341e-04 -7.13043857e+02 6.88806395e+01 2.64904607e-01 4.71342257e-02 -1.93897565e+01
2.30468775e-04 -7.13043726e+02 6.89133690e+01 2.62499692e-01 4.68989858e-02 -1.93892757e+01
2.30522402e-04 -7.13043392e+02 6.85671437e+01 2.70403642e-01 4.72688172e-02 -1.94002304e+01
2.30597847e-04 -7.13043071e+02 6.89254005e+01 2.57031976e-01 4.70816802e-02 -1.93950487e+01
2.30708418e-04 -7.13042433e+02 6.92376158e+01 2.62504173e-01 4.64536901e-02 -1.93835997e+01
2.30801430e-04 -7.13042265e+02 6.91949514e+01 2.58371754e-01 4.65164017e-02 -1.93845805e+01
2.31185306e-04 -7.13039112e+02 6.90441051e+01 2.70895181e-01 4.66953560e-02 -1.93868634e+01
2.32504062e-04 -7.13030903e+02 6.84367909e+01 2.60859763e-01 4.75267652e-02 -1.94060026e+01
2.33859260e-04 -7.13027474e+02 6.85993548e+01 2.64785875e-01 4.72388766e-02 -1.93991074e+01
2.34508104e-04 -7.13025360e+02 6.86842554e+01 2.67462797e-01 4.70808710e-02 -1.93962675e+01
2.34847596e-04 -7.13024580e+02 6.84459183e+01 2.63463364e-01 4.75768186e-02 -1.94044783e+01
2.35104991e-04 -7.13023170e+02 6.91827817e+01 2.68155453e-01 4.66540717e-02 -1.93803377e+01
2.35530791e-04 -7.13020962e+02 6.83488071e+01 2.61233779e-01 4.76526999e-02 -1.94102341e+01
2.35801058e-04 -7.13020875e+02 6.90936101e+01 2.70732363e-01 4.66789695e-02 -1.93826420e+01
2.35822135e-04 -7.13020783e+02 6.88645486e+01 2.66686466e-01 4.71260338e-02 -1.93950518e+01
2.35858852e-04 -7.13020563e+02 6.86993418e+01 2.66612312e-01 4.71101953e-02 -1.93952832e+01
2.36064058e-04 -7.13019044e+02 6.83338692e+01 2.63508552e-01 4.77349851e-02 -1.94095379e+01
2.36250103e-04 -7.13018987e+02 6.88942394e+01 2.71000110e-01 4.71177106e-02 -1.93888681e+01
2.36388693e-04 -7.13017872e+02 6.90035721e+01 2.71998697e-01 4.69019640e-02 -1.93852103e+01
2.36608177e-04 -7.13017131e+02 6.87672575e+01 2.56207716e-01 4.70163390e-02 -1.93988583e+01
2.36738311e-04 -7.13016772e+02 6.90678503e+01 2.60586997e-01 4.66423240e-02 -1.93863055e+01
2.36921578e-04 -7.13015583e+02 6.90233236e+01 2.72601730e-01 4.68656361e-02 -1.93859582e+01
2.37279583e-04 -7.13013752e+02 6.86187473e+01 2.62608820e-01 4.72464468e-02 -1.93989720e+01
2.37605846e-04 -7.13012835e+02 6.87985318e+01 2.62705880e-01 4.68803023e-02 -1.93963242e+01
2.37763656e-04 -7.13012424e+02 6.88252468e+01 2.58291214e-01 4.70324312e-02 -1.93940008e+01
2.37841121e-04 -7.13012183e+02 6.89420635e+01 2.56880385e-01 4.67898388e-02 -1.93937171e+01
2.37876607e-04 -7.13012126e+02 6.87236055e+01 2.70621146e-01 4.70511958e-02 -1.93962048e+01
2.38069790e-04 -7.13010560e+02 6.87675919e+01 2.70218900e-01 4.70063206e-02 -1.93930195e+01
2.38301882e-04 -7.13010177e+02 6.89831003e+01 2.58449243e-01 4.67217353e-02 -1.93904556e+01
2.38379679e-04 -7.13009907e+02 6.87379136e+01 2.67389674e-01 4.69727938e-02 -1.93960882e+01
2.38525555e-04 -7.13008953e+02 6.86270163e+01 2.60177708e-01 4.74960562e-02 -1.94004275e+01
2.38743112e-04 -7.13008084e+02 6.86980303e+01 2.65537385e-01 4.74138642e-02 -1.93997553e+01
2.38937823e-04 -7.13007323e+02 6.91604127e+01 2.58909881e-01 4.66792104e-02 -1.93871869e+01
2.39123219e-04 -7.13006533e+02 6.90653035e+01 2.61267230e-01 4.69049943e-02 -1.93861215e+01
2.39278667e-04 -7.13006023e+02 6.86912850e+01 2.71424089e-01 4.73367729e-02 -1.93950746e+01
2.39341631e-04 -7.13006007e+02 6.87211871e+01 2.63390653e-01 4.70242212e-02 -1.93963036e+01
2.39368689e-04 -7.13005797e+02 6.88252810e+01 2.55108477e-01 4.70217920e-02 -1.93967658e+01
2.39402014e-04 -7.13005728e+02 6.86046327e+01 2.71223743e-01 4.74628597e-02 -1.93989899e+01
2.39468623e-04 -7.13005241e+02 6.84802404e+01 2.62348468e-01 4.73676405e-02 -1.94052441e+01
2.39582452e-04 -7.13004778e+02 6.86871516e+01 2.60423473e-01 4.70494183e-02 -1.93997725e+01
2.39707077e-04 -7.13004200e+02 6.89272246e+01 2.64893467e-01 4.71426917e-02 -1.93895306e+01
2.39985280e-04 -7.13002458e+02 6.83459346e+01 2.63694867e-01 4.77376475e-02 -1.94097635e+01
2.41111158e-04 -7.12994853e+02 6.88314489e+01 2.66294132e-01 4.72826252e-02 -1.93927713e+01
2.42323753e-04 -7.12992412e+02 6.89880490e+01 2.68753512e-01 4.67019673e-02 -1.93870191e+01
2.42652041e-04 -7.12992144e+02 6.86444638e+01 2.56485468e-01 4.74203390e-02 -1.94029113e+01
2.42760134e-04 -7.12991522e+02 6.86858909e+01 2.56427177e-01 4.73792522e-02 -1.94011792e+01
2.43166632e-04 -7.12988800e+02 6.86153691e+01 2.69486742e-01 4.71952759e-02 -1.93992418e+01
2.43533222e-04 -7.12988507e+02 6.85908828e+01 2.66994451e-01 4.75479432e-02 -1.93998944e+01
2.43839240e-04 -7.12986289e+02 6.88334120e+01 2.55020184e-01 4.70847880e-02 -1.93966672e+01
2.44168193e-04 -7.12985809e+02 6.90571052e+01 2.70875510e-01 4.68629745e-02 -1.93842988e+01
2.44259266e-04 -7.12985543e+02 6.90229504e+01 2.62293598e-01 4.68612902e-02 -1.93914821e+01
2.44420626e-04 -7.12984489e+02 6.88901691e+01 2.55958650e-01 4.68963435e-02 -1.93950586e+01
2.44559761e-04 -7.12984405e+02 6.89843725e+01 2.70300179e-01 4.68212280e-02 -1.93857562e+01
2.44571580e-04 -7.12984392e+02 6.86274680e+01 2.72091930e-01 4.73358810e-02 -1.93976224e+01
2.44606348e-04 -7.12984121e+02 6.91246974e+01 2.68979139e-01 4.65884628e-02 -1.93845441e+01
2.44708993e-04 -7.12983553e+02 6.83885948e+01 2.65931459e-01 4.76372390e-02 -1.94066637e+01
2.44785563e-04 -7.12983495e+02 6.89028985e+01 2.60111467e-01 4.67784493e-02 -1.93934071e+01
2.44845309e-04 -7.12983065e+02 6.87149049e+01 2.63092537e-01 4.70865818e-02 -1.94005505e+01
2.44908371e-04 -7.12982980e+02 6.91585584e+01 2.59942218e-01 4.65586995e-02 -1.93845344e+01
2.44974528e-04 -7.12982525e+02 6.92731428e+01 2.64694604e-01 4.65274670e-02 -1.93812973e+01
2.45040620e-04 -7.12982440e+02 6.90293802e+01 2.56217261e-01 4.67984372e-02 -1.93913762e+01
2.45355754e-04 -7.12979956e+02 6.89102389e+01 2.55216128e-01 4.69740128e-02 -1.93943494e+01
2.45731106e-04 -7.12979381e+02 6.91072254e+01 2.62818916e-01 4.68795679e-02 -1.93852308e+01
2.45829115e-04 -7.12979159e+02 6.86842232e+01 2.70899343e-01 4.73301860e-02 -1.93979661e+01
2.45913127e-04 -7.12978698e+02 6.92513136e+01 2.66291458e-01 4.65153100e-02 -1.93795470e+01
2.46347883e-04 -7.12975628e+02 6.86961036e+01 2.58612787e-01 4.70751763e-02 -1.94002693e+01
2.46737641e-04 -7.12975534e+02 6.89416890e+01 2.55679110e-01 4.69612811e-02 -1.93929539e+01
2.47005278e-04 -7.12973461e+02 6.89644542e+01 2.55961540e-01 4.68837845e-02 -1.93936600e+01
2.47356881e-04 -7.12972688e+02 6.85865093e+01 2.57923939e-01 4.75088366e-02 -1.94042867e+01
2.47590798e-04 -7.12971571e+02 6.85763605e+01 2.65828310e-01 4.73554921e-02 -1.93994282e+01
2.47876860e-04 -7.12970379e+02 6.86040632e+01 2.63792020e-01 4.72968694e-02 -1.94038742e+01
2.48312205e-04 -7.12968062e+02 6.89080253e+01 2.60598213e-01 4.68142405e-02 -1.93946739e+01
2.48735149e-04 -7.12966974e+02 6.88286685e+01 2.71371078e-01 4.69505055e-02 -1.93917765e+01
2.48895312e-04 -7.12966775e+02 6.85501464e+01 2.67103351e-01 4.75499140e-02 -1.94007294e+01
2.49096559e-04 -7.12965358e+02 6.89708754e+01 2.72216345e-01 4.68804566e-02 -1.93879247e+01
2.49374816e-04 -7.12964541e+02 6.86951683e+01 2.56444335e-01 4.73439150e-02 -1.94005820e+01
2.49505232e-04 -7.12964312e+02 6.89039107e+01 2.61353548e-01 4.71733641e-02 -1.93921056e+01
2.49971737e-04 -7.12960808e+02 6.90602069e+01 2.65444299e-01 4.65971919e-02 -1.93871655e+01
2.50555190e-04 -7.12959647e+02 6.92329632e+01 2.67586860e-01 4.65362272e-02 -1.93812271e+01
2.50886831e-04 -7.12958163e+02 6.84543055e+01 2.59605881e-01 4.76219842e-02 -1.94079859e+01
2.51444651e-04 -7.12955207e+02 6.91749717e+01 2.66742573e-01 4.66311884e-02 -1.93812160e+01
2.52179431e-04 -7.12952327e+02 6.89520681e+01 2.58875659e-01 4.69896886e-02 -1.93903639e+01
2.52580340e-04 -7.12952028e+02 6.85034242e+01 2.65062007e-01 4.75953152e-02 -1.94028322e+01
2.52723469e-04 -7.12951194e+02 6.90627368e+01 2.66742777e-01 4.66072227e-02 -1.93865998e+01
2.52973746e-04 -7.12950048e+02 6.86382957e+01 2.68484054e-01 4.72497503e-02 -1.94007288e+01
2.53183404e-04 -7.12949537e+02 6.86663046e+01 2.65384168e-01 4.71945705e-02 -1.93967774e+01
2.53383527e-04 -7.12948468e+02 6.90141934e+01 2.64043179e-01 4.66445759e-02 -1.93885011e+01
2.53552860e-04 -7.12948201e+02 6.89629650e+01 2.67328147e-01 4.68042821e-02 -1.93912239e+01
2.53615575e-04 -7.12947973e+02 6.87254006e+01 2.65829975e-01 4.73783642e-02 -1.93956508e+01
2.53712515e-04 -7.12947436e+02 6.85661920e+01 2.62726768e-01 4.74006929e-02 -1.94052258e+01
2.54439487e-04 -7.12942258e+02 6.91437026e+01 2.63152035e-01 4.67179898e-02 -1.93831373e+01
2.55355403e-04 -7.12940244e+02 6.90776248e+01 2.58040404e-01 4.67515474e-02 -1.93875731e+01
2.55938163e-04 -7.12937699e+02 6.90072895e+01 2.70394582e-01 4.67376169e-02 -1.93866301e+01
2.56503724e-04 -7.12935829e+02 6.87069423e+01 2.59557110e-01 4.70707557e-02 -1.93990268e+01
2.56901975e-04 -7.12934596e+02 6.87614479e+01 2.71696784e-01 4.72271881e-02 -1.93940985e+01
2.57227446e-04 -7.12933297e+02 6.85993332e+01 2.64391598e-01 4.72214823e-02 -1.94027373e+01
2.57635953e-04 -7.12931422e+02 6.86141342e+01 2.68220408e-01 4.73330462e-02 -1.94015673e+01
2.57979822e-04 -7.12930628e+02 6.85948005e+01 2.70256722e-01 4.74378296e-02 -1.93999456e+01
2.58148031e-04 -7.12930119e+02 6.88233631e+01 2.58699241e-01 4.70574718e-02 -1.93983496e+01
2.58311675e-04 -7.12929361e+02 6.86490725e+01 2.61331248e-01 4.72633448e-02 -1.93986683e+01
2.58508998e-04 -7.12928592e+02 6.86980012e+01 2.67000036e-01 4.74157803e-02 -1.93978776e+01
2.58673418e-04 -7.12928089e+02 6.86846628e+01 2.60016345e-01 4.71984222e-02 -1.94022479e+01
2.58745558e-04 -7.12928034e+02 6.86232371e+01 2.58111933e-01 4.74124817e-02 -1.94038280e+01
2.59018989e-04 -7.12925978e+02 6.90231426e+01 2.70238155e-01 4.67467210e-02 -1.93856357e+01
2.59348558e-04 -7.12925490e+02 6.87465734e+01 2.68886145e-01 4.70805380e-02 -1.93970213e+01
2.59965594e-04 -7.12921230e+02 6.90600653e+01 2.60355559e-01 4.68587836e-02 -1.93869128e+01
2.60559307e-04 -7.12920923e+02 6.89091777e+01 2.61994212e-01 4.69774096e-02 -1.93950351e+01
2.60690261e-04 -7.12920225e+02 6.91139919e+01 2.63818484e-01 4.68385788e-02 -1.93847448e+01
2.60861570e-04 -7.12919609e+02 6.85888292e+01 2.68919076e-01 4.73057657e-02 -1.93992981e+01
2.61524940e-04 -7.12915150e+02 6.89431403e+01 2.58523341e-01 4.70001658e-02 -1.93940732e+01
2.62373417e-04 -7.12913127e+02 6.85615178e+01 2.67983044e-01 4.74765627e-02 -1.94002025e+01
2.62849962e-04 -7.12911520e+02 6.91344294e+01 2.67827829e-01 4.66787039e-02 -1.93824686e+01
2.63349308e-04 -7.12909331e+02 6.89581389e+01 2.66681912e-01 4.67362077e-02 -1.93899735e+01
2.63987791e-04 -7.12906678e+02 6.90435038e+01 2.65568054e-01 4.67633437e-02 -1.93851987e+01
2.64494726e-04 -7.12905493e+02 6.90523673e+01 2.68071072e-01 4.69021663e-02 -1.93855002e+01
2.64676589e-04 -7.12905303e+02 6.88133026e+01 2.59447582e-01 4.71794430e-02 -1.93981051e+01
2.65095193e-04 -7.12902335e+02 6.86904076e+01 2.67562346e-01 4.70916468e-02 -1.93975876e+01
2.65632973e-04 -7.12901248e+02 6.88336181e+01 2.71351741e-01 4.71174040e-02 -1.93922123e+01
2.65958118e-04 -7.12899888e+02 6.84895364e+01 2.65860473e-01 4.74651304e-02 -1.94054311e+01
2.66258439e-04 -7.12898990e+02 6.87402972e+01 2.66636538e-01 4.72839772e-02 -1.93944062e+01
2.66391161e-04 -7.12898891e+02 6.84676071e+01 2.65985218e-01 4.75801745e-02 -1.94043448e+01
2.66777958e-04 -7.12896091e+02 6.88191099e+01 2.56982077e-01 4.70565687e-02 -1.93960618e+01
2.67164941e-04 -7.12895990e+02 6.85891743e+01 2.58314252e-01 4.73212963e-02 -1.94033004e+01
2.67793059e-04 -7.12891399e+02 6.84626519e+01 2.61531045e-01 4.75048071e-02 -1.94062973e+01
2.68518002e-04 -7.12890578e+02 6.87929457e+01 2.65089805e-01 4.70107710e-02 -1.93932519e+01
2.69322328e-04 -7.12885424e+02 6.90007467e+01 2.65471197e-01 4.70027799e-02 -1.93892199e+01
2.70030323e-04 -7.12885321e+02 6.85657947e+01 2.58797966e-01 4.74125603e-02 -1.94034901e+01
2.70715145e-04 -7.12880364e+02 6.88752547e+01 2.61861992e-01 4.68476903e-02 -1.93943636e+01
2.72323228e-04 -7.12873482e+02 6.86914005e+01 2.57714199e-01 4.72475539e-02 -1.94016804e+01
2.73615258e-04 -7.12870888e+02 6.90684380e+01 2.65826518e-01 4.68922569e-02 -1.93864681e+01
2.74051617e-04 -7.12870293e+02 6.90429836e+01 2.62274169e-01 4.67871296e-02 -1.93901039e+01
2.74603588e-04 -7.12866866e+02 6.87385652e+01 2.65617311e-01 4.73326479e-02 -1.93955782e+01
2.75223408e-04 -7.12865781e+02 6.90580588e+01 2.64509230e-01 4.67783087e-02 -1.93853510e+01
2.75477445e-04 -7.12865021e+02 6.89438672e+01 2.69700470e-01 4.69790784e-02 -1.93898311e+01
2.76137984e-04 -7.12860995e+02 6.88691973e+01 2.59257230e-01 4.71261046e-02 -1.93956375e+01
2.76903731e-04 -7.12859479e+02 6.86412213e+01 2.57901581e-01 4.72923983e-02 -1.94020724e+01
2.77177982e-04 -7.12859015e+02 6.85461855e+01 2.67777824e-01 4.74106195e-02 -1.94025560e+01
2.77313521e-04 -7.12858501e+02 6.87736391e+01 2.62884013e-01 4.69814914e-02 -1.93971513e+01
2.77509606e-04 -7.12857601e+02 6.90900609e+01 2.66007004e-01 4.67079887e-02 -1.93869737e+01
2.78153068e-04 -7.12853872e+02 6.86148448e+01 2.64592489e-01 4.74554657e-02 -1.94019529e+01
2.79357625e-04 -7.12848961e+02 6.88879771e+01 2.58513266e-01 4.69700226e-02 -1.93955358e+01
2.80187309e-04 -7.12847936e+02 6.89433657e+01 2.65054202e-01 4.70066171e-02 -1.93887607e+01
2.80442024e-04 -7.12847144e+02 6.87148607e+01 2.62413820e-01 4.72709765e-02 -1.94003541e+01
2.80618719e-04 -7.12846676e+02 6.90882105e+01 2.59895533e-01 4.67685581e-02 -1.93880338e+01
2.80886740e-04 -7.12845235e+02 6.87822496e+01 2.60669915e-01 4.72226681e-02 -1.93983931e+01
2.81113401e-04 -7.12845062e+02 6.90248419e+01 2.66510689e-01 4.67832124e-02 -1.93889931e+01
2.81617108e-04 -7.12841658e+02 6.85431803e+01 2.66778028e-01 4.74578906e-02 -1.94016912e+01
2.82203574e-04 -7.12840899e+02 6.89211498e+01 2.60896894e-01 4.70653531e-02 -1.93935815e+01
2.82818188e-04 -7.12837310e+02 6.87583962e+01 2.59861634e-01 4.71326975e-02 -1.93964075e+01
2.83598292e-04 -7.12835387e+02 6.88107643e+01 2.59344362e-01 4.69836859e-02 -1.93965873e+01
2.84236938e-04 -7.12832811e+02 6.89280678e+01 2.61904606e-01 4.70793595e-02 -1.93913181e+01
2.84693467e-04 -7.12832176e+02 6.89703411e+01 2.65697297e-01 4.67554088e-02 -1.93897351e+01
2.84921792e-04 -7.12831208e+02 6.88792510e+01 2.64015077e-01 4.68570091e-02 -1.93933938e+01
2.86091113e-04 -7.12823997e+02 6.90708779e+01 2.67934360e-01 4.67397281e-02 -1.93858818e+01
2.87584169e-04 -7.12820787e+02 6.85704044e+01 2.66140947e-01 4.73755171e-02 -1.94026365e+01
2.88465768e-04 -7.12817875e+02 6.90443551e+01 2.63434886e-01 4.67202786e-02 -1.93869296e+01
2.89135051e-04 -7.12816151e+02 6.87104951e+01 2.59393199e-01 4.72405530e-02 -1.94006953e+01
2.89569196e-04 -7.12814874e+02 6.89721225e+01 2.68529855e-01 4.69351529e-02 -1.93891089e+01
2.89810405e-04 -7.12814485e+02 6.85826663e+01 2.64030559e-01 4.74233868e-02 -1.94032152e+01
2.90329513e-04 -7.12811297e+02 6.85590113e+01 2.62599025e-01 4.73545844e-02 -1.94035655e+01
2.91221684e-04 -7.12808348e+02 6.88638994e+01 2.63601760e-01 4.70710812e-02 -1.93916420e+01
2.92253107e-04 -7.12804229e+02 6.85867555e+01 2.64254793e-01 4.74136391e-02 -1.94007941e+01
2.93419087e-04 -7.12800385e+02 6.88339566e+01 2.68029758e-01 4.69672915e-02 -1.93931646e+01
2.94094414e-04 -7.12799627e+02 6.88309577e+01 2.66377386e-01 4.70716688e-02 -1.93952082e+01
2.94426062e-04 -7.12798131e+02 6.90007893e+01 2.62289831e-01 4.67552462e-02 -1.93892401e+01
2.95322061e-04 -7.12793555e+02 6.89791684e+01 2.59411688e-01 4.68861979e-02 -1.93914231e+01
2.96093057e-04 -7.12792911e+02 6.88626878e+01 2.67966640e-01 4.71190069e-02 -1.93920905e+01
2.96856148e-04 -7.12788412e+02 6.87380129e+01 2.61242270e-01 4.72619720e-02 -1.93970295e+01
2.97716627e-04 -7.12787118e+02 6.89629537e+01 2.64611689e-01 4.68658576e-02 -1.93886356e+01
2.98410575e-04 -7.12783758e+02 6.86573534e+01 2.61254843e-01 4.72979880e-02 -1.93995757e+01
2.99634319e-04 -7.12778936e+02 6.89559622e+01 2.66573726e-01 4.68926984e-02 -1.93884645e+01
3.00908270e-04 -7.12775270e+02 6.88429018e+01 2.68453553e-01 4.71066080e-02 -1.93926322e+01
3.01715698e-04 -7.12773574e+02 6.87924980e+01 2.60017460e-01 4.70516700e-02 -1.93972880e+01
3.02126223e-04 -7.12772550e+02 6.90175491e+01 2.65173896e-01 4.67557001e-02 -1.93884345e+01
3.02486414e-04 -7.12771191e+02 6.88049410e+01 2.67860130e-01 4.71288255e-02 -1.93947633e+01
3.02835929e-04 -7.12770240e+02 6.90660086e+01 2.62645826e-01 4.67522706e-02 -1.93873594e+01
3.03669879e-04 -7.12765696e+02 6.87882034e+01 2.63682875e-01 4.70125659e-02 -1.93962365e+01
3.06886423e-04 -7.12749230e+02 6.86907467e+01 2.61195981e-01 4.72167650e-02 -1.94001769e+01
3.09549298e-04 -7.12748349e+02 6.88223230e+01 2.62850216e-01 4.70642696e-02 -1.93962954e+01
3.11274187e-04 -7.12738142e+02 6.88117343e+01 2.64857963e-01 4.70532232e-02 -1.93935730e+01
3.12869276e-04 -7.12738100e+02 6.88217665e+01 2.61283310e-01 4.71525553e-02 -1.93952425e+01
3.14476412e-04 -7.12727921e+02 6.89278470e+01 2.64988108e-01 4.69371681e-02 -1.93918765e+01
3.19927647e-04 -7.12703848e+02 6.89070840e+01 2.65144042e-01 4.69682732e-02 -1.93911780e+01
