0.00000000e+00 -4.04980592e+04 8.92412804e+01 1.99802269e-01 7.75122143e-02
0.00000000e+00 -3.71062255e+04 8.88504100e+01 3.00134523e-01 7.60055928e-02
0.00000000e+00 -3.59888451e+04 8.91908213e+01 4.11156388e-01 7.46378749e-02
0.00000000e+00 -3.39341758e+04 8.95224409e+01 2.55997526e-01 7.27706237e-02
0.00000000e+00 -2.90427208e+04 8.89442308e+01 4.12235579e-01 7.01513158e-02
0.00000000e+00 -2.82691395e+04 8.41169029e+01 3.90696537e-01 7.78073075e-02
0.00000000e+00 -2.78567168e+04 8.46162302e+01 4.48649751e-01 7.65032084e-02
0.00000000e+00 -2.78330684e+04 8.62883125e+01 1.91614827e-01 7.36390350e-02
0.00000000e+00 -2.67341727e+04 8.46327072e+01 4.50997291e-01 7.55159812e-02
0.00000000e+00 -2.31449024e+04 8.71333101e+01 2.36280996e-01 6.83236225e-02
0.00000000e+00 -2.23089398e+04 8.53269307e+01 2.91778834e-01 7.04751271e-02
0.00000000e+00 -2.08490656e+04 8.51244577e+01 3.51017717e-01 6.93955709e-02
0.00000000e+00 -2.01574381e+04 8.72049489e+01 4.93245041e-01 6.53479200e-02
0.00000000e+00 -1.88606636e+04 7.86070883e+01 1.29966894e-01 7.90213938e-02
0.00000000e+00 -1.70151645e+04 8.65574990e+01 4.43050876e-01 6.32488791e-02
0.00000000e+00 -1.69665672e+04 7.91421729e+01 4.05729625e-01 7.56486228e-02
0.00000000e+00 -1.68042586e+04 7.69272665e+01 3.20241578e-01 7.98991001e-02
0.00000000e+00 -1.64866748e+04 8.51811133e+01 2.36240140e-01 6.48711939e-02
0.00000000e+00 -1.62780503e+04 8.76142710e+01 1.39870316e-01 6.10023390e-02
0.00000000e+00 -1.54948792e+04 8.57375624e+01 2.06177821e-01 6.29315206e-02
0.00000000e+00 -1.52920149e+04 8.56933183e+01 2.52924069e-01 6.27794906e-02
0.00000000e+00 -1.52324466e+04 8.88410433e+01 3.32422680e-01 5.82904620e-02
0.00000000e+00 -1.47717305e+04 8.52298493e+01 3.63895445e-01 6.28165592e-02
0.00000000e+00 -1.43637332e+04 8.51051984e+01 2.82363532e-01 6.25734712e-02
0.00000000e+00 -1.38857123e+04 8.39365645e+01 4.18506050e-01 6.36452138e-02
0.00000000e+00 -1.28589793e+04 7.79007681e+01 2.99349275e-01 7.25003259e-02
0.00000000e+00 -1.27169541e+04 8.81618927e+01 2.89212778e-01 5.64065037e-02
0.00000000e+00 -1.25585708e+04 7.78164404e+01 1.67302211e-01 7.21822779e-02
0.00000000e+00 -1.12316633e+04 8.62018506e+01 4.26161915e-01 5.70174844e-02
0.00000000e+00 -1.11942833e+04 8.02466964e+01 3.81886961e-01 6.58464523e-02
0.00000000e+00 -1.10781022e+04 7.53207329e+01 1.95758482e-01 7.45773220e-02
0.00000000e+00 -1.06133293e+04 7.89698788e+01 1.22840725e-01 6.70128532e-02
0.00000000e+00 -1.01042397e+04 8.01814442e+01 3.93980944e-01 6.42399602e-02
0.00000000e+00 -9.76898951e+03 7.68756786e+01 2.59087852e-01 6.93949353e-02
0.00000000e+00 -9.74344954e+03 7.98389900e+01 1.30729756e-01 6.41720999e-02
0.00000000e+00 -9.58994940e+03 8.15452081e+01 4.25191195e-01 6.12503146e-02
0.00000000e+00 -9.54758413e+03 7.16597707e+01 4.82916859e-01 7.90042375e-02
0.00000000e+00 -9.32145651e+03 4.43529249e+01 4.86384723e-01 2.12061052e-02
0.00000000e+00 -9.07088199e+03 7.77572205e+01 1.18676078e-01 6.64249353e-02
0.00000000e+00 -8.92539384e+03 4.14163966e+01 1.12152337e-01 2.82300439e-02
0.00000000e+00 -8.78917885e+03 8.49884776e+01 3.96016713e-01 5.51749076e-02
0.00000000e+00 -8.75656450e+03 4.54367636e+01 3.88180735e-01 2.28430905e-02
0.00000000e+00 -8.55819896e+03 4.44903173e+01 1.17179482e-01 2.61129751e-02
0.00000000e+00 -8.50253026e+03 4.25608259e+01 3.20166587e-01 2.80446409e-02
0.00000000e+00 -8.49749613e+03 4.03315383e+01 2.53047033e-01 3.22835631e-02
0.00000000e+00 -8.42947200e+03 4.86637833e+01 3.51017788e-01 2.13427360e-02
0.00000000e+00 -8.35632906e+03 7.57507987e+01 2.14487687e-01 6.87688536e-02
0.00000000e+00 -8.29054797e+03 4.38295155e+01 4.71135996e-01 2.80083200e-02
0.00000000e+00 -8.24495279e+03 7.27139146e+01 2.03650050e-01 7.43139530e-02
0.00000000e+00 -7.96043546e+03 8.79264768e+01 3.56537563e-01 5.02991903e-02
0.00000000e+00 -7.89786012e+03 7.52096278e+01 2.84472645e-01 6.88150741e-02
0.00000000e+00 -7.85401716e+03 8.76713354e+01 4.59013099e-01 5.02859318e-02
0.00000000e+00 -7.83918241e+03 7.89249411e+01 3.40559016e-01 6.23593443e-02
0.00000000e+00 -7.80585407e+03 4.14339841e+01 4.80823916e-01 3.60215794e-02
0.00000000e+00 -7.76292957e+03 5.17190994e+01 4.17232974e-01 2.20119662e-02
0.00000000e+00 -7.73964671e+03 7.40138270e+01 2.18802967e-01 7.06961941e-02
0.00000000e+00 -7.71679620e+03 5.35864655e+01 4.13954751e-01 2.07821691e-02
0.00000000e+00 -7.60305122e+03 7.75851345e+01 2.47644512e-01 6.41180189e-02
0.00000000e+00 -7.58179988e+03 5.54022753e+01 1.37193895e-01 2.05730123e-02
0.00000000e+00 -7.56062549e+03 4.92485280e+01 1.92449783e-01 2.52278806e-02
0.00000000e+00 -7.38451746e+03 8.36745806e+01 3.09551792e-01 5.46803160e-02
0.00000000e+00 -7.24815659e+03 7.74826216e+01 4.83019490e-01 6.32689580e-02
0.00000000e+00 -7.22486713e+03 4.90178166e+01 4.97249752e-01 2.75728439e-02
0.00000000e+00 -7.12702327e+03 4.78941603e+01 1.42056883e-01 2.95923931e-02
0.00000000e+00 -7.08401973e+03 5.04447471e+01 2.05228426e-01 2.62789976e-02
0.00000000e+00 -7.03479909e+03 8.51154597e+01 1.16399363e-01 5.19595078e-02
0.00000000e+00 -7.02567111e+03 4.24372870e+01 1.47671285e-01 4.01275608e-02
0.00000000e+00 -6.76342763e+03 8.23454745e+01 2.34379156e-01 5.53431104e-02
0.00000000e+00 -6.68309827e+03 5.42329626e+01 4.39870294e-01 2.46740160e-02
0.00000000e+00 -6.67581157e+03 5.60316999e+01 1.01018346e-01 2.42091628e-02
0.00000000e+00 -6.61074684e+03 4.48503755e+01 1.74208388e-01 3.76537371e-02
0.00000000e+00 -6.58812557e+03 4.36254009e+01 2.44748693e-01 4.02409408e-02
0.00000000e+00 -6.55879359e+03 8.74155660e+01 2.87873576e-01 4.86488016e-02
0.00000000e+00 -6.51289107e+03 7.55639140e+01 3.49155320e-01 6.51112378e-02
0.00000000e+00 -6.49415801e+03 4.56832754e+01 3.29162313e-01 3.64985571e-02
0.00000000e+00 -6.38928605e+03 5.17070531e+01 3.35312301e-01 2.82481576e-02
0.00000000e+00 -6.26325729e+03 6.27126562e+01 4.21428136e-01 2.03201546e-02
0.00000000e+00 -6.25671615e+03 5.31505693e+01 2.79464148e-01 2.73005717e-02
0.00000000e+00 -6.24800897e+03 4.27793938e+01 4.99069453e-01 4.59588828e-02
0.00000000e+00 -6.19884631e+03 5.26613895e+01 2.86790444e-01 2.80969468e-02
0.00000000e+00 -6.18590901e+03 8.47916521e+01 2.96089287e-01 5.10702965e-02
0.00000000e+00 -6.08421993e+03 7.19448584e+01 3.33468679e-01 7.06534325e-02
0.00000000e+00 -6.01146369e+03 8.15282146e+01 3.73824888e-01 5.48586256e-02
0.00000000e+00 -5.91155580e+03 5.93452989e+01 2.96631004e-01 2.34425892e-02
0.00000000e+00 -5.88623125e+03 5.46402092e+01 2.36502393e-01 2.75839428e-02
0.00000000e+00 -5.85497646e+03 6.05271788e+01 4.66621533e-01 2.32308834e-02
0.00000000e+00 -5.81360805e+03 4.82742816e+01 2.66140562e-01 3.63294672e-02
0.00000000e+00 -5.79364169e+03 4.77830097e+01 1.63490512e-01 3.77657548e-02
0.00000000e+00 -5.77447115e+03 4.84169679e+01 3.01676060e-01 3.63366386e-02
0.00000000e+00 -5.77127047e+03 4.81589008e+01 3.70306750e-01 3.69379775e-02
0.00000000e+00 -5.73420022e+03 5.42614555e+01 4.26324682e-01 2.89426372e-02
0.00000000e+00 -5.73397785e+03 4.65779398e+01 4.69719472e-01 4.06512881e-02
0.00000000e+00 -5.72129137e+03 8.08453919e+01 2.30578391e-01 5.52745917e-02
0.00000000e+00 -5.68207565e+03 4.08175286e+01 2.79972663e-01 5.82260206e-02
0.00000000e+00 -5.68008683e+03 8.71015093e+01 2.28982363e-01 4.73939336e-02
0.00000000e+00 -5.67991664e+03 4.03465458e+01 1.00645138e-01 6.13574618e-02
0.00000000e+00 -5.66562666e+03 5.84232710e+01 2.96165347e-01 2.51069926e-02
0.00000000e+00 -5.65326680e+03 8.85320055e+01 4.59264618e-01 4.55416037e-02
0.00000000e+00 -5.59892348e+03 4.01169739e+01 2.04021272e-01 6.27639014e-02
0.00000000e+00 -5.59514529e+03 4.32966024e+01 1.60746069e-01 5.02495065e-02
0.00000000e+00 -5.57304757e+03 7.27542899e+01 4.48399683e-01 6.75510304e-02
0.00000000e+00 -5.55950372e+03 4.94717488e+01 2.99423804e-01 3.59334020e-02
0.00000000e+00 -5.52038676e+03 4.28895329e+01 4.83009338e-01 5.24322305e-02
0.00000000e+00 -5.51238399e+03 4.03984224e+01 2.31331266e-01 6.23694261e-02
0.00000000e+00 -5.47718650e+03 4.41398954e+01 2.15948171e-01 4.84475086e-02
0.00000000e+00 -5.47227389e+03 4.11288052e+01 2.42897332e-01 5.93925134e-02
0.00000000e+00 -5.32945932e+03 8.25903776e+01 4.21107718e-01 5.19039978e-02
0.00000000e+00 -5.32799343e+03 4.27039205e+01 4.58885688e-01 5.49510591e-02
0.00000000e+00 -5.32746509e+03 4.08115285e+01 2.07393678e-01 6.27765962e-02
0.00000000e+00 -5.30902944e+03 6.59218041e+01 2.16023209e-01 2.14968430e-02
0.00000000e+00 -5.29567663e+03 5.58245857e+01 2.05010300e-01 2.92493010e-02
0.00000000e+00 -5.25461238e+03 5.90318768e+01 2.56546328e-01 2.63071695e-02
0.00000000e+00 -5.15304085e+03 6.38300463e+01 4.27889847e-01 2.34368508e-02
0.00000000e+00 -5.13794149e+03 4.19618722e+01 4.81884625e-01 6.00912206e-02
0.00000000e+00 -5.12921674e+03 5.67517027e+01 2.60147334e-01 2.89422998e-02
0.00000000e+00 -5.12364639e+03 6.64333622e+01 2.42251956e-01 2.17455382e-02
0.00000000e+00 -5.07971793e+03 6.59592094e+01 2.94262671e-01 2.21241770e-02
0.00000000e+00 -5.05581847e+03 7.47378092e+01 1.42961931e-01 6.27779682e-02
0.00000000e+00 -5.04471422e+03 8.20486720e+01 1.53953812e-01 5.19977253e-02
0.00000000e+00 -5.03946991e+03 4.65106387e+01 1.31339220e-01 4.64222631e-02
0.00000000e+00 -5.03375860e+03 4.01374326e+01 1.90844197e-01 7.05276272e-02
0.00000000e+00 -5.02557137e+03 7.26264173e+01 3.75806018e-01 6.64017934e-02
0.00000000e+00 -4.94038949e+03 5.95921363e+01 4.04940100e-01 2.73587943e-02
0.00000000e+00 -4.93663594e+03 6.32436743e+01 3.55463633e-01 2.44192474e-02
0.00000000e+00 -4.89656654e+03 7.89619469e+01 3.74893609e-01 5.58843942e-02
0.00000000e+00 -4.89232679e+03 7.62833437e+01 4.82827052e-01 5.96296496e-02
0.00000000e+00 -4.87997243e+03 8.11760761e+01 3.54822514e-01 5.28337478e-02
0.00000000e+00 -4.83191850e+03 4.20092323e+01 1.45836252e-01 6.36793563e-02
0.00000000e+00 -4.82196389e+03 4.79177227e+01 3.22683294e-01 4.41216141e-02
0.00000000e+00 -4.76816531e+03 4.26192788e+01 3.22948951e-01 6.11985900e-02
0.00000000e+00 -4.73125580e+03 4.31200175e+01 1.19291157e-01 6.03127105e-02
0.00000000e+00 -4.67970841e+03 6.79955903e+01 3.71615413e-01 7.43408865e-02
0.00000000e+00 -4.65182415e+03 5.48233565e+01 1.43789096e-01 3.41284766e-02
0.00000000e+00 -4.64644364e+03 6.62549372e+01 3.77889009e-01 2.35471667e-02
0.00000000e+00 -4.62459817e+03 4.26735483e+01 4.65668870e-01 6.31059323e-02
0.00000000e+00 -4.61582452e+03 8.04221432e+01 2.74234335e-01 5.32749925e-02
0.00000000e+00 -4.61164656e+03 4.33667909e+01 2.95964434e-01 5.98946724e-02
0.00000000e+00 -4.60981405e+03 7.03365891e+01 2.33524929e-01 6.95323477e-02
0.00000000e+00 -4.57642987e+03 8.41794867e+01 2.65044194e-01 4.84406096e-02
0.00000000e+00 -4.56879447e+03 8.67261967e+01 4.49551955e-01 4.52653049e-02
0.00000000e+00 -4.56080275e+03 8.59979173e+01 1.25505615e-01 4.59735076e-02
0.00000000e+00 -4.53484251e+03 4.72931974e+01 4.54141566e-01 4.84247806e-02
0.00000000e+00 -4.47340497e+03 4.36346616e+01 1.18540653e-01 6.12252976e-02
0.00000000e+00 -4.46899692e+03 5.67217544e+01 3.01281549e-01 3.21898311e-02
0.00000000e+00 -4.40626444e+03 6.44049295e+01 4.53969961e-01 2.59140261e-02
0.00000000e+00 -4.40387525e+03 7.37473948e+01 2.40460773e-01 6.27477920e-02
0.00000000e+00 -4.35179470e+03 5.13839761e+01 1.24869638e-01 4.13975619e-02
0.00000000e+00 -4.30000710e+03 8.44900182e+01 2.17088288e-01 4.73948692e-02
0.00000000e+00 -4.27616525e+03 5.15412517e+01 1.74565256e-01 4.10990165e-02
0.00000000e+00 -4.24069928e+03 6.82520776e+01 1.42461497e-01 7.22248442e-02
0.00000000e+00 -4.21950409e+03 8.23963340e+01 4.88914889e-01 4.93202610e-02
0.00000000e+00 -4.18580035e+03 4.10618375e+01 2.15093157e-01 7.81347668e-02
0.00000000e+00 -4.15968054e+03 4.34491167e+01 3.81986142e-01 6.52049691e-02
0.00000000e+00 -4.14399177e+03 7.46401846e+01 2.87891349e-01 6.04715311e-02
0.00000000e+00 -4.12783475e+03 4.62690982e+01 2.09083623e-01 5.47944561e-02
0.00000000e+00 -4.12523047e+03 4.10361639e+01 1.80950863e-01 7.95547884e-02
0.00000000e+00 -4.11248777e+03 4.30907841e+01 3.98633069e-01 6.75655885e-02
0.00000000e+00 -4.03212163e+03 8.09938940e+01 3.23247206e-01 5.09617092e-02
0.00000000e+00 -4.03133742e+03 4.17186278e+01 1.32183910e-01 7.69686589e-02
0.00000000e+00 -4.02686532e+03 5.91857424e+01 4.14811079e-01 3.19973638e-02
0.00000000e+00 -4.00841725e+03 6.99807895e+01 3.08378724e-01 6.81364609e-02
0.00000000e+00 -3.99489162e+03 5.19578260e+01 3.33964522e-01 4.20324421e-02
0.00000000e+00 -3.95760288e+03 6.95941493e+01 2.34682148e-01 6.87262621e-02
0.00000000e+00 -3.88200196e+03 4.43673290e+01 1.49314078e-01 6.50895391e-02
0.00000000e+00 -3.87928968e+03 6.68034306e+01 4.23919524e-01 2.61615635e-02
0.00000000e+00 -3.87063362e+03 5.25074554e+01 3.20396901e-01 4.18791903e-02
0.00000000e+00 -3.84897631e+03 7.00218697e+01 4.10329635e-01 6.72736630e-02
0.00000000e+00 -3.84142960e+03 4.53355372e+01 2.48145521e-01 6.11141483e-02
0.00000000e+00 -3.77362304e+03 4.32264666e+01 4.62592184e-01 7.20121051e-02
0.00000000e+00 -3.77202731e+03 4.44282694e+01 2.39965564e-01 6.58002292e-02
0.00000000e+00 -3.76288739e+03 5.34057156e+01 1.24110551e-01 4.19025054e-02
0.00000000e+00 -3.74102446e+03 4.22385497e+01 4.24101637e-01 7.81079981e-02
0.00000000e+00 -3.73197904e+03 4.42146405e+01 1.43449443e-01 6.78432034e-02
0.00000000e+00 -3.72651102e+03 6.49747472e+01 1.04351312e-01 7.69703864e-02
0.00000000e+00 -3.72355528e+03 7.03230535e+01 1.16924317e-01 6.61347330e-02
0.00000000e+00 -3.66340799e+03 7.57763511e+01 3.92360107e-01 2.17244619e-02
0.00000000e+00 -3.65363852e+03 4.52185427e+01 3.31113517e-01 6.38996122e-02
0.00000000e+00 -3.63995135e+03 4.84549322e+01 1.17476192e-01 5.38407806e-02
0.00000000e+00 -3.62334700e+03 4.95993116e+01 2.02229252e-01 5.01620517e-02
0.00000000e+00 -3.61495969e+03 5.73489018e+01 3.09600142e-01 3.60795374e-02
0.00000000e+00 -3.58328165e+03 8.73334604e+01 3.02297576e-01 4.25160548e-02
0.00000000e+00 -3.58263010e+03 4.89093508e+01 4.09739837e-01 5.25179867e-02
0.00000000e+00 -3.57461856e+03 6.67971276e+01 3.15843183e-01 7.27476094e-02
0.00000000e+00 -3.56183418e+03 5.24012763e+01 3.26752884e-01 4.43467358e-02
0.00000000e+00 -3.54672635e+03 8.16912021e+01 4.91973510e-01 4.82951924e-02
0.00000000e+00 -3.51812263e+03 4.97565817e+01 3.28174979e-01 5.06074529e-02
0.00000000e+00 -3.51219287e+03 7.85086237e+01 4.20206472e-01 5.25235604e-02
0.00000000e+00 -3.48077303e+03 4.78438790e+01 1.38918472e-01 5.69895890e-02
0.00000000e+00 -3.45876579e+03 6.76197086e+01 3.83140176e-01 2.71377269e-02
0.00000000e+00 -3.45466990e+03 8.08101547e+01 1.42306882e-01 2.06436057e-02
0.00000000e+00 -3.42902734e+03 5.17473082e+01 4.56342637e-01 4.72560838e-02
0.00000000e+00 -3.41776649e+03 4.32145104e+01 2.42343615e-01 7.77046859e-02
0.00000000e+00 -3.40111891e+03 5.05289506e+01 4.24544247e-01 5.01024282e-02
0.00000000e+00 -3.39210763e+03 6.52738494e+01 3.28678740e-01 7.51452942e-02
0.00000000e+00 -3.34790198e+03 7.58781235e+01 2.36350888e-01 5.59867053e-02
0.00000000e+00 -3.33888762e+03 8.62571110e+01 1.90109417e-01 4.28898497e-02
0.00000000e+00 -3.33434678e+03 4.40290758e+01 1.64207755e-01 7.47168967e-02
0.00000000e+00 -3.32870185e+03 4.96661675e+01 2.26409487e-01 5.26254922e-02
0.00000000e+00 -3.31308454e+03 7.57453079e+01 3.08734112e-01 5.60336482e-02
0.00000000e+00 -3.31204473e+03 4.39824246e+01 1.38972557e-01 7.55772325e-02
0.00000000e+00 -3.28513685e+03 7.40452788e+01 2.80081261e-01 5.85598018e-02
0.00000000e+00 -3.28214075e+03 5.69074834e+01 1.33797705e-01 3.94655603e-02
0.00000000e+00 -3.28188515e+03 4.63996139e+01 1.58064865e-01 6.42745094e-02
0.00000000e+00 -3.27970598e+03 5.07035004e+01 4.69633611e-01 5.10312458e-02
0.00000000e+00 -3.25033795e+03 5.18808248e+01 3.45786106e-01 4.79731865e-02
0.00000000e+00 -3.21569740e+03 5.86507220e+01 3.91942745e-01 3.69747659e-02
0.00000000e+00 -3.20847094e+03 4.67091488e+01 4.54412407e-01 6.40903682e-02
0.00000000e+00 -3.17323690e+03 5.91799385e+01 3.45181741e-01 3.64018259e-02
0.00000000e+00 -3.16980597e+03 4.40052135e+01 2.27654595e-01 7.74483470e-02
0.00000000e+00 -3.16675969e+03 5.33278207e+01 2.64080171e-01 4.55316499e-02
0.00000000e+00 -3.15592313e+03 7.66819022e+01 1.73102728e-01 5.40163557e-02
0.00000000e+00 -3.14353561e+03 7.46069408e+01 3.51318932e-01 5.70641492e-02
0.00000000e+00 -3.13820830e+03 6.60378865e+01 2.94773694e-01 2.95614972e-02
0.00000000e+00 -3.12830400e+03 5.19963737e+01 2.59404693e-01 4.86593171e-02
0.00000000e+00 -3.10116160e+03 6.03965528e+01 3.50916580e-01 3.53666081e-02
0.00000000e+00 -3.09912530e+03 4.39748782e+01 3.02883211e-01 7.88446649e-02
0.00000000e+00 -3.08977596e+03 4.69930726e+01 3.56441487e-01 6.40851038e-02
0.00000000e+00 -3.08726278e+03 6.12232521e+01 4.88776960e-01 3.51058297e-02
0.00000000e+00 -3.08424759e+03 5.32394138e+01 2.61183178e-01 4.63732676e-02
0.00000000e+00 -3.08117470e+03 5.95329497e+01 2.48042567e-01 3.64317627e-02
0.00000000e+00 -3.07500768e+03 5.36632244e+01 1.67225972e-01 4.60021719e-02
0.00000000e+00 -3.07027269e+03 6.61513713e+01 4.53870689e-01 3.02534370e-02
0.00000000e+00 -3.05872346e+03 5.40314750e+01 3.27423648e-01 4.50801145e-02
0.00000000e+00 -3.04572885e+03 4.55405303e+01 3.58751568e-01 7.11351269e-02
0.00000000e+00 -3.01603763e+03 4.44346596e+01 3.39934254e-01 7.76416159e-02
0.00000000e+00 -3.00005984e+03 5.73331107e+01 2.48479114e-01 3.99203638e-02
0.00000000e+00 -2.99398797e+03 4.72966233e+01 1.76472901e-01 6.43690485e-02
0.00000000e+00 -2.96426583e+03 4.64002274e+01 2.46651343e-01 6.82703285e-02
0.00000000e+00 -2.96028856e+03 5.87820477e+01 3.37601193e-01 3.82014100e-02
0.00000000e+00 -2.95854075e+03 7.56367653e+01 3.54275853e-01 2.41003437e-02
0.00000000e+00 -2.95616538e+03 4.83723587e+01 4.65321209e-01 6.12411518e-02
0.00000000e+00 -2.94609366e+03 4.65267975e+01 3.09665656e-01 6.79541321e-02
0.00000000e+00 -2.93683630e+03 4.68156912e+01 3.39264156e-01 6.68855302e-02
0.00000000e+00 -2.92618977e+03 7.86613282e+01 1.25993170e-01 2.35151033e-02
0.00000000e+00 -2.92570357e+03 7.27442393e+01 4.93291392e-01 2.63769612e-02
0.00000000e+00 -2.91516555e+03 5.15539637e+01 1.18425996e-01 5.26623267e-02
0.00000000e+00 -2.89283467e+03 7.80755554e+01 2.04350194e-01 5.12367510e-02
0.00000000e+00 -2.88618041e+03 6.23660971e+01 2.75155690e-01 3.42634313e-02
0.00000000e+00 -2.87267258e+03 7.85121001e+01 4.59718705e-01 5.01963823e-02
0.00000000e+00 -2.85956132e+03 6.36871535e+01 4.08261309e-01 7.57188775e-02
0.00000000e+00 -2.84295048e+03 6.45847364e+01 2.77335733e-01 3.22682565e-02
0.00000000e+00 -2.84216893e+03 4.94279626e+01 4.70533172e-01 5.91559017e-02
0.00000000e+00 -2.83602792e+03 7.64246216e+01 3.48837499e-01 5.32436426e-02
0.00000000e+00 -2.83218279e+03 6.46027644e+01 3.08049101e-01 3.23270638e-02
0.00000000e+00 -2.81737082e+03 5.43736545e+01 2.58168769e-01 4.63016396e-02
0.00000000e+00 -2.81497238e+03 4.50478188e+01 4.87752398e-01 7.86130077e-02
0.00000000e+00 -2.81288735e+03 7.57718195e+01 4.39890716e-01 5.38068864e-02
0.00000000e+00 -2.79337734e+03 8.31384997e+01 3.83979453e-01 4.45312486e-02
0.00000000e+00 -2.77908568e+03 4.57506768e+01 4.90623946e-01 7.53533257e-02
0.00000000e+00 -2.77497215e+03 8.56444226e+01 1.93594658e-01 4.18267288e-02
0.00000000e+00 -2.77007002e+03 8.18923105e+01 2.94537688e-01 4.60565973e-02
0.00000000e+00 -2.76610367e+03 5.17507857e+01 2.26357737e-01 5.26764666e-02
0.00000000e+00 -2.73199391e+03 4.74459511e+01 2.50518369e-01 6.71665924e-02
0.00000000e+00 -2.72374920e+03 4.63704369e+01 1.08557691e-01 7.34313032e-02
0.00000000e+00 -2.72025194e+03 6.70586140e+01 1.77023062e-01 3.10303339e-02
0.00000000e+00 -2.70751641e+03 8.41458142e+01 4.15972996e-01 4.30242538e-02
0.00000000e+00 -2.68037878e+03 6.22312406e+01 4.88127044e-01 3.63533959e-02
0.00000000e+00 -2.67907083e+03 7.58675705e+01 3.08963500e-01 5.34924114e-02
0.00000000e+00 -2.67839459e+03 4.52792789e+01 4.20815943e-01 7.96654936e-02
0.00000000e+00 -2.67479692e+03 6.53555859e+01 3.60194690e-01 3.25629467e-02
0.00000000e+00 -2.67435008e+03 8.78840401e+01 4.55674417e-01 2.02609381e-02
0.00000000e+00 -2.66627123e+03 5.03481511e+01 4.23000995e-01 5.80703242e-02
0.00000000e+00 -2.66618175e+03 6.50806976e+01 4.87330699e-01 7.13632767e-02
0.00000000e+00 -2.66188739e+03 4.60640361e+01 2.36486622e-01 7.50999324e-02
0.00000000e+00 -2.65959982e+03 5.29918072e+01 3.45863954e-01 5.07676313e-02
0.00000000e+00 -2.65427403e+03 7.08037440e+01 1.41209215e-01 6.09649315e-02
0.00000000e+00 -2.63298091e+03 7.55960027e+01 1.69675157e-01 5.35489909e-02
0.00000000e+00 -2.62773024e+03 6.05558796e+01 2.03305140e-01 3.80845067e-02
0.00000000e+00 -2.62376365e+03 5.26262477e+01 2.42522637e-01 5.18789360e-02
0.00000000e+00 -2.60096499e+03 6.24787215e+01 3.73703206e-01 7.69956567e-02
0.00000000e+00 -2.60009496e+03 5.84991595e+01 2.83597192e-01 4.09284964e-02
0.00000000e+00 -2.59480943e+03 6.21030417e+01 3.15797706e-01 7.79458811e-02
0.00000000e+00 -2.58955402e+03 5.02744082e+01 1.17704098e-01 5.97763954e-02
0.00000000e+00 -2.58716971e+03 5.21711646e+01 4.69349547e-01 5.41671093e-02
0.00000000e+00 -2.58200607e+03 6.40447600e+01 3.41991476e-01 7.35794451e-02
0.00000000e+00 -2.57927065e+03 4.90336968e+01 3.04250676e-01 6.30811554e-02
0.00000000e+00 -2.57703846e+03 6.33563287e+01 4.12199560e-01 3.53172391e-02
0.00000000e+00 -2.57697421e+03 6.62681415e+01 1.82033030e-01 6.90575589e-02
0.00000000e+00 -2.56458316e+03 6.79130928e+01 2.19529080e-01 6.59429072e-02
0.00000000e+00 -2.56391653e+03 8.79993884e+01 3.64437837e-01 2.02924987e-02
0.00000000e+00 -2.55534229e+03 6.07390714e+01 2.60915325e-01 3.81553699e-02
0.00000000e+00 -2.54676542e+03 5.70945819e+01 2.80370221e-01 4.35348309e-02
0.00000000e+00 -2.54299361e+03 8.18512307e+01 3.78657486e-01 2.27381453e-02
0.00000000e+00 -2.51820549e+03 7.66554294e+01 2.61783969e-01 5.17744794e-02
0.00000000e+00 -2.51310082e+03 8.12753420e+01 1.57953641e-01 4.55746542e-02
0.00000000e+00 -2.50259037e+03 4.66111192e+01 2.79081969e-01 7.51541515e-02
0.00000000e+00 -2.49520424e+03 5.67488117e+01 3.63421824e-01 4.47252974e-02
0.00000000e+00 -2.48583566e+03 4.75896987e+01 2.95609303e-01 7.04963900e-02
0.00000000e+00 -2.48258370e+03 7.13074187e+01 4.67189518e-01 5.90764979e-02
0.00000000e+00 -2.46968326e+03 5.66775632e+01 4.15114335e-01 4.53064645e-02
0.00000000e+00 -2.46039220e+03 5.36468981e+01 4.28538828e-01 5.16043833e-02
0.00000000e+00 -2.45497483e+03 6.84918678e+01 3.09630873e-01 6.42901793e-02
0.00000000e+00 -2.43490179e+03 4.86732830e+01 3.04280518e-01 6.65990491e-02
0.00000000e+00 -2.43446454e+03 4.67199164e+01 3.63437725e-01 7.61248480e-02
0.00000000e+00 -2.42597979e+03 5.94923929e+01 1.42272425e-01 4.14611923e-02
0.00000000e+00 -2.42573771e+03 8.28551841e+01 1.66283174e-01 4.34625888e-02
0.00000000e+00 -2.41914458e+03 5.85543878e+01 3.19963757e-01 4.22216177e-02
0.00000000e+00 -2.41182051e+03 8.96867233e+01 2.54254798e-01 3.67836395e-02
0.00000000e+00 -2.40440409e+03 5.68888016e+01 2.77632138e-01 4.50270181e-02
0.00000000e+00 -2.38642093e+03 8.30305500e+01 1.65551753e-01 2.31161133e-02
0.00000000e+00 -2.38060560e+03 8.58369365e+01 3.23254388e-01 2.16145951e-02
0.00000000e+00 -2.37668565e+03 7.16124938e+01 3.88852879e-01 2.91031284e-02
0.00000000e+00 -2.36811243e+03 7.56335840e+01 2.01439397e-01 5.24743131e-02
0.00000000e+00 -2.36685330e+03 5.42615766e+01 4.30811057e-01 5.11590472e-02
0.00000000e+00 -2.36291971e+03 5.25571245e+01 4.40268572e-01 5.54292191e-02
0.00000000e+00 -2.36216941e+03 5.56214366e+01 3.89439982e-01 4.80904339e-02
0.00000000e+00 -2.35809994e+03 4.89037079e+01 2.80495490e-01 6.68534021e-02
0.00000000e+00 -2.35647022e+03 6.60541792e+01 4.13248309e-01 3.38741073e-02
0.00000000e+00 -2.32418048e+03 4.83272293e+01 2.13247896e-01 7.00846461e-02
0.00000000e+00 -2.31361926e+03 8.02398133e+01 3.95443767e-01 2.44176440e-02
0.00000000e+00 -2.30859569e+03 7.65152102e+01 4.28279883e-01 2.64990472e-02
0.00000000e+00 -2.30571895e+03 7.88384289e+01 2.65950953e-01 4.80096050e-02
0.00000000e+00 -2.30019248e+03 7.32897507e+01 4.31575053e-01 2.85161233e-02
0.00000000e+00 -2.29917524e+03 7.24442456e+01 4.22792141e-01 5.65494156e-02
0.00000000e+00 -2.28958632e+03 5.75361684e+01 3.15235614e-01 4.49020675e-02
0.00000000e+00 -2.27933736e+03 4.89360522e+01 2.20665533e-01 6.81362740e-02
0.00000000e+00 -2.27505491e+03 8.54025392e+01 4.22148444e-01 2.24649890e-02
0.00000000e+00 -2.26674425e+03 8.51366012e+01 3.50313505e-01 4.05390110e-02
0.00000000e+00 -2.26072430e+03 6.51171753e+01 3.91112481e-01 6.93014183e-02
0.00000000e+00 -2.25203292e+03 5.91617410e+01 1.86843193e-01 4.27942235e-02
0.00000000e+00 -2.25060532e+03 5.12782250e+01 2.66792023e-01 5.98421968e-02
0.00000000e+00 -2.24962456e+03 4.90537181e+01 1.49174115e-01 6.87268856e-02
0.00000000e+00 -2.24689510e+03 7.22272174e+01 3.37344122e-01 5.69166963e-02
0.00000000e+00 -2.24541153e+03 6.88035983e+01 2.13383584e-01 6.26353383e-02
0.00000000e+00 -2.22534418e+03 5.66566629e+01 3.35648764e-01 4.71052237e-02
0.00000000e+00 -2.22386894e+03 6.77550982e+01 2.03957785e-01 6.43551054e-02
0.00000000e+00 -2.20438919e+03 6.43076120e+01 3.66561309e-01 3.63876184e-02
0.00000000e+00 -2.19664748e+03 5.33317106e+01 1.48583706e-01 5.52972097e-02
0.00000000e+00 -2.18282267e+03 7.71977934e+01 3.80527260e-01 2.64962536e-02
0.00000000e+00 -2.17639746e+03 5.35002619e+01 1.80367812e-01 5.47550336e-02
0.00000000e+00 -2.17273429e+03 6.70578283e+01 2.98572378e-01 6.53412224e-02
0.00000000e+00 -2.17267066e+03 5.42592905e+01 2.00415266e-01 5.27786099e-02
0.00000000e+00 -2.17067511e+03 4.77458152e+01 1.64973393e-01 7.66777273e-02
0.00000000e+00 -2.16898759e+03 8.77907930e+01 3.06111785e-01 3.76136449e-02
0.00000000e+00 -2.16195232e+03 7.39338811e+01 3.00663301e-01 2.83562108e-02
0.00000000e+00 -2.15089035e+03 6.41779400e+01 1.81546161e-01 3.70154849e-02
0.00000000e+00 -2.14078449e+03 7.48383069e+01 3.61551061e-01 2.80178444e-02
0.00000000e+00 -2.13618751e+03 8.55650801e+01 2.02126067e-01 3.95755570e-02
0.00000000e+00 -2.13539136e+03 5.08543690e+01 4.79501708e-01 6.40080748e-02
0.00000000e+00 -2.13462326e+03 4.99798293e+01 2.10518524e-01 6.63367231e-02
0.00000000e+00 -2.12221597e+03 7.93257332e+01 1.55531593e-01 2.60489926e-02
0.00000000e+00 -2.12120268e+03 4.98627399e+01 3.22868600e-01 6.69670481e-02
0.00000000e+00 -2.12120091e+03 6.75370081e+01 2.30313960e-01 6.41909879e-02
0.00000000e+00 -2.10787340e+03 5.75210469e+01 1.57014662e-01 4.70414219e-02
0.00000000e+00 -2.09006095e+03 5.05327933e+01 4.20821687e-01 6.54185412e-02
0.00000000e+00 -2.08664170e+03 7.24180906e+01 1.23624167e-01 5.52816307e-02
0.00000000e+00 -2.08436911e+03 7.37988629e+01 1.63855268e-01 5.35640261e-02
0.00000000e+00 -2.08290617e+03 6.15548675e+01 3.17615173e-01 4.04187308e-02
0.00000000e+00 -2.06355821e+03 5.10465465e+01 3.10377474e-01 6.33722642e-02
0.00000000e+00 -2.06112312e+03 5.82458570e+01 4.24892719e-01 4.61590608e-02
0.00000000e+00 -2.04531328e+03 8.42885895e+01 1.12599777e-01 3.96014293e-02
0.00000000e+00 -2.03438900e+03 4.83847750e+01 3.49610332e-01 7.59800627e-02
0.00000000e+00 -2.02808823e+03 5.46705857e+01 4.21960991e-01 5.38205831e-02
0.00000000e+00 -2.02498664e+03 5.41038940e+01 4.04243748e-01 5.51455889e-02
0.00000000e+00 -2.02401725e+03 7.85500730e+01 1.52419371e-01 2.69618742e-02
0.00000000e+00 -2.01781303e+03 7.45566077e+01 3.30306869e-01 2.87246227e-02
0.00000000e+00 -2.00206086e+03 5.90110573e+01 4.11821706e-01 4.53058328e-02
0.00000000e+00 -2.00079710e+03 6.77352166e+01 1.34832334e-01 3.49609552e-02
0.00000000e+00 -2.00051008e+03 7.20955467e+01 1.78965960e-01 5.57566549e-02
0.00000000e+00 -1.99955170e+03 7.47615779e+01 2.00830518e-01 5.19156574e-02
0.00000000e+00 -1.98739602e+03 6.97822886e+01 4.98512018e-01 3.32307527e-02
0.00000000e+00 -1.96814066e+03 6.82557275e+01 3.67175564e-01 6.17692449e-02
0.00000000e+00 -1.95584236e+03 8.20420032e+01 2.55668851e-01 2.49083573e-02
0.00000000e+00 -1.95325934e+03 7.78120465e+01 4.81907126e-01 2.77829852e-02
0.00000000e+00 -1.93984053e+03 5.02567381e+01 4.29529743e-01 6.94220220e-02
0.00000000e+00 -1.93072104e+03 5.03487049e+01 3.88893742e-01 6.88638656e-02
0.00000000e+00 -1.92998699e+03 4.84052627e+01 4.35626252e-01 7.97129153e-02
0.00000000e+00 -1.92226173e+03 7.78383927e+01 2.81570052e-01 2.71785862e-02
0.00000000e+00 -1.92114315e+03 8.18170722e+01 3.44857399e-01 4.26097485e-02
0.00000000e+00 -1.92004573e+03 4.86131076e+01 4.30113579e-01 7.85964441e-02
0.00000000e+00 -1.91914392e+03 8.01769803e+01 4.46887130e-01 2.64937574e-02
0.00000000e+00 -1.91547549e+03 5.29767639e+01 3.94903637e-01 5.96886367e-02
0.00000000e+00 -1.90608641e+03 6.77828479e+01 3.82952472e-01 6.21220786e-02
0.00000000e+00 -1.90347960e+03 8.22754582e+01 4.71846071e-01 2.57103655e-02
0.00000000e+00 -1.90142035e+03 8.94113565e+01 1.28048155e-01 2.34795267e-02
0.00000000e+00 -1.89081470e+03 6.01332770e+01 3.96471181e-01 7.68098455e-02
0.00000000e+00 -1.86846982e+03 5.66530287e+01 1.71989750e-01 5.09757484e-02
0.00000000e+00 -1.86607187e+03 7.25141085e+01 3.02117944e-01 5.44964725e-02
0.00000000e+00 -1.86285213e+03 5.72753513e+01 4.19276221e-01 4.99154120e-02
0.00000000e+00 -1.85312474e+03 7.08910115e+01 2.36415703e-01 3.22543636e-02
0.00000000e+00 -1.85141348e+03 7.21953404e+01 4.82378721e-01 3.20397731e-02
0.00000000e+00 -1.84561289e+03 5.58793382e+01 2.60320219e-01 5.24890150e-02
0.00000000e+00 -1.84105057e+03 7.44755254e+01 3.04475138e-01 2.96738743e-02
0.00000000e+00 -1.83593765e+03 4.94716047e+01 4.33245478e-01 7.60336229e-02
0.00000000e+00 -1.83371358e+03 6.72425383e+01 1.16448465e-01 3.69598564e-02
0.00000000e+00 -1.82406470e+03 5.93693473e+01 3.58219104e-01 4.60628171e-02
0.00000000e+00 -1.81763284e+03 5.43229677e+01 1.79834639e-01 5.71012589e-02
0.00000000e+00 -1.80534711e+03 5.26588547e+01 1.88551733e-01 6.22285388e-02
0.00000000e+00 -1.80283428e+03 5.72758824e+01 1.92697820e-01 5.02180305e-02
0.00000000e+00 -1.79127405e+03 7.37743222e+01 1.22716427e-01 5.14662946e-02
0.00000000e+00 -1.79088912e+03 6.10566346e+01 1.54992774e-01 4.41147537e-02
0.00000000e+00 -1.77636685e+03 5.49221533e+01 4.30144650e-01 5.64715956e-02
0.00000000e+00 -1.77593693e+03 8.80730663e+01 3.52549456e-01 2.34306247e-02
0.00000000e+00 -1.77335922e+03 8.56884058e+01 1.66066263e-01 2.47989067e-02
0.00000000e+00 -1.76837059e+03 4.96464946e+01 1.65808153e-01 7.68455058e-02
0.00000000e+00 -1.75643032e+03 7.99621944e+01 2.45890139e-01 4.40189394e-02
0.00000000e+00 -1.75609264e+03 7.51345973e+01 2.54974091e-01 2.97174826e-02
0.00000000e+00 -1.75053114e+03 4.99471492e+01 4.47797697e-01 7.62379626e-02
0.00000000e+00 -1.74572530e+03 7.40065056e+01 4.64060584e-01 3.12605851e-02
0.00000000e+00 -1.74547461e+03 7.84213829e+01 4.42177199e-01 2.83523654e-02
0.00000000e+00 -1.74085921e+03 5.31045975e+01 2.63928111e-01 6.15116323e-02
0.00000000e+00 -1.73730932e+03 7.38618304e+01 4.49735109e-01 3.13197967e-02
0.00000000e+00 -1.73667740e+03 8.39587241e+01 2.82407201e-01 2.51120015e-02
0.00000000e+00 -1.73313312e+03 6.81321960e+01 2.26324661e-01 3.54768463e-02
0.00000000e+00 -1.73266391e+03 5.13986213e+01 1.32802830e-01 6.93078698e-02
0.00000000e+00 -1.72058451e+03 6.98686648e+01 1.24000208e-01 3.51649966e-02
0.00000000e+00 -1.71960085e+03 6.01788105e+01 1.45132943e-01 4.63318998e-02
0.00000000e+00 -1.71909851e+03 8.25890428e+01 3.95097986e-01 4.05083202e-02
0.00000000e+00 -1.71140493e+03 5.18966303e+01 4.75282140e-01 6.80015498e-02
0.00000000e+00 -1.70253357e+03 5.05745091e+01 4.54624302e-01 7.43105264e-02
0.00000000e+00 -1.70160883e+03 5.67438122e+01 3.98334980e-01 5.27849588e-02
0.00000000e+00 -1.70104693e+03 8.26666974e+01 2.65341811e-01 2.58809387e-02
0.00000000e+00 -1.68904978e+03 5.13754690e+01 1.01667910e-01 7.14953223e-02
0.00000000e+00 -1.67360443e+03 6.31359430e+01 2.50055028e-01 4.15294913e-02
0.00000000e+00 -1.66734331e+03 7.78136540e+01 4.39143982e-01 4.55235380e-02
0.00000000e+00 -1.66250819e+03 5.22595167e+01 4.67350751e-01 6.75521387e-02
0.00000000e+00 -1.66132799e+03 5.22066935e+01 2.90005444e-01 6.62870187e-02
0.00000000e+00 -1.65932795e+03 5.04136625e+01 3.07293881e-01 7.51418616e-02
0.00000000e+00 -1.65925537e+03 8.59674449e+01 4.93968528e-01 3.59893567e-02
0.00000000e+00 -1.65827190e+03 5.86046639e+01 2.97569328e-01 4.89456830e-02
0.00000000e+00 -1.65174653e+03 6.63008177e+01 4.92672133e-01 3.89775779e-02
0.00000000e+00 -1.64732037e+03 7.73380267e+01 3.58457583e-01 2.91321869e-02
0.00000000e+00 -1.64535679e+03 5.52631510e+01 3.02133696e-01 5.66715505e-02
0.00000000e+00 -1.64216326e+03 5.96573608e+01 2.54773489e-01 4.71645115e-02
0.00000000e+00 -1.63764521e+03 8.19833107e+01 1.41103446e-01 4.03015718e-02
0.00000000e+00 -1.63729680e+03 8.22166419e+01 1.42145109e-01 2.74627554e-02
0.00000000e+00 -1.63625209e+03 8.92089386e+01 2.79285820e-01 3.38051476e-02
0.00000000e+00 -1.63361821e+03 7.97344367e+01 2.73022317e-01 4.36027079e-02
0.00000000e+00 -1.62606314e+03 6.98841991e+01 3.98493326e-01 3.49167435e-02
0.00000000e+00 -1.62343859e+03 7.87112437e+01 3.89962219e-01 4.44188286e-02
0.00000000e+00 -1.62235060e+03 5.37791912e+01 4.29593174e-01 6.23366730e-02
0.00000000e+00 -1.61826329e+03 5.03553679e+01 3.82965223e-01 7.80850555e-02
0.00000000e+00 -1.60559494e+03 6.97754019e+01 2.94797939e-01 5.70330124e-02
0.00000000e+00 -1.60277520e+03 5.77679777e+01 2.25343690e-01 5.13336389e-02
0.00000000e+00 -1.60123035e+03 5.66008043e+01 3.54009146e-01 5.41507865e-02
0.00000000e+00 -1.60038250e+03 5.12374528e+01 2.96015928e-01 7.23636402e-02
0.00000000e+00 -1.59823801e+03 5.06353424e+01 1.50286758e-01 7.76808359e-02
0.00000000e+00 -1.59523050e+03 6.38642683e+01 1.20799933e-01 6.63521906e-02
0.00000000e+00 -1.59159302e+03 7.44058199e+01 1.54145915e-01 4.96524997e-02
0.00000000e+00 -1.59016971e+03 6.43889479e+01 3.81535049e-01 6.57600166e-02
0.00000000e+00 -1.58834750e+03 7.68279801e+01 4.13440955e-01 4.64084985e-02
0.00000000e+00 -1.58809322e+03 6.12040101e+01 4.99896767e-01 4.65144620e-02
0.00000000e+00 -1.58088138e+03 5.24376160e+01 4.77086312e-01 6.90929470e-02
0.00000000e+00 -1.57772148e+03 5.84519802e+01 2.85959068e-01 7.74563993e-02
5.28650241e-322 -1.57017059e+03 6.97961225e+01 1.59623674e-01 5.63908273e-02
5.13828272e-321 -1.56800546e+03 8.18561969e+01 4.56629325e-01 2.77806506e-02
2.25392748e-320 -1.56664317e+03 6.87455344e+01 1.70392924e-01 5.81412795e-02
4.73561922e-320 -1.56614383e+03 6.38872989e+01 2.21881025e-01 4.15664166e-02
7.03253040e-320 -1.56581141e+03 7.65281218e+01 3.48834795e-01 4.69605532e-02
1.23210091e-319 -1.56510905e+03 7.75587990e+01 4.30221922e-01 2.99086663e-02
8.23126212e-318 -1.56051153e+03 6.55825209e+01 4.20140951e-01 4.00074157e-02
2.99603957e-316 -1.55693114e+03 5.08046752e+01 1.43556337e-01 7.93077251e-02
1.53730863e-315 -1.55547445e+03 8.40002315e+01 2.92404066e-01 2.61202381e-02
8.22935984e-311 -1.54437367e+03 8.79100300e+01 1.14095472e-01 3.23633306e-02
2.56071957e-310 -1.54362126e+03 5.54418681e+01 1.06844298e-01 5.97249481e-02
1.15181793e-305 -1.53251787e+03 8.58854705e+01 4.01530082e-01 3.58871113e-02
4.87377797e-305 -1.53134059e+03 6.76147701e+01 1.03578718e-01 3.94340632e-02
4.07489138e-304 -1.52904066e+03 6.53885679e+01 2.34221577e-01 3.99650688e-02
2.14678040e-303 -1.52746875e+03 6.47087072e+01 4.45288632e-01 6.41931719e-02
1.25702715e-300 -1.52090562e+03 5.85077280e+01 3.75839813e-01 7.62764510e-02
3.24279999e-300 -1.52044064e+03 5.91863189e+01 2.61979883e-01 7.53409504e-02
3.96837163e-298 -1.51514779e+03 8.57786648e+01 2.53196991e-01 2.56664708e-02
1.34320216e-297 -1.51426687e+03 6.48890409e+01 2.68283954e-01 4.06451141e-02
5.63674497e-297 -1.51266641e+03 5.50570976e+01 2.78779427e-01 5.93470845e-02
1.20545620e-296 -1.51220980e+03 6.32186331e+01 4.83061058e-01 6.64179704e-02
1.97405617e-295 -1.50895795e+03 7.96093059e+01 2.76100013e-01 4.29756121e-02
1.28685804e-292 -1.50243825e+03 5.24469007e+01 1.15498449e-01 7.17349582e-02
5.54908259e-292 -1.50123442e+03 5.34006000e+01 2.14591726e-01 6.53586498e-02
1.22368436e-291 -1.50060506e+03 5.99383202e+01 2.94774876e-01 4.82455394e-02
2.36315349e-291 -1.49992691e+03 8.65568784e+01 1.79752586e-01 2.60000773e-02
4.32053675e-289 -1.49430816e+03 7.37624215e+01 2.41934855e-01 5.03488811e-02
2.37449650e-286 -1.48799386e+03 7.59276626e+01 1.02469486e-01 3.31471569e-02
8.96100405e-284 -1.48205809e+03 5.30743743e+01 1.51343885e-01 6.81420547e-02
1.35574717e-281 -1.47703949e+03 7.24941222e+01 3.46477728e-01 5.18365563e-02
1.33077828e-280 -1.47485191e+03 5.97544816e+01 3.14961308e-01 7.35812704e-02
3.59444171e-280 -1.47415176e+03 8.52898588e+01 4.92975339e-01 3.52612506e-02
1.71791667e-279 -1.47233105e+03 5.29781204e+01 4.45877894e-01 6.94680658e-02
1.22359050e-278 -1.47034272e+03 5.28295735e+01 2.69914254e-01 6.84185775e-02
4.53936553e-278 -1.46916965e+03 7.86069865e+01 4.78544618e-01 4.28686467e-02
1.60647935e-276 -1.46535206e+03 6.09470074e+01 3.71691186e-01 7.09419740e-02
3.18118004e-276 -1.46532202e+03 6.81370505e+01 4.40007175e-01 5.78366278e-02
2.21875297e-275 -1.46277346e+03 7.15606636e+01 3.53593789e-01 5.30536315e-02
5.05547970e-273 -1.45727022e+03 8.21345539e+01 1.35393997e-01 2.89867810e-02
8.93192241e-272 -1.45444890e+03 5.28601228e+01 4.96974963e-01 7.21513988e-02
5.72186442e-271 -1.45268931e+03 8.88101969e+01 3.95862608e-01 2.54860202e-02
4.43895701e-270 -1.45059456e+03 8.57679370e+01 4.99770871e-01 2.75205041e-02
4.36908451e-267 -1.44358415e+03 5.49672040e+01 3.88903937e-01 6.16207894e-02
2.10522541e-266 -1.44223897e+03 7.53653191e+01 1.65446244e-01 4.73751315e-02
9.89895691e-263 -1.43354854e+03 5.79647443e+01 2.31936737e-01 7.64949944e-02
2.10499299e-261 -1.43053599e+03 6.11904658e+01 2.82589289e-01 4.68462861e-02
3.80936803e-260 -1.42764285e+03 6.87889215e+01 3.65659532e-01 3.73323973e-02
2.55079817e-259 -1.42583610e+03 5.72313092e+01 4.77945207e-01 7.62906267e-02
9.41486294e-259 -1.42463877e+03 6.92726938e+01 1.78500017e-01 5.61886608e-02
5.54170222e-258 -1.42273826e+03 5.26276384e+01 4.45814416e-01 7.39338508e-02
1.17999852e-257 -1.42236272e+03 7.56748557e+01 4.20773532e-01 3.20754140e-02
6.48712618e-257 -1.42024588e+03 7.04347043e+01 1.43989300e-01 5.39745836e-02
3.19029105e-252 -1.40932565e+03 8.28107346e+01 1.68180979e-01 2.83477391e-02
2.32245823e-251 -1.40748444e+03 8.26614528e+01 2.58621748e-01 2.77057499e-02
6.28709690e-250 -1.40406771e+03 7.39809088e+01 2.91594516e-01 4.93669203e-02
1.73905151e-249 -1.40344372e+03 6.87741322e+01 2.46049870e-01 3.73108836e-02
7.77057688e-248 -1.39922638e+03 8.79476520e+01 4.86387623e-01 3.16791852e-02
2.78910727e-247 -1.39825018e+03 6.28608114e+01 1.24977796e-01 6.61414790e-02
9.36569590e-247 -1.39695862e+03 6.19514860e+01 1.38113065e-01 4.71400991e-02
3.69282572e-246 -1.39556155e+03 6.75641344e+01 2.93302331e-01 3.86199728e-02
5.90510688e-246 -1.39556034e+03 8.17439168e+01 1.05584968e-01 3.10747083e-02
1.54836778e-245 -1.39411143e+03 5.85147326e+01 3.82720306e-01 5.29606597e-02
4.14528718e-245 -1.39327120e+03 7.97368135e+01 4.51168465e-01 3.01215139e-02
1.09682928e-244 -1.39224136e+03 5.36250378e+01 4.89950175e-01 7.06361371e-02
3.57987224e-244 -1.39100473e+03 7.57015287e+01 1.18232920e-01 3.35495519e-02
2.64520623e-243 -1.38885688e+03 5.29862955e+01 2.85622103e-01 7.05503989e-02
1.75800936e-241 -1.38456006e+03 7.64584793e+01 3.36634329e-01 3.13690599e-02
7.63670557e-241 -1.38333108e+03 5.26065384e+01 3.45912957e-01 7.40425952e-02
4.29928246e-237 -1.37443542e+03 5.66284339e+01 3.73196476e-01 7.73916118e-02
2.99557431e-236 -1.37264502e+03 6.88310797e+01 1.89890245e-01 5.65029689e-02
5.99543533e-236 -1.37234994e+03 6.03958091e+01 3.17891309e-01 4.90550260e-02
1.34288025e-235 -1.37127823e+03 5.78470821e+01 1.66789031e-01 7.53777143e-02
3.67557507e-235 -1.37028997e+03 8.87889628e+01 2.34628404e-01 3.22005126e-02
8.21252894e-234 -1.36689672e+03 8.15694491e+01 2.27838601e-01 2.86248695e-02
2.10249233e-233 -1.36639295e+03 6.45206138e+01 4.32206831e-01 6.29452215e-02
5.67188547e-233 -1.36518632e+03 8.60592778e+01 2.23128158e-01 2.67892619e-02
1.84019104e-232 -1.36401409e+03 8.78825114e+01 2.76204899e-01 3.31261811e-02
4.75155477e-232 -1.36314155e+03 8.46051204e+01 1.07038949e-01 3.14545900e-02
1.38736229e-231 -1.36199295e+03 5.53231655e+01 4.11806443e-01 6.26215840e-02
6.25154418e-230 -1.35792313e+03 7.27894424e+01 3.74112152e-01 5.03280227e-02
4.00074996e-229 -1.35621283e+03 5.85475952e+01 1.65704549e-01 7.39024750e-02
1.24410330e-228 -1.35522546e+03 5.55534314e+01 4.59804098e-01 6.27786357e-02
3.60873815e-227 -1.35156328e+03 5.78031571e+01 1.51408743e-01 7.49242598e-02
9.92156818e-227 -1.35095934e+03 5.98879419e+01 3.74087830e-01 5.06562213e-02
2.92635267e-226 -1.34968481e+03 7.51066506e+01 1.40842202e-01 3.36405391e-02
6.69380437e-224 -1.34400578e+03 5.52139969e+01 4.59999408e-01 6.43614402e-02
3.94426027e-223 -1.34240998e+03 6.54868753e+01 2.13682812e-01 6.17955440e-02
7.37685975e-223 -1.34218128e+03 6.73364186e+01 2.59882054e-01 5.88059070e-02
3.75964696e-222 -1.34007938e+03 5.64856749e+01 2.43348680e-01 5.84231883e-02
2.41569040e-221 -1.33824926e+03 8.61033778e+01 1.42776345e-01 2.86704817e-02
1.01901008e-219 -1.33437572e+03 8.73899272e+01 3.86612247e-01 2.69557067e-02
7.87554575e-219 -1.33244195e+03 7.79771548e+01 2.96470689e-01 4.36377256e-02
1.88301418e-218 -1.33188472e+03 7.74994354e+01 2.50590754e-01 4.42452856e-02
7.83277459e-218 -1.33016838e+03 6.05535909e+01 1.96920293e-01 4.95118835e-02
1.38071424e-216 -1.32717943e+03 8.50927178e+01 1.65980116e-01 2.82797531e-02
2.17084677e-215 -1.32443414e+03 8.12794484e+01 4.58314722e-01 3.00514651e-02
7.47303185e-215 -1.32344990e+03 8.46854236e+01 1.57039827e-01 3.50196554e-02
2.31639486e-213 -1.31971885e+03 7.65784366e+01 4.19180584e-01 4.46286783e-02
9.87545035e-213 -1.31850097e+03 7.11554266e+01 2.48676524e-01 5.26942070e-02
2.07738488e-212 -1.31794995e+03 6.18604017e+01 4.38874566e-01 6.68927091e-02
4.01760557e-212 -1.31722782e+03 5.91394524e+01 4.94934088e-01 5.42060763e-02
6.42767068e-212 -1.31690220e+03 5.44538949e+01 4.24511704e-01 7.74416837e-02
8.68864922e-212 -1.31661283e+03 7.69647980e+01 2.33838239e-01 4.47567619e-02
1.40967452e-210 -1.31329986e+03 8.93898554e+01 3.75679387e-01 2.67086316e-02
2.84180453e-210 -1.31320793e+03 6.10254987e+01 3.55712692e-01 4.88941145e-02
3.12675616e-210 -1.31310274e+03 6.31006292e+01 3.38749683e-01 4.53403241e-02
4.62034674e-210 -1.31250545e+03 8.30006861e+01 2.27404533e-01 3.76410296e-02
1.30490794e-209 -1.31128372e+03 5.91184627e+01 3.82248172e-01 7.20519766e-02
2.41810475e-209 -1.31094210e+03 7.06566703e+01 4.76151234e-01 5.21502856e-02
4.56017232e-209 -1.31013709e+03 5.95496780e+01 3.43726591e-01 5.17314079e-02
6.66175161e-209 -1.31002285e+03 5.42513293e+01 1.11908846e-01 7.48176747e-02
2.28558706e-207 -1.30586193e+03 7.46359343e+01 3.92699711e-01 3.35675269e-02
4.54722661e-207 -1.30583501e+03 7.14831123e+01 2.38559290e-01 3.56583774e-02
3.59782090e-206 -1.30314947e+03 6.65322230e+01 2.91544348e-01 4.06663579e-02
1.08547323e-204 -1.29970474e+03 5.39265622e+01 3.21210695e-01 6.96568171e-02
3.42039950e-204 -1.29888828e+03 5.38313344e+01 2.10666450e-01 7.80209127e-02
1.44749588e-203 -1.29725458e+03 8.59747494e+01 4.60866958e-01 3.28741484e-02
7.16366618e-202 -1.29318816e+03 5.60449345e+01 4.41466568e-01 6.24953942e-02
1.46836804e-201 -1.29310031e+03 5.85058432e+01 1.64064798e-01 7.28743875e-02
2.27690739e-201 -1.29241682e+03 8.29203656e+01 2.51129963e-01 2.85131478e-02
3.11735778e-201 -1.29235179e+03 6.04460792e+01 2.29644028e-01 6.99979523e-02
3.45480117e-201 -1.29220867e+03 5.50105054e+01 3.00300795e-01 6.45907107e-02
4.46721712e-201 -1.29185681e+03 8.52000185e+01 2.34209692e-01 2.76832163e-02
2.46785647e-200 -1.28972365e+03 6.86767118e+01 2.27122735e-01 5.61350417e-02
8.77556574e-200 -1.28862823e+03 5.70383107e+01 4.56031828e-01 5.96462460e-02
1.68584931e-199 -1.28817587e+03 8.09941532e+01 2.27951329e-01 3.96748797e-02
2.56892398e-199 -1.28776943e+03 8.49603608e+01 1.29196560e-01 3.26247808e-02
1.55515588e-198 -1.28555904e+03 6.79054615e+01 1.48093105e-01 4.03083206e-02
2.94176101e-198 -1.28545825e+03 5.35772541e+01 3.24186702e-01 7.47593939e-02
4.28692202e-197 -1.28216834e+03 8.74142776e+01 2.50276838e-01 2.70058447e-02
1.66345348e-196 -1.28105705e+03 7.15529667e+01 4.77658962e-01 3.70460316e-02
6.33502317e-196 -1.27965127e+03 8.91045774e+01 3.58934492e-01 3.04751728e-02
6.98604772e-195 -1.27710361e+03 6.43329016e+01 4.23790132e-01 4.46169543e-02
3.63821723e-193 -1.27309009e+03 5.77678276e+01 3.04662433e-01 5.62927184e-02
3.85185702e-191 -1.26841591e+03 8.18628451e+01 1.35326213e-01 3.11069713e-02
1.33632179e-190 -1.26749430e+03 8.54541456e+01 3.03655573e-01 2.77451768e-02
2.81407620e-189 -1.26414316e+03 5.58710358e+01 1.66578987e-01 6.30615822e-02
6.34921409e-189 -1.26384819e+03 8.54128557e+01 4.87369303e-01 3.21273774e-02
7.72816046e-189 -1.26372551e+03 6.21516352e+01 3.00667119e-01 4.73212111e-02
9.97961820e-189 -1.26335970e+03 6.19532312e+01 1.80843917e-01 6.67258494e-02
1.24949667e-188 -1.26323963e+03 6.83536526e+01 2.10537329e-01 5.63135498e-02
3.00569060e-188 -1.26197155e+03 8.34174172e+01 1.29334023e-01 3.12557668e-02
8.67420526e-188 -1.26097450e+03 8.69808181e+01 4.18557826e-01 2.85034310e-02
2.50492155e-187 -1.25988714e+03 8.98452101e+01 3.61217576e-01 2.88275470e-02
3.74677582e-186 -1.25693920e+03 5.61966579e+01 1.01911134e-01 6.51128197e-02
3.67613619e-185 -1.25470270e+03 8.06824716e+01 3.72269434e-01 3.02237569e-02
9.72930891e-185 -1.25404047e+03 5.78785498e+01 2.66321618e-01 7.36301342e-02
2.19848968e-184 -1.25314996e+03 6.50780907e+01 3.01513261e-01 6.15118316e-02
1.07264424e-183 -1.25137424e+03 8.28821654e+01 4.72665603e-01 3.04833104e-02
4.04533409e-183 -1.25014320e+03 5.58309471e+01 3.26111052e-01 6.29152036e-02
6.97068441e-183 -1.24993318e+03 6.11517225e+01 1.25022594e-01 5.09986113e-02
1.08428605e-182 -1.24933121e+03 7.28804433e+01 4.25962709e-01 3.57215919e-02
1.95934969e-182 -1.24874002e+03 8.94851375e+01 2.87224586e-01 3.00228994e-02
4.97503944e-181 -1.24508725e+03 8.32904810e+01 1.23926072e-01 3.30426168e-02
1.08677279e-180 -1.24486528e+03 5.58399231e+01 1.13355067e-01 6.64006409e-02
1.40109073e-180 -1.24458044e+03 8.97160413e+01 2.16066248e-01 2.82681908e-02
1.75057815e-180 -1.24440105e+03 6.70103122e+01 1.37363342e-01 5.74364720e-02
2.44402534e-180 -1.24394901e+03 8.86369896e+01 3.82943815e-01 2.83619133e-02
3.58298665e-180 -1.24360763e+03 5.94266470e+01 2.50226228e-01 7.09932463e-02
3.17803686e-179 -1.24095264e+03 5.97668344e+01 2.95400639e-01 7.03206355e-02
6.85421621e-179 -1.24067800e+03 8.77827131e+01 3.44112975e-01 3.15388261e-02
3.73102448e-178 -1.23852490e+03 6.97499033e+01 3.94884873e-01 3.83640115e-02
1.43301763e-177 -1.23733064e+03 5.45997648e+01 3.32271394e-01 6.94564074e-02
1.21622076e-176 -1.23501860e+03 5.42813120e+01 3.10965142e-01 7.32756459e-02
7.34852845e-176 -1.23328469e+03 8.87532867e+01 3.54492783e-01 2.99684545e-02
3.19462789e-173 -1.22704596e+03 8.49925641e+01 3.37003283e-01 3.45414439e-02
1.80564472e-172 -1.22550223e+03 7.46924795e+01 4.65176241e-01 3.50101794e-02
3.20504284e-172 -1.22535269e+03 7.17821052e+01 4.79896991e-01 4.95272060e-02
5.50979321e-172 -1.22455966e+03 6.96367155e+01 1.87508078e-01 3.85107221e-02
8.39492724e-172 -1.22436046e+03 8.69190724e+01 1.71784531e-01 2.97772858e-02
1.12033406e-171 -1.22399850e+03 5.74304345e+01 2.90826733e-01 7.35691363e-02
1.61659195e-171 -1.22362291e+03 5.47780376e+01 1.74250561e-01 7.32503572e-02
5.39259731e-171 -1.22208694e+03 7.07525079e+01 3.13166445e-01 5.22905499e-02
1.61062449e-170 -1.22111551e+03 5.50345429e+01 1.83887633e-01 7.43538353e-02
2.33892206e-168 -1.21581791e+03 8.39834528e+01 2.46371617e-01 2.88405567e-02
6.38131173e-168 -1.21525766e+03 7.71289597e+01 1.87996478e-01 3.27132538e-02
4.53145342e-167 -1.21293591e+03 7.33018362e+01 2.46019308e-01 4.86829531e-02
2.26137070e-166 -1.21143223e+03 7.43731353e+01 4.12778268e-01 3.48353563e-02
5.21620077e-165 -1.20812576e+03 8.38921078e+01 4.48041784e-01 3.05139197e-02
1.44810738e-164 -1.20749051e+03 8.17741911e+01 1.64899637e-01 3.08972541e-02
4.15321659e-164 -1.20626610e+03 5.88310304e+01 4.27589342e-01 5.61841940e-02
1.46924534e-163 -1.20498721e+03 5.77798097e+01 3.80224168e-01 5.83936432e-02
3.07970479e-163 -1.20446337e+03 8.73906969e+01 2.75965639e-01 3.17778225e-02
7.51222927e-163 -1.20339974e+03 8.54474188e+01 2.34064580e-01 2.85891468e-02
2.04096846e-162 -1.20241883e+03 6.32227613e+01 2.74749046e-01 4.63459798e-02
3.26465576e-162 -1.20223096e+03 5.53553198e+01 4.00035482e-01 7.13651096e-02
4.83651749e-162 -1.20168965e+03 7.61956153e+01 1.11062125e-01 3.59018009e-02
7.01467169e-162 -1.20142568e+03 5.78605505e+01 4.23240625e-01 7.11603634e-02
1.11142211e-160 -1.19812593e+03 5.64783413e+01 3.82413072e-01 7.29422500e-02
5.34385990e-160 -1.19673910e+03 5.58106058e+01 1.38107673e-01 7.14656388e-02
1.90326988e-159 -1.19549599e+03 5.68398168e+01 3.19925766e-01 6.09371280e-02
3.12265298e-159 -1.19538174e+03 5.64848965e+01 4.12724786e-01 6.37149934e-02
8.34579851e-159 -1.19397721e+03 5.81371443e+01 1.89479906e-01 7.16835660e-02
2.55169072e-158 -1.19294022e+03 8.35003309e+01 1.57913033e-01 3.45329474e-02
7.71328142e-158 -1.19180621e+03 8.13965765e+01 4.55417832e-01 3.16053927e-02
1.20370238e-157 -1.19173899e+03 5.60113340e+01 1.39304947e-01 7.16064599e-02
4.83647945e-156 -1.18739509e+03 5.64392531e+01 4.16850966e-01 6.44138552e-02
1.33766593e-155 -1.18680119e+03 6.61579525e+01 2.62946113e-01 5.90481593e-02
8.26143248e-155 -1.18464732e+03 5.74475452e+01 2.44875600e-01 5.90877802e-02
2.15201933e-154 -1.18399664e+03 6.50452978e+01 4.69893038e-01 5.93085837e-02
2.79957173e-153 -1.18105950e+03 6.89381970e+01 1.65865414e-01 5.41284456e-02
6.36973225e-153 -1.18072027e+03 6.29997981e+01 1.94098520e-01 6.38923679e-02
8.17952454e-153 -1.18053283e+03 8.14073108e+01 1.92560325e-01 3.07864257e-02
1.35965035e-152 -1.17981473e+03 6.96508815e+01 1.34109594e-01 4.01180378e-02
4.28039971e-152 -1.17850665e+03 6.43714533e+01 4.90862392e-01 4.68351590e-02
9.17180158e-152 -1.17795790e+03 6.73169154e+01 1.66294619e-01 4.18527739e-02
1.57254593e-151 -1.17741907e+03 8.69486662e+01 1.99786375e-01 3.01874849e-02
2.63126641e-151 -1.17691327e+03 8.40960323e+01 3.37059128e-01 3.49110110e-02
3.69387990e-151 -1.17668383e+03 7.05270802e+01 2.43347610e-01 5.22403304e-02
5.47252265e-151 -1.17617212e+03 6.79978917e+01 3.26196801e-01 5.58678355e-02
1.78824460e-150 -1.17472662e+03 6.10098530e+01 3.66913378e-01 6.67451175e-02
3.47124826e-150 -1.17438549e+03 5.55955613e+01 1.71259094e-01 7.05792023e-02
1.49354675e-148 -1.17009693e+03 6.28220271e+01 3.75644563e-01 4.79863899e-02
4.23839961e-148 -1.16946229e+03 8.21365685e+01 4.73675827e-01 3.49523972e-02
8.31239651e-148 -1.16876370e+03 6.36201231e+01 4.13514323e-01 4.70916737e-02
2.31219824e-147 -1.16760721e+03 7.93562604e+01 3.49413310e-01 3.16402474e-02
4.80902528e-147 -1.16705145e+03 6.82306104e+01 1.50962504e-01 5.47999926e-02
1.26692722e-146 -1.16590103e+03 5.64957598e+01 4.41091163e-01 6.88483756e-02
2.72100822e-146 -1.16529294e+03 6.83472794e+01 3.73931089e-01 4.04870901e-02
1.25408935e-145 -1.16347784e+03 6.54244425e+01 1.02366984e-01 5.77123572e-02
2.34216612e-145 -1.16331322e+03 5.66867819e+01 1.47167184e-01 7.08599863e-02
3.96246122e-145 -1.16255371e+03 5.66056070e+01 4.22089600e-01 6.53085332e-02
3.21524233e-144 -1.16016032e+03 5.70892970e+01 4.67836531e-01 6.81812703e-02
2.27254881e-143 -1.15825238e+03 7.35799868e+01 1.67560276e-01 4.71617035e-02
1.45979019e-142 -1.15639587e+03 7.19385322e+01 4.55619623e-01 3.79056272e-02
4.19257008e-142 -1.15554924e+03 5.56918794e+01 2.37555602e-01 6.76503015e-02
8.14606946e-142 -1.15496955e+03 8.45378886e+01 1.90173790e-01 3.03265570e-02
1.13037261e-141 -1.15481082e+03 8.74772291e+01 2.92812838e-01 3.01706706e-02
1.36283502e-141 -1.15459426e+03 6.53720912e+01 4.53391220e-01 4.51937451e-02
8.85326699e-141 -1.15221781e+03 6.39549949e+01 3.52404044e-01 4.62311304e-02
7.94999031e-140 -1.15003779e+03 5.90289812e+01 4.26491483e-01 5.70757681e-02
1.66359243e-139 -1.14974746e+03 6.23938952e+01 3.58264091e-01 4.88995655e-02
3.70850567e-139 -1.14867941e+03 8.11879390e+01 4.92752212e-01 3.45443866e-02
5.64208302e-139 -1.14862960e+03 6.34627682e+01 3.19586403e-01 4.68513870e-02
2.15188348e-138 -1.14676282e+03 5.77345100e+01 4.86992362e-01 6.67641553e-02
6.67707351e-138 -1.14580938e+03 6.54649961e+01 1.78430894e-01 4.44056710e-02
1.44893599e-137 -1.14510807e+03 5.75674691e+01 3.50975374e-01 7.07983719e-02
2.72105763e-137 -1.14450996e+03 6.79439961e+01 1.14545904e-01 5.39094723e-02
4.09504766e-137 -1.14421713e+03 6.27031103e+01 4.56663965e-01 6.24839286e-02
5.20393873e-137 -1.14401306e+03 6.62141096e+01 4.01074570e-01 5.76762769e-02
7.17212634e-137 -1.14360072e+03 7.50099950e+01 1.37454507e-01 3.61161689e-02
2.60400942e-136 -1.14198039e+03 5.67432455e+01 3.55534713e-01 6.38095151e-02
6.89417453e-136 -1.14120021e+03 6.58873457e+01 2.16279991e-01 5.88163574e-02
2.46914712e-134 -1.13726049e+03 5.65668573e+01 2.96533951e-01 6.39762211e-02
1.00242660e-133 -1.13611227e+03 6.14819870e+01 3.59105502e-01 6.53761825e-02
4.96300533e-133 -1.13439970e+03 6.73589842e+01 1.90428543e-01 5.62511364e-02
2.33920171e-132 -1.13287754e+03 6.44966498e+01 4.44243499e-01 4.67014192e-02
6.46691774e-132 -1.13201080e+03 6.31639849e+01 4.99212128e-01 4.98622602e-02
1.13906390e-131 -1.13159866e+03 6.96348349e+01 2.17800858e-01 3.92498222e-02
1.41056460e-131 -1.13153541e+03 5.59874224e+01 3.00777788e-01 6.85959033e-02
2.93198123e-131 -1.13042250e+03 8.33299022e+01 4.25226579e-01 3.32532049e-02
4.87325910e-131 -1.13022723e+03 6.33232820e+01 4.83838992e-01 6.08193080e-02
7.91293914e-131 -1.12954954e+03 7.91374291e+01 1.67166680e-01 3.30274903e-02
1.09570164e-130 -1.12945898e+03 7.86211734e+01 4.88716322e-01 3.86623519e-02
1.27563152e-130 -1.12924786e+03 6.63904541e+01 1.13029024e-01 4.54194075e-02
2.72675189e-130 -1.12818965e+03 6.18559726e+01 4.45215910e-01 6.36079824e-02
1.04767479e-129 -1.12675623e+03 5.75446021e+01 1.94964392e-01 7.04218106e-02
1.71336795e-129 -1.12672456e+03 6.06232144e+01 3.34447825e-01 6.66946828e-02
2.63592247e-129 -1.12601209e+03 7.87665889e+01 4.66071834e-01 3.39939732e-02
4.49847157e-129 -1.12557251e+03 7.70666758e+01 3.29697718e-01 3.33063602e-02
5.64941328e-129 -1.12550309e+03 6.49787762e+01 4.76358329e-01 5.83390548e-02
1.09876683e-128 -1.12448354e+03 8.45854001e+01 1.96790312e-01 3.09724196e-02
2.25416955e-128 -1.12389522e+03 6.51223482e+01 2.24349014e-01 5.98247764e-02
1.98979131e-127 -1.12134779e+03 6.05110618e+01 1.23471775e-01 6.52265962e-02
4.02943654e-127 -1.12117311e+03 6.71216198e+01 4.65135430e-01 4.35714459e-02
4.62086644e-127 -1.12106265e+03 7.08970290e+01 4.72180239e-01 4.94995415e-02
6.12025912e-127 -1.12064472e+03 6.80220471e+01 2.38139401e-01 4.09995339e-02
1.24086667e-126 -1.11978032e+03 5.78514471e+01 3.84028684e-01 6.09288394e-02
2.30344001e-126 -1.11928125e+03 5.66135855e+01 1.77577251e-01 6.87525297e-02
3.52493746e-126 -1.11889767e+03 8.16039284e+01 1.63727724e-01 3.58166667e-02
1.39186861e-125 -1.11716399e+03 7.68904031e+01 1.12877467e-01 3.83760851e-02
2.01212432e-124 -1.11438726e+03 7.38639682e+01 3.23460354e-01 4.67619798e-02
4.26119890e-124 -1.11415847e+03 6.30465081e+01 1.03671763e-01 5.13501796e-02
1.46825740e-123 -1.11250842e+03 5.78938039e+01 3.48091157e-01 6.04050531e-02
4.67602613e-123 -1.11147559e+03 7.67458639e+01 4.64520022e-01 4.14153809e-02
2.39056626e-122 -1.10969128e+03 6.51803426e+01 1.59596921e-01 4.57006132e-02
1.68512473e-120 -1.10528943e+03 5.84334216e+01 2.55981217e-01 6.93780335e-02
8.52307712e-120 -1.10386949e+03 8.26636168e+01 3.92440302e-01 3.46322028e-02
2.15200698e-119 -1.10310602e+03 6.70902566e+01 1.11128011e-01 4.51622539e-02
3.15018860e-119 -1.10296347e+03 8.03377866e+01 4.29315975e-01 3.70976312e-02
1.48919861e-118 -1.10090219e+03 6.20792482e+01 1.33114889e-01 6.28709717e-02
3.35009930e-118 -1.10046755e+03 7.36088814e+01 4.61312682e-01 4.55410864e-02
8.97804700e-118 -1.09923502e+03 8.12353226e+01 4.36021184e-01 3.33168845e-02
1.50662079e-117 -1.09907409e+03 5.99592939e+01 1.50364373e-01 5.59085565e-02
2.63544142e-117 -1.09826349e+03 5.97766597e+01 1.82559619e-01 6.71184705e-02
4.43442335e-117 -1.09789969e+03 8.19081925e+01 3.18534629e-01 3.64855593e-02
6.28902696e-117 -1.09755471e+03 5.97987268e+01 4.87845474e-01 5.84224844e-02
1.25326171e-116 -1.09667281e+03 7.63180729e+01 2.84319821e-01 3.39634558e-02
1.78565280e-116 -1.09665166e+03 8.17109173e+01 4.19070423e-01 3.51400437e-02
2.06356406e-116 -1.09639338e+03 8.37734109e+01 3.13278584e-01 3.41269251e-02
2.38326427e-116 -1.09634098e+03 7.75695966e+01 1.96603231e-01 4.15379647e-02
4.97823308e-116 -1.09521456e+03 8.33225855e+01 3.90658450e-01 3.25355906e-02
9.42500528e-116 -1.09479890e+03 8.54277981e+01 2.71004267e-01 3.14733711e-02
1.22848257e-115 -1.09464123e+03 5.96965684e+01 4.79353438e-01 5.85561906e-02
1.47594826e-115 -1.09443011e+03 6.02684759e+01 2.84244580e-01 6.67995962e-02
1.92774217e-115 -1.09411420e+03 6.53564237e+01 3.67172990e-01 4.51478152e-02
2.25631178e-115 -1.09408407e+03 6.35318885e+01 4.14324289e-01 6.08594353e-02
3.61354658e-115 -1.09331117e+03 6.01251066e+01 1.12340149e-01 6.40112418e-02
5.14491355e-115 -1.09322679e+03 8.10764477e+01 1.59753415e-01 3.36399812e-02
5.85043588e-115 -1.09305324e+03 5.81451416e+01 1.83075865e-01 6.85400512e-02
6.46134096e-115 -1.09301435e+03 7.46153169e+01 2.41664102e-01 4.56415957e-02
1.11969860e-114 -1.09213428e+03 7.01222570e+01 1.88969930e-01 3.95505937e-02
1.71844827e-114 -1.09197002e+03 6.12258302e+01 4.58417697e-01 6.33389008e-02
1.91137969e-114 -1.09190901e+03 5.74192616e+01 1.79671688e-01 6.82658766e-02
1.99054122e-114 -1.09188146e+03 7.96339712e+01 4.37507745e-01 3.76378000e-02
2.90513575e-114 -1.09124548e+03 7.42646401e+01 4.06283441e-01 3.62882930e-02
4.60699951e-114 -1.09088540e+03 6.11542027e+01 1.63625687e-01 6.47601287e-02
1.21874825e-113 -1.08963095e+03 7.99764771e+01 1.46841685e-01 3.62357175e-02
4.77099117e-113 -1.08823272e+03 6.08031458e+01 1.04655638e-01 5.70156697e-02
8.62460101e-113 -1.08800018e+03 6.18430766e+01 3.02224259e-01 5.06377360e-02
3.82165398e-112 -1.08605866e+03 7.63262898e+01 4.74398395e-01 4.12921073e-02
1.01644098e-111 -1.08534011e+03 7.49590552e+01 3.78209768e-01 3.55617641e-02
1.39514015e-111 -1.08529280e+03 6.56120103e+01 3.71448085e-01 5.80121344e-02
5.79989115e-111 -1.08332577e+03 6.16078449e+01 2.21024404e-01 6.46025447e-02
2.57494973e-110 -1.08192029e+03 7.85701475e+01 4.80346662e-01 3.74247870e-02
4.73885521e-110 -1.08165842e+03 7.05284910e+01 1.02096626e-01 4.77401652e-02
5.38429430e-110 -1.08164123e+03 5.91609372e+01 4.18186658e-01 6.59967415e-02
1.78503054e-109 -1.07991919e+03 8.31127665e+01 3.67751535e-01 3.37168498e-02
4.23031045e-109 -1.07932991e+03 8.02360462e+01 3.87012771e-01 3.75366391e-02
5.53717957e-109 -1.07928895e+03 6.60892411e+01 1.70150486e-01 4.46968133e-02
5.80942721e-109 -1.07922778e+03 5.93527720e+01 4.23268143e-01 6.56379975e-02
7.52001853e-109 -1.07880876e+03 6.42907659e+01 3.00561839e-01 4.65332716e-02
1.15393512e-108 -1.07836910e+03 8.30156616e+01 2.79867211e-01 3.49163104e-02
1.45326791e-108 -1.07829429e+03 7.24209118e+01 2.38612729e-01 4.84264509e-02
3.02214579e-108 -1.07718818e+03 6.99107690e+01 3.07835789e-01 5.18988136e-02
8.94454178e-108 -1.07610570e+03 5.74168295e+01 1.85193171e-01 6.52635104e-02
1.67056942e-107 -1.07569444e+03 6.08591002e+01 1.38877384e-01 6.40726472e-02
3.10786028e-107 -1.07495072e+03 5.82519359e+01 4.06125689e-01 6.58637620e-02
4.27789591e-107 -1.07491387e+03 7.06141704e+01 1.09726832e-01 4.81163440e-02
4.95471292e-107 -1.07466537e+03 5.90419439e+01 4.61146502e-01 6.30432390e-02
7.13728341e-107 -1.07421264e+03 7.26821353e+01 1.05887567e-01 4.14514823e-02
9.87344254e-107 -1.07397317e+03 6.11227767e+01 3.18255573e-01 5.24907013e-02
1.24746298e-106 -1.07373780e+03 6.00202310e+01 3.35648290e-01 6.62837663e-02
3.07238450e-106 -1.07250700e+03 6.76076209e+01 1.12868969e-01 5.29588586e-02
4.91883736e-106 -1.07243425e+03 7.54882601e+01 3.91571579e-01 4.35362979e-02
9.22367771e-106 -1.07146695e+03 5.71998516e+01 3.05248940e-01 6.68132368e-02
2.28859836e-105 -1.07057669e+03 5.87797538e+01 1.35577513e-01 6.48252515e-02
4.76599048e-105 -1.06991027e+03 5.75538314e+01 3.29566878e-01 6.38766610e-02
1.39619678e-104 -1.06867227e+03 6.28005382e+01 1.66462613e-01 5.00981177e-02
3.35884973e-104 -1.06792386e+03 6.55254578e+01 2.20300311e-01 4.49800858e-02
4.77055522e-104 -1.06782924e+03 8.10501189e+01 3.05524548e-01 3.71395422e-02
8.87256316e-104 -1.06688781e+03 7.69466782e+01 1.60367817e-01 4.11523040e-02
2.02975810e-103 -1.06610362e+03 6.27508797e+01 4.74575640e-01 5.17276253e-02
3.12805940e-103 -1.06587882e+03 8.27888217e+01 2.17638232e-01 3.44676416e-02
4.17865690e-103 -1.06553467e+03 6.75780632e+01 2.27472594e-01 4.22973749e-02
5.82199564e-103 -1.06520624e+03 6.19409665e+01 1.77506932e-01 5.15666166e-02
6.14807336e-101 -1.06000639e+03 7.45645698e+01 4.90285872e-01 4.27983124e-02
1.32733401e-100 -1.05984250e+03 7.12405285e+01 1.00417869e-01 4.41993255e-02
3.58265236e-100 -1.05845448e+03 7.60618408e+01 3.32657400e-01 3.47939119e-02
6.50542795e-100 -1.05821032e+03 6.76433555e+01 4.98307524e-01 4.47350265e-02
1.59824252e-99 -1.05698774e+03 6.01599626e+01 2.67814496e-01 6.60763702e-02
4.20155828e-99 -1.05610632e+03 6.04999171e+01 4.29352293e-01 5.61531571e-02
6.95671017e-99 -1.05580670e+03 7.38087853e+01 4.23677761e-01 3.73939146e-02
8.74689532e-99 -1.05562735e+03 6.19682909e+01 2.02239942e-01 5.13105284e-02
1.00392442e-98 -1.05551932e+03 8.17826734e+01 3.84085973e-01 3.45041740e-02
1.13418159e-98 -1.05537873e+03 5.89190119e+01 2.31650312e-01 5.85310974e-02
2.43428388e-98 -1.05427200e+03 5.89626662e+01 3.68915675e-01 5.94951442e-02
9.09022256e-98 -1.05288934e+03 6.23842651e+01 2.92595183e-01 5.02414810e-02
2.44457099e-97 -1.05202426e+03 6.66453959e+01 3.90075953e-01 5.57184605e-02
5.87251496e-97 -1.05113841e+03 6.34165886e+01 4.60258457e-01 5.05056297e-02
1.54636213e-96 -1.05013357e+03 7.58363877e+01 1.57169494e-01 3.63786543e-02
2.30432016e-96 -1.05009196e+03 7.25362893e+01 4.50055386e-01 4.63573164e-02
3.16985559e-96 -1.04955890e+03 8.06925254e+01 4.01020814e-01 3.39186401e-02
4.18037250e-96 -1.04946391e+03 6.60210777e+01 2.46096887e-01 4.44411843e-02
6.78116102e-96 -1.04871835e+03 6.25473577e+01 4.65476370e-01 6.02221505e-02
9.26138797e-96 -1.04869809e+03 5.98656177e+01 4.20634473e-01 6.40140912e-02
1.12302429e-95 -1.04835531e+03 7.43261863e+01 4.23958647e-01 3.71448140e-02
2.19049118e-95 -1.04750255e+03 6.87025082e+01 1.31044474e-01 4.33271940e-02
3.60686714e-95 -1.04719781e+03 7.55538798e+01 4.94361349e-01 4.06242200e-02
4.79479258e-95 -1.04692230e+03 6.92851032e+01 1.56972729e-01 5.15826554e-02
3.63809172e-94 -1.04440521e+03 5.87413369e+01 2.32422704e-01 5.95561066e-02
6.92510830e-94 -1.04434321e+03 6.53514992e+01 1.68307680e-01 5.76692179e-02
7.53027454e-94 -1.04423307e+03 6.21704481e+01 1.12322866e-01 5.98090817e-02
1.19903408e-93 -1.04352574e+03 6.45051255e+01 4.24007013e-01 4.80741343e-02
3.34953458e-93 -1.04236744e+03 8.34115916e+01 2.58178296e-01 3.26034119e-02
5.41588069e-93 -1.04224369e+03 6.71391562e+01 4.40277432e-01 4.45427378e-02
1.59815585e-92 -1.04072269e+03 6.82998000e+01 4.69364731e-01 5.18804288e-02
3.02706241e-92 -1.04044837e+03 5.92211459e+01 4.10372266e-01 6.08854021e-02
3.46777156e-92 -1.04042557e+03 6.02336582e+01 1.45719584e-01 6.37070221e-02
8.22029020e-92 -1.03911639e+03 5.78099333e+01 2.69174481e-01 6.46051451e-02
1.32497960e-91 -1.03906387e+03 5.79413418e+01 2.17825656e-01 6.53928724e-02
1.62147908e-91 -1.03873249e+03 6.24871413e+01 3.01111515e-01 6.23938856e-02
2.02751525e-91 -1.03858814e+03 6.20776342e+01 4.86724413e-01 5.96078837e-02
2.57958300e-91 -1.03826499e+03 7.46785586e+01 4.76731141e-01 3.82895348e-02
3.18467156e-91 -1.03813807e+03 7.13125985e+01 4.76394785e-01 4.73309431e-02
4.01528430e-91 -1.03781653e+03 7.63392308e+01 4.71759599e-01 3.74656842e-02
7.07810469e-91 -1.03709820e+03 5.83928644e+01 2.37048344e-01 6.66013022e-02
2.73646514e-90 -1.03553580e+03 7.44690151e+01 4.36348409e-01 3.75003920e-02
4.55491295e-90 -1.03551583e+03 5.82176315e+01 3.22090245e-01 6.55191651e-02
4.93840208e-90 -1.03537251e+03 6.28797865e+01 1.39479238e-01 5.16523523e-02
6.89031861e-90 -1.03489448e+03 7.62625917e+01 3.59709866e-01 4.22957314e-02
1.41479970e-89 -1.03404541e+03 8.27036970e+01 3.20465874e-01 3.30185096e-02
2.88827567e-89 -1.03339072e+03 6.17229764e+01 2.55299453e-01 6.34694497e-02
5.02987557e-89 -1.03288681e+03 8.27101664e+01 3.13316792e-01 3.28076032e-02
7.03471653e-89 -1.03266283e+03 6.45982312e+01 4.15541569e-01 5.80201082e-02
8.88217839e-89 -1.03241640e+03 7.93510634e+01 1.91820617e-01 3.40071737e-02
1.69273749e-88 -1.03153818e+03 6.80968528e+01 4.36527500e-01 5.25818486e-02
2.55190973e-88 -1.03140619e+03 6.19590354e+01 1.08628092e-01 5.73718511e-02
2.93372967e-88 -1.03125409e+03 6.50209655e+01 3.66032521e-01 5.80220721e-02
5.40578446e-88 -1.03036345e+03 7.01096058e+01 2.73948679e-01 5.10812091e-02
2.09266078e-87 -1.02886426e+03 6.44115230e+01 2.47340007e-01 4.71505543e-02
4.10349305e-87 -1.02852295e+03 6.58052084e+01 1.41905393e-01 4.68522950e-02
5.02084881e-87 -1.02842739e+03 7.17944024e+01 4.58951761e-01 4.01618125e-02
5.40898652e-87 -1.02836603e+03 6.31703969e+01 3.18620776e-01 4.94141326e-02
5.73045137e-87 -1.02830525e+03 6.28126441e+01 4.80573442e-01 5.30955482e-02
8.67201878e-87 -1.02763886e+03 6.01104247e+01 4.14881070e-01 6.29702263e-02
1.19739552e-86 -1.02754644e+03 6.82510562e+01 2.60490421e-01 4.19281335e-02
1.29064464e-86 -1.02748115e+03 6.87715015e+01 4.69194128e-01 5.09101812e-02
1.55489791e-86 -1.02718764e+03 7.00633488e+01 3.84293365e-01 4.06477456e-02
2.00182535e-86 -1.02696060e+03 6.28368076e+01 3.18853662e-01 6.15359652e-02
2.74692647e-86 -1.02657267e+03 5.92746479e+01 2.03161910e-01 6.55190649e-02
3.26458957e-86 -1.02657125e+03 7.17623785e+01 3.65763227e-01 4.81776149e-02
3.88655764e-86 -1.02624390e+03 7.70950528e+01 1.86775448e-01 3.52162846e-02
6.37484449e-86 -1.02563851e+03 7.10239021e+01 4.87146854e-01 4.16009579e-02
4.76633778e-85 -1.02327798e+03 7.45820208e+01 4.37679463e-01 3.77113111e-02
1.23782180e-84 -1.02266195e+03 7.67106969e+01 3.98434081e-01 3.57102610e-02
4.38444150e-84 -1.02116383e+03 7.83879273e+01 1.59882664e-01 3.64617036e-02
9.41260372e-84 -1.02067188e+03 6.47980046e+01 1.01694487e-01 5.27372548e-02
1.27269553e-83 -1.02050120e+03 6.17399725e+01 4.65316160e-01 5.97937993e-02
1.47084783e-83 -1.02037268e+03 7.34825190e+01 1.81064198e-01 4.56370331e-02
1.70635147e-83 -1.02020076e+03 7.26507757e+01 4.76520271e-01 4.49408254e-02
3.90635157e-83 -1.01902795e+03 6.38205589e+01 3.69463535e-01 5.94761274e-02
7.08424070e-83 -1.01870390e+03 8.18229232e+01 2.67846429e-01 3.27311012e-02
8.25564044e-83 -1.01868916e+03 6.13896521e+01 4.72462311e-01 5.77525657e-02
8.43513608e-83 -1.01865448e+03 7.66554924e+01 4.23551190e-01 4.04276914e-02
9.42785240e-83 -1.01846833e+03 7.96660278e+01 4.00169842e-01 3.59653599e-02
1.09815269e-82 -1.01833830e+03 6.32431396e+01 4.74943732e-01 5.23478945e-02
1.50216115e-82 -1.01788242e+03 6.05761459e+01 4.17984314e-01 6.21644958e-02
2.44280756e-82 -1.01737207e+03 7.10522016e+01 3.96915057e-01 3.99928570e-02
3.12869500e-82 -1.01731716e+03 6.39852126e+01 1.09342130e-01 5.60348115e-02
3.43336997e-82 -1.01718328e+03 5.92249018e+01 1.82656570e-01 6.43507531e-02
5.03687324e-82 -1.01661830e+03 6.81877561e+01 2.44035352e-01 4.22075359e-02
1.40837915e-81 -1.01539453e+03 6.19185490e+01 3.02272996e-01 6.26422325e-02
2.97134547e-81 -1.01484100e+03 6.77488408e+01 3.31478350e-01 5.40199909e-02
3.92875855e-81 -1.01475544e+03 6.14898333e+01 3.98473388e-01 6.18867994e-02
5.13739650e-81 -1.01433909e+03 7.23049403e+01 4.75582528e-01 4.05048300e-02
7.49878999e-81 -1.01398122e+03 8.15649141e+01 3.26029607e-01 3.34464726e-02
1.00591126e-80 -1.01372898e+03 5.99529988e+01 3.30855582e-01 6.44493444e-02
1.26099702e-80 -1.01351781e+03 6.75996709e+01 2.52878636e-01 5.44837090e-02
1.45797532e-80 -1.01342314e+03 5.94327351e+01 3.64595035e-01 6.37478312e-02
1.55586880e-80 -1.01337942e+03 6.57516422e+01 1.06507955e-01 5.02530493e-02
1.74157559e-80 -1.01319865e+03 7.45851666e+01 1.64643337e-01 3.75795389e-02
2.09037947e-80 -1.01300852e+03 6.73428623e+01 1.03814170e-01 4.96444066e-02
4.35516206e-80 -1.01197221e+03 6.00294548e+01 3.87049012e-01 5.84587757e-02
6.80056986e-80 -1.01185665e+03 6.46130665e+01 3.55297493e-01 4.76075730e-02
1.08798221e-79 -1.01114607e+03 6.10674475e+01 4.54729782e-01 5.87033964e-02
2.49917983e-79 -1.01025522e+03 7.89079996e+01 1.71182056e-01 3.66494143e-02
4.07002113e-79 -1.00998948e+03 7.73456431e+01 2.72719402e-01 4.10104272e-02
8.34389206e-79 -1.00902104e+03 6.35454842e+01 2.11576806e-01 6.01977399e-02
1.82873626e-78 -1.00831107e+03 6.00402586e+01 3.99224878e-01 5.92658072e-02
4.63281126e-78 -1.00728450e+03 6.17155429e+01 4.53220688e-01 5.59342143e-02
2.78748225e-77 -1.00531049e+03 6.46065619e+01 1.09600304e-01 5.22584594e-02
8.97845920e-77 -1.00432445e+03 7.89753004e+01 3.80850775e-01 3.49844957e-02
4.53621012e-76 -1.00253934e+03 6.87707482e+01 3.98220331e-01 5.16323100e-02
1.17650265e-75 -1.00182697e+03 6.35729613e+01 1.32976841e-01 5.17405374e-02
1.79093707e-75 -1.00158288e+03 7.25824291e+01 3.40504436e-01 4.68836032e-02
2.26689730e-75 -1.00134788e+03 6.40969512e+01 4.93586121e-01 5.54485212e-02
4.05010260e-75 -1.00055500e+03 5.91266941e+01 1.98101528e-01 6.31271792e-02
5.91000373e-75 -1.00043576e+03 6.21732528e+01 4.70237779e-01 5.64020469e-02
6.24488925e-75 -1.00043456e+03 7.91612743e+01 3.87055627e-01 3.67501526e-02
9.74946841e-75 -9.99678008e+02 7.81638348e+01 1.68302046e-01 3.68008992e-02
3.47147079e-74 -9.98231307e+02 8.04899624e+01 2.63191991e-01 3.65214568e-02
5.79512156e-74 -9.98164485e+02 6.20803258e+01 3.41432298e-01 6.16315980e-02
6.65408993e-74 -9.97957769e+02 6.23923577e+01 3.22473777e-01 6.14310637e-02
7.95296541e-74 -9.97796994e+02 7.45528807e+01 3.34419764e-01 3.67403629e-02
8.77421386e-74 -9.97748696e+02 7.28183473e+01 4.93889235e-01 4.24827095e-02
9.36153803e-74 -9.97662047e+02 8.04706720e+01 2.64806316e-01 3.65376903e-02
1.03761543e-73 -9.97538195e+02 6.96616360e+01 2.27401641e-01 4.09546510e-02
1.66088316e-73 -9.96832658e+02 7.24882750e+01 1.41690337e-01 4.04815140e-02
2.48901189e-73 -9.96612602e+02 7.43082190e+01 4.32697776e-01 3.84195566e-02
3.24987223e-73 -9.96304152e+02 6.98047630e+01 1.98549018e-01 5.06953723e-02
4.03895323e-73 -9.96153205e+02 7.68030347e+01 1.94067733e-01 3.57865079e-02
4.62848389e-73 -9.96023520e+02 6.58155147e+01 3.20653269e-01 4.57707413e-02
8.02555364e-73 -9.95204685e+02 7.08448424e+01 3.59197868e-01 4.01217118e-02
1.17288005e-72 -9.95097749e+02 6.41618340e+01 1.71796989e-01 5.84432044e-02
1.43984702e-72 -9.94806198e+02 6.02674885e+01 2.71688117e-01 5.65841436e-02
1.82225797e-72 -9.94608586e+02 7.66174824e+01 2.51690019e-01 3.52105335e-02
2.00840913e-72 -9.94595307e+02 7.52953320e+01 1.84952895e-01 4.27358327e-02
2.12441921e-72 -9.94492230e+02 7.80200670e+01 2.15529659e-01 3.95237077e-02
4.37481012e-72 -9.93417242e+02 6.29013955e+01 2.80297770e-01 5.04947290e-02
6.65214638e-72 -9.93371959e+02 7.23275585e+01 1.26249647e-01 4.37569907e-02
9.30117346e-72 -9.92815976e+02 6.80848004e+01 2.54287688e-01 5.34412466e-02
1.38567457e-71 -9.92514389e+02 6.83591604e+01 3.10137594e-01 4.24473736e-02
2.29176709e-71 -9.91879514e+02 6.68230372e+01 2.25407860e-01 5.51786808e-02
3.53651522e-71 -9.91565524e+02 6.18075820e+01 4.51412954e-01 5.75453305e-02
4.14463848e-71 -9.91531257e+02 7.36444196e+01 4.70373775e-01 4.25237030e-02
4.21438505e-71 -9.91525208e+02 6.28988903e+01 1.33530511e-01 5.35675235e-02
5.16771484e-71 -9.91151459e+02 6.74448180e+01 3.63755832e-01 5.37534385e-02
6.29084049e-71 -9.91091405e+02 6.40257008e+01 1.15770484e-01 5.49132435e-02
6.60202651e-71 -9.91047813e+02 6.52346316e+01 3.48481185e-01 5.70966057e-02
6.99730132e-71 -9.90969511e+02 5.97402547e+01 3.33143463e-01 6.32178986e-02
7.56134587e-71 -9.90886306e+02 6.28915963e+01 4.69234664e-01 5.69157827e-02
9.08033944e-71 -9.90613543e+02 6.99294169e+01 2.85600806e-01 5.07223280e-02
1.21448164e-70 -9.90303468e+02 6.46884188e+01 4.92644187e-01 5.42125051e-02
1.42153531e-70 -9.90268414e+02 7.24111999e+01 2.75880701e-01 3.82931698e-02
1.56590410e-70 -9.90109370e+02 6.31492023e+01 3.19809047e-01 5.03119993e-02
1.94304421e-70 -9.89841713e+02 6.00169137e+01 3.62338849e-01 6.22915601e-02
2.39030783e-70 -9.89677277e+02 6.58355111e+01 4.21680900e-01 4.71882137e-02
3.11088538e-70 -9.89331139e+02 8.12088647e+01 2.68669354e-01 3.47493159e-02
4.11065493e-70 -9.89097127e+02 6.11877854e+01 3.05057325e-01 5.44831223e-02
5.09484043e-70 -9.88892030e+02 7.30664933e+01 4.65519790e-01 4.36252747e-02
7.77644812e-70 -9.88316048e+02 7.79499301e+01 2.59296447e-01 3.98250259e-02
1.03355880e-69 -9.88236165e+02 6.10708692e+01 1.67087063e-01 6.16761468e-02
1.31787670e-69 -9.87857419e+02 7.00622865e+01 4.84737812e-01 4.36444903e-02
1.89565610e-69 -9.87498762e+02 6.95738264e+01 4.80975178e-01 4.83015538e-02
2.41352199e-69 -9.87341878e+02 6.13258000e+01 4.31129700e-01 5.84790207e-02
8.10566643e-69 -9.85683648e+02 6.82950068e+01 1.30712550e-01 4.53517513e-02
1.69213859e-68 -9.85282512e+02 7.21439542e+01 4.14097843e-01 4.62523576e-02
2.02491566e-68 -9.85277967e+02 7.75251160e+01 3.87754876e-01 3.90225903e-02
2.82633523e-68 -9.84693233e+02 6.58949728e+01 1.27965528e-01 4.87475676e-02
3.62992668e-68 -9.84686572e+02 6.23531293e+01 2.04350097e-01 5.22215356e-02
4.62796211e-68 -9.84248382e+02 7.03001422e+01 4.85917647e-01 4.68687356e-02
9.74285235e-68 -9.83342121e+02 6.17992201e+01 3.57335328e-01 5.38473709e-02
2.23493011e-67 -9.82539461e+02 5.96867914e+01 2.99587346e-01 6.32889638e-02
4.27253930e-67 -9.81964172e+02 6.10915641e+01 2.65487253e-01 5.47867963e-02
6.27592920e-67 -9.81699604e+02 6.93867486e+01 3.85319999e-01 4.21830965e-02
7.51091350e-67 -9.81584129e+02 6.42922276e+01 4.73013384e-01 5.18357038e-02
8.13196756e-67 -9.81531420e+02 6.60926062e+01 1.86455150e-01 5.56510460e-02
1.07340948e-66 -9.81073504e+02 7.87548850e+01 3.72560946e-01 3.58106408e-02
2.17699056e-66 -9.80231020e+02 6.69325898e+01 1.36314557e-01 4.68142510e-02
3.75808955e-66 -9.79840389e+02 6.90553812e+01 4.09006179e-01 5.05987438e-02
4.64212844e-66 -9.79765340e+02 6.96158540e+01 2.08977753e-01 5.07958115e-02
5.70958004e-66 -9.79444074e+02 6.25796765e+01 1.47747772e-01 5.90698145e-02
7.11291121e-66 -9.79298735e+02 7.42511585e+01 1.42697416e-01 4.05025884e-02
1.48451551e-65 -9.78232372e+02 6.15341097e+01 2.07015029e-01 5.42507584e-02
4.41567248e-65 -9.77129832e+02 6.12557715e+01 2.32351019e-01 5.46617967e-02
7.64935423e-65 -9.76855853e+02 6.20092825e+01 3.53216673e-01 5.35001405e-02
9.27045167e-65 -9.76724366e+02 7.12300467e+01 4.62972134e-01 4.21724172e-02
1.05684309e-64 -9.76587481e+02 7.70675483e+01 2.15397820e-01 4.04544467e-02
1.12701359e-64 -9.76584462e+02 6.11732887e+01 3.07303846e-01 6.23035528e-02
1.35070903e-64 -9.76247036e+02 7.97803837e+01 3.02769054e-01 3.67685116e-02
1.70920675e-64 -9.76085216e+02 7.39821489e+01 4.20199862e-01 4.32626422e-02
1.92591216e-64 -9.75997043e+02 7.03697276e+01 3.99087419e-01 4.14736929e-02
2.34582050e-64 -9.75703597e+02 6.56782850e+01 2.49781412e-01 5.66271802e-02
2.79751911e-64 -9.75618549e+02 7.38079295e+01 2.04610773e-01 4.47854457e-02
3.03257337e-64 -9.75535501e+02 7.44246347e+01 3.07876784e-01 3.70272549e-02
3.16134718e-64 -9.75527014e+02 7.22173756e+01 4.20300120e-01 4.01852913e-02
3.71314807e-64 -9.75229161e+02 6.26210502e+01 1.80488888e-01 6.01041741e-02
5.32712939e-64 -9.74818304e+02 7.81105481e+01 2.53737400e-01 3.93079027e-02
6.86749231e-64 -9.74677572e+02 6.35382691e+01 2.17361331e-01 5.94680677e-02
7.73226401e-64 -9.74572266e+02 7.99944964e+01 2.38392550e-01 3.46237243e-02
1.33358477e-63 -9.73744614e+02 6.22326130e+01 3.94171215e-01 5.96588210e-02
1.85249693e-63 -9.73741709e+02 7.49783608e+01 1.59680048e-01 4.16896835e-02
2.26681132e-63 -9.73368836e+02 7.03193591e+01 4.13517505e-01 4.85792110e-02
3.27953689e-63 -9.72996330e+02 7.91529816e+01 2.03661173e-01 3.61040219e-02
3.98335415e-63 -9.72939648e+02 6.70521659e+01 3.52527637e-01 5.40821915e-02
4.14753445e-63 -9.72908336e+02 6.66334797e+01 4.54657528e-01 5.27737915e-02
4.44114491e-63 -9.72798941e+02 6.60288672e+01 1.29042600e-01 5.33682005e-02
4.83813730e-63 -9.72728689e+02 6.56154668e+01 4.89974122e-01 5.17755759e-02
5.64624991e-63 -9.72495672e+02 7.90594848e+01 3.52589571e-01 3.56359634e-02
6.34879108e-63 -9.72474061e+02 7.44310008e+01 4.10000234e-01 3.84443924e-02
6.39802580e-63 -9.72473450e+02 7.22158708e+01 4.64280732e-01 4.17019635e-02
6.57513467e-63 -9.72413687e+02 6.66625512e+01 4.81275889e-01 4.83795093e-02
6.98956423e-63 -9.72344840e+02 6.11108777e+01 2.71108565e-01 5.50867062e-02
8.08067460e-63 -9.72127516e+02 6.30562519e+01 4.56253966e-01 5.56976347e-02
1.09581528e-62 -9.71752195e+02 6.21014947e+01 3.96557424e-01 5.44941314e-02
1.33033247e-62 -9.71698704e+02 6.89878204e+01 4.32003245e-01 4.36921966e-02
1.41525328e-62 -9.71622516e+02 6.74401369e+01 4.67396189e-01 5.12101152e-02
1.73692661e-62 -9.71305932e+02 6.44002882e+01 1.29976793e-01 5.54077734e-02
2.01092526e-62 -9.71297968e+02 6.99784015e+01 4.82469339e-01 4.44477219e-02
2.53362578e-62 -9.70880421e+02 5.96008920e+01 2.82149197e-01 6.19566770e-02
3.45585686e-62 -9.70641445e+02 6.92346868e+01 4.52103930e-01 4.39691984e-02
3.91724524e-62 -9.70609147e+02 7.29539270e+01 1.38123917e-01 4.28597155e-02
4.63666714e-62 -9.70318377e+02 7.24224187e+01 3.58408873e-01 4.63864475e-02
6.15737776e-62 -9.70034235e+02 6.26906852e+01 1.72733286e-01 5.27210201e-02
7.20610026e-62 -9.69977846e+02 6.30587121e+01 1.99384704e-01 5.12662160e-02
1.04510526e-61 -9.69373258e+02 7.45401752e+01 3.19888727e-01 4.38390157e-02
1.91304669e-61 -9.68763542e+02 6.07101641e+01 3.65584874e-01 5.82099537e-02
2.81749752e-61 -9.68516040e+02 7.43431453e+01 4.34899254e-01 4.19310634e-02
3.68794006e-61 -9.68224366e+02 7.69134316e+01 3.58509496e-01 4.00823643e-02
4.93641965e-61 -9.67927063e+02 7.11304386e+01 1.87199689e-01 4.05420882e-02
6.41207021e-61 -9.67686985e+02 6.01298067e+01 2.28055720e-01 5.86666499e-02
7.61993407e-61 -9.67564603e+02 6.47366514e+01 4.61184710e-01 5.10941563e-02
1.30472181e-60 -9.66759011e+02 6.62738812e+01 1.99141479e-01 5.52599511e-02
1.80640510e-60 -9.66749236e+02 6.76949137e+01 1.38134912e-01 4.61494852e-02
1.88902261e-60 -9.66664677e+02 6.36042672e+01 4.59076607e-01 5.41634433e-02
1.96771743e-60 -9.66659171e+02 8.01387090e+01 2.60674708e-01 3.48829698e-02
2.44617610e-60 -9.66261908e+02 6.00930952e+01 3.26439434e-01 6.12810216e-02
2.97339692e-60 -9.66223332e+02 7.26981126e+01 2.37729788e-01 3.85332190e-02
4.28013197e-60 -9.65616891e+02 6.16983990e+01 3.87726229e-01 5.57050644e-02
5.64036792e-60 -9.65574625e+02 7.52698247e+01 3.43106812e-01 4.25517478e-02
6.04263528e-60 -9.65474511e+02 7.91259169e+01 3.08339979e-01 3.73871360e-02
6.42917499e-60 -9.65441721e+02 6.64639065e+01 2.45081482e-01 5.52853828e-02
6.70843488e-60 -9.65383398e+02 6.35504418e+01 4.02709296e-01 5.77731142e-02
8.03220248e-60 -9.65094782e+02 6.46071294e+01 3.36599722e-01 5.75160680e-02
1.10527884e-59 -9.64747536e+02 7.01622316e+01 4.65661070e-01 4.37202761e-02
1.34126704e-59 -9.64672505e+02 6.24337671e+01 1.82032354e-01 5.99873056e-02
1.41222837e-59 -9.64636686e+02 6.87458314e+01 4.14892347e-01 5.05731453e-02
2.02721737e-59 -9.64032456e+02 6.48353115e+01 3.09739927e-01 4.78627466e-02
2.62295927e-59 -9.64024849e+02 6.29715941e+01 4.40483157e-01 5.47223591e-02
2.95520037e-59 -9.63799885e+02 6.56612272e+01 1.70651288e-01 5.55351217e-02
3.37337900e-59 -9.63741717e+02 6.68379043e+01 3.41943032e-01 4.51432982e-02
7.85264670e-59 -9.62477818e+02 6.56297904e+01 3.49679401e-01 4.70077078e-02
1.35470715e-58 -9.62278984e+02 6.22293050e+01 2.43860457e-01 6.09324687e-02
2.96252430e-58 -9.61182834e+02 6.88890936e+01 4.43654527e-01 4.95890590e-02
4.96420402e-58 -9.60965264e+02 7.87014647e+01 2.68406404e-01 3.81311212e-02
5.68001963e-58 -9.60896158e+02 6.13583766e+01 1.67432461e-01 5.71575595e-02
5.93855825e-58 -9.60868582e+02 7.28174247e+01 4.57046649e-01 4.27998653e-02
6.20026659e-58 -9.60804099e+02 6.96603091e+01 4.74915445e-01 4.49309933e-02
8.03538687e-58 -9.60385791e+02 6.41019983e+01 2.06651719e-01 4.94344734e-02
1.10939984e-57 -9.60125771e+02 6.43931838e+01 3.90920597e-01 5.68517562e-02
1.30588336e-57 -9.60038081e+02 6.58757125e+01 3.56535967e-01 4.67738420e-02
1.63349812e-57 -9.59698240e+02 6.30098425e+01 4.28465952e-01 5.40882202e-02
2.34971223e-57 -9.59312519e+02 7.25023856e+01 1.49487641e-01 4.45224305e-02
3.15116273e-57 -9.59081028e+02 6.05256843e+01 1.95762967e-01 5.89152710e-02
3.62589740e-57 -9.59012993e+02 7.21448179e+01 1.75490617e-01 4.62208558e-02
6.84192839e-57 -9.58033923e+02 6.12623341e+01 3.70020050e-01 5.70761689e-02
1.20347791e-56 -9.57677776e+02 6.03716524e+01 2.10893658e-01 5.90144684e-02
1.92021633e-56 -9.57134244e+02 6.07050207e+01 2.87460630e-01 5.70620744e-02
2.63212348e-56 -9.56973872e+02 6.97378106e+01 1.96904152e-01 5.00553552e-02
2.96036135e-56 -9.56887969e+02 6.21870102e+01 2.58173770e-01 5.29674992e-02
3.16906930e-56 -9.56829960e+02 6.38663973e+01 3.00052791e-01 5.86189499e-02
3.79836401e-56 -9.56539260e+02 7.30369106e+01 1.62248285e-01 4.43518910e-02
4.59506397e-56 -9.56424706e+02 6.58722640e+01 3.11777315e-01 5.57780219e-02
4.94512782e-56 -9.56382922e+02 6.68737830e+01 1.36757000e-01 4.77241439e-02
5.60933478e-56 -9.56176218e+02 7.21912183e+01 4.60336189e-01 4.30779554e-02
7.87065346e-56 -9.55736203e+02 6.93252789e+01 4.15483825e-01 4.33642241e-02
1.75607227e-55 -9.54750266e+02 6.66421737e+01 2.09523448e-01 4.55417216e-02
3.07762705e-55 -9.54403528e+02 7.35139821e+01 3.75912580e-01 3.88308906e-02
4.34584289e-55 -9.54053974e+02 6.74399590e+01 1.67959947e-01 4.53956938e-02
5.77082835e-55 -9.53813687e+02 6.23054655e+01 1.94186746e-01 6.00012705e-02
7.28018296e-55 -9.53581666e+02 6.17501741e+01 2.19411459e-01 6.09416044e-02
1.05843375e-54 -9.53102115e+02 6.59478372e+01 4.54702536e-01 5.27610686e-02
1.83756366e-54 -9.52503143e+02 7.77293222e+01 2.27148893e-01 3.90362853e-02
2.70025172e-54 -9.52252885e+02 6.37342971e+01 1.63932560e-01 5.74860565e-02
3.97747080e-54 -9.51765157e+02 6.81039567e+01 4.71346109e-01 4.70707897e-02
5.24910313e-54 -9.51636644e+02 6.69316106e+01 3.31487226e-01 5.40205670e-02
7.43579165e-54 -9.51123100e+02 7.93700094e+01 2.92742589e-01 3.56173820e-02
9.99101915e-54 -9.50979179e+02 6.80187166e+01 3.01386907e-01 5.26878129e-02
1.39873214e-53 -9.50496119e+02 6.30431455e+01 2.35329301e-01 5.95774295e-02
2.75281767e-53 -9.49710948e+02 6.57274839e+01 2.85423131e-01 4.66545542e-02
4.78313769e-53 -9.49280226e+02 6.16224381e+01 1.68002244e-01 5.86187263e-02
5.97305525e-53 -9.49215006e+02 7.11907562e+01 3.97276905e-01 4.12628736e-02
6.39259391e-53 -9.49138218e+02 6.63708412e+01 2.34940916e-01 4.57948514e-02
1.26779890e-52 -9.48097021e+02 6.96875901e+01 2.12530963e-01 5.01445331e-02
2.11967565e-52 -9.47858224e+02 6.51952568e+01 3.61937827e-01 5.59606055e-02
2.76693667e-52 -9.47564656e+02 6.59425854e+01 1.40766835e-01 4.91653904e-02
3.51740055e-52 -9.47360535e+02 7.23430278e+01 2.54422209e-01 3.90886693e-02
4.53201303e-52 -9.47062795e+02 6.54625408e+01 4.32645302e-01 4.94939642e-02
5.70598030e-52 -9.46879490e+02 6.48705105e+01 4.54010642e-01 5.29639538e-02
6.42563104e-52 -9.46811352e+02 6.80392313e+01 2.23471658e-01 4.37263065e-02
6.94093392e-52 -9.46719500e+02 7.80195871e+01 3.21886735e-01 3.82975618e-02
7.27907500e-52 -9.46707489e+02 7.78402699e+01 3.45957723e-01 3.65784351e-02
8.25747361e-52 -9.46474158e+02 6.19833967e+01 1.78101649e-01 5.53605498e-02
9.73942077e-52 -9.46360363e+02 6.89692240e+01 4.60863744e-01 4.81240984e-02
1.16542621e-51 -9.46119728e+02 6.56141025e+01 4.24979713e-01 5.39891201e-02
1.55038264e-51 -9.45794727e+02 6.73606518e+01 2.46286486e-01 4.44545326e-02
1.84526446e-51 -9.45739307e+02 7.11132552e+01 4.23507013e-01 4.64596088e-02
3.64410260e-51 -9.44689877e+02 7.26924824e+01 2.60416705e-01 4.61219745e-02
5.48452104e-51 -9.44651826e+02 6.17962890e+01 1.67500447e-01 5.74949471e-02
6.26375925e-51 -9.44429491e+02 6.92324025e+01 1.66922639e-01 4.35480297e-02
7.52469085e-51 -9.44272198e+02 7.42725479e+01 2.87626385e-01 4.39093654e-02
9.41243399e-51 -9.43988962e+02 6.93369554e+01 1.80829750e-01 5.00553542e-02
1.18732632e-50 -9.43790836e+02 6.16999176e+01 2.60566611e-01 6.08165501e-02
1.43340076e-50 -9.43604486e+02 7.90714380e+01 2.90128140e-01 3.62236640e-02
3.09169394e-50 -9.42519217e+02 6.40808666e+01 2.75613431e-01 5.80793605e-02
5.22137535e-50 -9.42282660e+02 7.34004949e+01 4.31582846e-01 4.20372919e-02
6.20447739e-50 -9.42157497e+02 6.48522791e+01 1.51564142e-01 5.04702883e-02
8.79262004e-50 -9.41640818e+02 6.15745524e+01 3.65223609e-01 5.84993828e-02
1.10091671e-49 -9.41635208e+02 7.10091337e+01 3.49131473e-01 4.78880669e-02
1.30019974e-49 -9.41325317e+02 6.26871556e+01 2.53708233e-01 5.97643868e-02
1.58063646e-49 -9.41216955e+02 6.09247993e+01 3.09966920e-01 6.03853313e-02
1.67412304e-49 -9.41200869e+02 6.14553092e+01 1.99487608e-01 5.64182164e-02
2.04167825e-49 -9.40844799e+02 6.79578466e+01 4.37744628e-01 5.03223882e-02
2.74079820e-49 -9.40589925e+02 7.52434839e+01 2.46146814e-01 3.71012829e-02
9.88386447e-49 -9.38899388e+02 7.32792993e+01 4.29098825e-01 4.22165664e-02
1.72811762e-48 -9.38824493e+02 6.51137332e+01 2.09580364e-01 4.82144605e-02
1.95952613e-48 -9.38647787e+02 6.74979590e+01 2.56757992e-01 4.43888533e-02
2.17735729e-48 -9.38599799e+02 6.22336430e+01 3.11164844e-01 5.98155567e-02
2.36357871e-48 -9.38480011e+02 7.42936593e+01 1.82520363e-01 4.27194055e-02
2.75461607e-48 -9.38292164e+02 6.06358162e+01 2.70401286e-01 5.89095803e-02
3.18247814e-48 -9.38178983e+02 6.60904721e+01 2.46084413e-01 5.52456729e-02
4.17517590e-48 -9.37779040e+02 6.11932900e+01 2.36387500e-01 5.66226060e-02
5.17944714e-48 -9.37702966e+02 6.93554004e+01 3.29029759e-01 5.03335717e-02
6.16549454e-48 -9.37439678e+02 7.69945957e+01 2.84294800e-01 3.99614229e-02
7.95572656e-48 -9.37185314e+02 6.49991478e+01 3.06666819e-01 5.65637532e-02
1.10830260e-47 -9.36792228e+02 6.26177709e+01 3.95163447e-01 5.55353703e-02
1.42234213e-47 -9.36646621e+02 6.73744872e+01 3.71244354e-01 5.25591955e-02
1.60130766e-47 -9.36545787e+02 6.94846192e+01 4.42108769e-01 4.78058792e-02
3.03235849e-47 -9.35583477e+02 6.85695472e+01 2.05314001e-01 5.13919355e-02
4.42074266e-47 -9.35562217e+02 7.49598331e+01 2.42874626e-01 4.27562989e-02
4.74109997e-47 -9.35440488e+02 7.29804470e+01 1.58892954e-01 4.12454736e-02
5.84308798e-47 -9.35154287e+02 7.52867259e+01 2.99227418e-01 4.22599738e-02
7.10044501e-47 -9.35027635e+02 6.91300721e+01 4.52711200e-01 4.58054900e-02
7.65928709e-47 -9.34992411e+02 6.73797773e+01 2.32688357e-01 4.47314073e-02
9.38561769e-47 -9.34644295e+02 7.26824040e+01 2.85122998e-01 4.59127149e-02
1.23035205e-46 -9.34426078e+02 6.12554368e+01 2.86666686e-01 6.04007595e-02
1.40138403e-46 -9.34366331e+02 6.15449530e+01 2.20178608e-01 6.01280586e-02
1.56692549e-46 -9.34201967e+02 7.54491930e+01 2.09352002e-01 3.76327892e-02
1.93575695e-46 -9.33946442e+02 6.47248446e+01 1.48634786e-01 5.14102037e-02
2.29812445e-46 -9.33838741e+02 6.68112350e+01 1.67055397e-01 5.29882961e-02
2.98646580e-46 -9.33450367e+02 7.07481067e+01 4.39579423e-01 4.35745981e-02
4.41051510e-46 -9.33053859e+02 6.84142796e+01 3.50147823e-01 5.13233487e-02
6.98569028e-46 -9.32548176e+02 6.54049842e+01 1.42477199e-01 5.31436214e-02
1.06880210e-45 -9.32169131e+02 7.23630720e+01 3.24087682e-01 4.60617902e-02
1.35060684e-45 -9.32041832e+02 6.22473154e+01 3.75893960e-01 5.62874967e-02
1.57094500e-45 -9.31864070e+02 6.74518064e+01 3.88071898e-01 5.20211789e-02
2.11605392e-45 -9.31470092e+02 7.51577929e+01 3.93455517e-01 4.00321686e-02
2.65780900e-45 -9.31365684e+02 6.19721459e+01 3.58974725e-01 5.81797889e-02
3.48955651e-45 -9.30957529e+02 7.00190526e+01 2.72906811e-01 4.15848492e-02
4.36117702e-45 -9.30873497e+02 7.60293638e+01 1.88450605e-01 3.86976840e-02
4.71269377e-45 -9.30795590e+02 6.97105282e+01 1.43143913e-01 4.70678333e-02
5.16645059e-45 -9.30684552e+02 7.61342532e+01 2.69081950e-01 4.10575045e-02
5.49804180e-45 -9.30661574e+02 7.53826551e+01 2.10409458e-01 3.77458450e-02
7.84273143e-45 -9.30057304e+02 6.08536382e+01 2.63718627e-01 5.92353375e-02
1.14832895e-44 -9.29816803e+02 6.22310135e+01 1.73505642e-01 5.69634000e-02
1.31628847e-44 -9.29763906e+02 6.70990986e+01 1.73680690e-01 5.26822557e-02
1.55499742e-44 -9.29494255e+02 7.43276088e+01 4.04999738e-01 4.08537153e-02
1.89488224e-44 -9.29349030e+02 6.37133428e+01 4.13193665e-01 5.47828565e-02
2.55340101e-44 -9.28929479e+02 6.45907366e+01 2.28292552e-01 5.69624895e-02
3.10473543e-44 -9.28907800e+02 7.64751649e+01 3.14270733e-01 3.68788010e-02
3.70534799e-44 -9.28593590e+02 7.55009571e+01 3.76984176e-01 3.87452957e-02
4.91120408e-44 -9.28330353e+02 6.89230157e+01 4.22678436e-01 4.49054015e-02
6.71836052e-44 -9.27974502e+02 6.45151649e+01 4.00997985e-01 5.11083630e-02
7.91073928e-44 -9.27965472e+02 7.24085959e+01 4.19592423e-01 4.38067258e-02
7.99778691e-44 -9.27946034e+02 6.39750869e+01 2.69675873e-01 5.78192940e-02
1.02719892e-43 -9.27506191e+02 6.96925673e+01 3.03481517e-01 4.98442959e-02
1.41718227e-43 -9.27262533e+02 6.51782396e+01 2.13496688e-01 5.60060836e-02
1.85914864e-43 -9.26964028e+02 6.53839607e+01 1.96979478e-01 5.54827175e-02
2.71066404e-43 -9.26526923e+02 6.64467480e+01 3.56629462e-01 5.37793436e-02
3.34111049e-43 -9.26492067e+02 7.67423710e+01 3.28797876e-01 3.71264428e-02
3.57737657e-43 -9.26386116e+02 7.45850997e+01 3.91711392e-01 4.11749119e-02
4.78463921e-43 -9.25948536e+02 7.01281702e+01 4.35947209e-01 4.43676506e-02
5.98940523e-43 -9.25883851e+02 6.48090714e+01 3.58717674e-01 5.58364238e-02
8.32965558e-43 -9.25351265e+02 7.18048407e+01 3.51007201e-01 4.05192428e-02
1.21375020e-42 -9.25073392e+02 7.61751122e+01 3.15383748e-01 4.05588992e-02
1.62974841e-42 -9.24760346e+02 6.45849825e+01 3.82697820e-01 5.55166855e-02
1.91192783e-42 -9.24723306e+02 7.70985001e+01 2.25444445e-01 3.70942622e-02
2.53216238e-42 -9.24247497e+02 6.85099028e+01 3.98158959e-01 5.01154091e-02
3.70779450e-42 -9.23923914e+02 7.26736385e+01 3.76123813e-01 4.46668602e-02
4.44460979e-42 -9.23853508e+02 7.10112296e+01 1.49894475e-01 4.40915883e-02
5.91205958e-42 -9.23397056e+02 6.77711585e+01 2.03381912e-01 5.22118627e-02
7.52989895e-42 -9.23313194e+02 6.47120352e+01 2.49627296e-01 5.67489529e-02
7.88749163e-42 -9.23295924e+02 6.80787964e+01 3.86895218e-01 4.51534104e-02
9.22726724e-42 -9.23012684e+02 7.54329431e+01 3.69839040e-01 3.87742188e-02
1.13205865e-41 -9.22865752e+02 6.68773266e+01 3.58488444e-01 4.62720052e-02
1.24401981e-41 -9.22812719e+02 6.80604716e+01 3.82826269e-01 5.10251451e-02
1.29553336e-41 -9.22777553e+02 7.71399232e+01 2.25487674e-01 3.87149619e-02
1.38328268e-41 -9.22677197e+02 6.84528765e+01 2.17166216e-01 4.38058202e-02
1.45164972e-41 -9.22671905e+02 7.12391725e+01 3.02666752e-01 4.75876873e-02
1.56407500e-41 -9.22526619e+02 7.23258519e+01 4.11394482e-01 4.16853148e-02
1.70441951e-41 -9.22488481e+02 7.72443010e+01 2.60954297e-01 3.66196804e-02
1.81771485e-41 -9.22393159e+02 7.46322714e+01 3.72128462e-01 4.17102763e-02
2.19707685e-41 -9.22119169e+02 6.52950174e+01 4.26429769e-01 5.26664736e-02
2.73825877e-41 -9.21935800e+02 6.15300358e+01 2.25049538e-01 5.92165302e-02
5.74907048e-41 -9.20884929e+02 7.27197493e+01 3.87346454e-01 4.42193864e-02
9.00400824e-41 -9.20770888e+02 7.45161856e+01 2.04098886e-01 3.86623504e-02
1.06714647e-40 -9.20547650e+02 7.23753969e+01 4.04365312e-01 4.14468753e-02
1.20746497e-40 -9.20505181e+02 6.74178299e+01 2.06181578e-01 4.53246962e-02
1.58819510e-40 -9.20044897e+02 7.79097269e+01 2.74099068e-01 3.74250191e-02
2.08595826e-40 -9.19905607e+02 7.73581933e+01 3.16219487e-01 3.74010393e-02
2.33888075e-40 -9.19806940e+02 7.65060452e+01 2.28775282e-01 3.98476294e-02
2.95723697e-40 -9.19457693e+02 7.61144566e+01 2.49692464e-01 3.71510971e-02
3.51982416e-40 -9.19421953e+02 7.44330126e+01 2.19583443e-01 3.84091477e-02
3.70391229e-40 -9.19350053e+02 6.14726810e+01 2.72332837e-01 5.69101145e-02
3.85514583e-40 -9.19334031e+02 6.64976419e+01 1.65419992e-01 4.78686815e-02
4.24945585e-40 -9.19156443e+02 6.28847113e+01 2.61380072e-01 5.27121400e-02
4.71563859e-40 -9.19111812e+02 6.52613516e+01 3.79453824e-01 5.46036211e-02
5.87402013e-40 -9.18743672e+02 6.93197707e+01 3.81871213e-01 4.91786217e-02
7.74693003e-40 -9.18529405e+02 6.73501304e+01 1.77169804e-01 4.61880427e-02
9.36168597e-40 -9.18354538e+02 6.87168681e+01 2.14618883e-01 4.36251892e-02
2.21271333e-39 -9.17141863e+02 7.31040419e+01 3.11602697e-01 4.48005332e-02
3.47613579e-39 -9.17097857e+02 6.39793630e+01 3.37963839e-01 5.68351483e-02
3.58570136e-39 -9.17072814e+02 7.15457302e+01 3.14486231e-01 4.69524465e-02
3.92640261e-39 -9.16915672e+02 6.48292575e+01 2.88488584e-01 5.63505651e-02
4.22379039e-39 -9.16913974e+02 6.15248512e+01 2.31954943e-01 5.87131973e-02
4.44163844e-39 -9.16811081e+02 7.21139684e+01 4.05734530e-01 4.18671649e-02
4.79968695e-39 -9.16750534e+02 7.24403232e+01 2.72816238e-01 4.59059895e-02
5.04218787e-39 -9.16705438e+02 6.87072873e+01 4.29697148e-01 4.60955279e-02
5.41462288e-39 -9.16603443e+02 6.44336475e+01 1.67643222e-01 5.52597269e-02
6.03072557e-39 -9.16484207e+02 6.26297486e+01 3.34094816e-01 5.79854316e-02
7.90354882e-39 -9.16090793e+02 6.68723152e+01 4.19873143e-01 4.81801624e-02
1.12034323e-38 -9.15767332e+02 6.49331279e+01 2.40277135e-01 4.88242151e-02
1.70911769e-38 -9.15273715e+02 6.19424514e+01 2.04234872e-01 5.75689843e-02
2.17881402e-38 -9.15215608e+02 7.66652465e+01 3.27983132e-01 3.89526441e-02
2.94623644e-38 -9.14722824e+02 7.02074010e+01 1.84805031e-01 4.27280585e-02
4.09208499e-38 -9.14503768e+02 7.59027285e+01 3.25750922e-01 4.04360845e-02
4.58500724e-38 -9.14476903e+02 6.43217062e+01 4.00478199e-01 5.42602936e-02
4.67064759e-38 -9.14459992e+02 6.64866723e+01 3.54105961e-01 4.70214056e-02
4.70824332e-38 -9.14454150e+02 7.14536794e+01 2.91050472e-01 4.05495443e-02
4.99824890e-38 -9.14337199e+02 6.80657522e+01 2.91768609e-01 5.18950078e-02
6.66265003e-38 -9.13913720e+02 6.89353643e+01 2.71609800e-01 5.07385882e-02
9.60346532e-38 -9.13582182e+02 6.85184892e+01 3.52369430e-01 4.42591165e-02
1.11535132e-37 -9.13580450e+02 7.29968700e+01 2.33531662e-01 3.93740787e-02
1.36206687e-37 -9.13209976e+02 6.96943628e+01 2.52797881e-01 4.23250772e-02
1.91420757e-37 -9.12885312e+02 6.80565846e+01 4.33956261e-01 4.79130692e-02
2.28995071e-37 -9.12819707e+02 7.35196596e+01 3.19404661e-01 3.90736213e-02
2.53969160e-37 -9.12675733e+02 7.13051381e+01 3.22060485e-01 4.71181998e-02
2.94937267e-37 -9.12515209e+02 6.19997132e+01 2.46618208e-01 5.89124557e-02
3.59339486e-37 -9.12281282e+02 6.74415258e+01 4.32229246e-01 4.88232004e-02
4.38521428e-37 -9.12104431e+02 7.23099681e+01 3.80272117e-01 4.47012327e-02
4.87352245e-37 -9.12056241e+02 7.23440979e+01 1.85894641e-01 4.49554472e-02
5.02943233e-37 -9.12034334e+02 7.30614109e+01 4.01000164e-01 4.17084640e-02
5.20166276e-37 -9.11982787e+02 7.71473191e+01 2.77769589e-01 3.71531373e-02
5.46879211e-37 -9.11927617e+02 6.35340376e+01 3.55704225e-01 5.27357792e-02
5.64394400e-37 -9.11912378e+02 7.41907050e+01 3.34334154e-01 4.28471425e-02
5.99089968e-37 -9.11804494e+02 7.15270602e+01 2.13628548e-01 4.08961386e-02
7.20711545e-37 -9.11549386e+02 7.65036106e+01 3.29552973e-01 3.81537733e-02
8.35265600e-37 -9.11487547e+02 6.77744495e+01 3.14507504e-01 5.20748169e-02
8.96597157e-37 -9.11401894e+02 7.52935151e+01 2.32696141e-01 3.79679515e-02
9.83042014e-37 -9.11297681e+02 7.66936404e+01 2.27430575e-01 3.89109943e-02
1.13827640e-36 -9.11108246e+02 6.93887241e+01 4.16110828e-01 4.77633278e-02
1.41722109e-36 -9.10859172e+02 6.70311253e+01 3.34359422e-01 4.60455381e-02
1.71734117e-36 -9.10707693e+02 7.29083685e+01 3.55263119e-01 4.43335770e-02
1.93416074e-36 -9.10611314e+02 6.43653251e+01 2.68562831e-01 4.99258626e-02
2.09930593e-36 -9.10536258e+02 6.19766330e+01 2.86174343e-01 5.86196989e-02
2.25410013e-36 -9.10462328e+02 7.69690866e+01 2.89907565e-01 3.73115534e-02
2.39917987e-36 -9.10404325e+02 7.45420503e+01 1.89483237e-01 4.13543072e-02
2.46066351e-36 -9.10404224e+02 6.40473855e+01 3.90888101e-01 5.32383224e-02
2.53373794e-36 -9.10340166e+02 6.90884448e+01 1.49826937e-01 4.67605263e-02
2.70666085e-36 -9.10265881e+02 7.27824928e+01 1.92420215e-01 4.04334853e-02
3.02111215e-36 -9.10117790e+02 6.31562370e+01 2.97717620e-01 5.79202585e-02
3.27185881e-36 -9.10094418e+02 7.14839137e+01 4.13225443e-01 4.31623418e-02
3.69484133e-36 -9.09879378e+02 6.23268051e+01 2.50832063e-01 5.86845268e-02
4.28059867e-36 -9.09784179e+02 7.21942465e+01 2.06536318e-01 4.56434486e-02
5.27709350e-36 -9.09475603e+02 6.38367820e+01 3.10871159e-01 5.12747175e-02
6.30341682e-36 -9.09399815e+02 6.21452966e+01 2.46345539e-01 5.86684078e-02
6.54412116e-36 -9.09392574e+02 6.20554779e+01 2.26727268e-01 5.83258606e-02
6.68386634e-36 -9.09351313e+02 6.90692688e+01 2.42810212e-01 4.31537208e-02
6.89500059e-36 -9.09323487e+02 7.01335293e+01 1.98010875e-01 4.25929185e-02
8.65611086e-36 -9.08928315e+02 6.28055435e+01 2.20177694e-01 5.37628646e-02
1.18877708e-35 -9.08661322e+02 6.46031274e+01 3.00534976e-01 4.96885734e-02
1.40911983e-35 -9.08566077e+02 7.15244699e+01 2.18849045e-01 4.08982788e-02
1.48031771e-35 -9.08553853e+02 7.19504497e+01 2.15554981e-01 4.61071058e-02
1.57916581e-35 -9.08433711e+02 7.52792973e+01 2.75392404e-01 3.78143359e-02
2.27282281e-35 -9.07888698e+02 7.56404571e+01 3.20418809e-01 3.80553684e-02
3.10646499e-35 -9.07734694e+02 7.46726320e+01 2.08268182e-01 3.89307871e-02
3.47153622e-35 -9.07655464e+02 6.27046603e+01 1.96899876e-01 5.71477674e-02
3.93659745e-35 -9.07482501e+02 7.16919030e+01 2.25278629e-01 4.65645475e-02
4.37322560e-35 -9.07431618e+02 7.24847045e+01 1.67668352e-01 4.27820346e-02
5.56827748e-35 -9.07031740e+02 6.50921953e+01 2.21956030e-01 4.89898574e-02
7.22841638e-35 -9.06869921e+02 7.46861381e+01 3.34434260e-01 3.87378271e-02
8.54903865e-35 -9.06690945e+02 6.98054919e+01 2.64585907e-01 4.23249821e-02
1.20371877e-34 -9.06224753e+02 6.25046296e+01 3.17836155e-01 5.50307435e-02
1.58523065e-34 -9.06084711e+02 6.85327164e+01 1.64505586e-01 4.57390804e-02
2.12427638e-34 -9.05670405e+02 7.45737317e+01 3.67358372e-01 3.99868059e-02
2.70317556e-34 -9.05556686e+02 6.47515182e+01 2.47361700e-01 5.61609304e-02
3.39632596e-34 -9.05230471e+02 7.01366773e+01 2.76951400e-01 4.20112787e-02
4.07587866e-34 -9.05160000e+02 6.74170180e+01 3.43710567e-01 5.20551332e-02
4.45880443e-34 -9.05046220e+02 7.37166284e+01 3.46996031e-01 3.95804335e-02
4.71130029e-34 -9.05039953e+02 7.47918159e+01 2.78024712e-01 4.22817329e-02
5.51098003e-34 -9.04747329e+02 6.68202095e+01 3.03131188e-01 5.32950179e-02
6.88979249e-34 -9.04572961e+02 6.80399721e+01 3.96934503e-01 5.00339498e-02
9.08656508e-34 -9.04211973e+02 6.27585449e+01 2.63381559e-01 5.81473733e-02
1.09227807e-33 -9.04166316e+02 6.83384421e+01 3.94570992e-01 4.96931809e-02
1.16551374e-33 -9.04076997e+02 6.20637750e+01 2.81615631e-01 5.80444397e-02
1.26243730e-33 -9.03999407e+02 7.69396866e+01 2.54538425e-01 3.80227284e-02
1.35401356e-33 -9.03929983e+02 6.75366318e+01 3.67979971e-01 4.60988952e-02
1.40416976e-33 -9.03918832e+02 6.72493907e+01 4.12631423e-01 5.02986545e-02
1.44621530e-33 -9.03865013e+02 7.03814892e+01 3.20076481e-01 4.20329206e-02
1.57424860e-33 -9.03745373e+02 6.31859918e+01 3.22774680e-01 5.32634911e-02
1.85110216e-33 -9.03541180e+02 6.35449414e+01 3.67867498e-01 5.41362957e-02
2.10806765e-33 -9.03469611e+02 6.69116053e+01 4.18207745e-01 5.00293815e-02
2.47009669e-33 -9.03230530e+02 6.87893674e+01 1.87642783e-01 4.99135951e-02
3.02106773e-33 -9.03053792e+02 6.19713615e+01 2.57396775e-01 5.79092906e-02
3.34593581e-33 -9.03012235e+02 7.18369765e+01 3.96665552e-01 4.24471959e-02
3.48730597e-33 -9.02964508e+02 7.00429037e+01 1.66031978e-01 4.42204387e-02
3.76753580e-33 -9.02853505e+02 7.14808465e+01 4.01362164e-01 4.29371184e-02
4.05673648e-33 -9.02807390e+02 6.42092651e+01 3.44464263e-01 5.58420902e-02
4.59157918e-33 -9.02608501e+02 6.67504385e+01 4.17036255e-01 4.96886446e-02
5.47719130e-33 -9.02444815e+02 6.69347766e+01 1.98940644e-01 5.27143452e-02
6.08082432e-33 -9.02386897e+02 7.15061363e+01 2.54020096e-01 4.07589558e-02
6.33393017e-33 -9.02355998e+02 6.41441934e+01 3.81847935e-01 5.33068196e-02
7.57633728e-33 -9.02045752e+02 6.27096454e+01 2.02093605e-01 5.54056279e-02
9.01152644e-33 -9.01979523e+02 6.39532204e+01 3.76858251e-01 5.36185713e-02
9.54954786e-33 -9.01922825e+02 7.30239837e+01 1.99553011e-01 4.03219941e-02
1.04031797e-32 -9.01804336e+02 6.20688121e+01 2.90108524e-01 5.70158530e-02
1.27945240e-32 -9.01519119e+02 7.43572227e+01 2.02963113e-01 4.19464576e-02
1.47058396e-32 -9.01499058e+02 7.60318877e+01 2.56654491e-01 3.78074286e-02
1.54655212e-32 -9.01413457e+02 6.48344699e+01 2.32194434e-01 5.58379272e-02
1.78783402e-32 -9.01210861e+02 7.58074065e+01 2.98655532e-01 3.79872021e-02
2.11256245e-32 -9.01067871e+02 6.44526268e+01 3.76220435e-01 5.19841186e-02
2.32746048e-32 -9.01006294e+02 7.32589744e+01 3.80065377e-01 4.25371083e-02
2.92181590e-32 -9.00638958e+02 7.04192288e+01 1.86394793e-01 4.29055603e-02
3.48018839e-32 -9.00616457e+02 7.40807741e+01 3.36192116e-01 4.25914116e-02
4.31810784e-32 -9.00236577e+02 7.00240098e+01 1.63761562e-01 4.46088266e-02
5.18448217e-32 -9.00208431e+02 7.14336571e+01 3.40728441e-01 4.63841673e-02
5.59071632e-32 -9.00082792e+02 7.27893971e+01 3.68102627e-01 4.38097000e-02
6.04590126e-32 -9.00041708e+02 7.09874669e+01 2.00815637e-01 4.19592059e-02
6.83370911e-32 -8.99840813e+02 7.62492329e+01 2.75459831e-01 3.78133587e-02
7.52281203e-32 -8.99832851e+02 6.36973133e+01 2.62280823e-01 5.16710569e-02
8.22431180e-32 -8.99663033e+02 6.61707468e+01 2.19589932e-01 4.74775878e-02
1.13166728e-31 -8.99227649e+02 7.58592600e+01 2.64639271e-01 4.04307856e-02
1.77237254e-31 -8.98765117e+02 7.01935801e+01 3.79400718e-01 4.33811191e-02
2.67172669e-31 -8.98383380e+02 6.59435063e+01 2.48459405e-01 4.76111323e-02
3.76165596e-31 -8.98063460e+02 7.19880617e+01 1.92369386e-01 4.14369867e-02
4.74237714e-31 -8.97894975e+02 6.25820742e+01 2.79614855e-01 5.77069058e-02
5.23928445e-31 -8.97850909e+02 7.27103302e+01 2.11600718e-01 4.03500960e-02
6.71480205e-31 -8.97434595e+02 7.51169121e+01 2.51329431e-01 4.15082765e-02
8.40217614e-31 -8.97354485e+02 7.36681096e+01 3.60774916e-01 4.03315715e-02
1.03190876e-30 -8.97039957e+02 6.57815454e+01 1.71091435e-01 4.98013631e-02
1.32406142e-30 -8.96835086e+02 6.65440248e+01 3.28566070e-01 4.71026151e-02
1.52044864e-30 -8.96748114e+02 6.71566599e+01 2.70151102e-01 5.27814953e-02
1.68807674e-30 -8.96621384e+02 7.46421741e+01 3.30005650e-01 4.16472004e-02
2.18772878e-30 -8.96252691e+02 7.58498712e+01 2.52193421e-01 3.81435250e-02
2.58526361e-30 -8.96247016e+02 7.22128422e+01 3.72818185e-01 4.15822644e-02
2.63619476e-30 -8.96207401e+02 7.33927699e+01 3.35088285e-01 3.98747557e-02
2.70486549e-30 -8.96188625e+02 6.62390156e+01 4.04765895e-01 5.07341486e-02
2.79315792e-30 -8.96137081e+02 6.64295169e+01 2.64975938e-01 4.68837241e-02
3.20695173e-30 -8.95917084e+02 6.76262755e+01 1.76225425e-01 4.66731530e-02
3.86426975e-30 -8.95752232e+02 6.75103076e+01 2.40868884e-01 5.22297936e-02
4.31541927e-30 -8.95683964e+02 6.48023626e+01 3.44677584e-01 5.04532285e-02
4.75048941e-30 -8.95556373e+02 7.14025982e+01 3.59927435e-01 4.59293136e-02
5.04182375e-30 -8.95554202e+02 7.12445759e+01 1.69290806e-01 4.36384892e-02
5.33379576e-30 -8.95440363e+02 7.14079644e+01 3.80826181e-01 4.24818332e-02
5.83537622e-30 -8.95365941e+02 6.69673280e+01 2.77949533e-01 4.61290226e-02
6.26331930e-30 -8.95292142e+02 6.35715952e+01 3.49232138e-01 5.37649547e-02
6.54428850e-30 -8.95270279e+02 6.81016036e+01 1.92931843e-01 5.07574190e-02
6.85748785e-30 -8.95193349e+02 7.35535131e+01 2.67098689e-01 3.92545577e-02
7.33968278e-30 -8.95127325e+02 6.59289559e+01 1.65095572e-01 5.20994643e-02
7.62687946e-30 -8.95108922e+02 6.69738468e+01 4.00145754e-01 5.06403349e-02
8.49016719e-30 -8.94915467e+02 6.76889235e+01 1.94696033e-01 4.59429401e-02
9.29147634e-30 -8.94912549e+02 7.14483279e+01 3.50951896e-01 4.16918958e-02
9.62874443e-30 -8.94838856e+02 6.31282018e+01 2.70256698e-01 5.73684418e-02
1.11897149e-29 -8.94616398e+02 6.52144256e+01 2.31802652e-01 5.51398481e-02
1.27536904e-29 -8.94559025e+02 6.53310043e+01 3.74964666e-01 5.03694707e-02
1.33173665e-29 -8.94522752e+02 6.69761885e+01 2.34205998e-01 4.62637488e-02
1.42662391e-29 -8.94417172e+02 6.30453207e+01 2.31530255e-01 5.37901647e-02
1.60464150e-29 -8.94282653e+02 7.23129347e+01 3.47725382e-01 4.09416317e-02
1.73086747e-29 -8.94254746e+02 7.35877609e+01 3.46607770e-01 4.00848344e-02
1.78167033e-29 -8.94218278e+02 6.61391336e+01 3.98490486e-01 5.13503543e-02
1.81503382e-29 -8.94210667e+02 6.36094733e+01 3.27051508e-01 5.28542056e-02
1.82914462e-29 -8.94196171e+02 6.30917685e+01 2.79867717e-01 5.72935122e-02
1.90510587e-29 -8.94123887e+02 6.91767765e+01 1.70222386e-01 4.82746016e-02
2.31546351e-29 -8.93820925e+02 6.33080080e+01 2.61292332e-01 5.28696792e-02
2.93827996e-29 -8.93627301e+02 6.70383464e+01 1.89767619e-01 4.70407951e-02
3.32247488e-29 -8.93560263e+02 6.54171147e+01 1.79454326e-01 5.01625448e-02
3.86845272e-29 -8.93328618e+02 7.42673036e+01 3.54423261e-01 4.11998881e-02
4.40887290e-29 -8.93279302e+02 7.09580846e+01 3.45449441e-01 4.20909757e-02
5.01593380e-29 -8.93073884e+02 7.53593213e+01 2.75367622e-01 4.09912772e-02
5.59521326e-29 -8.93043759e+02 6.76792564e+01 3.75875098e-01 5.06332978e-02
6.36857007e-29 -8.92820509e+02 6.70843487e+01 2.28915204e-01 4.62112485e-02
7.46334974e-29 -8.92710437e+02 6.87159138e+01 3.73759870e-01 4.92972603e-02
8.13526543e-29 -8.92639669e+02 6.49968740e+01 1.74887371e-01 5.14768442e-02
8.59373417e-29 -8.92593415e+02 7.49995865e+01 2.48128414e-01 4.14811075e-02
9.02422908e-29 -8.92535556e+02 6.91376653e+01 1.95458275e-01 4.92844448e-02
9.73991503e-29 -8.92435772e+02 7.09509467e+01 2.43953723e-01 4.15739763e-02
1.10949181e-28 -8.92272555e+02 6.38238656e+01 3.53396132e-01 5.35370923e-02
1.34259234e-28 -8.92053082e+02 6.46958187e+01 3.17633031e-01 5.03230084e-02
1.66528320e-28 -8.91834966e+02 6.79451798e+01 1.67102352e-01 4.70522992e-02
2.26662210e-28 -8.91454026e+02 6.74177787e+01 2.74630903e-01 5.22743073e-02
2.76913891e-28 -8.91392698e+02 6.93841197e+01 1.67616892e-01 4.75785281e-02
2.91995417e-28 -8.91341035e+02 6.65172001e+01 2.07572214e-01 5.30689894e-02
3.04062734e-28 -8.91304713e+02 7.01863041e+01 3.71302864e-01 4.72492629e-02
3.22281806e-28 -8.91219480e+02 7.56108746e+01 2.62070238e-01 4.04613056e-02
3.38472494e-28 -8.91198321e+02 7.08718128e+01 1.79740584e-01 4.31947452e-02
3.47136886e-28 -8.91162481e+02 7.06304305e+01 1.71023030e-01 4.58201061e-02
3.57327620e-28 -8.91133684e+02 7.53855876e+01 2.81049054e-01 4.08336676e-02
3.71651107e-28 -8.91077794e+02 6.58259053e+01 2.07819191e-01 4.85303618e-02
5.02341102e-28 -8.90583958e+02 6.90782808e+01 2.69788856e-01 4.35241925e-02
7.23935151e-28 -8.90300023e+02 6.72641036e+01 2.10110676e-01 5.20923928e-02
8.42478858e-28 -8.90254441e+02 6.85408639e+01 3.07505086e-01 4.43401108e-02
9.68396675e-28 -8.90027149e+02 6.68145514e+01 2.77741498e-01 4.65011525e-02
1.49624196e-27 -8.89447582e+02 6.80637014e+01 3.97051026e-01 4.70333705e-02
1.92493230e-27 -8.89433847e+02 7.52578653e+01 2.81450469e-01 4.09685067e-02
2.18341545e-27 -8.89202259e+02 6.70463448e+01 3.12989749e-01 4.64145290e-02
2.66486529e-27 -8.89023284e+02 7.43508980e+01 2.07955473e-01 4.00949704e-02
3.00097669e-27 -8.88951331e+02 7.00958427e+01 2.01898270e-01 4.31359118e-02
3.14225245e-27 -8.88923524e+02 6.33650115e+01 2.09494293e-01 5.39881088e-02
3.47762679e-27 -8.88749246e+02 7.46640791e+01 2.37368548e-01 3.90356439e-02
3.88972731e-27 -8.88686297e+02 6.54535601e+01 2.31157252e-01 5.46334885e-02
4.00835961e-27 -8.88681519e+02 6.73395605e+01 3.92314933e-01 5.01697791e-02
4.01267770e-27 -8.88677487e+02 6.74711138e+01 4.02425896e-01 4.87800725e-02
4.70759084e-27 -8.88377795e+02 6.38452928e+01 3.01421806e-01 5.21155122e-02
5.64544853e-27 -8.88287167e+02 7.10743609e+01 2.87319671e-01 4.15200066e-02
5.97254204e-27 -8.88256673e+02 6.71380451e+01 1.70740415e-01 4.81236366e-02
6.39639361e-27 -8.88146205e+02 6.54858684e+01 2.89663088e-01 4.87253846e-02
6.76867494e-27 -8.88133864e+02 6.30218804e+01 2.94297439e-01 5.43472443e-02
8.84073402e-27 -8.87660812e+02 6.54164192e+01 3.52747524e-01 5.36787168e-02
1.22253138e-26 -8.87436098e+02 7.39293111e+01 2.16860925e-01 4.24690017e-02
1.37654664e-26 -8.87404500e+02 7.47777178e+01 3.05641872e-01 3.90457088e-02
1.50076164e-26 -8.87261511e+02 7.44927657e+01 2.70477393e-01 4.21540283e-02
1.61510203e-26 -8.87245947e+02 6.41657741e+01 3.52804485e-01 5.29562909e-02
1.66475001e-26 -8.87194892e+02 7.00339881e+01 1.70557932e-01 4.64646784e-02
1.72308245e-26 -8.87169916e+02 7.14242542e+01 2.80201531e-01 4.65968227e-02
1.82001908e-26 -8.87080610e+02 6.53763749e+01 2.75737804e-01 5.47753695e-02
1.91624956e-26 -8.87058345e+02 7.39641303e+01 3.34459497e-01 3.99576138e-02
2.04341872e-26 -8.86948345e+02 6.84044223e+01 2.88219486e-01 4.44763158e-02
2.19098363e-26 -8.86909589e+02 7.40751413e+01 2.03978460e-01 4.05692849e-02
2.34541579e-26 -8.86807685e+02 6.81523203e+01 2.99588283e-01 4.48647137e-02
2.78688483e-26 -8.86569558e+02 6.56091162e+01 1.71844969e-01 5.21196934e-02
3.26002846e-26 -8.86475476e+02 6.80931088e+01 1.64129347e-01 4.79195767e-02
3.65100088e-26 -8.86338824e+02 6.62113109e+01 2.34305344e-01 5.36338033e-02
3.97247566e-26 -8.86295841e+02 7.13283670e+01 3.47541538e-01 4.59610376e-02
4.11127609e-26 -8.86263284e+02 7.06245986e+01 3.48573926e-01 4.69537965e-02
4.29198007e-26 -8.86203776e+02 6.58899940e+01 2.05334334e-01 4.86718685e-02
4.87472819e-26 -8.86010441e+02 6.46799066e+01 3.04037388e-01 5.04385870e-02
5.78193046e-26 -8.85852661e+02 7.41611013e+01 3.06345771e-01 4.23674035e-02
7.54828303e-26 -8.85496032e+02 6.89677972e+01 3.78598532e-01 4.52874026e-02
1.03567918e-25 -8.85203107e+02 6.45207604e+01 2.26637059e-01 5.08346721e-02
1.19651624e-25 -8.85179428e+02 7.33104105e+01 2.05020108e-01 4.29956637e-02
1.23358367e-25 -8.85135769e+02 6.58978231e+01 3.29964022e-01 5.35288524e-02
1.40919143e-25 -8.84917949e+02 6.58444596e+01 3.47396355e-01 5.32245903e-02
1.57422479e-25 -8.84895903e+02 6.38278414e+01 2.14633165e-01 5.27342796e-02
1.60907312e-25 -8.84867581e+02 7.26771638e+01 2.76401993e-01 4.02007138e-02
1.65549304e-25 -8.84832474e+02 6.99265678e+01 3.55193967e-01 4.35986258e-02
1.77992153e-25 -8.84718900e+02 6.33701431e+01 3.09686373e-01 5.59510057e-02
1.98257024e-25 -8.84609914e+02 6.67084332e+01 3.08906734e-01 5.27892124e-02
2.21945297e-25 -8.84487299e+02 6.56738488e+01 3.07320390e-01 5.40886778e-02
2.37371376e-25 -8.84465234e+02 6.88647930e+01 3.19748950e-01 4.97883392e-02
2.65501744e-25 -8.84266399e+02 6.99441215e+01 3.00389469e-01 4.84782297e-02
2.97404903e-25 -8.84222251e+02 7.49477319e+01 2.39975039e-01 3.91467658e-02
3.23486562e-25 -8.84095165e+02 6.48083870e+01 2.26676198e-01 5.51389840e-02
3.44950297e-25 -8.84083112e+02 7.38579384e+01 2.28071512e-01 4.26974727e-02
4.04249842e-25 -8.83792279e+02 7.15826637e+01 3.61496146e-01 4.22848273e-02
4.94229130e-25 -8.83657959e+02 6.65214764e+01 3.68613011e-01 4.85482413e-02
5.25883636e-25 -8.83656955e+02 7.40375948e+01 2.99452004e-01 3.94603381e-02
5.56100234e-25 -8.83542821e+02 6.93329298e+01 3.80938932e-01 4.77670630e-02
6.04314701e-25 -8.83481686e+02 7.20831551e+01 2.52871557e-01 4.07526468e-02
6.91533428e-25 -8.83276142e+02 7.15230434e+01 3.61412780e-01 4.23538499e-02
7.83125843e-25 -8.83216609e+02 6.40345070e+01 2.18356941e-01 5.22083452e-02
8.27582634e-25 -8.83158999e+02 6.90666504e+01 3.96298482e-01 4.69209942e-02
8.71011472e-25 -8.83107494e+02 6.76201802e+01 1.72822525e-01 4.76110437e-02
9.32898199e-25 -8.83016469e+02 6.31772884e+01 2.84975283e-01 5.41620225e-02
9.96476350e-25 -8.82967509e+02 7.20273039e+01 3.68820542e-01 4.40381649e-02
1.11502244e-24 -8.82792089e+02 6.86356938e+01 3.73069966e-01 4.89739568e-02
1.33106090e-24 -8.82607475e+02 6.50877435e+01 3.63069950e-01 5.13817618e-02
1.45832211e-24 -8.82594347e+02 6.75664855e+01 1.73975336e-01 5.00847360e-02
1.86619120e-24 -8.82155348e+02 7.09914091e+01 1.88752856e-01 4.30525691e-02
2.33512907e-24 -8.82092544e+02 7.22179334e+01 3.70460937e-01 4.25206833e-02
2.42666226e-24 -8.82070924e+02 6.71214790e+01 3.34165036e-01 4.68287032e-02
2.69735688e-24 -8.81883070e+02 7.36928468e+01 3.48983970e-01 4.12463525e-02
3.23953961e-24 -8.81697718e+02 7.13359827e+01 2.21962718e-01 4.17689688e-02
3.54185380e-24 -8.81689417e+02 7.17989998e+01 2.64984637e-01 4.59390527e-02
3.67236914e-24 -8.81619881e+02 6.69354643e+01 3.81198618e-01 4.85431892e-02
3.99036899e-24 -8.81518051e+02 7.21300596e+01 2.95127269e-01 4.08172292e-02
4.33705010e-24 -8.81445334e+02 7.24975541e+01 2.53377544e-01 4.04779697e-02
4.61681672e-24 -8.81385933e+02 6.64937283e+01 3.79067611e-01 5.11516977e-02
4.87852158e-24 -8.81328352e+02 6.50562081e+01 2.37579828e-01 4.98062358e-02
5.57295140e-24 -8.81122825e+02 7.40108847e+01 2.23616721e-01 3.99662191e-02
6.25238951e-24 -8.81081503e+02 6.87216973e+01 3.59116032e-01 4.52126021e-02
6.42185683e-24 -8.81062348e+02 7.04409640e+01 2.19018537e-01 4.26765031e-02
6.58935629e-24 -8.81023634e+02 6.45816837e+01 1.87246147e-01 5.31102722e-02
6.75267514e-24 -8.81006425e+02 6.36266990e+01 3.14675212e-01 5.54231549e-02
6.99549880e-24 -8.80947127e+02 6.31548659e+01 2.61853273e-01 5.42908326e-02
8.35014616e-24 -8.80664737e+02 6.70937341e+01 3.52730311e-01 4.73065181e-02
1.18626353e-23 -8.80259207e+02 6.86535984e+01 3.63326971e-01 4.91215382e-02
1.57966513e-23 -8.80054859e+02 6.83272096e+01 3.79881322e-01 4.64676335e-02
1.80080342e-23 -8.79981437e+02 6.54898642e+01 2.62486706e-01 5.44064770e-02
1.86429186e-23 -8.79977563e+02 7.27985117e+01 3.56904614e-01 4.17139596e-02
1.87482505e-23 -8.79963559e+02 7.17241674e+01 2.76273623e-01 4.11275669e-02
1.96651279e-23 -8.79877228e+02 6.95296280e+01 2.36134339e-01 4.34420229e-02
2.66385907e-23 -8.79403581e+02 6.93339109e+01 3.64018570e-01 4.81304665e-02
3.33502607e-23 -8.79365948e+02 6.95425380e+01 3.90006272e-01 4.62354543e-02
3.40715103e-23 -8.79353817e+02 7.08862170e+01 3.58398800e-01 4.29806884e-02
3.55634099e-23 -8.79275093e+02 6.88128375e+01 3.81410524e-01 4.81778779e-02
4.03922475e-23 -8.79098736e+02 6.51436558e+01 3.63848103e-01 5.19507103e-02
5.23720183e-23 -8.78768366e+02 7.50337489e+01 2.61066624e-01 3.92155652e-02
6.41969238e-23 -8.78660651e+02 7.16635121e+01 3.20489041e-01 4.15573695e-02
7.40906670e-23 -8.78480267e+02 7.23237631e+01 1.96674243e-01 4.19799562e-02
8.43900287e-23 -8.78387694e+02 6.41328906e+01 1.99853625e-01 5.35056246e-02
8.82277241e-23 -8.78382532e+02 6.65743627e+01 2.71427974e-01 4.72124472e-02
9.34238038e-23 -8.78269760e+02 7.11661629e+01 3.58839376e-01 4.28138825e-02
1.11929664e-22 -8.78026060e+02 7.28427201e+01 3.56755594e-01 4.20121579e-02
1.46000170e-22 -8.77737556e+02 6.66008260e+01 3.71831120e-01 4.89715470e-02
1.77337622e-22 -8.77613611e+02 6.44993659e+01 3.04675385e-01 5.12571419e-02
2.14015436e-22 -8.77366326e+02 7.34456998e+01 2.86072531e-01 4.33353698e-02
2.39824316e-22 -8.77363991e+02 6.57163323e+01 3.57215200e-01 5.00674542e-02
2.44183717e-22 -8.77324039e+02 6.69925945e+01 2.89504947e-01 5.23441302e-02
2.64563709e-22 -8.77200431e+02 7.23660865e+01 2.70724233e-01 4.06735328e-02
2.81369628e-22 -8.77190417e+02 7.03938396e+01 3.08487131e-01 4.26508379e-02
2.84828674e-22 -8.77169424e+02 6.59345399e+01 3.54962577e-01 5.24661447e-02
2.98524483e-22 -8.77091251e+02 6.91052429e+01 2.74048305e-01 4.38663002e-02
3.24213641e-22 -8.76998298e+02 6.74890926e+01 3.37888054e-01 4.65577183e-02
3.86459019e-22 -8.76746943e+02 7.05886827e+01 2.07088211e-01 4.69407042e-02
4.47938287e-22 -8.76681694e+02 6.99876005e+01 3.53594563e-01 4.38333087e-02
5.04194131e-22 -8.76509974e+02 6.55261257e+01 2.25355702e-01 5.39986596e-02
5.45596887e-22 -8.76509838e+02 6.85417207e+01 2.32964702e-01 4.47298192e-02
5.64835313e-22 -8.76435396e+02 6.46731598e+01 2.55580921e-01 5.51410435e-02
5.93177220e-22 -8.76404124e+02 6.90236318e+01 2.18018463e-01 4.93647224e-02
6.50023317e-22 -8.76251299e+02 7.29231824e+01 3.41566974e-01 4.31390546e-02
7.03522548e-22 -8.76233530e+02 7.13568577e+01 2.23126598e-01 4.61187082e-02
7.17589442e-22 -8.76205170e+02 7.11239059e+01 3.34418172e-01 4.61307356e-02
8.09356613e-22 -8.75996822e+02 6.83774340e+01 3.86873124e-01 4.75445597e-02
9.76824180e-22 -8.75819407e+02 6.64757781e+01 2.32957524e-01 4.76258874e-02
1.07152414e-21 -8.75797368e+02 6.50807097e+01 2.06743130e-01 5.40141949e-02
1.08122940e-21 -8.75794599e+02 6.56791014e+01 2.72092617e-01 4.87723134e-02
1.25762753e-21 -8.75508804e+02 6.95116789e+01 3.72790653e-01 4.73405594e-02
1.44846651e-21 -8.75485175e+02 7.17617915e+01 2.89845577e-01 4.57281799e-02
1.48237359e-21 -8.75455945e+02 6.59412075e+01 3.55349950e-01 4.96709643e-02
1.50172671e-21 -8.75452367e+02 6.65515475e+01 3.38936311e-01 4.80857018e-02
1.65013184e-21 -8.75269184e+02 6.80940698e+01 3.58656252e-01 4.97504576e-02
1.81401909e-21 -8.75248066e+02 6.89240336e+01 3.85733031e-01 4.69816255e-02
1.87449330e-21 -8.75197470e+02 7.06334183e+01 2.42636423e-01 4.73298086e-02
2.14827187e-21 -8.74979928e+02 6.92667191e+01 3.59370397e-01 4.81431445e-02
2.53515072e-21 -8.74851921e+02 6.39456719e+01 3.19087140e-01 5.44832110e-02
2.78622404e-21 -8.74781548e+02 6.49395226e+01 3.50018977e-01 5.20055973e-02
3.11340749e-21 -8.74627866e+02 7.27795207e+01 2.57178811e-01 4.42808137e-02
3.34338465e-21 -8.74626463e+02 6.52162753e+01 3.22629657e-01 5.02211983e-02
3.38941082e-21 -8.74594126e+02 6.60631450e+01 3.31679145e-01 4.88044344e-02
3.53390610e-21 -8.74536870e+02 6.44176832e+01 3.37051771e-01 5.35662872e-02
3.90576315e-21 -8.74391808e+02 7.28905866e+01 2.24087210e-01 4.08216320e-02
4.26538188e-21 -8.74349254e+02 6.50355569e+01 3.19621781e-01 5.41088487e-02
5.38924983e-21 -8.73955470e+02 7.14112618e+01 2.24199215e-01 4.59751557e-02
7.25153562e-21 -8.73723848e+02 6.64806234e+01 2.33325473e-01 5.28381632e-02
9.11963446e-21 -8.73490573e+02 7.10233098e+01 3.72357800e-01 4.45306386e-02
1.15562535e-20 -8.73245056e+02 6.63620372e+01 3.67091088e-01 5.11558580e-02
1.33652386e-20 -8.73179111e+02 7.30056102e+01 2.68999230e-01 4.03421740e-02
1.38582972e-20 -8.73164910e+02 7.37333548e+01 2.32931817e-01 4.24608169e-02
1.45286680e-20 -8.73079739e+02 6.57998656e+01 2.79402777e-01 5.37274663e-02
1.56923478e-20 -8.73003785e+02 6.43987996e+01 3.20313190e-01 5.22173253e-02
1.62460372e-20 -8.73002290e+02 6.68132924e+01 1.85285215e-01 4.86366104e-02
1.81651120e-20 -8.72785543e+02 7.29768943e+01 3.28843386e-01 4.10463967e-02
2.04953435e-20 -8.72742976e+02 7.36479435e+01 2.24150047e-01 4.05802797e-02
2.12754124e-20 -8.72704104e+02 7.23658292e+01 3.37042487e-01 4.40175824e-02
2.17090993e-20 -8.72695602e+02 6.43508839e+01 3.31130317e-01 5.35599971e-02
2.18323608e-20 -8.72686129e+02 7.38528870e+01 2.37456856e-01 4.01516477e-02
2.19404472e-20 -8.72679059e+02 7.15345227e+01 2.78261831e-01 4.15220290e-02
2.25744278e-20 -8.72623267e+02 7.04021713e+01 3.68930808e-01 4.42381416e-02
2.67950138e-20 -8.72347747e+02 6.56146700e+01 2.22431683e-01 4.93837740e-02
3.17692470e-20 -8.72259092e+02 6.42257740e+01 2.85510514e-01 5.51551862e-02
3.46002863e-20 -8.72170368e+02 6.49887738e+01 2.39133582e-01 5.03442562e-02
3.65070069e-20 -8.72143367e+02 6.35828437e+01 2.65012706e-01 5.54073060e-02
4.01441975e-20 -8.71980229e+02 6.70915848e+01 3.46420268e-01 4.75716222e-02
4.62684253e-20 -8.71850318e+02 7.01613958e+01 2.24075536e-01 4.31757385e-02
5.04902159e-20 -8.71795470e+02 6.38402579e+01 2.58214320e-01 5.29570164e-02
5.34381850e-20 -8.71730474e+02 7.36179003e+01 2.73400357e-01 4.00308082e-02
5.83468692e-20 -8.71615312e+02 6.45095592e+01 3.19949056e-01 5.20275459e-02
6.36660825e-20 -8.71547173e+02 6.46695938e+01 3.38351302e-01 5.27407911e-02
6.82686073e-20 -8.71469411e+02 6.95579952e+01 3.78399814e-01 4.59438210e-02
7.75298215e-20 -8.71292403e+02 7.07686099e+01 2.97556929e-01 4.69513999e-02
8.93274601e-20 -8.71175079e+02 7.40301346e+01 2.88835458e-01 3.99589111e-02
9.76879038e-20 -8.71104612e+02 7.28862500e+01 2.56780187e-01 4.39880807e-02
1.07614110e-19 -8.70977661e+02 6.81736682e+01 1.78840526e-01 4.86868736e-02
1.15569690e-19 -8.70951458e+02 6.61260191e+01 3.53621248e-01 4.95853959e-02
1.37987908e-19 -8.70640349e+02 7.36347610e+01 2.38185856e-01 4.25928504e-02
1.59558177e-19 -8.70630242e+02 7.07886281e+01 3.22235937e-01 4.66083917e-02
1.77284399e-19 -8.70432713e+02 7.45476475e+01 2.44697527e-01 4.02627364e-02
1.99258596e-19 -8.70380825e+02 6.55934672e+01 2.87118765e-01 4.92193365e-02
2.16136573e-19 -8.70266062e+02 6.36495783e+01 2.39594769e-01 5.43969666e-02
2.41491413e-19 -8.70152267e+02 6.87983965e+01 2.43673677e-01 4.97352609e-02
2.73307333e-19 -8.70013458e+02 6.74779966e+01 1.79988735e-01 4.83606651e-02
2.96926386e-19 -8.69975386e+02 7.09949685e+01 2.04332837e-01 4.29646520e-02
3.40144699e-19 -8.69747609e+02 6.52113017e+01 2.37271695e-01 5.00451947e-02
3.92057809e-19 -8.69673099e+02 7.32668049e+01 3.21447188e-01 4.09282157e-02
5.18311618e-19 -8.69229933e+02 7.11671448e+01 3.59291069e-01 4.34747482e-02
6.44635540e-19 -8.69182096e+02 6.58311644e+01 2.76706232e-01 4.87887672e-02
6.69111737e-19 -8.69148456e+02 6.53635440e+01 2.64736273e-01 4.96214985e-02
6.89277368e-19 -8.69116035e+02 7.27507332e+01 2.82025048e-01 4.40942571e-02
7.51175015e-19 -8.68974549e+02 6.53397950e+01 2.58542726e-01 4.96828842e-02
8.74044522e-19 -8.68808296e+02 7.00682164e+01 3.66738505e-01 4.62628992e-02
9.56826754e-19 -8.68780206e+02 6.98415309e+01 3.73335004e-01 4.59293369e-02
9.80242954e-19 -8.68753268e+02 6.44040326e+01 2.21338767e-01 5.23177876e-02
1.02960475e-18 -8.68676580e+02 7.12270450e+01 3.46456922e-01 4.29075547e-02
1.16913914e-18 -8.68498844e+02 7.17364015e+01 2.74682650e-01 4.14800389e-02
1.34229751e-18 -8.68388831e+02 6.77547949e+01 2.48784903e-01 4.58850188e-02
1.55058049e-18 -8.68208766e+02 7.15404377e+01 3.56558266e-01 4.42354779e-02
1.69142884e-18 -8.68200210e+02 6.36925532e+01 2.74125252e-01 5.41847373e-02
1.78383354e-18 -8.68098305e+02 6.46230029e+01 3.08001657e-01 5.42228680e-02
1.89684640e-18 -8.68068328e+02 7.14776707e+01 3.59201413e-01 4.40371152e-02
1.93493304e-18 -8.68051734e+02 7.36938230e+01 2.23310385e-01 4.16348428e-02
1.98378963e-18 -8.68012124e+02 6.82492822e+01 2.60703897e-01 5.04641496e-02
2.05115772e-18 -8.67978183e+02 6.44155095e+01 2.14227180e-01 5.38636462e-02
2.10741362e-18 -8.67951247e+02 6.44710565e+01 3.07896660e-01 5.21154406e-02
2.17986937e-18 -8.67904290e+02 6.63383088e+01 3.21148471e-01 5.24031338e-02
2.26588019e-18 -8.67866992e+02 7.01494203e+01 2.02905044e-01 4.38753070e-02
2.30571126e-18 -8.67862440e+02 6.72675072e+01 2.63178961e-01 4.65391274e-02
2.43834291e-18 -8.67751545e+02 7.31747361e+01 2.90641527e-01 4.05465557e-02
2.68209565e-18 -8.67664065e+02 6.52886756e+01 2.23691645e-01 5.37709742e-02
2.86257315e-18 -8.67613374e+02 7.43993983e+01 2.88981162e-01 4.09532206e-02
2.94663690e-18 -8.67598932e+02 6.78018681e+01 1.80522089e-01 4.81932626e-02
3.35435636e-18 -8.67361532e+02 6.47842666e+01 2.76987025e-01 5.09263735e-02
4.18675554e-18 -8.67146432e+02 7.32925889e+01 2.95074062e-01 4.05588192e-02
4.80744608e-18 -8.67068375e+02 7.00309851e+01 3.32296534e-01 4.73663543e-02
5.17879379e-18 -8.66990940e+02 7.19427606e+01 3.51763604e-01 4.34890615e-02
5.46447260e-18 -8.66953186e+02 6.85818323e+01 2.37064398e-01 4.98754483e-02
5.79421796e-18 -8.66868533e+02 7.32375445e+01 3.27724452e-01 4.15117527e-02
6.52232738e-18 -8.66713965e+02 7.10294748e+01 3.26425932e-01 4.26710562e-02
7.24753906e-18 -8.66646197e+02 7.45151002e+01 2.73517605e-01 4.06279133e-02
7.98136095e-18 -8.66517411e+02 7.05319056e+01 3.22871044e-01 4.30779437e-02
8.47839419e-18 -8.66514576e+02 7.13920099e+01 3.46604446e-01 4.29401973e-02
9.06937289e-18 -8.66380481e+02 7.13549694e+01 2.21822165e-01 4.23191972e-02
1.13883661e-17 -8.66071780e+02 7.43050453e+01 2.82763995e-01 4.03172851e-02
1.31383304e-17 -8.66064227e+02 6.93988738e+01 3.59524813e-01 4.74135567e-02
1.31524579e-17 -8.66062961e+02 6.85836289e+01 3.72199472e-01 4.73792437e-02
1.35458318e-17 -8.65999633e+02 6.49082033e+01 3.23108628e-01 5.16270710e-02
1.43849132e-17 -8.65936110e+02 6.79982627e+01 1.98709003e-01 4.98599969e-02
1.56679471e-17 -8.65824222e+02 6.87019033e+01 3.67272347e-01 4.65208725e-02
1.69458834e-17 -8.65770239e+02 6.50034174e+01 3.31643950e-01 5.28855037e-02
1.79495433e-17 -8.65702893e+02 7.36204882e+01 3.15274572e-01 4.17594828e-02
1.88974818e-17 -8.65659982e+02 6.99586014e+01 2.68558405e-01 4.80428084e-02
2.07435542e-17 -8.65514639e+02 6.56991459e+01 2.02091406e-01 5.25441292e-02
2.28813230e-17 -8.65452834e+02 6.88539360e+01 3.65940807e-01 4.77695485e-02
2.98927437e-17 -8.65019105e+02 6.73514640e+01 3.65592690e-01 4.86557744e-02
3.76889368e-17 -8.64937668e+02 6.67810493e+01 3.13426859e-01 4.77251571e-02
4.13426550e-17 -8.64828703e+02 7.04535966e+01 3.01882691e-01 4.71316162e-02
4.35988037e-17 -8.64821788e+02 6.97629990e+01 3.67528543e-01 4.57213966e-02
4.77575239e-17 -8.64647413e+02 6.69353568e+01 3.23188776e-01 4.76599412e-02
5.25411603e-17 -8.64616853e+02 6.96454104e+01 3.65068837e-01 4.54846246e-02
5.37573880e-17 -8.64594877e+02 6.75809532e+01 3.18892168e-01 5.07926156e-02
5.63890984e-17 -8.64516041e+02 7.08677843e+01 1.98399158e-01 4.36910620e-02
5.87874106e-17 -8.64503404e+02 6.61117879e+01 3.27766606e-01 5.23078539e-02
6.27607614e-17 -8.64382210e+02 6.44560869e+01 2.36183994e-01 5.21528870e-02
6.63820317e-17 -8.64380886e+02 7.28789454e+01 3.01859597e-01 4.10130810e-02
6.92419017e-17 -8.64293120e+02 6.47603576e+01 2.32394049e-01 5.41286760e-02
7.35625144e-17 -8.64251676e+02 7.24305662e+01 3.09294845e-01 4.40842362e-02
7.61241220e-17 -8.64217861e+02 6.43041102e+01 2.34067036e-01 5.27073972e-02
7.80956260e-17 -8.64193742e+02 6.90651043e+01 2.90874388e-01 4.91326623e-02
8.48355774e-17 -8.64050615e+02 7.27534025e+01 3.15554335e-01 4.13582821e-02
9.43373199e-17 -8.63971222e+02 6.48614251e+01 3.12773672e-01 5.15837206e-02
1.03375115e-16 -8.63862370e+02 7.21359781e+01 3.19006610e-01 4.43467998e-02
1.09598678e-16 -8.63844761e+02 7.09446033e+01 3.56459056e-01 4.40578109e-02
1.12636310e-16 -8.63801429e+02 6.75410355e+01 3.62594669e-01 4.93462181e-02
1.24885373e-16 -8.63637853e+02 6.40204574e+01 2.57686813e-01 5.33815236e-02
1.36368376e-16 -8.63612327e+02 7.35586549e+01 2.90816135e-01 4.24187523e-02
1.39787956e-16 -8.63581735e+02 7.04853384e+01 3.07990128e-01 4.69697744e-02
1.44129311e-16 -8.63544614e+02 7.15774956e+01 2.17439793e-01 4.51377340e-02
1.51164138e-16 -8.63480453e+02 7.08404131e+01 2.42348456e-01 4.25720653e-02
1.59390632e-16 -8.63431544e+02 7.31119501e+01 2.50271538e-01 4.32452606e-02
1.63431365e-16 -8.63423147e+02 7.09092650e+01 1.93808893e-01 4.43202932e-02
1.64077143e-16 -8.63416993e+02 6.70907008e+01 3.39295279e-01 4.78605410e-02
1.66597958e-16 -8.63386225e+02 7.18680254e+01 2.02952394e-01 4.38165541e-02
1.68639395e-16 -8.63385742e+02 7.08867006e+01 3.57896779e-01 4.44721919e-02
1.68849259e-16 -8.63377101e+02 6.90171331e+01 3.33549480e-01 4.50485177e-02
1.69943913e-16 -8.63366174e+02 6.42185985e+01 2.62637657e-01 5.26515829e-02
1.72866104e-16 -8.63336537e+02 6.44366990e+01 2.90005337e-01 5.22580695e-02
1.83790945e-16 -8.63239107e+02 7.38452783e+01 2.57042016e-01 4.19590643e-02
1.95315767e-16 -8.63206144e+02 6.41763092e+01 2.72199670e-01 5.28522583e-02
2.08497330e-16 -8.63104162e+02 7.35450933e+01 2.31661795e-01 4.19231831e-02
2.20497554e-16 -8.63085060e+02 6.65929363e+01 2.49931816e-01 4.77917995e-02
2.31815573e-16 -8.62999149e+02 7.25582918e+01 2.30462590e-01 4.38432508e-02
2.43751432e-16 -8.62976277e+02 6.41398690e+01 2.65118797e-01 5.44529245e-02
2.49894547e-16 -8.62942861e+02 6.76099994e+01 3.40192395e-01 5.02168896e-02
2.64132018e-16 -8.62860228e+02 6.43346186e+01 2.93561688e-01 5.27658442e-02
3.21968876e-16 -8.62560816e+02 7.18036429e+01 3.28066862e-01 4.23140186e-02
4.06705139e-16 -8.62372801e+02 6.79575921e+01 3.33004540e-01 4.64538189e-02
4.62110677e-16 -8.62291554e+02 6.80504008e+01 2.51332092e-01 4.56906133e-02
5.39474193e-16 -8.62067445e+02 6.46734270e+01 2.23970412e-01 5.36596955e-02
6.00284628e-16 -8.62058769e+02 6.70834767e+01 3.54260375e-01 5.01445929e-02
6.11428549e-16 -8.62024280e+02 6.51856964e+01 2.97307665e-01 5.36186507e-02
6.63697744e-16 -8.61892122e+02 6.68611505e+01 1.93074541e-01 4.89633297e-02
7.09275474e-16 -8.61880461e+02 6.86780578e+01 3.61900896e-01 4.66392720e-02
7.23595900e-16 -8.61845755e+02 6.51436711e+01 2.33765843e-01 5.37078719e-02
7.34993049e-16 -8.61842251e+02 6.96145097e+01 3.39086008e-01 4.75449338e-02
7.40396605e-16 -8.61824525e+02 7.10027028e+01 3.24525425e-01 4.28867772e-02
7.81931959e-16 -8.61728651e+02 7.20932398e+01 2.92353641e-01 4.47082305e-02
8.23061750e-16 -8.61713106e+02 6.82382239e+01 2.03659899e-01 4.63100438e-02
9.23800273e-16 -8.61502114e+02 6.41192767e+01 2.75644400e-01 5.38445345e-02
1.03189537e-15 -8.61474223e+02 6.65306467e+01 2.36823813e-01 4.80794016e-02
1.04975300e-15 -8.61460993e+02 6.46565378e+01 2.20062409e-01 5.31742475e-02
1.05779753e-15 -8.61452274e+02 6.58805292e+01 3.42916263e-01 5.14039750e-02
1.10315467e-15 -8.61371960e+02 6.43659351e+01 2.39056121e-01 5.27524801e-02
1.18547055e-15 -8.61301322e+02 6.70061590e+01 3.45995597e-01 4.83947654e-02
1.33184130e-15 -8.61137883e+02 7.33990632e+01 2.94100055e-01 4.24820211e-02
1.51631702e-15 -8.61031386e+02 7.12811448e+01 2.79383488e-01 4.21568965e-02
1.69216147e-15 -8.60912481e+02 7.06218744e+01 2.16428635e-01 4.64461681e-02
1.82732592e-15 -8.60867999e+02 6.45638333e+01 2.83115128e-01 5.20292329e-02
1.86876482e-15 -8.60860497e+02 6.48960393e+01 2.64141986e-01 5.40515232e-02
1.94753599e-15 -8.60780360e+02 6.88082695e+01 2.45466777e-01 4.48208320e-02
2.04461690e-15 -8.60755105e+02 6.74594620e+01 2.26757102e-01 4.68281928e-02
2.14849565e-15 -8.60675994e+02 6.73687872e+01 3.44873614e-01 5.01933041e-02
2.34382360e-15 -8.60575383e+02 6.86293569e+01 2.01440086e-01 4.59712174e-02
2.64275912e-15 -8.60431873e+02 6.76346736e+01 1.98960964e-01 4.74319707e-02
2.84771715e-15 -8.60414272e+02 7.08694663e+01 3.06096634e-01 4.63132367e-02
3.17138171e-15 -8.60219327e+02 6.67036214e+01 2.25256306e-01 5.18804553e-02
3.59784262e-15 -8.60147101e+02 6.93573524e+01 3.61508517e-01 4.62506464e-02
3.94797246e-15 -8.60029110e+02 6.85329605e+01 1.88526843e-01 4.79342617e-02
4.19801207e-15 -8.60014204e+02 7.14145589e+01 2.50739586e-01 4.21232155e-02
4.32330296e-15 -8.59964207e+02 7.31069768e+01 2.28433441e-01 4.16328566e-02
4.63124889e-15 -8.59871460e+02 7.06155716e+01 3.54273631e-01 4.48607952e-02
4.93142985e-15 -8.59830222e+02 6.81181155e+01 3.14790162e-01 4.99598230e-02
5.39695228e-15 -8.59688953e+02 6.72311853e+01 3.17007413e-01 5.10272457e-02
5.92829721e-15 -8.59631598e+02 7.21155552e+01 3.35855691e-01 4.29957123e-02
6.41703765e-15 -8.59525832e+02 6.70263998e+01 2.28537179e-01 5.15118958e-02
7.42307990e-15 -8.59339536e+02 6.72866356e+01 3.25891731e-01 5.07616729e-02
8.20157548e-15 -8.59311248e+02 6.97813948e+01 1.91420577e-01 4.59337095e-02
8.45368400e-15 -8.59272504e+02 7.22767342e+01 2.24230740e-01 4.39209651e-02
9.16072071e-15 -8.59147477e+02 7.09229633e+01 2.54114995e-01 4.25706995e-02
1.05579585e-14 -8.58984653e+02 6.65906143e+01 3.46498675e-01 5.05969553e-02
1.14528145e-14 -8.58971533e+02 7.05580717e+01 2.03794686e-01 4.59563227e-02
1.29242113e-14 -8.58748618e+02 6.87418862e+01 3.59997677e-01 4.69942326e-02
1.43576224e-14 -8.58742133e+02 6.77607593e+01 3.49762799e-01 4.75418836e-02
1.45035793e-14 -8.58721826e+02 6.46597260e+01 2.37193397e-01 5.21784904e-02
1.49531334e-14 -8.58674875e+02 6.53652050e+01 2.57457580e-01 5.01906956e-02
1.53746192e-14 -8.58659087e+02 6.99204383e+01 1.93040374e-01 4.55787392e-02
1.55697273e-14 -8.58643001e+02 6.53342771e+01 3.01231638e-01 5.31845217e-02
1.78468686e-14 -8.58394737e+02 7.28536584e+01 2.60858723e-01 4.34645259e-02
2.01662958e-14 -8.58376688e+02 6.71065915e+01 1.92862290e-01 4.98415481e-02
2.21769613e-14 -8.58205256e+02 6.92483632e+01 3.32698562e-01 4.80214326e-02
2.63213333e-14 -8.58027897e+02 6.97318726e+01 2.05596009e-01 4.72616844e-02
3.00218703e-14 -8.57930047e+02 6.49647456e+01 3.07408323e-01 5.18630933e-02
3.15191055e-14 -8.57921531e+02 6.60580543e+01 3.29372569e-01 5.17755234e-02
3.41830534e-14 -8.57767060e+02 6.47867872e+01 2.54343698e-01 5.38356848e-02
3.82566003e-14 -8.57685410e+02 6.74704024e+01 1.98482968e-01 4.79281874e-02
4.23796643e-14 -8.57558083e+02 6.99659207e+01 2.34438808e-01 4.37568971e-02
4.53675887e-14 -8.57538541e+02 6.60664256e+01 3.34886454e-01 5.14170309e-02
4.68310618e-14 -8.57488462e+02 6.85989071e+01 2.12095400e-01 4.90507498e-02
5.14080933e-14 -8.57349579e+02 7.13588124e+01 2.61344976e-01 4.22267402e-02
5.57295867e-14 -8.57315841e+02 6.47886339e+01 3.01254407e-01 5.30256428e-02
5.77974214e-14 -8.57270291e+02 6.54604711e+01 2.80601461e-01 5.01305238e-02
5.91797289e-14 -8.57261417e+02 6.80820290e+01 2.69712985e-01 5.02926074e-02
6.17811972e-14 -8.57179263e+02 6.87007912e+01 2.44048056e-01 4.94056748e-02
6.41204214e-14 -8.57178747e+02 6.73868634e+01 2.70327498e-01 4.67773564e-02
6.51688640e-14 -8.57140535e+02 7.28261717e+01 2.27850995e-01 4.19761703e-02
6.76448824e-14 -8.57097607e+02 6.45075655e+01 2.84517066e-01 5.30486696e-02
7.57767282e-14 -8.56914729e+02 6.76657204e+01 2.01829439e-01 4.74933613e-02
8.37986411e-14 -8.56881625e+02 7.10919438e+01 3.37132500e-01 4.35302036e-02
8.94152799e-14 -8.56780600e+02 6.48416975e+01 2.44018344e-01 5.17011964e-02
9.61722087e-14 -8.56727428e+02 6.62241213e+01 2.70717850e-01 5.25443491e-02
1.00091353e-13 -8.56693637e+02 6.95915805e+01 3.18752908e-01 4.77699783e-02
1.05360955e-13 -8.56619252e+02 6.59127377e+01 2.54338656e-01 5.28699133e-02
1.10258458e-13 -8.56594877e+02 6.52445764e+01 2.16142491e-01 5.23528252e-02
1.14032848e-13 -8.56545733e+02 7.15146268e+01 3.21271955e-01 4.27119936e-02
1.19574586e-13 -8.56493395e+02 7.04912512e+01 3.45318473e-01 4.55643195e-02
1.26372374e-13 -8.56428849e+02 6.86470079e+01 3.50030143e-01 4.80617996e-02
1.30615824e-13 -8.56419664e+02 6.49988456e+01 2.65111932e-01 5.11640666e-02
1.35060007e-13 -8.56356260e+02 7.22042192e+01 2.64817357e-01 4.44158090e-02
1.47083620e-13 -8.56244557e+02 7.23947701e+01 3.05572620e-01 4.37319350e-02
1.55297390e-13 -8.56237817e+02 7.13783604e+01 3.11433732e-01 4.52721047e-02
1.55924352e-13 -8.56229848e+02 6.76773597e+01 3.21709146e-01 4.69315188e-02
1.58397806e-13 -8.56199892e+02 6.44483804e+01 2.63680415e-01 5.32629321e-02
1.63415819e-13 -8.56160970e+02 6.48820018e+01 2.44729497e-01 5.35376557e-02
1.70556385e-13 -8.56108023e+02 7.02607313e+01 2.65768689e-01 4.32931023e-02
1.75637465e-13 -8.56094945e+02 6.76389128e+01 3.31257015e-01 4.72322185e-02
1.78037532e-13 -8.56074286e+02 6.94365521e+01 3.54463452e-01 4.62408719e-02
1.80567355e-13 -8.56060014e+02 7.12341628e+01 2.23377697e-01 4.54298828e-02
1.86531131e-13 -8.56003393e+02 7.09021608e+01 2.37231869e-01 4.61901536e-02
1.92745416e-13 -8.55987080e+02 7.07442355e+01 2.25679592e-01 4.62336863e-02
1.99264218e-13 -8.55930936e+02 6.96721683e+01 2.42529050e-01 4.80088161e-02
2.36293313e-13 -8.55657399e+02 7.27488412e+01 3.10800039e-01 4.20020034e-02
2.72485340e-13 -8.55620943e+02 6.53484088e+01 2.60409991e-01 5.04216063e-02
3.12874576e-13 -8.55387562e+02 6.55492136e+01 3.04955641e-01 5.26789810e-02
3.68333186e-13 -8.55277365e+02 6.60345142e+01 2.52100271e-01 4.91104712e-02
4.03236935e-13 -8.55198359e+02 7.29211857e+01 2.83229725e-01 4.13413383e-02
4.33685017e-13 -8.55124909e+02 7.04767701e+01 3.43736385e-01 4.55152938e-02
4.49055431e-13 -8.55120704e+02 7.26784654e+01 2.71691081e-01 4.13899639e-02
4.76201546e-13 -8.55004248e+02 7.26462071e+01 3.12634251e-01 4.28252437e-02
5.23843659e-13 -8.54921661e+02 6.57638024e+01 2.17150120e-01 5.04100403e-02
5.70390980e-13 -8.54827830e+02 6.69423381e+01 3.12227589e-01 5.11889580e-02
5.97737990e-13 -8.54819163e+02 6.54250355e+01 3.03020936e-01 5.07624476e-02
6.19457741e-13 -8.54750936e+02 6.84637540e+01 2.35362024e-01 4.55950097e-02
6.43528681e-13 -8.54735161e+02 7.12100552e+01 3.08113356e-01 4.55084343e-02
6.58931772e-13 -8.54697270e+02 6.98105888e+01 3.47259737e-01 4.52876520e-02
6.76010285e-13 -8.54677072e+02 6.61855090e+01 2.23780621e-01 4.93024663e-02
6.88644896e-13 -8.54653615e+02 6.47669574e+01 2.42973618e-01 5.23042979e-02
7.17225414e-13 -8.54589963e+02 6.94906459e+01 3.10953244e-01 4.44942904e-02
8.65509536e-13 -8.54292178e+02 7.24620084e+01 2.25544222e-01 4.30395889e-02
1.03800056e-12 -8.54199882e+02 6.89309487e+01 1.98259636e-01 4.63222290e-02
1.10372647e-12 -8.54160980e+02 6.93819394e+01 3.41273309e-01 4.72814812e-02
1.19001342e-12 -8.54045628e+02 6.64701060e+01 3.08090653e-01 5.17277165e-02
1.36958970e-12 -8.53877007e+02 7.24724815e+01 2.47992023e-01 4.37355380e-02
1.48390429e-12 -8.53871549e+02 6.94889520e+01 3.06837844e-01 4.79736644e-02
1.48798700e-12 -8.53864860e+02 6.91574010e+01 2.35979498e-01 4.85709488e-02
1.64127119e-12 -8.53677548e+02 7.14005554e+01 3.34052752e-01 4.37743597e-02
1.80451638e-12 -8.53659880e+02 7.17456303e+01 3.18062446e-01 4.43351694e-02
1.83034785e-12 -8.53642463e+02 6.79363637e+01 1.99374393e-01 4.75646214e-02
1.91280126e-12 -8.53566467e+02 7.04351740e+01 2.94031889e-01 4.33426113e-02
1.99725592e-12 -8.53548038e+02 6.59405718e+01 3.16849059e-01 5.01018263e-02
2.08241634e-12 -8.53477462e+02 7.19182117e+01 2.55444879e-01 4.46894403e-02
2.26132177e-12 -8.53377779e+02 7.31690303e+01 2.74282995e-01 4.24789253e-02
2.41865539e-12 -8.53334272e+02 6.47914674e+01 2.77765791e-01 5.31234748e-02
2.83691670e-12 -8.53069159e+02 7.14166390e+01 2.11803135e-01 4.37262184e-02
3.29254047e-12 -8.53013001e+02 6.73703625e+01 2.64872609e-01 5.10286313e-02
3.51014787e-12 -8.52935229e+02 6.57138197e+01 2.27353276e-01 5.03149467e-02
3.73516454e-12 -8.52881294e+02 6.77121188e+01 3.45858010e-01 4.81700185e-02
4.35716718e-12 -8.52634922e+02 7.13886351e+01 2.88350856e-01 4.24832488e-02
4.99461389e-12 -8.52587000e+02 6.67792959e+01 3.38513467e-01 4.98881273e-02
5.39706843e-12 -8.52475791e+02 6.88604200e+01 1.97085940e-01 4.73155455e-02
5.82039200e-12 -8.52426830e+02 7.07401841e+01 2.69694196e-01 4.29777533e-02
6.08525482e-12 -8.52380081e+02 6.83180639e+01 2.50327590e-01 4.57383171e-02
6.75730238e-12 -8.52216777e+02 6.59810540e+01 2.78688448e-01 5.24960130e-02
7.77653589e-12 -8.52089818e+02 6.90367683e+01 3.10698803e-01 4.51380510e-02
8.25441744e-12 -8.52086822e+02 6.62943432e+01 2.97516985e-01 5.19635499e-02
8.39247123e-12 -8.52050320e+02 6.48777544e+01 2.44816689e-01 5.25467258e-02
8.79892186e-12 -8.51986270e+02 6.77906441e+01 3.41222564e-01 4.90667468e-02
9.22982121e-12 -8.51947396e+02 7.21363726e+01 2.82913054e-01 4.42207593e-02
9.42050517e-12 -8.51938359e+02 6.88706722e+01 2.07682644e-01 4.59713669e-02
9.50238493e-12 -8.51923467e+02 7.19427085e+01 2.81089146e-01 4.20550845e-02
9.66131684e-12 -8.51898628e+02 6.67982780e+01 2.59162671e-01 4.79357289e-02
9.87455140e-12 -8.51873158e+02 6.52845081e+01 3.03195030e-01 5.21800180e-02
1.00049379e-11 -8.51865589e+02 7.05372891e+01 2.05659245e-01 4.47212274e-02
1.04392552e-11 -8.51783196e+02 6.72978917e+01 3.07793231e-01 4.74896744e-02
1.08811475e-11 -8.51774339e+02 6.49333708e+01 2.65702727e-01 5.31064584e-02
1.10416594e-11 -8.51747414e+02 6.94183748e+01 2.84848069e-01 4.82083880e-02
1.13668981e-11 -8.51709796e+02 6.59593315e+01 3.22456848e-01 5.11851676e-02
1.29018062e-11 -8.51498249e+02 6.71866975e+01 3.38372538e-01 4.87904420e-02
1.42608944e-11 -8.51491676e+02 7.18772323e+01 3.11568272e-01 4.26208499e-02
1.53564204e-11 -8.51348666e+02 6.99652248e+01 2.40540551e-01 4.73781963e-02
1.64477639e-11 -8.51342610e+02 6.84760690e+01 2.31520698e-01 4.57952539e-02
1.64757744e-11 -8.51338602e+02 7.26329886e+01 2.73461324e-01 4.33803663e-02
1.64714942e-11 -8.51336471e+02 7.21735026e+01 2.53934934e-01 4.19667296e-02
1.67897421e-11 -8.51294120e+02 7.18531197e+01 2.72609599e-01 4.46967491e-02
1.79106141e-11 -8.51202226e+02 7.04492627e+01 2.55843709e-01 4.33385696e-02
1.87147112e-11 -8.51197527e+02 7.08576996e+01 2.56305885e-01 4.61930478e-02
1.93526511e-11 -8.51129677e+02 6.82206772e+01 2.04150325e-01 4.70668503e-02
1.99453223e-11 -8.51129390e+02 7.06872277e+01 2.15762104e-01 4.39098971e-02
2.00263427e-11 -8.51114966e+02 6.52307756e+01 2.36651407e-01 5.15092970e-02
2.07238209e-11 -8.51055108e+02 7.02879608e+01 3.16977631e-01 4.39621203e-02
2.13845919e-11 -8.51044668e+02 6.88345481e+01 2.84383805e-01 4.89740000e-02
2.25601042e-11 -8.50943936e+02 6.55714574e+01 2.26755897e-01 5.09414200e-02
2.36565235e-11 -8.50940568e+02 6.59566663e+01 3.18811381e-01 5.05731215e-02
2.42845647e-11 -8.50885628e+02 7.27579087e+01 2.79386769e-01 4.17235242e-02
2.58911367e-11 -8.50806599e+02 7.14334135e+01 3.12222695e-01 4.29374880e-02
2.70818184e-11 -8.50787578e+02 7.08915984e+01 3.34168221e-01 4.43598939e-02
2.76417962e-11 -8.50759123e+02 6.86318584e+01 2.52324027e-01 4.92780155e-02
2.90029161e-11 -8.50685924e+02 6.96203231e+01 2.40111101e-01 4.43491921e-02
3.12621977e-11 -8.50602827e+02 7.08324067e+01 2.98997418e-01 4.59982934e-02
3.31216230e-11 -8.50562398e+02 6.51399046e+01 2.60152393e-01 5.29717854e-02
3.47111719e-11 -8.50502897e+02 6.86653507e+01 3.45095291e-01 4.71019611e-02
4.08333025e-11 -8.50246389e+02 6.75838555e+01 2.22160301e-01 4.72850274e-02
4.90951188e-11 -8.50115589e+02 7.17131648e+01 3.20415930e-01 4.33002528e-02
5.27245182e-11 -8.50092945e+02 7.13885449e+01 2.86619845e-01 4.26018717e-02
5.44733013e-11 -8.50044140e+02 6.61431304e+01 2.20244631e-01 5.15845792e-02
5.91372275e-11 -8.49924944e+02 7.02877816e+01 3.35749060e-01 4.56778907e-02
6.25166005e-11 -8.49922793e+02 7.13674567e+01 2.21482254e-01 4.46703289e-02
6.33246813e-11 -8.49892826e+02 6.68063821e+01 2.15283246e-01 5.08224889e-02
6.43117237e-11 -8.49884994e+02 7.19368947e+01 2.42599586e-01 4.43045333e-02
6.81109235e-11 -8.49774419e+02 6.98092144e+01 2.63217282e-01 4.40285373e-02
7.29461456e-11 -8.49738440e+02 6.65887134e+01 3.29620137e-01 5.00549913e-02
7.42941903e-11 -8.49730832e+02 6.84118998e+01 2.09228972e-01 4.86929242e-02
7.43356833e-11 -8.49730653e+02 7.06756150e+01 2.40123359e-01 4.62592276e-02
7.45031019e-11 -8.49719707e+02 6.80070305e+01 3.24352034e-01 4.93331356e-02
7.51986704e-11 -8.49705433e+02 6.84659878e+01 2.96898666e-01 4.92823762e-02
7.72081229e-11 -8.49660757e+02 6.69482456e+01 2.05108268e-01 4.95331275e-02
7.89225920e-11 -8.49654363e+02 7.00118662e+01 3.22831261e-01 4.44691810e-02
8.20080665e-11 -8.49578817e+02 7.00345069e+01 2.04987115e-01 4.57458004e-02
8.63876641e-11 -8.49542555e+02 7.09832523e+01 2.26367710e-01 4.34006979e-02
8.93876986e-11 -8.49503930e+02 6.95774213e+01 2.10177846e-01 4.70737566e-02
9.14483751e-11 -8.49489992e+02 7.26899663e+01 2.92643256e-01 4.27089293e-02
9.49647327e-11 -8.49422889e+02 6.59746384e+01 3.08824979e-01 5.16891869e-02
9.94146744e-11 -8.49390879e+02 7.01594167e+01 2.39455409e-01 4.69925411e-02
1.00755433e-10 -8.49389185e+02 6.94513264e+01 3.34942814e-01 4.55136824e-02
1.00899519e-10 -8.49381380e+02 6.66107072e+01 2.94630209e-01 4.85768779e-02
1.02505768e-10 -8.49351155e+02 6.51577598e+01 2.58052490e-01 5.15512790e-02
1.03764540e-10 -8.49350085e+02 7.02673332e+01 2.16975810e-01 4.63064097e-02
1.07078019e-10 -8.49282765e+02 6.85550144e+01 2.07317213e-01 4.66038997e-02
1.13667592e-10 -8.49223727e+02 6.81222506e+01 2.19640865e-01 4.66518569e-02
1.19588658e-10 -8.49174290e+02 7.09778216e+01 2.69151253e-01 4.59349685e-02
1.25234166e-10 -8.49124818e+02 6.65422801e+01 2.41467281e-01 4.86636704e-02
1.31428603e-10 -8.49071185e+02 6.91523939e+01 2.94363026e-01 4.83655832e-02
1.35588815e-10 -8.49055181e+02 6.57716681e+01 2.23579842e-01 5.16896480e-02
1.36605013e-10 -8.49049539e+02 6.82972332e+01 2.03408659e-01 4.83620847e-02
1.43769873e-10 -8.48948812e+02 6.72473844e+01 2.71385689e-01 5.09686347e-02
1.57675240e-10 -8.48857773e+02 6.93579973e+01 2.90940366e-01 4.46699959e-02
1.67644554e-10 -8.48817866e+02 6.56372843e+01 3.05779100e-01 5.13843182e-02
1.84643008e-10 -8.48663513e+02 6.64386866e+01 2.51709822e-01 4.87715822e-02
1.98205276e-10 -8.48663502e+02 7.05854123e+01 3.05366252e-01 4.61576178e-02
2.05795270e-10 -8.48583307e+02 7.27555948e+01 2.58476830e-01 4.27904919e-02
2.20607926e-10 -8.48517318e+02 7.24899979e+01 2.40007944e-01 4.27087017e-02
2.29940670e-10 -8.48492844e+02 6.68947546e+01 3.08367779e-01 5.09015172e-02
2.34556882e-10 -8.48470879e+02 6.64691055e+01 2.27647360e-01 5.14432826e-02
2.53970616e-10 -8.48331855e+02 6.81630241e+01 2.79660107e-01 4.61062411e-02
2.70719182e-10 -8.48331669e+02 7.07211917e+01 3.06999306e-01 4.59006109e-02
2.71504871e-10 -8.48319441e+02 7.06333139e+01 3.30908845e-01 4.45497546e-02
2.78578570e-10 -8.48274051e+02 7.12431381e+01 3.04007683e-01 4.51375229e-02
2.84789733e-10 -8.48268177e+02 6.61793941e+01 3.05715070e-01 4.97454470e-02
2.94464950e-10 -8.48201674e+02 6.58345762e+01 3.08795833e-01 5.08960686e-02
3.06322882e-10 -8.48181558e+02 6.74904064e+01 3.05480197e-01 5.02864184e-02
3.15782851e-10 -8.48134638e+02 6.58270787e+01 3.03769609e-01 5.05858383e-02
3.26652372e-10 -8.48106861e+02 7.17344796e+01 3.06543116e-01 4.28550128e-02
3.32827707e-10 -8.48090400e+02 6.84629318e+01 2.46465626e-01 4.93436009e-02
3.34621187e-10 -8.48089390e+02 6.73132176e+01 3.33045914e-01 4.87205455e-02
3.34368502e-10 -8.48085259e+02 7.21454379e+01 2.33142139e-01 4.33111068e-02
3.36303664e-10 -8.48071238e+02 7.23965944e+01 2.63748724e-01 4.35561935e-02
3.42147126e-10 -8.48044284e+02 6.83174707e+01 3.32379967e-01 4.85097734e-02
3.47971912e-10 -8.48030685e+02 6.54102551e+01 2.75084397e-01 5.10228652e-02
3.49324503e-10 -8.48029823e+02 6.55935326e+01 2.32427387e-01 5.10912435e-02
3.57526238e-10 -8.47978278e+02 6.85947832e+01 3.08553863e-01 4.58721475e-02
3.65921565e-10 -8.47976084e+02 7.03749063e+01 3.30320203e-01 4.56108295e-02
3.68415550e-10 -8.47958117e+02 7.15205745e+01 2.65004982e-01 4.25431215e-02
3.74139193e-10 -8.47938610e+02 7.19261710e+01 2.29973198e-01 4.30284900e-02
3.86128292e-10 -8.47888901e+02 7.00874602e+01 2.18680902e-01 4.45267705e-02
4.04178881e-10 -8.47840545e+02 7.01175701e+01 2.08054240e-01 4.56373014e-02
4.12793833e-10 -8.47839479e+02 6.68622566e+01 3.11775828e-01 4.85829916e-02
4.15428708e-10 -8.47821247e+02 7.06584783e+01 3.29679513e-01 4.45376251e-02
4.44620220e-10 -8.47700561e+02 6.71341074e+01 2.57126017e-01 5.10412707e-02
4.73573770e-10 -8.47684840e+02 6.76770902e+01 2.68897279e-01 5.03879192e-02
5.16064845e-10 -8.47528127e+02 7.05462464e+01 3.31036885e-01 4.48791375e-02
5.63819376e-10 -8.47495317e+02 6.60209596e+01 2.58932534e-01 4.96108984e-02
5.76512624e-10 -8.47476762e+02 6.76370043e+01 3.32156686e-01 4.80854652e-02
5.81305954e-10 -8.47472021e+02 6.60839727e+01 3.11488310e-01 5.03773330e-02
6.22878426e-10 -8.47336538e+02 6.59896592e+01 2.21628415e-01 5.08307291e-02
6.88650103e-10 -8.47261426e+02 6.95762733e+01 3.24532702e-01 4.70700563e-02
7.18614122e-10 -8.47243371e+02 6.91194281e+01 2.31948141e-01 4.52122217e-02
7.47801498e-10 -8.47176191e+02 7.17712054e+01 2.38949217e-01 4.43028776e-02
7.92043889e-10 -8.47121380e+02 6.58614531e+01 2.58283123e-01 5.22801298e-02
8.72953814e-10 -8.46979296e+02 6.95025133e+01 3.33134941e-01 4.67409686e-02
9.53278385e-10 -8.46934143e+02 6.61334302e+01 3.09023789e-01 5.12603164e-02
9.99044250e-10 -8.46879103e+02 7.06537669e+01 3.28514612e-01 4.48236618e-02
1.06541398e-09 -8.46799668e+02 6.72342989e+01 2.62321139e-01 5.08826458e-02
1.12197091e-09 -8.46767680e+02 6.67939976e+01 2.37942255e-01 4.84325381e-02
1.14574525e-09 -8.46750890e+02 6.68137479e+01 2.80750385e-01 4.82419612e-02
1.29324876e-09 -8.46530831e+02 6.93627170e+01 2.06602996e-01 4.62331157e-02
1.44463938e-09 -8.46510848e+02 6.90551171e+01 3.33730160e-01 4.72870624e-02
1.45973591e-09 -8.46503299e+02 6.77025013e+01 3.06447345e-01 4.99111953e-02
1.46218331e-09 -8.46500829e+02 6.68414608e+01 3.22732172e-01 5.01631192e-02
1.47784659e-09 -8.46475491e+02 6.57626749e+01 2.67056112e-01 5.02516796e-02
1.49941720e-09 -8.46465059e+02 6.53928423e+01 2.50658909e-01 5.22469955e-02
1.55870278e-09 -8.46392567e+02 6.95832270e+01 3.08535886e-01 4.74169974e-02
1.64431516e-09 -8.46350591e+02 6.97090009e+01 3.32697203e-01 4.55575543e-02
1.68630391e-09 -8.46335101e+02 6.75978489e+01 3.32134642e-01 4.84290460e-02
1.70769320e-09 -8.46318733e+02 7.00979175e+01 3.24239936e-01 4.62057663e-02
1.75334044e-09 -8.46276075e+02 7.20536388e+01 2.50822561e-01 4.24508436e-02
1.80532493e-09 -8.46253317e+02 6.67152132e+01 3.05478752e-01 5.09591164e-02
1.84169178e-09 -8.46229543e+02 7.22295130e+01 2.67086746e-01 4.22550215e-02
1.98427634e-09 -8.46101478e+02 6.98748313e+01 2.48025464e-01 4.73224923e-02
2.17371999e-09 -8.46037443e+02 6.97797314e+01 3.22382747e-01 4.67414316e-02
2.29162353e-09 -8.45988749e+02 6.66359768e+01 2.15508462e-01 4.97644418e-02
2.43998359e-09 -8.45906427e+02 7.01677108e+01 2.89117501e-01 4.39344764e-02
2.65008525e-09 -8.45817189e+02 6.73430841e+01 2.24676544e-01 4.78923328e-02
2.93481025e-09 -8.45697272e+02 6.87048540e+01 3.14467514e-01 4.84356943e-02
3.17114485e-09 -8.45652541e+02 6.92031036e+01 2.29538129e-01 4.52579677e-02
3.26454976e-09 -8.45632162e+02 6.68682047e+01 2.69780015e-01 5.12203549e-02
3.29724444e-09 -8.45625861e+02 7.10026095e+01 3.08882330e-01 4.35593530e-02
3.35073500e-09 -8.45593572e+02 7.02537122e+01 3.08789177e-01 4.63876366e-02
3.41544115e-09 -8.45580732e+02 6.65102500e+01 3.06698800e-01 5.10148609e-02
3.73935839e-09 -8.45412710e+02 7.05738168e+01 2.58926933e-01 4.34885559e-02
4.04730119e-09 -8.45408758e+02 6.55008980e+01 2.83882608e-01 5.15648812e-02
4.06345632e-09 -8.45398112e+02 7.19284130e+01 2.46656024e-01 4.26607187e-02
4.21360210e-09 -8.45330644e+02 7.06609190e+01 3.20934367e-01 4.42909247e-02
4.47895730e-09 -8.45269120e+02 6.88102135e+01 2.13529709e-01 4.79679660e-02
4.69463328e-09 -8.45229378e+02 6.88930766e+01 3.34410059e-01 4.68356470e-02
4.80255432e-09 -8.45216654e+02 6.60323874e+01 2.49523592e-01 5.19243703e-02
4.83182025e-09 -8.45210540e+02 6.56065932e+01 2.83169413e-01 5.10418667e-02
4.93427886e-09 -8.45168465e+02 7.01705077e+01 2.67118721e-01 4.69186990e-02
5.07665334e-09 -8.45146670e+02 7.08799630e+01 3.20863410e-01 4.42865487e-02
5.17080354e-09 -8.45125056e+02 6.85330475e+01 2.76928147e-01 4.57624104e-02
5.36513617e-09 -8.45066954e+02 7.08839679e+01 3.12826876e-01 4.52220931e-02
5.55177083e-09 -8.45049244e+02 6.64227648e+01 3.08838617e-01 5.08973207e-02
5.64257991e-09 -8.45027885e+02 6.74696761e+01 2.63630444e-01 4.72350492e-02
5.77706727e-09 -8.44995625e+02 6.99918907e+01 3.29373703e-01 4.53769970e-02
6.04078769e-09 -8.44932683e+02 6.71112395e+01 2.50286102e-01 5.08735412e-02
6.62135811e-09 -8.44808312e+02 7.07069908e+01 2.18273177e-01 4.45715579e-02
7.07262291e-09 -8.44790381e+02 6.77093794e+01 2.77977063e-01 4.69204852e-02
7.14064406e-09 -8.44782448e+02 7.00114898e+01 2.21876627e-01 4.47180178e-02
7.25450584e-09 -8.44752298e+02 6.87379652e+01 2.41925266e-01 4.87651734e-02
7.58765885e-09 -8.44686836e+02 6.71709946e+01 2.31820590e-01 4.80655469e-02
7.84717226e-09 -8.44677333e+02 6.59909189e+01 2.96430984e-01 5.03898447e-02
8.38359874e-09 -8.44551844e+02 6.95222601e+01 2.86102865e-01 4.46597385e-02
9.05601694e-09 -8.44512820e+02 6.67956831e+01 3.19233606e-01 4.96300459e-02
9.20541045e-09 -8.44512084e+02 6.98591975e+01 2.33884086e-01 4.45269639e-02
9.34489582e-09 -8.44476405e+02 6.65593196e+01 2.93689247e-01 4.90298674e-02
9.60217241e-09 -8.44450954e+02 6.86852263e+01 2.78473922e-01 4.88951346e-02
9.78015590e-09 -8.44432936e+02 6.71528041e+01 3.01897870e-01 5.04674717e-02
1.02503172e-08 -8.44351950e+02 6.57637910e+01 2.86432156e-01 5.17292502e-02
1.06369203e-08 -8.44350597e+02 7.09594868e+01 2.24877880e-01 4.39815319e-02
1.07079557e-08 -8.44332068e+02 7.16572673e+01 2.54055531e-01 4.45221604e-02
1.10884435e-08 -8.44274841e+02 6.56182365e+01 2.82650718e-01 5.12593985e-02
1.14865568e-08 -8.44254153e+02 6.82599532e+01 2.96992680e-01 4.63515524e-02
1.20971500e-08 -8.44166418e+02 6.81313780e+01 2.96208429e-01 4.65236730e-02
1.28912099e-08 -8.44118984e+02 6.59381800e+01 2.97844477e-01 5.11407077e-02
1.33888972e-08 -8.44083750e+02 7.12016028e+01 2.27818202e-01 4.37735446e-02
1.36008322e-08 -8.44080610e+02 6.59988993e+01 2.31295596e-01 5.07402688e-02
1.37590297e-08 -8.44054138e+02 6.70212105e+01 2.75298745e-01 5.09280170e-02
1.39419340e-08 -8.44047379e+02 7.03389875e+01 2.80873366e-01 4.38043064e-02
1.46191926e-08 -8.43954747e+02 6.76007216e+01 2.10788971e-01 4.87180425e-02
1.57190889e-08 -8.43894408e+02 6.79179927e+01 2.82639628e-01 4.66979781e-02
1.66667423e-08 -8.43831105e+02 6.73478804e+01 3.24754437e-01 4.89512660e-02
1.72566889e-08 -8.43817230e+02 6.55787130e+01 2.50773133e-01 5.14284136e-02
1.74071579e-08 -8.43807063e+02 6.60027725e+01 2.61181744e-01 4.99730543e-02
1.77375905e-08 -8.43773226e+02 6.77361214e+01 2.40106921e-01 4.99678300e-02
1.85344959e-08 -8.43713129e+02 6.57440972e+01 2.87522927e-01 5.11551089e-02
1.93332031e-08 -8.43681536e+02 6.85454280e+01 3.13323059e-01 4.63255287e-02
1.99525780e-08 -8.43643517e+02 6.83025000e+01 3.27170983e-01 4.82365877e-02
2.04700670e-08 -8.43623410e+02 6.85699899e+01 2.59751638e-01 4.57813821e-02
2.10124913e-08 -8.43584825e+02 6.76942253e+01 2.20130890e-01 4.95112397e-02
2.22082097e-08 -8.43507198e+02 7.08803913e+01 2.40656494e-01 4.35464223e-02
2.34261414e-08 -8.43470224e+02 6.80241172e+01 2.92806790e-01 4.66726808e-02
2.40286555e-08 -8.43449519e+02 6.74965203e+01 3.17967033e-01 4.95342728e-02
2.43130185e-08 -8.43439955e+02 6.80158561e+01 3.06561556e-01 4.69183584e-02
2.54272387e-08 -8.43355025e+02 6.64672164e+01 2.94334555e-01 4.93406088e-02
2.68988499e-08 -8.43319291e+02 6.61806635e+01 2.28761503e-01 5.05650999e-02
2.89666875e-08 -8.43203287e+02 6.55899533e+01 2.71148131e-01 5.14800684e-02
3.10355353e-08 -8.43171552e+02 6.72374012e+01 3.20855431e-01 4.94466436e-02
3.28818280e-08 -8.43082774e+02 7.16948336e+01 3.01140925e-01 4.35843445e-02
3.51644363e-08 -8.43029408e+02 6.94771553e+01 2.22322791e-01 4.72067079e-02
3.74787931e-08 -8.42949522e+02 6.91816589e+01 2.45867964e-01 4.81055172e-02
3.91254411e-08 -8.42935213e+02 7.18378649e+01 2.44272760e-01 4.38034757e-02
3.98612622e-08 -8.42905768e+02 7.11950836e+01 2.90766248e-01 4.50550215e-02
4.26159299e-08 -8.42797618e+02 6.67147489e+01 3.13247159e-01 4.98321827e-02
4.62855253e-08 -8.42732061e+02 6.68032775e+01 2.21277568e-01 5.01867599e-02
4.95800366e-08 -8.42653897e+02 6.81344011e+01 2.43502648e-01 4.65396651e-02
5.19923972e-08 -8.42629015e+02 6.77876222e+01 2.54261085e-01 4.69327934e-02
5.27901936e-08 -8.42616669e+02 6.81933463e+01 2.76701129e-01 4.63484706e-02
5.33634781e-08 -8.42600782e+02 7.20913783e+01 2.52721449e-01 4.29739068e-02
5.48895717e-08 -8.42554101e+02 6.60201894e+01 2.55105663e-01 5.01127810e-02
5.84359234e-08 -8.42470129e+02 6.80541443e+01 2.48136238e-01 4.95823574e-02
6.10607344e-08 -8.42457845e+02 7.19824787e+01 2.87728978e-01 4.30665104e-02
6.17161316e-08 -8.42442145e+02 6.64862924e+01 2.67939850e-01 4.90828484e-02
6.27987205e-08 -8.42416513e+02 6.69043127e+01 2.39657466e-01 4.85366332e-02
6.36884883e-08 -8.42407209e+02 6.63214873e+01 2.95125805e-01 4.98180685e-02
6.38859025e-08 -8.42403649e+02 7.12037627e+01 2.42713897e-01 4.49772741e-02
6.49065234e-08 -8.42369149e+02 6.80963980e+01 3.03211480e-01 4.68103401e-02
6.73318562e-08 -8.42323839e+02 6.78463010e+01 2.40239196e-01 4.70158873e-02
7.03529266e-08 -8.42274799e+02 6.83343728e+01 2.59923606e-01 4.92744963e-02
7.38142933e-08 -8.42221243e+02 7.12210645e+01 3.04357322e-01 4.36920767e-02
7.88384359e-08 -8.42137483e+02 6.67769051e+01 2.58735043e-01 4.85734441e-02
8.25461341e-08 -8.42120988e+02 6.87836768e+01 3.09161989e-01 4.60323022e-02
8.33129611e-08 -8.42112285e+02 6.79007612e+01 2.15772542e-01 4.78175179e-02
8.43887070e-08 -8.42088793e+02 6.57300354e+01 2.72122427e-01 5.14919242e-02
8.51281271e-08 -8.42088044e+02 6.64641272e+01 2.99092238e-01 5.08431637e-02
8.51443524e-08 -8.42081766e+02 6.98460715e+01 2.34070730e-01 4.69318311e-02
8.57665827e-08 -8.42066871e+02 6.92916307e+01 2.13351053e-01 4.64130551e-02
8.72179466e-08 -8.42041653e+02 6.94332338e+01 2.17978830e-01 4.69499040e-02
8.83179381e-08 -8.42035001e+02 6.75154370e+01 2.33065973e-01 4.99819747e-02
9.11848346e-08 -8.41972085e+02 7.06162398e+01 2.23017334e-01 4.46778050e-02
9.39063126e-08 -8.41968542e+02 6.62671824e+01 2.64260631e-01 5.15141465e-02
9.45691536e-08 -8.41951432e+02 6.85208748e+01 3.26148034e-01 4.77094285e-02
9.53665561e-08 -8.41945030e+02 6.61169664e+01 2.35840790e-01 5.05608715e-02
9.87190390e-08 -8.41876829e+02 7.14854571e+01 2.96266145e-01 4.33645489e-02
1.07934225e-07 -8.41762017e+02 7.09715234e+01 2.33007554e-01 4.38795708e-02
1.15352576e-07 -8.41734131e+02 6.92896028e+01 2.91089237e-01 4.51326786e-02
1.20052334e-07 -8.41676139e+02 6.84378711e+01 2.89735569e-01 4.89615496e-02
1.24077513e-07 -8.41660737e+02 6.59564381e+01 2.45106695e-01 5.13344124e-02
1.25857934e-07 -8.41641026e+02 6.73121084e+01 2.99562994e-01 5.01214519e-02
1.27815344e-07 -8.41623198e+02 6.59559521e+01 2.82193819e-01 5.06099550e-02
1.28670890e-07 -8.41620950e+02 6.70207161e+01 2.87974392e-01 4.83210382e-02
1.28649027e-07 -8.41616885e+02 6.71117463e+01 2.56986052e-01 5.06893785e-02
1.33910762e-07 -8.41535764e+02 6.72049983e+01 2.23824070e-01 4.99337525e-02
1.45364760e-07 -8.41446434e+02 6.85187748e+01 2.23927522e-01 4.84583492e-02
1.55233348e-07 -8.41396374e+02 7.12961499e+01 2.95387873e-01 4.46262747e-02
1.59157617e-07 -8.41389234e+02 6.83793990e+01 2.23882344e-01 4.86305123e-02
1.62222956e-07 -8.41351900e+02 6.70634293e+01 3.13773556e-01 4.96520608e-02
1.66986224e-07 -8.41324537e+02 6.80274797e+01 2.97104088e-01 4.68729230e-02
1.68917841e-07 -8.41322057e+02 6.63254384e+01 2.38720036e-01 5.10783897e-02
1.70061430e-07 -8.41304463e+02 6.78988975e+01 2.16851470e-01 4.78695401e-02
1.77651331e-07 -8.41229406e+02 6.69205287e+01 2.28279049e-01 4.89749610e-02
1.85163312e-07 -8.41213631e+02 6.76256434e+01 2.81729459e-01 4.72891691e-02
1.90546895e-07 -8.41165936e+02 6.61478624e+01 2.92545408e-01 5.06203645e-02
2.01570915e-07 -8.41095173e+02 6.73890295e+01 2.39388387e-01 5.01734260e-02
2.13543520e-07 -8.41043303e+02 6.82097184e+01 2.68184028e-01 4.93627374e-02
2.19704954e-07 -8.41030993e+02 6.78001430e+01 3.07812581e-01 4.74790940e-02
2.22835309e-07 -8.41008442e+02 6.86884414e+01 2.82685332e-01 4.58239093e-02
2.25341397e-07 -8.41001853e+02 6.95393232e+01 2.31261267e-01 4.72341228e-02
2.32234889e-07 -8.40942394e+02 6.75223010e+01 2.51892983e-01 4.74560934e-02
2.39710557e-07 -8.40930981e+02 6.59798548e+01 2.48167482e-01 5.06638380e-02
2.40818750e-07 -8.40926486e+02 6.70958864e+01 3.11795354e-01 4.90001186e-02
2.40826775e-07 -8.40924255e+02 6.96162278e+01 2.99817017e-01 4.49535216e-02
2.40711771e-07 -8.40920787e+02 6.70133302e+01 2.21826443e-01 4.96968482e-02
2.40710824e-07 -8.40917607e+02 6.84803856e+01 2.51847974e-01 4.89736309e-02
2.42719374e-07 -8.40897610e+02 6.62769031e+01 2.51641126e-01 5.13251466e-02
2.46202933e-07 -8.40882409e+02 6.64016556e+01 2.39425986e-01 5.10066219e-02
2.48000536e-07 -8.40876356e+02 7.16510773e+01 2.43837844e-01 4.35183578e-02
2.51377068e-07 -8.40848886e+02 6.66509453e+01 2.43068886e-01 5.09335554e-02
2.59528739e-07 -8.40806142e+02 7.14432379e+01 2.57528443e-01 4.31522250e-02
2.64831122e-07 -8.40801330e+02 6.87509089e+01 2.72161279e-01 4.57022489e-02
2.69537733e-07 -8.40764586e+02 6.84837174e+01 2.69391812e-01 4.89936741e-02
2.73979491e-07 -8.40761649e+02 7.11378617e+01 2.36062617e-01 4.46903407e-02
2.77470832e-07 -8.40732811e+02 6.59471292e+01 2.78749798e-01 5.11645551e-02
2.81440252e-07 -8.40726387e+02 6.78773282e+01 2.95297116e-01 4.71080214e-02
2.86522823e-07 -8.40690668e+02 6.98405779e+01 3.20770871e-01 4.58319595e-02
2.91823243e-07 -8.40682768e+02 6.77045788e+01 3.19477080e-01 4.83487376e-02
2.92327323e-07 -8.40680546e+02 7.08277521e+01 3.01462470e-01 4.39536034e-02
2.99694939e-07 -8.40627045e+02 6.65004872e+01 2.81591769e-01 4.93294754e-02
3.06737063e-07 -8.40626724e+02 6.71253425e+01 2.92700057e-01 4.82969329e-02
3.05958307e-07 -8.40625474e+02 7.07799906e+01 2.30256090e-01 4.42699438e-02
3.05671671e-07 -8.40621945e+02 6.77826233e+01 2.62098032e-01 4.98669252e-02
3.14631830e-07 -8.40561932e+02 6.95010081e+01 3.21111380e-01 4.59161440e-02
3.25484685e-07 -8.40546624e+02 6.68644428e+01 3.07345718e-01 4.99952147e-02
3.31595002e-07 -8.40518222e+02 6.86225064e+01 2.77043173e-01 4.59013387e-02
3.36698304e-07 -8.40509241e+02 6.74233438e+01 3.06709867e-01 4.96988417e-02
3.38610543e-07 -8.40500240e+02 6.67470664e+01 3.01920954e-01 5.03516348e-02
3.53049861e-07 -8.40420631e+02 7.02143516e+01 2.89614961e-01 4.64300261e-02
3.72443294e-07 -8.40385360e+02 6.75064805e+01 2.94882694e-01 4.77072734e-02
3.79419274e-07 -8.40376570e+02 6.60369162e+01 2.69717137e-01 5.13698303e-02
3.81099003e-07 -8.40369862e+02 6.90776634e+01 2.67187970e-01 4.53201609e-02
3.81487897e-07 -8.40367864e+02 7.03754371e+01 3.06731372e-01 4.57955042e-02
3.80867904e-07 -8.40366459e+02 6.64184244e+01 2.60106124e-01 5.12366203e-02
3.80102669e-07 -8.40365231e+02 6.80236442e+01 2.47403222e-01 4.94815050e-02
3.87016458e-07 -8.40324173e+02 6.75758735e+01 3.04381486e-01 4.96044755e-02
3.95845698e-07 -8.40313070e+02 7.01042680e+01 2.52675131e-01 4.42708074e-02
3.99628301e-07 -8.40298518e+02 6.75234329e+01 2.85359008e-01 4.75482373e-02
4.05065481e-07 -8.40279425e+02 7.05185281e+01 2.47848812e-01 4.39519768e-02
4.12529357e-07 -8.40255399e+02 7.17759006e+01 2.84174883e-01 4.33605507e-02
4.17813570e-07 -8.40247186e+02 6.72086207e+01 2.75464648e-01 5.04587650e-02
4.30782264e-07 -8.40188454e+02 6.71422664e+01 2.50769888e-01 5.05123512e-02
4.60994585e-07 -8.40105808e+02 6.60852262e+01 2.82976567e-01 5.06344659e-02
4.80434741e-07 -8.40097498e+02 6.84158596e+01 2.88232295e-01 4.62908570e-02
4.96759211e-07 -8.40033337e+02 6.81119731e+01 2.79299343e-01 4.66327545e-02
5.11257633e-07 -8.40032277e+02 6.99529422e+01 3.06977518e-01 4.64297274e-02
5.23636189e-07 -8.39979529e+02 6.70846067e+01 3.10116986e-01 4.91668255e-02
5.49919742e-07 -8.39927649e+02 6.95134691e+01 2.90149549e-01 4.74040588e-02
5.63304670e-07 -8.39924107e+02 7.08594077e+01 2.99383240e-01 4.51434410e-02
5.66371350e-07 -8.39910180e+02 6.66807630e+01 2.69305951e-01 4.89328032e-02
5.71037003e-07 -8.39901016e+02 6.80255775e+01 2.54242314e-01 4.67588184e-02
6.00679233e-07 -8.39804612e+02 6.87999218e+01 2.95600377e-01 4.82854224e-02
6.28494864e-07 -8.39801507e+02 6.64549668e+01 2.66143691e-01 4.93986512e-02
6.29423775e-07 -8.39795010e+02 6.79693149e+01 2.20937800e-01 4.87876923e-02
6.40015574e-07 -8.39761742e+02 6.59504128e+01 2.66746214e-01 5.10418050e-02
6.48719677e-07 -8.39761062e+02 6.91673338e+01 3.21452792e-01 4.65580567e-02
6.55856460e-07 -8.39733395e+02 6.91797510e+01 3.21146488e-01 4.67409857e-02
6.63134539e-07 -8.39732144e+02 6.77376118e+01 2.63924742e-01 4.71524168e-02
6.65422300e-07 -8.39719889e+02 6.74042236e+01 2.93680334e-01 4.99795844e-02
6.72508263e-07 -8.39704326e+02 6.64408894e+01 2.63151648e-01 4.94404828e-02
6.81525834e-07 -8.39686611e+02 6.68022789e+01 2.67021798e-01 4.87153749e-02
6.98086579e-07 -8.39649911e+02 6.87311370e+01 2.42408500e-01 4.84710638e-02
7.10647186e-07 -8.39643962e+02 6.72731135e+01 2.60727318e-01 4.78969469e-02
7.51340231e-07 -8.39534856e+02 7.00497553e+01 2.88951386e-01 4.66203654e-02
8.29335311e-07 -8.39439092e+02 6.65365105e+01 2.78833047e-01 5.09552940e-02
8.70052079e-07 -8.39430072e+02 6.61201085e+01 2.50678723e-01 5.10384933e-02
8.85588878e-07 -8.39397285e+02 6.72415895e+01 2.86054374e-01 4.80950871e-02
8.97781749e-07 -8.39395800e+02 6.68786952e+01 2.29844827e-01 4.92987508e-02
9.03084583e-07 -8.39378922e+02 7.07736413e+01 2.61621618e-01 4.36862146e-02
9.30324618e-07 -8.39330231e+02 6.80950425e+01 3.15011348e-01 4.85186611e-02
9.87371671e-07 -8.39254096e+02 7.03214730e+01 2.69579372e-01 4.63468763e-02
1.03375809e-06 -8.39230447e+02 6.87914882e+01 2.51411558e-01 4.58026848e-02
1.04260033e-06 -8.39230267e+02 6.68834597e+01 2.73333992e-01 4.86272024e-02
1.06188718e-06 -8.39187587e+02 6.62801543e+01 2.71998339e-01 5.11227843e-02
1.08869469e-06 -8.39173343e+02 7.11396563e+01 2.37731390e-01 4.44143945e-02
1.10964567e-06 -8.39142989e+02 6.65940413e+01 2.70540790e-01 4.91901268e-02
1.12712757e-06 -8.39135209e+02 6.98781082e+01 2.87584777e-01 4.68612911e-02
1.13673373e-06 -8.39119407e+02 6.64869701e+01 2.94477688e-01 5.03294923e-02
1.14561370e-06 -8.39112938e+02 6.96749334e+01 3.17559641e-01 4.58831154e-02
1.16917817e-06 -8.39072430e+02 6.83609852e+01 2.52708761e-01 4.90170079e-02
1.21299776e-06 -8.39032680e+02 6.73726996e+01 2.40291878e-01 4.80038770e-02
1.24326842e-06 -8.39016150e+02 7.08623070e+01 2.35450820e-01 4.42146800e-02
1.35520116e-06 -8.38859660e+02 6.64712523e+01 2.89255684e-01 5.06231005e-02
1.51157574e-06 -8.38786317e+02 6.92637470e+01 2.34224495e-01 4.55575706e-02
1.56625294e-06 -8.38780601e+02 6.66537978e+01 2.67584348e-01 5.08925677e-02
1.57083843e-06 -8.38773818e+02 7.06459826e+01 2.68171670e-01 4.58158161e-02
1.57992423e-06 -8.38762432e+02 6.97268816e+01 2.77179767e-01 4.71515508e-02
1.60042262e-06 -8.38741459e+02 6.77416919e+01 2.39946976e-01 4.95972533e-02
1.61867221e-06 -8.38733007e+02 6.74675127e+01 2.37730544e-01 4.79309775e-02
1.64592844e-06 -8.38701634e+02 6.91065640e+01 2.21304018e-01 4.71758587e-02
1.70377949e-06 -8.38657504e+02 7.00558055e+01 3.00162218e-01 4.63279107e-02
1.73771859e-06 -8.38655045e+02 6.64568328e+01 2.71682353e-01 5.09807178e-02
1.74059071e-06 -8.38647558e+02 7.01411736e+01 2.36295934e-01 4.62512954e-02
1.76272591e-06 -8.38623250e+02 6.87433593e+01 2.86683109e-01 4.59446982e-02
1.78133332e-06 -8.38619756e+02 7.06530711e+01 2.48521686e-01 4.56758875e-02
1.82882867e-06 -8.38564721e+02 6.66460941e+01 2.42719361e-01 4.94014819e-02
1.87907813e-06 -8.38558143e+02 6.95676133e+01 2.55123602e-01 4.73740852e-02
1.88824431e-06 -8.38548346e+02 6.69318159e+01 2.90584212e-01 4.88397835e-02
1.89128618e-06 -8.38548244e+02 6.78851409e+01 2.48974415e-01 4.71024602e-02
1.89213619e-06 -8.38540806e+02 7.00054555e+01 2.37198425e-01 4.47519731e-02
1.90912566e-06 -8.38523769e+02 6.78339250e+01 2.65426975e-01 4.70895677e-02
1.96593202e-06 -8.38476006e+02 6.81125717e+01 2.67574313e-01 4.93233894e-02
2.05186077e-06 -8.38431478e+02 6.94211691e+01 3.16995485e-01 4.61942105e-02
2.18083829e-06 -8.38348645e+02 7.12353807e+01 2.75095714e-01 4.34873789e-02
2.27992439e-06 -8.38334293e+02 6.75681792e+01 2.24100017e-01 4.91007027e-02
2.29542006e-06 -8.38328399e+02 6.87560702e+01 3.10775076e-01 4.78150509e-02
2.31516037e-06 -8.38310582e+02 6.85753424e+01 2.63354059e-01 4.60740558e-02
2.32889808e-06 -8.38309832e+02 7.12326846e+01 2.84234677e-01 4.36163601e-02
2.34008804e-06 -8.38294399e+02 6.72606240e+01 2.49798203e-01 4.81050471e-02
2.35225900e-06 -8.38292742e+02 6.70549470e+01 2.27903047e-01 4.94552263e-02
2.37319333e-06 -8.38270150e+02 6.88367681e+01 2.85035067e-01 4.58337736e-02
2.39313933e-06 -8.38269220e+02 6.76970374e+01 2.75829693e-01 4.73444110e-02
2.41166944e-06 -8.38248178e+02 6.88080307e+01 2.50729699e-01 4.83660096e-02
2.45440312e-06 -8.38227433e+02 6.62077211e+01 2.53456996e-01 5.07937520e-02
2.58065558e-06 -8.38142882e+02 6.63798118e+01 2.69451170e-01 5.09487770e-02
2.71611741e-06 -8.38116840e+02 7.07550937e+01 2.48892339e-01 4.54633235e-02
2.76637589e-06 -8.38099463e+02 6.67037259e+01 2.91836859e-01 4.94755116e-02
2.85814618e-06 -8.38045565e+02 7.02507698e+01 2.71817024e-01 4.42253911e-02
2.93398714e-06 -8.38039712e+02 6.62716997e+01 2.73416961e-01 5.08556905e-02
2.98867377e-06 -8.38002316e+02 6.71537246e+01 2.39217236e-01 4.85230514e-02
3.03596122e-06 -8.38001310e+02 6.88652980e+01 3.12529027e-01 4.64763422e-02
3.04635188e-06 -8.37988865e+02 6.87403981e+01 2.34477517e-01 4.81830827e-02
3.07022925e-06 -8.37979025e+02 6.66084055e+01 2.46388351e-01 4.94814769e-02
3.08525485e-06 -8.37972432e+02 6.86297025e+01 2.57313146e-01 4.60473687e-02
3.10102093e-06 -8.37962191e+02 7.15097907e+01 2.79159587e-01 4.36053100e-02
3.14023671e-06 -8.37940732e+02 6.92985141e+01 2.66914827e-01 4.77375750e-02
3.19076125e-06 -8.37923571e+02 6.78051170e+01 3.03847368e-01 4.76848502e-02
3.23618226e-06 -8.37905812e+02 6.65590716e+01 2.91218372e-01 5.01541818e-02
3.26224450e-06 -8.37900800e+02 6.79573237e+01 2.83230443e-01 4.93710349e-02
3.29607246e-06 -8.37878641e+02 6.85208822e+01 2.22052615e-01 4.71195397e-02
3.32407276e-06 -8.37877104e+02 6.69200971e+01 2.55517437e-01 4.87003522e-02
3.32153288e-06 -8.37873516e+02 7.10069430e+01 2.70110244e-01 4.51393457e-02
3.34245520e-06 -8.37857948e+02 6.68574990e+01 2.77156627e-01 4.88450592e-02
3.35852664e-06 -8.37857207e+02 7.13838423e+01 2.55872793e-01 4.43318865e-02
3.36531886e-06 -8.37847276e+02 6.74597106e+01 2.90313987e-01 4.98127407e-02
3.44877823e-06 -8.37802044e+02 6.85797083e+01 2.69575271e-01 4.61015784e-02
3.61560218e-06 -8.37746406e+02 7.12460523e+01 2.87719527e-01 4.43770992e-02
3.87909913e-06 -8.37655969e+02 6.71318717e+01 2.60878831e-01 5.03650855e-02
4.07648871e-06 -8.37638516e+02 6.83893934e+01 3.14823853e-01 4.74067492e-02
4.12130051e-06 -8.37627403e+02 6.86338983e+01 2.72842531e-01 4.60515388e-02
4.18498565e-06 -8.37601331e+02 6.82700011e+01 2.48133583e-01 4.89902341e-02
4.38401174e-06 -8.37528964e+02 6.71800665e+01 3.04233207e-01 4.92160993e-02
4.67525258e-06 -8.37465728e+02 6.99600859e+01 2.27122364e-01 4.59102934e-02
4.84596184e-06 -8.37449649e+02 6.95046146e+01 2.23965741e-01 4.60331837e-02
4.98579395e-06 -8.37402666e+02 7.11495335e+01 2.76367448e-01 4.47848770e-02
5.10175537e-06 -8.37396467e+02 6.82625512e+01 2.23793774e-01 4.74345786e-02
5.15957705e-06 -8.37373591e+02 6.85989109e+01 2.95423629e-01 4.63567096e-02
5.20220105e-06 -8.37373226e+02 6.83615682e+01 2.71079587e-01 4.89284152e-02
5.19988745e-06 -8.37367833e+02 7.08969682e+01 2.88014967e-01 4.39607462e-02
5.27298335e-06 -8.37338855e+02 6.65385742e+01 2.81011213e-01 4.97180888e-02
5.47576690e-06 -8.37286189e+02 6.91580479e+01 2.36088647e-01 4.75914531e-02
5.64532816e-06 -8.37270575e+02 6.88984184e+01 2.25166065e-01 4.75199405e-02
5.74456758e-06 -8.37244786e+02 6.63263156e+01 2.73572599e-01 5.06125296e-02
5.80149991e-06 -8.37244029e+02 7.00544284e+01 3.03862156e-01 4.50025009e-02
5.84612164e-06 -8.37222917e+02 6.95964866e+01 3.05860425e-01 4.66928973e-02
5.93386956e-06 -8.37207525e+02 6.81835698e+01 2.70073238e-01 4.91416997e-02
5.97905915e-06 -8.37201040e+02 6.74882528e+01 2.49662347e-01 4.98869136e-02
6.13938767e-06 -8.37148622e+02 6.72418445e+01 3.01202058e-01 4.95349694e-02
6.49946209e-06 -8.37080856e+02 7.08679051e+01 2.90401386e-01 4.50116324e-02
6.71252558e-06 -8.37076312e+02 6.86966310e+01 2.42528894e-01 4.83295075e-02
6.81964198e-06 -8.37042813e+02 6.73880190e+01 2.44202502e-01 4.80902989e-02
7.06752310e-06 -8.36998462e+02 6.86220652e+01 2.97874725e-01 4.64106145e-02
7.27450267e-06 -8.36978039e+02 7.00066338e+01 2.97407352e-01 4.63034377e-02
7.34623384e-06 -8.36972086e+02 7.12785886e+01 2.66427291e-01 4.36290029e-02
7.35531295e-06 -8.36968907e+02 6.87770779e+01 2.64841884e-01 4.83774951e-02
7.36342090e-06 -8.36963233e+02 6.95169209e+01 3.05781547e-01 4.55901392e-02
7.46374904e-06 -8.36935371e+02 7.09073313e+01 2.56324328e-01 4.38569069e-02
7.60340432e-06 -8.36919371e+02 6.89844227e+01 3.13681701e-01 4.70300627e-02
7.66814317e-06 -8.36911709e+02 6.82398985e+01 3.10407680e-01 4.74419308e-02
7.67960049e-06 -8.36909715e+02 6.64451695e+01 2.76814298e-01 5.05499778e-02
7.68099798e-06 -8.36904695e+02 7.09790779e+01 2.58949872e-01 4.50627504e-02
7.68697409e-06 -8.36901500e+02 6.92961449e+01 2.50712850e-01 4.53680665e-02
7.78177348e-06 -8.36873716e+02 6.80450941e+01 2.96276469e-01 4.89628849e-02
7.91201644e-06 -8.36861492e+02 6.98779852e+01 2.47446064e-01 4.67261858e-02
7.94601206e-06 -8.36858450e+02 7.00330199e+01 2.32869039e-01 4.50840773e-02
7.95688082e-06 -8.36852111e+02 6.81641834e+01 2.90534979e-01 4.89385858e-02
7.99313993e-06 -8.36842713e+02 6.89192545e+01 3.10499575e-01 4.64932599e-02
8.09113667e-06 -8.36821178e+02 7.07024172e+01 2.73653769e-01 4.39585274e-02
8.24812224e-06 -8.36797648e+02 6.84413743e+01 2.97920247e-01 4.84484961e-02
8.33073035e-06 -8.36794455e+02 7.01223505e+01 2.83298594e-01 4.63696411e-02
8.33509987e-06 -8.36789946e+02 6.70829136e+01 2.32352942e-01 4.95215595e-02
8.48618914e-06 -8.36752221e+02 6.84962076e+01 3.03180640e-01 4.67492576e-02
8.70357452e-06 -8.36732445e+02 6.96045644e+01 2.77139152e-01 4.71848264e-02
8.81997542e-06 -8.36718943e+02 6.88920641e+01 2.93451703e-01 4.60000983e-02
9.18995597e-06 -8.36644929e+02 7.12391752e+01 2.67810428e-01 4.36886523e-02
9.59137762e-06 -8.36625506e+02 6.80621704e+01 2.83061440e-01 4.69831391e-02
9.67584080e-06 -8.36620649e+02 7.05686994e+01 2.41401917e-01 4.44226094e-02
9.92267582e-06 -8.36569127e+02 7.07899410e+01 2.87580947e-01 4.41126522e-02
1.02197612e-05 -8.36554383e+02 6.76639378e+01 2.87218024e-01 4.76611012e-02
1.03161528e-05 -8.36543670e+02 6.78308290e+01 2.55409850e-01 4.72782367e-02
1.03620136e-05 -8.36538834e+02 6.71198159e+01 2.66569337e-01 5.02697444e-02
1.03668602e-05 -8.36536076e+02 7.00601305e+01 2.97960733e-01 4.48814713e-02
1.07881304e-05 -8.36454187e+02 7.09298363e+01 2.92774605e-01 4.44102318e-02
1.12770255e-05 -8.36439158e+02 6.90867506e+01 2.28311000e-01 4.62342046e-02
1.13294431e-05 -8.36438201e+02 6.80291811e+01 2.83557066e-01 4.70530085e-02
1.13561047e-05 -8.36427828e+02 6.65355171e+01 2.50514408e-01 4.99152336e-02
1.14598589e-05 -8.36413381e+02 6.94017260e+01 2.42844962e-01 4.73138418e-02
1.15962994e-05 -8.36397512e+02 6.73629138e+01 3.01652364e-01 4.87333780e-02
1.18824121e-05 -8.36358300e+02 6.74185579e+01 2.30094226e-01 4.91968687e-02
1.21784814e-05 -8.36341322e+02 7.04346881e+01 2.84553219e-01 4.43128806e-02
1.25792123e-05 -8.36287545e+02 6.99140177e+01 3.03579775e-01 4.52490788e-02
1.30326508e-05 -8.36263267e+02 6.81931208e+01 2.88499129e-01 4.88863287e-02
1.32078273e-05 -8.36254060e+02 6.94148103e+01 2.90746492e-01 4.53817920e-02
1.35105419e-05 -8.36211717e+02 6.88946714e+01 2.34043463e-01 4.77919326e-02
1.40537587e-05 -8.36168582e+02 6.77313196e+01 2.92886154e-01 4.77002713e-02
1.44427019e-05 -8.36150083e+02 6.91601928e+01 2.95386462e-01 4.75089237e-02
1.46828880e-05 -8.36128965e+02 6.71838894e+01 2.33014515e-01 4.92016954e-02
1.48724015e-05 -8.36117699e+02 6.86729790e+01 2.63581155e-01 4.60973553e-02
1.49819098e-05 -8.36107631e+02 7.02305369e+01 2.38016204e-01 4.58563147e-02
1.50297144e-05 -8.36104648e+02 7.13360683e+01 2.72401495e-01 4.39845627e-02
1.51299091e-05 -8.36087756e+02 6.74984760e+01 2.29350482e-01 4.89532576e-02
1.52233708e-05 -8.36085606e+02 7.05391511e+01 2.60640987e-01 4.41533433e-02
1.57108718e-05 -8.36019160e+02 6.84244614e+01 2.35301464e-01 4.68155466e-02
1.63118024e-05 -8.36002841e+02 6.93152412e+01 2.32611650e-01 4.58380666e-02
1.65718412e-05 -8.35980926e+02 6.95274562e+01 2.69028371e-01 4.50942422e-02
1.67618319e-05 -8.35973282e+02 7.12950158e+01 2.60151258e-01 4.40174214e-02
1.68534043e-05 -8.35963384e+02 6.85979779e+01 2.53846226e-01 4.85017517e-02
1.69200615e-05 -8.35958712e+02 6.98887670e+01 3.01475188e-01 4.62249721e-02
1.69521903e-05 -8.35952937e+02 6.74465072e+01 2.43179074e-01 4.97022765e-02
1.70456568e-05 -8.35941087e+02 7.02677790e+01 2.65513461e-01 4.43706510e-02
1.71112366e-05 -8.35938568e+02 6.68688243e+01 2.86462257e-01 4.92970265e-02
1.70867198e-05 -8.35937298e+02 6.98081621e+01 3.05682103e-01 4.55243775e-02
1.70816038e-05 -8.35932517e+02 6.74598530e+01 2.86022221e-01 4.80522031e-02
1.71559541e-05 -8.35921978e+02 6.65459672e+01 2.69885069e-01 5.04705519e-02
1.72035936e-05 -8.35920288e+02 7.04448186e+01 2.85211553e-01 4.57450701e-02
1.72013982e-05 -8.35915582e+02 6.90915386e+01 2.67273833e-01 4.78809760e-02
1.72905370e-05 -8.35903327e+02 7.12343523e+01 2.59179625e-01 4.39390017e-02
1.77046566e-05 -8.35861980e+02 7.06091637e+01 2.68319499e-01 4.41036444e-02
1.80169578e-05 -8.35861273e+02 6.88279039e+01 2.47174785e-01 4.60468361e-02
1.79675274e-05 -8.35860819e+02 7.05769958e+01 2.73566763e-01 4.41436391e-02
1.79591626e-05 -8.35855555e+02 6.76410194e+01 3.01381130e-01 4.82069821e-02
1.79732068e-05 -8.35852595e+02 6.95105601e+01 2.63224502e-01 4.51252695e-02
1.79864325e-05 -8.35847433e+02 6.68783845e+01 2.88973091e-01 4.94250348e-02
1.84873292e-05 -8.35791771e+02 6.83096122e+01 2.58954250e-01 4.66215309e-02
1.89906214e-05 -8.35786291e+02 6.76540404e+01 2.67257276e-01 4.96568927e-02
1.92331424e-05 -8.35759903e+02 6.71510475e+01 2.35426099e-01 4.91353811e-02
1.94417797e-05 -8.35757884e+02 7.05162413e+01 2.97635202e-01 4.47980633e-02
1.95422589e-05 -8.35742992e+02 7.05271986e+01 2.75259420e-01 4.57126635e-02
1.96425996e-05 -8.35740931e+02 6.84459001e+01 2.42052666e-01 4.66405456e-02
1.97131115e-05 -8.35729203e+02 6.80170052e+01 3.07148753e-01 4.79138840e-02
1.97644462e-05 -8.35729040e+02 6.67022470e+01 2.46161401e-01 5.00685911e-02
1.99754728e-05 -8.35701496e+02 6.94897923e+01 2.70756028e-01 4.51594394e-02
2.02270906e-05 -8.35697164e+02 6.66217495e+01 2.75779595e-01 5.03201335e-02
2.05038913e-05 -8.35667867e+02 6.71545061e+01 2.34988898e-01 4.93103580e-02
2.07522826e-05 -8.35666211e+02 6.85356709e+01 3.04503176e-01 4.79854889e-02
2.07613241e-05 -8.35660348e+02 7.10932778e+01 2.78899577e-01 4.40075634e-02
2.08533744e-05 -8.35650722e+02 6.66218148e+01 2.49676657e-01 5.00922626e-02
2.09176310e-05 -8.35647519e+02 6.94578929e+01 2.69851380e-01 4.73487539e-02
2.09053757e-05 -8.35645238e+02 7.00414142e+01 2.55086651e-01 4.46554570e-02
2.09316783e-05 -8.35638359e+02 7.00369908e+01 2.75071029e-01 4.46264140e-02
2.09716355e-05 -8.35634759e+02 6.71916714e+01 2.93120643e-01 4.88266988e-02
2.11816722e-05 -8.35611900e+02 6.91888636e+01 2.36049613e-01 4.73794180e-02
2.16198415e-05 -8.35587175e+02 6.81369612e+01 2.38041888e-01 4.71884388e-02
2.19406965e-05 -8.35575661e+02 6.87085993e+01 2.85251916e-01 4.82343219e-02
2.20317488e-05 -8.35572207e+02 6.70356620e+01 2.93464378e-01 4.94425927e-02
2.24219882e-05 -8.35534248e+02 7.03513557e+01 2.54978416e-01 4.44010203e-02
2.30577325e-05 -8.35509427e+02 6.73165655e+01 2.88040512e-01 4.97219220e-02
2.32685831e-05 -8.35509232e+02 6.86213639e+01 3.05249124e-01 4.78210721e-02
2.36661949e-05 -8.35469283e+02 6.94600862e+01 2.91919248e-01 4.54263028e-02
2.41783260e-05 -8.35459384e+02 6.90005789e+01 2.27531140e-01 4.65799743e-02
2.48152048e-05 -8.35411184e+02 6.69964046e+01 2.89911467e-01 4.97628482e-02
2.53599980e-05 -8.35408716e+02 6.78935277e+01 3.00287677e-01 4.88094385e-02
2.57781904e-05 -8.35372150e+02 6.75829462e+01 2.54435471e-01 4.77817781e-02
2.61685433e-05 -8.35371668e+02 7.07468680e+01 2.87058285e-01 4.43149999e-02
2.61697627e-05 -8.35365411e+02 7.05642512e+01 2.94589136e-01 4.46956031e-02
2.62904498e-05 -8.35355823e+02 6.96297569e+01 2.79109891e-01 4.50822979e-02
2.63425953e-05 -8.35354769e+02 6.77397141e+01 3.03955545e-01 4.83844286e-02
2.62710164e-05 -8.35354609e+02 6.69695914e+01 2.46684466e-01 5.00583417e-02
2.64554236e-05 -8.35334228e+02 6.73693109e+01 2.45442189e-01 4.97461367e-02
2.66648933e-05 -8.35332078e+02 6.79851426e+01 2.38404953e-01 4.74361107e-02
2.66058505e-05 -8.35332005e+02 6.91567477e+01 2.27887754e-01 4.69356118e-02
2.67814662e-05 -8.35312361e+02 6.80478475e+01 2.85147212e-01 4.90216288e-02
2.71517867e-05 -8.35297840e+02 6.95342052e+01 2.90876595e-01 4.69922025e-02
2.74467130e-05 -8.35284093e+02 6.91403539e+01 2.44810260e-01 4.57604601e-02
2.77274275e-05 -8.35270830e+02 6.93406901e+01 2.76517803e-01 4.53835324e-02
2.81014385e-05 -8.35250697e+02 6.97077599e+01 3.06017037e-01 4.59029132e-02
2.88706636e-05 -8.35210467e+02 6.99719990e+01 2.34609975e-01 4.59967356e-02
2.94075092e-05 -8.35206792e+02 6.88555638e+01 2.44246488e-01 4.79892396e-02
2.95015926e-05 -8.35197441e+02 7.08495038e+01 2.73904163e-01 4.50872559e-02
2.99218310e-05 -8.35171988e+02 6.70268331e+01 2.55197568e-01 5.01503351e-02
3.02332359e-05 -8.35169918e+02 6.91165433e+01 2.30637655e-01 4.71914473e-02
3.01902622e-05 -8.35168177e+02 6.73210686e+01 2.38327364e-01 4.95322955e-02
3.01407173e-05 -8.35166547e+02 7.06861291e+01 2.55847674e-01 4.53534376e-02
3.02737066e-05 -8.35152764e+02 6.80408045e+01 2.49550946e-01 4.90833270e-02
3.06971793e-05 -8.35132168e+02 7.07452060e+01 2.90885828e-01 4.46639449e-02
3.10448859e-05 -8.35123494e+02 6.89741479e+01 2.81406854e-01 4.78942254e-02
3.12024916e-05 -8.35115382e+02 6.79434472e+01 2.29429510e-01 4.80286920e-02
3.12679739e-05 -8.35112631e+02 6.86174138e+01 3.07580666e-01 4.70923948e-02
3.21571353e-05 -8.35053518e+02 6.73378707e+01 2.48368555e-01 4.97938585e-02
3.30638176e-05 -8.35049496e+02 6.91738591e+01 2.64561104e-01 4.77051129e-02
3.32277895e-05 -8.35037003e+02 6.83885476e+01 2.38576892e-01 4.68734686e-02
3.38175628e-05 -8.35007826e+02 6.81422122e+01 2.34738775e-01 4.73648991e-02
3.49191277e-05 -8.34966454e+02 6.68183956e+01 2.78983648e-01 5.00864295e-02
3.55715384e-05 -8.34963723e+02 6.91592337e+01 2.91155901e-01 4.57969983e-02
3.59767683e-05 -8.34937316e+02 7.11099433e+01 2.59419043e-01 4.43364195e-02
3.67130104e-05 -8.34916486e+02 7.11556961e+01 2.66782621e-01 4.41713616e-02
3.71484659e-05 -8.34906992e+02 7.06324846e+01 2.84371338e-01 4.43631562e-02
3.75792800e-05 -8.34886848e+02 6.95718802e+01 3.04110204e-01 4.63999112e-02
3.80526661e-05 -8.34875232e+02 6.85782870e+01 3.03571566e-01 4.69192077e-02
3.84433510e-05 -8.34859789e+02 6.74795995e+01 2.98206481e-01 4.90269759e-02
3.88920234e-05 -8.34845362e+02 6.86849910e+01 2.99817304e-01 4.66198233e-02
3.93114808e-05 -8.34831674e+02 6.78982186e+01 2.89186223e-01 4.90653264e-02
3.96014451e-05 -8.34823976e+02 6.76309765e+01 2.55393525e-01 4.95652546e-02
4.13457073e-05 -8.34740537e+02 6.76949015e+01 2.87856591e-01 4.92903628e-02
4.31811929e-05 -8.34728742e+02 6.95359793e+01 2.66485679e-01 4.51811870e-02
4.33185095e-05 -8.34727497e+02 6.88691453e+01 2.93837290e-01 4.77915293e-02
4.41262624e-05 -8.34685576e+02 6.93223069e+01 2.29299218e-01 4.65177559e-02
4.53870660e-05 -8.34664173e+02 6.98317523e+01 2.99825830e-01 4.54259681e-02
4.58279128e-05 -8.34659479e+02 6.96313670e+01 2.73612027e-01 4.51024151e-02
4.66298095e-05 -8.34623148e+02 6.88622901e+01 2.90340913e-01 4.61738382e-02
4.83015296e-05 -8.34582460e+02 6.99261062e+01 2.70584874e-01 4.65776115e-02
4.96876842e-05 -8.34559622e+02 6.84087715e+01 3.04211020e-01 4.79237613e-02
5.01023612e-05 -8.34559053e+02 6.81548765e+01 2.36758614e-01 4.86154244e-02
5.02167900e-05 -8.34548432e+02 7.05675803e+01 2.67961862e-01 4.42759515e-02
5.04768883e-05 -8.34542047e+02 6.91870415e+01 3.04444308e-01 4.69156043e-02
5.04892487e-05 -8.34541276e+02 6.84696085e+01 2.35591567e-01 4.81989295e-02
5.03702843e-05 -8.34540109e+02 6.90621040e+01 2.69595604e-01 4.78103879e-02
5.17377143e-05 -8.34481896e+02 6.99062990e+01 3.00582193e-01 4.59149680e-02
5.33348703e-05 -8.34471825e+02 6.72198780e+01 2.38603322e-01 4.92515946e-02
5.41353273e-05 -8.34445594e+02 6.69012924e+01 2.78241295e-01 4.99786716e-02
5.54384831e-05 -8.34417619e+02 6.99830886e+01 2.37797839e-01 4.60071378e-02
5.60400156e-05 -8.34417159e+02 6.70962778e+01 2.88904235e-01 4.94634592e-02
5.64316174e-05 -8.34397137e+02 6.77356921e+01 3.00120983e-01 4.86443802e-02
5.72268212e-05 -8.34382471e+02 7.09748466e+01 2.65615618e-01 4.41607542e-02
5.74599953e-05 -8.34382295e+02 6.79527700e+01 2.98469576e-01 4.77587195e-02
5.78679769e-05 -8.34361770e+02 6.85702410e+01 2.66336724e-01 4.63643775e-02
5.83177212e-05 -8.34360051e+02 7.04718028e+01 2.66251185e-01 4.56943643e-02
5.82678985e-05 -8.34356826e+02 6.75937448e+01 2.98486140e-01 4.86138967e-02
5.82177260e-05 -8.34355116e+02 6.79670482e+01 2.32099222e-01 4.85116237e-02
5.84606872e-05 -8.34341884e+02 6.96423289e+01 2.77456844e-01 4.51434199e-02
5.97382560e-05 -8.34305512e+02 6.74863575e+01 2.36140685e-01 4.86505695e-02
6.15161264e-05 -8.34276455e+02 6.68466883e+01 2.68685167e-01 5.01121920e-02
6.26922848e-05 -8.34260828e+02 6.67585158e+01 2.69424724e-01 5.00593929e-02
6.30235413e-05 -8.34259199e+02 6.86882950e+01 2.81045216e-01 4.81986317e-02
6.32902898e-05 -8.34245770e+02 6.76700317e+01 2.40041753e-01 4.80530597e-02
6.36064700e-05 -8.34242535e+02 6.72291649e+01 2.89179154e-01 4.88954322e-02
6.35231420e-05 -8.34241733e+02 6.88412566e+01 3.02364598e-01 4.66234587e-02
6.34034442e-05 -8.34239652e+02 6.85587976e+01 2.29356431e-01 4.73044363e-02
6.36907712e-05 -8.34226080e+02 6.71980568e+01 2.81959958e-01 4.87134548e-02
6.44772825e-05 -8.34208482e+02 6.92677168e+01 3.00099975e-01 4.69759682e-02
6.52125566e-05 -8.34196703e+02 6.98895994e+01 2.36224259e-01 4.54882939e-02
6.54494016e-05 -8.34194542e+02 7.02600989e+01 2.56384909e-01 4.45980541e-02
6.53658647e-05 -8.34192602e+02 6.71817759e+01 2.64934633e-01 4.99461738e-02
6.57734045e-05 -8.34175527e+02 6.67793760e+01 2.68287544e-01 5.00634550e-02
6.63264706e-05 -8.34169137e+02 6.86649673e+01 2.36124211e-01 4.66900386e-02
6.69151869e-05 -8.34151268e+02 6.94232600e+01 2.48995433e-01 4.54800755e-02
6.76001679e-05 -8.34142053e+02 6.72566428e+01 2.78887473e-01 4.85433877e-02
6.82651959e-05 -8.34125084e+02 6.90144449e+01 3.05455354e-01 4.67974840e-02
6.95106179e-05 -8.34099333e+02 6.88087811e+01 2.48303743e-01 4.62074726e-02
7.02653099e-05 -8.34096667e+02 7.07614983e+01 2.62479772e-01 4.42555111e-02
7.10083347e-05 -8.34071792e+02 6.83906563e+01 2.51905349e-01 4.85889774e-02
7.16581995e-05 -8.34071636e+02 7.06558501e+01 2.48893412e-01 4.50258480e-02
7.21070079e-05 -8.34052738e+02 7.05476057e+01 2.66007866e-01 4.55242071e-02
7.26746344e-05 -8.34049212e+02 6.71818560e+01 2.68112833e-01 4.99175193e-02
7.30884756e-05 -8.34034775e+02 6.70554000e+01 2.72673707e-01 4.99586415e-02
7.38074902e-05 -8.34022960e+02 6.80337394e+01 2.69867994e-01 4.90636614e-02
7.46444168e-05 -8.34005609e+02 6.99677949e+01 2.98918742e-01 4.55316261e-02
7.52201987e-05 -8.34000866e+02 6.78183532e+01 2.85296433e-01 4.91295587e-02
7.52554590e-05 -8.33998012e+02 6.95988536e+01 2.52748680e-01 4.69539958e-02
7.51997881e-05 -8.33995690e+02 6.89903481e+01 2.71655390e-01 4.78542157e-02
7.57877816e-05 -8.33975876e+02 6.84708746e+01 2.37322454e-01 4.81832457e-02
7.70163875e-05 -8.33956865e+02 6.70429833e+01 2.81422618e-01 4.97468770e-02
7.75990336e-05 -8.33954059e+02 6.92957668e+01 2.50067237e-01 4.73557634e-02
7.77805373e-05 -8.33945553e+02 6.99539879e+01 2.45959668e-01 4.62871049e-02
7.83381354e-05 -8.33933137e+02 6.73241794e+01 2.57733881e-01 4.97751189e-02
7.96952609e-05 -8.33904709e+02 6.74712395e+01 2.94083215e-01 4.90196474e-02
8.08994790e-05 -8.33896303e+02 6.87864121e+01 2.43777591e-01 4.63402392e-02
8.23603518e-05 -8.33862528e+02 6.69272740e+01 2.56047837e-01 4.99578687e-02
8.47323666e-05 -8.33832796e+02 6.74874183e+01 2.64403586e-01 4.80526720e-02
8.59206760e-05 -8.33827804e+02 7.09395228e+01 2.69963848e-01 4.43549338e-02
8.61156642e-05 -8.33821610e+02 6.68119216e+01 2.59189869e-01 4.99173402e-02
8.62114751e-05 -8.33818916e+02 6.74013913e+01 2.92866659e-01 4.90423277e-02
8.68113090e-05 -8.33801164e+02 6.70591008e+01 2.50617481e-01 4.90754485e-02
8.75207470e-05 -8.33795911e+02 6.99765334e+01 2.91879474e-01 4.60959049e-02
8.82745338e-05 -8.33777435e+02 6.92385437e+01 2.62502983e-01 4.75095173e-02
8.90554514e-05 -8.33771564e+02 6.71709103e+01 2.68718025e-01 4.98809996e-02
8.96113794e-05 -8.33758369e+02 6.76172319e+01 2.56260222e-01 4.78768169e-02
9.05179413e-05 -8.33744779e+02 6.92692930e+01 2.50847030e-01 4.73832124e-02
9.08541038e-05 -8.33744253e+02 7.02768047e+01 2.64718419e-01 4.45797250e-02
9.18585779e-05 -8.33716328e+02 6.79368666e+01 2.69996350e-01 4.91436512e-02
9.35112928e-05 -8.33701791e+02 6.98683496e+01 2.99040506e-01 4.57454938e-02
9.45788791e-05 -8.33686971e+02 6.78860643e+01 2.91453834e-01 4.88679126e-02
9.50517351e-05 -8.33685107e+02 6.81166941e+01 2.58610218e-01 4.70781936e-02
9.49665031e-05 -8.33682111e+02 6.93916122e+01 2.62427370e-01 4.72861326e-02
9.55886351e-05 -8.33665460e+02 6.94218232e+01 2.72176382e-01 4.72273945e-02
9.64572136e-05 -8.33657311e+02 6.81203440e+01 2.35691992e-01 4.84596844e-02
9.67151935e-05 -8.33653449e+02 6.89788909e+01 2.87689866e-01 4.60808096e-02
9.68290083e-05 -8.33648306e+02 7.02342941e+01 2.60046392e-01 4.46463438e-02
9.70895675e-05 -8.33641424e+02 6.76970968e+01 2.95837608e-01 4.87763098e-02
9.75368791e-05 -8.33632466e+02 6.91545480e+01 2.32578082e-01 4.64442873e-02
1.01273799e-04 -8.33560837e+02 7.01256773e+01 2.95242439e-01 4.54739712e-02
1.04966821e-04 -8.33552910e+02 6.86492649e+01 2.99990767e-01 4.68915622e-02
1.05556511e-04 -8.33542986e+02 6.93662556e+01 2.99682142e-01 4.67125365e-02
1.07415489e-04 -8.33511561e+02 6.77081372e+01 2.48173134e-01 4.92492651e-02
1.09179226e-04 -8.33503527e+02 6.95914912e+01 2.88968409e-01 4.67504692e-02
1.09399210e-04 -8.33500865e+02 6.80065598e+01 2.47484641e-01 4.73954850e-02
1.09481859e-04 -8.33495366e+02 6.70982534e+01 2.61611740e-01 4.88709927e-02
1.11568827e-04 -8.33456808e+02 7.04225493e+01 2.74267275e-01 4.45382162e-02
1.14801333e-04 -8.33431378e+02 7.07932700e+01 2.58223221e-01 4.45063139e-02
1.16071025e-04 -8.33427995e+02 6.75009827e+01 2.92393132e-01 4.89754220e-02
1.16875984e-04 -8.33410970e+02 6.74330640e+01 2.64767526e-01 4.96358327e-02
1.17774768e-04 -8.33405952e+02 6.73658870e+01 2.51432844e-01 4.95909997e-02
1.18009763e-04 -8.33400329e+02 6.88093933e+01 3.02650362e-01 4.69426303e-02
1.18514551e-04 -8.33390775e+02 6.96978944e+01 2.88326188e-01 4.65886095e-02
1.18973168e-04 -8.33385932e+02 6.91209168e+01 2.98865405e-01 4.70943451e-02
1.18896869e-04 -8.33385396e+02 6.72060726e+01 2.69937614e-01 4.86635837e-02
1.19935277e-04 -8.33362022e+02 6.82743698e+01 2.92240803e-01 4.71688103e-02
1.20989138e-04 -8.33361107e+02 6.98546823e+01 2.37406669e-01 4.56941583e-02
1.21034758e-04 -8.33354622e+02 6.89231852e+01 2.32590389e-01 4.71924017e-02
1.22169572e-04 -8.33335865e+02 6.98869042e+01 2.49981840e-01 4.50990717e-02
1.23618240e-04 -8.33324336e+02 7.04775372e+01 2.68324294e-01 4.44933450e-02
1.24679946e-04 -8.33312110e+02 6.76251083e+01 2.43756139e-01 4.81605837e-02
1.25284723e-04 -8.33307969e+02 6.79691023e+01 2.47031941e-01 4.89329105e-02
1.25508352e-04 -8.33301892e+02 6.73225093e+01 2.42980007e-01 4.88938549e-02
1.26541690e-04 -8.33284977e+02 7.01092651e+01 2.92625680e-01 4.52207311e-02
1.27680915e-04 -8.33277255e+02 6.78917966e+01 2.94566525e-01 4.79164091e-02
1.27922523e-04 -8.33274527e+02 7.02819691e+01 2.58876892e-01 4.46670017e-02
1.27673174e-04 -8.33274500e+02 6.83080068e+01 2.82582790e-01 4.69306072e-02
1.28927154e-04 -8.33248493e+02 6.71691436e+01 2.54987808e-01 4.97422334e-02
1.30438444e-04 -8.33244372e+02 6.81313296e+01 2.99390729e-01 4.81273303e-02
1.30697428e-04 -8.33237877e+02 6.77321129e+01 2.82872812e-01 4.78493928e-02
1.31007663e-04 -8.33232970e+02 7.04640299e+01 2.86977941e-01 4.51240679e-02
1.31226703e-04 -8.33227881e+02 6.83902276e+01 2.99952258e-01 4.78891927e-02
1.34794972e-04 -8.33173393e+02 6.90924502e+01 2.52566193e-01 4.58936079e-02
1.38241662e-04 -8.33169989e+02 6.82127165e+01 2.81948201e-01 4.70725249e-02
1.44188443e-04 -8.33084332e+02 6.97196761e+01 2.97678309e-01 4.58172797e-02
1.53495083e-04 -8.33036966e+02 6.95282356e+01 2.99069022e-01 4.60574579e-02
1.57428598e-04 -8.33026536e+02 6.87381908e+01 2.49421597e-01 4.80151713e-02
1.58551132e-04 -8.33016100e+02 6.84082767e+01 2.89629697e-01 4.69488952e-02
1.61727859e-04 -8.32980495e+02 6.78257835e+01 2.36410196e-01 4.83631337e-02
1.64732439e-04 -8.32972329e+02 7.06764380e+01 2.78214647e-01 4.48394579e-02
1.65994063e-04 -8.32958611e+02 6.90823341e+01 2.63674852e-01 4.76533358e-02
1.67373426e-04 -8.32949098e+02 6.93492125e+01 2.97746014e-01 4.67128419e-02
1.67778767e-04 -8.32947096e+02 6.85696693e+01 2.63653209e-01 4.64918727e-02
1.67669608e-04 -8.32943746e+02 6.74395715e+01 2.53689805e-01 4.83360924e-02
1.67526158e-04 -8.32942150e+02 6.74210561e+01 2.42034515e-01 4.90273774e-02
1.67749877e-04 -8.32934436e+02 6.73619745e+01 2.78610179e-01 4.85242261e-02
1.69424547e-04 -8.32915700e+02 7.01362692e+01 2.49832407e-01 4.49716060e-02
1.71053494e-04 -8.32908568e+02 6.92490038e+01 2.79878813e-01 4.73336238e-02
1.73338332e-04 -8.32882661e+02 7.03149047e+01 2.58539491e-01 4.57418358e-02
1.75806759e-04 -8.32873485e+02 6.86741081e+01 2.33057914e-01 4.72527188e-02
1.76113579e-04 -8.32872497e+02 6.72419712e+01 2.71807426e-01 4.96584839e-02
1.76634110e-04 -8.32860960e+02 6.91437159e+01 2.68177758e-01 4.75574975e-02
1.77864002e-04 -8.32851951e+02 6.97751333e+01 2.92887118e-01 4.55071819e-02
1.78334860e-04 -8.32848999e+02 6.74672791e+01 2.41556424e-01 4.89300232e-02
1.83844014e-04 -8.32785454e+02 6.70362403e+01 2.62008633e-01 4.92023288e-02
1.89244331e-04 -8.32783432e+02 6.90874933e+01 2.96474446e-01 4.63212962e-02
1.89112398e-04 -8.32780194e+02 6.69663249e+01 2.64680237e-01 4.94950758e-02
1.89230239e-04 -8.32775534e+02 6.72151075e+01 2.58524421e-01 4.87703330e-02
1.89458746e-04 -8.32771125e+02 6.71452752e+01 2.72071379e-01 4.89498342e-02
1.90357483e-04 -8.32759442e+02 6.77883949e+01 2.62519162e-01 4.76674004e-02
1.91905401e-04 -8.32748269e+02 7.04459734e+01 2.66522073e-01 4.45994864e-02
1.92677504e-04 -8.32744728e+02 7.00360500e+01 2.91454112e-01 4.57592866e-02
1.93123538e-04 -8.32737000e+02 6.77871170e+01 2.82255451e-01 4.90522295e-02
1.97588744e-04 -8.32692830e+02 6.86530263e+01 2.36791377e-01 4.69233000e-02
2.01645012e-04 -8.32689218e+02 6.85744507e+01 2.33806692e-01 4.75047500e-02
2.02498348e-04 -8.32677758e+02 7.02720231e+01 2.72970927e-01 4.47360388e-02
2.03114819e-04 -8.32676451e+02 7.01667134e+01 2.90400936e-01 4.53699898e-02
2.03079203e-04 -8.32671459e+02 7.07040229e+01 2.66039362e-01 4.46004486e-02
2.05091139e-04 -8.32650185e+02 6.71032495e+01 2.56917554e-01 4.91203105e-02
2.11519678e-04 -8.32603508e+02 6.83498825e+01 2.47901490e-01 4.69823207e-02
2.16080035e-04 -8.32600326e+02 6.79167182e+01 2.90599090e-01 4.78374007e-02
2.18007441e-04 -8.32579200e+02 6.76504268e+01 2.40613383e-01 4.88040073e-02
2.20677717e-04 -8.32569235e+02 6.77321650e+01 2.48447962e-01 4.79533335e-02
2.22820573e-04 -8.32553257e+02 7.06437950e+01 2.68903490e-01 4.46086530e-02
2.24104434e-04 -8.32551027e+02 6.70436545e+01 2.61878319e-01 4.96297293e-02
2.26028117e-04 -8.32529620e+02 6.91238954e+01 2.85774514e-01 4.60003466e-02
2.29011604e-04 -8.32518063e+02 7.06158148e+01 2.63147600e-01 4.50876505e-02
2.31024408e-04 -8.32505469e+02 6.88858638e+01 2.35982094e-01 4.67376424e-02
2.31817565e-04 -8.32504514e+02 6.80062534e+01 2.37025341e-01 4.83024557e-02
2.33447771e-04 -8.32484895e+02 6.71434660e+01 2.65690982e-01 4.89760880e-02
2.35251380e-04 -8.32482371e+02 6.76307686e+01 2.87499007e-01 4.89657690e-02
2.35128399e-04 -8.32479286e+02 7.02160568e+01 2.84997231e-01 4.56263420e-02
2.36888059e-04 -8.32460886e+02 7.04346490e+01 2.53753344e-01 4.53192981e-02
2.40835294e-04 -8.32439607e+02 6.99535154e+01 2.90962827e-01 4.54229766e-02
2.43070115e-04 -8.32435648e+02 6.88821960e+01 2.98156468e-01 4.67574753e-02
2.42957689e-04 -8.32433874e+02 7.04540719e+01 2.77414023e-01 4.53311780e-02
2.42570574e-04 -8.32432181e+02 6.91439814e+01 2.83754677e-01 4.73711933e-02
2.42032131e-04 -8.32431662e+02 6.95983405e+01 2.62264812e-01 4.53364189e-02
2.42591130e-04 -8.32420940e+02 6.75109043e+01 2.87558882e-01 4.86786379e-02
2.43329327e-04 -8.32418902e+02 6.91182083e+01 2.48640794e-01 4.74229568e-02
2.43306496e-04 -8.32414476e+02 6.89739991e+01 2.59726125e-01 4.77369984e-02
2.44261568e-04 -8.32404431e+02 6.92642427e+01 2.54781456e-01 4.72994630e-02
2.50148107e-04 -8.32360648e+02 7.02775307e+01 2.59651089e-01 4.57393029e-02
2.56049843e-04 -8.32350684e+02 6.79933123e+01 2.87083091e-01 4.76291505e-02
2.56739333e-04 -8.32348590e+02 6.88378803e+01 2.89825699e-01 4.64616184e-02
2.56748816e-04 -8.32343958e+02 7.04067843e+01 2.51842882e-01 4.49793720e-02
2.56640829e-04 -8.32342771e+02 6.75118378e+01 2.84362634e-01 4.91124197e-02
2.56140550e-04 -8.32341206e+02 6.84931395e+01 2.50767952e-01 4.67623654e-02
2.56824517e-04 -8.32330808e+02 6.84214746e+01 2.80131934e-01 4.83479079e-02
2.58264405e-04 -8.32323355e+02 6.84637665e+01 2.97777355e-01 4.76724949e-02
2.61135042e-04 -8.32302144e+02 6.77136200e+01 2.70251474e-01 4.92153555e-02
2.63517924e-04 -8.32298423e+02 6.71462218e+01 2.54950812e-01 4.92159451e-02
2.65537275e-04 -8.32280299e+02 6.98390687e+01 2.73561907e-01 4.51352124e-02
2.68040181e-04 -8.32272936e+02 6.94654526e+01 2.86849659e-01 4.68261807e-02
2.68686863e-04 -8.32268815e+02 7.03918700e+01 2.73045215e-01 4.47408827e-02
2.68922468e-04 -8.32264527e+02 6.82165251e+01 2.38586122e-01 4.75603265e-02
2.69164040e-04 -8.32260363e+02 7.02244581e+01 2.58364367e-01 4.48583717e-02
2.69580924e-04 -8.32254780e+02 6.93933239e+01 2.63414700e-01 4.55643922e-02
2.70277730e-04 -8.32248546e+02 6.80750334e+01 2.78016496e-01 4.73378335e-02
2.71722546e-04 -8.32237482e+02 6.95100976e+01 2.73539674e-01 4.69510461e-02
2.72590001e-04 -8.32235487e+02 7.01649200e+01 2.86262883e-01 4.51755434e-02
2.79023498e-04 -8.32184813e+02 6.74105399e+01 2.71544128e-01 4.94337110e-02
2.85889737e-04 -8.32179576e+02 7.02796842e+01 2.84823759e-01 4.51548468e-02
2.86911809e-04 -8.32171032e+02 6.80556404e+01 2.37593364e-01 4.80628701e-02
2.87571251e-04 -8.32168312e+02 7.01563649e+01 2.46349835e-01 4.53886057e-02
2.89936423e-04 -8.32148095e+02 6.94607223e+01 2.88217131e-01 4.57431533e-02
2.93003520e-04 -8.32140523e+02 6.83900565e+01 2.91728124e-01 4.71754282e-02
2.93910307e-04 -8.32135252e+02 6.72284869e+01 2.62163186e-01 4.95430596e-02
2.94615290e-04 -8.32129078e+02 6.73322732e+01 2.77200192e-01 4.93489244e-02
2.94822982e-04 -8.32127178e+02 6.74810489e+01 2.81645790e-01 4.91696131e-02
2.96279928e-04 -8.32112616e+02 7.03734743e+01 2.51916011e-01 4.52305844e-02
2.99007498e-04 -8.32102169e+02 6.76315189e+01 2.53701420e-01 4.92074985e-02
3.04686445e-04 -8.32068586e+02 6.90665699e+01 2.86186138e-01 4.73850696e-02
3.09746982e-04 -8.32062296e+02 6.76538156e+01 2.77283369e-01 4.80712230e-02
3.12556549e-04 -8.32043945e+02 6.76559724e+01 2.58763623e-01 4.92325416e-02
3.14448652e-04 -8.32043486e+02 6.81898387e+01 2.79781852e-01 4.85862145e-02
3.16462697e-04 -8.32024609e+02 7.02234067e+01 2.56846484e-01 4.49232904e-02
3.20979306e-04 -8.32008463e+02 6.96971208e+01 2.82476783e-01 4.54096206e-02
3.23665014e-04 -8.32001237e+02 7.02008031e+01 2.72386274e-01 4.48826318e-02
3.24194745e-04 -8.31998526e+02 6.80405433e+01 2.85722500e-01 4.75713834e-02
3.23581128e-04 -8.31998368e+02 6.74508859e+01 2.65461310e-01 4.94098210e-02
3.25557591e-04 -8.31979778e+02 6.99068176e+01 2.43704664e-01 4.56033435e-02
3.29364020e-04 -8.31968410e+02 6.81913310e+01 2.70420148e-01 4.71313401e-02
3.30457845e-04 -8.31966460e+02 6.89174242e+01 2.97413087e-01 4.68751292e-02
3.32354225e-04 -8.31950374e+02 6.93021160e+01 2.96097307e-01 4.65533676e-02
3.36666862e-04 -8.31934021e+02 6.81758185e+01 2.37866087e-01 4.80305683e-02
3.39130758e-04 -8.31929074e+02 6.72949263e+01 2.75374837e-01 4.93331399e-02
3.42799622e-04 -8.31905972e+02 6.99023354e+01 2.72066302e-01 4.63209069e-02
3.48586990e-04 -8.31888875e+02 6.84941320e+01 2.83469789e-01 4.68436186e-02
3.51949824e-04 -8.31880062e+02 6.99423180e+01 2.62497173e-01 4.50827592e-02
3.52848431e-04 -8.31877102e+02 6.93819575e+01 2.47024754e-01 4.58285148e-02
3.52829717e-04 -8.31873513e+02 6.96738903e+01 2.60887507e-01 4.53319687e-02
3.53898130e-04 -8.31864417e+02 6.77070643e+01 2.58220079e-01 4.79483977e-02
3.55804778e-04 -8.31856108e+02 6.90742514e+01 2.76347130e-01 4.75017491e-02
3.56976872e-04 -8.31851172e+02 6.89954529e+01 2.40308177e-01 4.64899554e-02
3.57012684e-04 -8.31849246e+02 6.78482615e+01 2.48829711e-01 4.78571579e-02
3.56628585e-04 -8.31846670e+02 6.73610141e+01 2.80026661e-01 4.90628449e-02
3.60793954e-04 -8.31819549e+02 6.84766173e+01 2.50887054e-01 4.68455137e-02
3.66229047e-04 -8.31809950e+02 6.95984660e+01 2.90096103e-01 4.64283493e-02
3.68589258e-04 -8.31800047e+02 7.04548676e+01 2.63899849e-01 4.48171126e-02
3.75108790e-04 -8.31768453e+02 6.83416821e+01 2.77154043e-01 4.69846652e-02
3.80613955e-04 -8.31764008e+02 6.71708764e+01 2.66419159e-01 4.92340454e-02
3.82596239e-04 -8.31751443e+02 6.93208960e+01 2.40802207e-01 4.67640936e-02
3.83731102e-04 -8.31751389e+02 7.03439903e+01 2.66952460e-01 4.55313465e-02
3.84927133e-04 -8.31738604e+02 6.90311744e+01 2.90921148e-01 4.72480927e-02
3.86438609e-04 -8.31736855e+02 6.73564894e+01 2.51237432e-01 4.89443431e-02
3.88236126e-04 -8.31722716e+02 6.87785477e+01 2.95783902e-01 4.72959160e-02
3.90730508e-04 -8.31717348e+02 6.75963001e+01 2.45132155e-01 4.86776250e-02
3.93452702e-04 -8.31702225e+02 6.89562812e+01 2.51660818e-01 4.76095111e-02
4.02336318e-04 -8.31666303e+02 7.03969308e+01 2.59331445e-01 4.53189435e-02
4.09357358e-04 -8.31660655e+02 6.89128428e+01 2.94507055e-01 4.72117637e-02
4.11107332e-04 -8.31651130e+02 7.03895022e+01 2.71005268e-01 4.48696191e-02
4.12238263e-04 -8.31648484e+02 6.83878450e+01 2.38082271e-01 4.77757290e-02
4.11948709e-04 -8.31645880e+02 7.02467291e+01 2.64779391e-01 4.49006162e-02
4.11486124e-04 -8.31644075e+02 7.04911502e+01 2.70457602e-01 4.49492183e-02
4.10710374e-04 -8.31642998e+02 6.95740820e+01 2.68400171e-01 4.54404218e-02
4.10093047e-04 -8.31640429e+02 6.89273436e+01 2.70821724e-01 4.61699022e-02
4.13685311e-04 -8.31619013e+02 7.03566115e+01 2.55158453e-01 4.51479364e-02
4.18014518e-04 -8.31612847e+02 6.84444384e+01 2.41692282e-01 4.71833636e-02
4.18086705e-04 -8.31612002e+02 6.99305639e+01 2.45732332e-01 4.55875502e-02
4.23404567e-04 -8.31581150e+02 6.96202346e+01 2.52601245e-01 4.66419281e-02
4.28768476e-04 -8.31579931e+02 6.84573850e+01 2.51613500e-01 4.82350159e-02
4.28031197e-04 -8.31577937e+02 6.74912097e+01 2.68185947e-01 4.92938368e-02
4.27791997e-04 -8.31574396e+02 6.88996922e+01 2.79217407e-01 4.76695450e-02
4.27645228e-04 -8.31571966e+02 6.94603694e+01 2.90666139e-01 4.65770744e-02
4.28578049e-04 -8.31563399e+02 7.03584488e+01 2.76371368e-01 4.50165584e-02
4.29236372e-04 -8.31562223e+02 6.88042490e+01 2.95700129e-01 4.70166367e-02
4.28210488e-04 -8.31561529e+02 6.99939046e+01 2.64696775e-01 4.50778693e-02
4.32145365e-04 -8.31537418e+02 6.86891307e+01 2.95345326e-01 4.73416781e-02
4.37230521e-04 -8.31531340e+02 7.00959765e+01 2.64865999e-01 4.59615270e-02
4.37316107e-04 -8.31530362e+02 6.96641496e+01 2.42486370e-01 4.59517593e-02
4.41114956e-04 -8.31507517e+02 6.88083562e+01 2.89452391e-01 4.66235535e-02
4.44945572e-04 -8.31506284e+02 6.98517422e+01 2.87030261e-01 4.60212990e-02
4.44776881e-04 -8.31501624e+02 6.84211751e+01 2.94518470e-01 4.75873114e-02
4.44648931e-04 -8.31500199e+02 6.73852067e+01 2.52083716e-01 4.89410403e-02
4.46169384e-04 -8.31488177e+02 6.85639222e+01 2.60152021e-01 4.66628650e-02
4.49056246e-04 -8.31480622e+02 6.84960476e+01 2.43439438e-01 4.79770053e-02
4.51144985e-04 -8.31472244e+02 6.94414352e+01 2.92520145e-01 4.61165440e-02
4.51712780e-04 -8.31471434e+02 6.90458743e+01 2.88183715e-01 4.62982295e-02
4.53255540e-04 -8.31458809e+02 7.01788805e+01 2.51262804e-01 4.53174935e-02
4.63904632e-04 -8.31418695e+02 6.76539903e+01 2.48807878e-01 4.89233575e-02
4.73905363e-04 -8.31409117e+02 6.99757910e+01 2.86284048e-01 4.57223537e-02
4.74753020e-04 -8.31408442e+02 6.76345641e+01 2.81437069e-01 4.83579174e-02
4.73901020e-04 -8.31406055e+02 6.97595445e+01 2.89862861e-01 4.58601228e-02
4.73962905e-04 -8.31401529e+02 6.75301507e+01 2.79434531e-01 4.85454022e-02
4.74390721e-04 -8.31397594e+02 6.80090807e+01 2.41304424e-01 4.80956605e-02
4.74317626e-04 -8.31395179e+02 6.86077729e+01 2.75201103e-01 4.80696836e-02
4.73720781e-04 -8.31393455e+02 6.90046923e+01 2.43507826e-01 4.73008387e-02
4.73439431e-04 -8.31389715e+02 6.93057893e+01 2.89490832e-01 4.68344371e-02
4.72790268e-04 -8.31389541e+02 6.98129566e+01 2.50515731e-01 4.54401441e-02
4.71517899e-04 -8.31388449e+02 6.97790078e+01 2.54353336e-01 4.63857636e-02
4.70703331e-04 -8.31386344e+02 6.73895808e+01 2.54160863e-01 4.91357208e-02
4.71701274e-04 -8.31377576e+02 6.93756412e+01 2.51536462e-01 4.58034679e-02
4.73947466e-04 -8.31370182e+02 6.98118351e+01 2.79568087e-01 4.62974361e-02
4.77450251e-04 -8.31356228e+02 6.90690735e+01 2.39550833e-01 4.66232185e-02
4.82540982e-04 -8.31342314e+02 6.83643516e+01 2.89146693e-01 4.72787156e-02
4.87599757e-04 -8.31328713e+02 6.84396353e+01 2.62021612e-01 4.83150879e-02
4.89545571e-04 -8.31327647e+02 6.82042240e+01 2.43501775e-01 4.82653296e-02
4.93368695e-04 -8.31306609e+02 6.80171238e+01 2.42250350e-01 4.83131885e-02
4.97309008e-04 -8.31304972e+02 6.81186304e+01 2.88311976e-01 4.83051684e-02
4.98205111e-04 -8.31296371e+02 6.78654881e+01 2.70275922e-01 4.89283018e-02
5.03361728e-04 -8.31277790e+02 6.89750771e+01 2.68812162e-01 4.61453863e-02
5.11835664e-04 -8.31256354e+02 6.80326621e+01 2.72176774e-01 4.87412313e-02
5.19141620e-04 -8.31242720e+02 6.77475351e+01 2.59001825e-01 4.79673952e-02
5.22725990e-04 -8.31235903e+02 6.94799248e+01 2.90688569e-01 4.64342089e-02
5.26616183e-04 -8.31221277e+02 6.90335345e+01 2.74124475e-01 4.61085885e-02
5.29309438e-04 -8.31218992e+02 6.78086490e+01 2.48456254e-01 4.80747353e-02
5.28876735e-04 -8.31216257e+02 6.83232541e+01 2.64835623e-01 4.70158167e-02
5.28197236e-04 -8.31214907e+02 7.03890954e+01 2.70223034e-01 4.51746570e-02
5.27994010e-04 -8.31210376e+02 7.01223301e+01 2.51606466e-01 4.53871425e-02
5.27470399e-04 -8.31210230e+02 6.81253734e+01 2.41160122e-01 4.79454019e-02
5.32958333e-04 -8.31183202e+02 6.95276414e+01 2.89867259e-01 4.63834574e-02
5.41095756e-04 -8.31173112e+02 6.92368605e+01 2.57065024e-01 4.58973149e-02
5.42219638e-04 -8.31172371e+02 6.89615596e+01 2.77396395e-01 4.75612393e-02
5.43574867e-04 -8.31161493e+02 6.79793402e+01 2.45640221e-01 4.85172604e-02
5.49069003e-04 -8.31145636e+02 6.83943808e+01 2.48281314e-01 4.71112137e-02
5.58118668e-04 -8.31122217e+02 6.86896344e+01 2.57157748e-01 4.79530254e-02
5.63381546e-04 -8.31120073e+02 6.83542053e+01 2.92335299e-01 4.76898531e-02
5.65422415e-04 -8.31108362e+02 6.90472952e+01 2.42801949e-01 4.64717691e-02
5.67677746e-04 -8.31105424e+02 6.87758411e+01 2.67806600e-01 4.64114453e-02
5.68625114e-04 -8.31098382e+02 6.79342196e+01 2.59269308e-01 4.88333841e-02
5.70529660e-04 -8.31092078e+02 6.81792313e+01 2.76435556e-01 4.85162151e-02
5.70994875e-04 -8.31090087e+02 6.83476819e+01 2.85838574e-01 4.72402388e-02
5.70857165e-04 -8.31085908e+02 7.00474547e+01 2.50979860e-01 4.54452134e-02
5.73574438e-04 -8.31073966e+02 6.86315362e+01 2.40973883e-01 4.71013066e-02
5.77359430e-04 -8.31066078e+02 7.02942585e+01 2.65796262e-01 4.50323369e-02
5.77920113e-04 -8.31065353e+02 6.89491141e+01 2.40822224e-01 4.71443381e-02
5.82100146e-04 -8.31045111e+02 6.94278697e+01 2.67551252e-01 4.56605365e-02
5.86671496e-04 -8.31042951e+02 6.89476915e+01 2.72706404e-01 4.76104049e-02
5.89854757e-04 -8.31027690e+02 6.81205005e+01 2.48342271e-01 4.75548759e-02
5.93503340e-04 -8.31023908e+02 6.80827875e+01 2.42622431e-01 4.81745067e-02
5.93152213e-04 -8.31022215e+02 6.83934731e+01 2.91901512e-01 4.77112608e-02
5.91841139e-04 -8.31021677e+02 6.94489598e+01 2.90086621e-01 4.64522511e-02
5.90330537e-04 -8.31020671e+02 6.78459986e+01 2.86156085e-01 4.83719910e-02
5.89017461e-04 -8.31019476e+02 7.02568913e+01 2.73807640e-01 4.54407183e-02
5.95027288e-04 -8.30993876e+02 6.78583869e+01 2.85720113e-01 4.82161809e-02
6.01057354e-04 -8.30992490e+02 6.96839892e+01 2.87526378e-01 4.58110702e-02
6.00481019e-04 -8.30989142e+02 6.90254573e+01 2.88576696e-01 4.71940352e-02
6.05466109e-04 -8.30969394e+02 6.96769330e+01 2.49895319e-01 4.63794275e-02
6.10417052e-04 -8.30966104e+02 6.90951523e+01 2.89961520e-01 4.64168908e-02
6.15619828e-04 -8.30945864e+02 6.87954621e+01 2.40043946e-01 4.71744675e-02
6.22405754e-04 -8.30937438e+02 6.86394875e+01 2.91713515e-01 4.71149455e-02
6.27843425e-04 -8.30921854e+02 6.81390439e+01 2.43199880e-01 4.81680725e-02
6.30663418e-04 -8.30921759e+02 6.94308854e+01 2.90063879e-01 4.64405015e-02
6.30288386e-04 -8.30916396e+02 6.75386702e+01 2.53839336e-01 4.89636751e-02
6.32293554e-04 -8.30908758e+02 6.77198868e+01 2.53320189e-01 4.81797354e-02
6.33892145e-04 -8.30904680e+02 6.83846955e+01 2.87478345e-01 4.79981824e-02
6.36006923e-04 -8.30895458e+02 6.94537448e+01 2.76907810e-01 4.57153140e-02
6.39010186e-04 -8.30888593e+02 6.88450108e+01 2.68614988e-01 4.63510053e-02
6.40686940e-04 -8.30883556e+02 7.02198407e+01 2.69948242e-01 4.55585991e-02
6.41164207e-04 -8.30880444e+02 6.91758462e+01 2.83174078e-01 4.71250841e-02
6.42511183e-04 -8.30872716e+02 6.78602517e+01 2.62027163e-01 4.78064286e-02
6.44257555e-04 -8.30868349e+02 6.79433945e+01 2.73226163e-01 4.76949609e-02
6.49824728e-04 -8.30848941e+02 6.94438860e+01 2.82293096e-01 4.58262905e-02
6.55111706e-04 -8.30845397e+02 6.89091120e+01 2.45735154e-01 4.65555079e-02
6.55761770e-04 -8.30840306e+02 6.79653241e+01 2.73088087e-01 4.76605056e-02
6.60605551e-04 -8.30824082e+02 6.82289161e+01 2.64391535e-01 4.72068842e-02
6.66536234e-04 -8.30815727e+02 6.74663761e+01 2.62505876e-01 4.91103948e-02
6.68105864e-04 -8.30812707e+02 7.02733470e+01 2.64368289e-01 4.53892790e-02
6.70872703e-04 -8.30800838e+02 6.93805858e+01 2.44785545e-01 4.66329766e-02
6.75351035e-04 -8.30792726e+02 6.85671336e+01 2.91510236e-01 4.75031748e-02
6.76077005e-04 -8.30792018e+02 6.82674744e+01 2.75050231e-01 4.83938439e-02
6.75537039e-04 -8.30787673e+02 6.90385151e+01 2.41176997e-01 4.68421224e-02
6.76316145e-04 -8.30783057e+02 6.84201426e+01 2.58065016e-01 4.69649378e-02
6.77071897e-04 -8.30778783e+02 6.83659584e+01 2.78555072e-01 4.71023320e-02
6.86603827e-04 -8.30748664e+02 6.94423148e+01 2.85525434e-01 4.66279954e-02
6.99729659e-04 -8.30734080e+02 7.02655175e+01 2.65159715e-01 4.51858025e-02
7.05766822e-04 -8.30724795e+02 6.91601648e+01 2.88056420e-01 4.69595795e-02
7.07896942e-04 -8.30721379e+02 6.96915011e+01 2.46564771e-01 4.59833827e-02
7.07556924e-04 -8.30719099e+02 7.00673187e+01 2.74793397e-01 4.52533406e-02
7.06029762e-04 -8.30719043e+02 6.97894196e+01 2.64596149e-01 4.53696175e-02
7.09797093e-04 -8.30701873e+02 6.83165112e+01 2.48744193e-01 4.72928981e-02
7.13586060e-04 -8.30701666e+02 6.76409568e+01 2.61048619e-01 4.90125320e-02
7.11922120e-04 -8.30699888e+02 6.75657389e+01 2.74536769e-01 4.89217464e-02
7.12234535e-04 -8.30694141e+02 6.98033646e+01 2.79957745e-01 4.55071594e-02
7.16949853e-04 -8.30680076e+02 6.84524556e+01 2.53701689e-01 4.69879033e-02
7.25519929e-04 -8.30663737e+02 6.84032840e+01 2.55166381e-01 4.82228575e-02
7.38569646e-04 -8.30637867e+02 6.87564120e+01 2.89324093e-01 4.68881086e-02
7.52312386e-04 -8.30620121e+02 6.99478517e+01 2.54131711e-01 4.58998772e-02
7.61452679e-04 -8.30607023e+02 6.90955368e+01 2.42395202e-01 4.66585757e-02
7.65051985e-04 -8.30603993e+02 6.94721876e+01 2.73548422e-01 4.57036767e-02
7.63981232e-04 -8.30603167e+02 6.77583306e+01 2.62820984e-01 4.80396141e-02
7.68066738e-04 -8.30586738e+02 6.78889021e+01 2.84003354e-01 4.83497008e-02
7.77524560e-04 -8.30572020e+02 6.90974702e+01 2.51023826e-01 4.72445833e-02
7.81522872e-04 -8.30569771e+02 6.83535515e+01 2.68824831e-01 4.70597705e-02
7.81552351e-04 -8.30565293e+02 6.92592835e+01 2.66114466e-01 4.71472515e-02
7.83336196e-04 -8.30558562e+02 7.02102512e+01 2.67759809e-01 4.52307332e-02
7.86210234e-04 -8.30551315e+02 6.81584310e+01 2.86841468e-01 4.77780809e-02
7.90391270e-04 -8.30541311e+02 6.96845606e+01 2.64024165e-01 4.64971034e-02
7.92844035e-04 -8.30538439e+02 6.76566208e+01 2.75163388e-01 4.88412684e-02
7.95695321e-04 -8.30527503e+02 6.84748979e+01 2.45580066e-01 4.72072216e-02
7.97843559e-04 -8.30526362e+02 6.91918400e+01 2.53823456e-01 4.71539256e-02
7.96441599e-04 -8.30524366e+02 6.76924165e+01 2.68051190e-01 4.81909388e-02
7.95904631e-04 -8.30521057e+02 6.77240243e+01 2.73694369e-01 4.88504655e-02
7.97479018e-04 -8.30513768e+02 6.89818541e+01 2.70627394e-01 4.62369226e-02
8.02132524e-04 -8.30502782e+02 6.88132342e+01 2.76403924e-01 4.76793202e-02
8.05220872e-04 -8.30499400e+02 6.93625389e+01 2.69200675e-01 4.69806071e-02
8.04782178e-04 -8.30497214e+02 6.92053943e+01 2.51773744e-01 4.61107557e-02
8.08002275e-04 -8.30484795e+02 6.86504187e+01 2.76622074e-01 4.78799530e-02
8.13160944e-04 -8.30477804e+02 6.89889879e+01 2.51057483e-01 4.63717441e-02
8.13641587e-04 -8.30476946e+02 6.82726776e+01 2.58442897e-01 4.83780609e-02
8.13850127e-04 -8.30470646e+02 6.90223527e+01 2.89311295e-01 4.66208254e-02
8.14629133e-04 -8.30468368e+02 7.01684312e+01 2.71426834e-01 4.54738477e-02
8.12891661e-04 -8.30468259e+02 6.78237880e+01 2.49235553e-01 4.85157263e-02
8.12963317e-04 -8.30461548e+02 6.90317714e+01 2.71225037e-01 4.74331815e-02
8.24250531e-04 -8.30434202e+02 6.84451820e+01 2.88228085e-01 4.77506963e-02
8.35194218e-04 -8.30428334e+02 7.01649581e+01 2.64433669e-01 4.52773021e-02
8.36065444e-04 -8.30425455e+02 6.87821236e+01 2.47690043e-01 4.67261274e-02
8.34502437e-04 -8.30425419e+02 6.90006318e+01 2.89463988e-01 4.70065837e-02
8.32883724e-04 -8.30422684e+02 6.77964463e+01 2.62332191e-01 4.88529574e-02
8.34896185e-04 -8.30413954e+02 6.81543235e+01 2.68623323e-01 4.73862782e-02
8.35841972e-04 -8.30413745e+02 6.98972311e+01 2.73773540e-01 4.60586766e-02
8.34337012e-04 -8.30410905e+02 6.75853578e+01 2.60731656e-01 4.89399917e-02
8.35902798e-04 -8.30403352e+02 6.86696380e+01 2.43064857e-01 4.71383286e-02
8.39653121e-04 -8.30395298e+02 6.96459684e+01 2.57183608e-01 4.64811087e-02
8.45136711e-04 -8.30383695e+02 6.88219619e+01 2.46301537e-01 4.67381861e-02
8.48762133e-04 -8.30380051e+02 6.89731596e+01 2.65370410e-01 4.62547522e-02
8.52609953e-04 -8.30368026e+02 6.90336199e+01 2.83204625e-01 4.63721743e-02
8.60338901e-04 -8.30355351e+02 6.92830995e+01 2.56284556e-01 4.59705174e-02
8.64770474e-04 -8.30351059e+02 6.78548813e+01 2.78908066e-01 4.85910330e-02
8.65499323e-04 -8.30347010e+02 6.97176197e+01 2.79626619e-01 4.56393469e-02
8.72412398e-04 -8.30328573e+02 6.97652555e+01 2.70784819e-01 4.63108885e-02
8.78531036e-04 -8.30326293e+02 6.85755609e+01 2.56773670e-01 4.68254420e-02
8.81825684e-04 -8.30314465e+02 6.98036835e+01 2.74322061e-01 4.54791752e-02
8.90397477e-04 -8.30300305e+02 6.75484735e+01 2.69786248e-01 4.88031809e-02
8.95273983e-04 -8.30296838e+02 6.92739639e+01 2.44697334e-01 4.65664812e-02
8.96971288e-04 -8.30289871e+02 6.83405665e+01 2.53405326e-01 4.82082500e-02
9.01334217e-04 -8.30280488e+02 6.82730656e+01 2.46218017e-01 4.75754956e-02
9.03856380e-04 -8.30277606e+02 6.99534602e+01 2.61656132e-01 4.59548512e-02
9.02951493e-04 -8.30275835e+02 6.84419858e+01 2.69202868e-01 4.81699179e-02
9.06504354e-04 -8.30263136e+02 6.98996791e+01 2.59519413e-01 4.54273368e-02
9.09495981e-04 -8.30262549e+02 6.93269928e+01 2.87089397e-01 4.65827407e-02
9.10064040e-04 -8.30255245e+02 6.83250612e+01 2.44727763e-01 4.78600625e-02
9.12974096e-04 -8.30249504e+02 6.80825571e+01 2.62657882e-01 4.85671314e-02
9.12648988e-04 -8.30249294e+02 6.76599028e+01 2.73710448e-01 4.84565846e-02
9.16852829e-04 -8.30233717e+02 6.82454057e+01 2.64445259e-01 4.83974219e-02
9.23098104e-04 -8.30229006e+02 6.85683204e+01 2.58799332e-01 4.68283858e-02
9.22593990e-04 -8.30228149e+02 7.01303041e+01 2.69329029e-01 4.54466409e-02
9.20959320e-04 -8.30225898e+02 6.91617546e+01 2.74371643e-01 4.60953506e-02
9.23045663e-04 -8.30216986e+02 6.85829599e+01 2.71596531e-01 4.79775416e-02
9.26681219e-04 -8.30211369e+02 6.77566984e+01 2.54912919e-01 4.87077922e-02
9.31903320e-04 -8.30199121e+02 6.97296103e+01 2.50500263e-01 4.60181096e-02
9.39246302e-04 -8.30189004e+02 6.92143842e+01 2.63071917e-01 4.71564806e-02
9.41763407e-04 -8.30187089e+02 6.91609340e+01 2.87095638e-01 4.64391346e-02
9.40034678e-04 -8.30186022e+02 6.84645811e+01 2.45635300e-01 4.77921466e-02
9.39119595e-04 -8.30182384e+02 6.90213064e+01 2.69487809e-01 4.62298840e-02
9.42712201e-04 -8.30171755e+02 6.99363495e+01 2.72281014e-01 4.59397251e-02
9.48488209e-04 -8.30163500e+02 6.77521641e+01 2.74082949e-01 4.87159318e-02
9.49293871e-04 -8.30163385e+02 6.82808779e+01 2.76728158e-01 4.82520700e-02
9.48457525e-04 -8.30158613e+02 6.99012597e+01 2.63334889e-01 4.60417630e-02
9.51896952e-04 -8.30149505e+02 6.95178689e+01 2.81912792e-01 4.59038127e-02
9.61336140e-04 -8.30132277e+02 6.90741510e+01 2.58389249e-01 4.73185997e-02
9.68734845e-04 -8.30127447e+02 7.00977490e+01 2.65611555e-01 4.55611279e-02
9.71110935e-04 -8.30120727e+02 6.95452721e+01 2.70197732e-01 4.66392440e-02
9.75860287e-04 -8.30111046e+02 6.92608217e+01 2.57123676e-01 4.60212546e-02
9.88250609e-04 -8.30088936e+02 6.98243602e+01 2.68434835e-01 4.61721359e-02
9.96208844e-04 -8.30088227e+02 6.95148263e+01 2.60057552e-01 4.57409549e-02
9.96359925e-04 -8.30081987e+02 6.79105824e+01 2.51667583e-01 4.80869110e-02
9.96653567e-04 -8.30080973e+02 6.92420018e+01 2.73776735e-01 4.70606480e-02
9.95081724e-04 -8.30078489e+02 6.99455825e+01 2.76756160e-01 4.56317911e-02
9.94211719e-04 -8.30076067e+02 6.93153159e+01 2.84235032e-01 4.67083357e-02
9.93360187e-04 -8.30073548e+02 6.98250366e+01 2.79853937e-01 4.58654337e-02
9.99849433e-04 -8.30056460e+02 6.84328174e+01 2.62652703e-01 4.70195979e-02
1.00562515e-03 -8.30055300e+02 6.93198480e+01 2.47115806e-01 4.66210722e-02
1.00423173e-03 -8.30052579e+02 6.84546567e+01 2.87159756e-01 4.76115117e-02
1.00296831e-03 -8.30051160e+02 6.82025158e+01 2.75198153e-01 4.74299271e-02
1.00080166e-03 -8.30050248e+02 6.76897119e+01 2.73551664e-01 4.86434984e-02
9.99304685e-04 -8.30047500e+02 6.77081835e+01 2.73244634e-01 4.84018010e-02
9.97861189e-04 -8.30046482e+02 6.97393765e+01 2.79451354e-01 4.61155601e-02
9.95428429e-04 -8.30045726e+02 6.81899364e+01 2.66664860e-01 4.84240246e-02
9.93679046e-04 -8.30043346e+02 6.88504336e+01 2.75675882e-01 4.65090207e-02
9.95266437e-04 -8.30035891e+02 6.79906117e+01 2.55898475e-01 4.78035684e-02
9.95833460e-04 -8.30035537e+02 6.84232782e+01 2.56514561e-01 4.81177126e-02
9.97009230e-04 -8.30026894e+02 6.87141266e+01 2.76738445e-01 4.67028363e-02
1.00244945e-03 -8.30017999e+02 6.82456954e+01 2.69602881e-01 4.83473778e-02
1.00912597e-03 -8.30006973e+02 6.81929751e+01 2.83442827e-01 4.80737160e-02
1.01734377e-03 -8.29995127e+02 6.81227100e+01 2.77003052e-01 4.76100098e-02
1.02481244e-03 -8.29985675e+02 6.90421734e+01 2.86323429e-01 4.69943387e-02
1.02655532e-03 -8.29985051e+02 6.91009101e+01 2.80292058e-01 4.71380404e-02
1.02722681e-03 -8.29977725e+02 6.98777267e+01 2.76275547e-01 4.58940559e-02
1.03156587e-03 -8.29969967e+02 6.97044644e+01 2.53268998e-01 4.57822049e-02
1.03710179e-03 -8.29960373e+02 6.91151760e+01 2.77522317e-01 4.71697173e-02
1.03943739e-03 -8.29958790e+02 6.76688048e+01 2.71472129e-01 4.85866926e-02
1.04572026e-03 -8.29941737e+02 6.98874443e+01 2.56354902e-01 4.56607611e-02
1.05172221e-03 -8.29940615e+02 6.97783640e+01 2.79603673e-01 4.57997075e-02
1.05964871e-03 -8.29920169e+02 6.88253811e+01 2.45394350e-01 4.69483412e-02
1.06731899e-03 -8.29919431e+02 6.90478375e+01 2.60473946e-01 4.73392999e-02
1.06507329e-03 -8.29917727e+02 6.93452099e+01 2.56313942e-01 4.68619076e-02
1.06273224e-03 -8.29917175e+02 6.86649731e+01 2.86026871e-01 4.74760788e-02
1.06069219e-03 -8.29914915e+02 6.92261505e+01 2.64797668e-01 4.71020122e-02
1.06145580e-03 -8.29909088e+02 6.79498451e+01 2.63939747e-01 4.78212911e-02
1.06576986e-03 -8.29900159e+02 6.88245615e+01 2.63755835e-01 4.65084511e-02
1.06732590e-03 -8.29899494e+02 6.85458912e+01 2.45936585e-01 4.72957143e-02
1.06824925e-03 -8.29891789e+02 6.82654347e+01 2.79831458e-01 4.81381269e-02
1.07123699e-03 -8.29887243e+02 6.77248322e+01 2.69964817e-01 4.83429717e-02
1.07617286e-03 -8.29875966e+02 6.80145708e+01 2.75822526e-01 4.78142300e-02
1.08192919e-03 -8.29869896e+02 6.94747767e+01 2.49644783e-01 4.61190324e-02
1.08428763e-03 -8.29864952e+02 6.96642442e+01 2.73637784e-01 4.56689298e-02
1.08430172e-03 -8.29863209e+02 6.83376176e+01 2.54801278e-01 4.72777580e-02
1.08232695e-03 -8.29861942e+02 6.97780803e+01 2.78884515e-01 4.59374928e-02
1.08118943e-03 -8.29858659e+02 6.90151461e+01 2.68290284e-01 4.73853521e-02
1.08070756e-03 -8.29856177e+02 6.81490243e+01 2.77868891e-01 4.76179923e-02
1.08015655e-03 -8.29853024e+02 6.82624981e+01 2.79869750e-01 4.74749410e-02
1.08210256e-03 -8.29845931e+02 6.84371449e+01 2.58438398e-01 4.80907868e-02
1.08433639e-03 -8.29842235e+02 6.79221354e+01 2.67684131e-01 4.78922661e-02
1.08334229e-03 -8.29841107e+02 6.85604092e+01 2.71947195e-01 4.68890344e-02
1.08079911e-03 -8.29840280e+02 6.98381143e+01 2.56649097e-01 4.59375307e-02
1.08304601e-03 -8.29830322e+02 6.91269363e+01 2.66043776e-01 4.72308123e-02
1.08553877e-03 -8.29829002e+02 6.80215719e+01 2.68961342e-01 4.85337993e-02
1.08316800e-03 -8.29828039e+02 6.97711944e+01 2.67733865e-01 4.55546930e-02
1.08186897e-03 -8.29824749e+02 6.86596773e+01 2.51821617e-01 4.77138296e-02
1.08132743e-03 -8.29822384e+02 6.90723942e+01 2.85585375e-01 4.65761280e-02
1.08152800e-03 -8.29817726e+02 6.82796174e+01 2.61402945e-01 4.72948266e-02
1.08153122e-03 -8.29815718e+02 6.79682024e+01 2.79445228e-01 4.82734187e-02
1.07936838e-03 -8.29815073e+02 6.88360112e+01 2.69172603e-01 4.76142963e-02
1.08050685e-03 -8.29806970e+02 6.97135611e+01 2.53069688e-01 4.60217144e-02
1.08151122e-03 -8.29806543e+02 6.88086882e+01 2.72604163e-01 4.65671496e-02
1.08116143e-03 -8.29800969e+02 6.86083716e+01 2.48601546e-01 4.70710899e-02
1.08168414e-03 -8.29798914e+02 6.91555628e+01 2.84882896e-01 4.64593988e-02
1.08687096e-03 -8.29784795e+02 6.86527932e+01 2.79575007e-01 4.77032246e-02
1.09155803e-03 -8.29783603e+02 6.84697200e+01 2.74835757e-01 4.70601101e-02
1.08938455e-03 -8.29782126e+02 6.94364817e+01 2.83716592e-01 4.63654874e-02
1.08665883e-03 -8.29781957e+02 6.82898921e+01 2.56189227e-01 4.73438391e-02
1.08383535e-03 -8.29780674e+02 6.86046225e+01 2.49467416e-01 4.70459506e-02
1.08114754e-03 -8.29780267e+02 6.81996528e+01 2.79552798e-01 4.75974838e-02
1.08207267e-03 -8.29772324e+02 6.94668435e+01 2.52311442e-01 4.60118198e-02
1.08396148e-03 -8.29770109e+02 6.82596679e+01 2.80850088e-01 4.75385648e-02
1.08277823e-03 -8.29767853e+02 6.80855891e+01 2.53072475e-01 4.77712432e-02
1.08139801e-03 -8.29766004e+02 6.78174623e+01 2.64358936e-01 4.81236575e-02
1.08429437e-03 -8.29755872e+02 6.81226703e+01 2.58335799e-01 4.84034307e-02
1.09016632e-03 -8.29748534e+02 6.91327267e+01 2.47178938e-01 4.68192103e-02
1.09158659e-03 -8.29746600e+02 6.99112315e+01 2.59745082e-01 4.57909024e-02
1.08933676e-03 -8.29746004e+02 6.88795139e+01 2.47595677e-01 4.72519115e-02
1.08755469e-03 -8.29743221e+02 6.76973662e+01 2.68415922e-01 4.85567846e-02
1.08717489e-03 -8.29740048e+02 6.81775640e+01 2.60426872e-01 4.74800790e-02
1.08591771e-03 -8.29738877e+02 6.82820381e+01 2.61041076e-01 4.82643895e-02
1.08539040e-03 -8.29734368e+02 6.90379232e+01 2.81750699e-01 4.64639675e-02
1.09119842e-03 -8.29721584e+02 6.84527491e+01 2.69625230e-01 4.70472696e-02
1.09474551e-03 -8.29721181e+02 6.88532268e+01 2.55299244e-01 4.75147155e-02
1.09152710e-03 -8.29720817e+02 6.96177022e+01 2.54188161e-01 4.62956333e-02
1.09070684e-03 -8.29716035e+02 6.85880726e+01 2.70314307e-01 4.68592666e-02
1.08971712e-03 -8.29715971e+02 6.89162803e+01 2.46823390e-01 4.71298265e-02
1.08714605e-03 -8.29714105e+02 6.93989977e+01 2.55362028e-01 4.67182470e-02
1.08479334e-03 -8.29713648e+02 6.83822776e+01 2.47387407e-01 4.75550917e-02
1.08794637e-03 -8.29701680e+02 6.79538129e+01 2.72524711e-01 4.85095054e-02
1.09110459e-03 -8.29701159e+02 6.97888058e+01 2.55638232e-01 4.58395208e-02
1.09002706e-03 -8.29697005e+02 6.87725732e+01 2.47640547e-01 4.69331991e-02
1.09039037e-03 -8.29693835e+02 6.88885867e+01 2.46127170e-01 4.70524290e-02
1.08873248e-03 -8.29693390e+02 6.85221896e+01 2.54265783e-01 4.79056216e-02
1.08702141e-03 -8.29690327e+02 6.80696237e+01 2.80590237e-01 4.80910901e-02
1.08691782e-03 -8.29686926e+02 6.93550515e+01 2.83065088e-01 4.62404360e-02
1.09212761e-03 -8.29674146e+02 6.96090308e+01 2.64783581e-01 4.57072374e-02
1.09875385e-03 -8.29668140e+02 6.95011715e+01 2.81838002e-01 4.61084253e-02
1.09898941e-03 -8.29667053e+02 6.79910187e+01 2.73604232e-01 4.84543770e-02
1.09905496e-03 -8.29661373e+02 6.94996466e+01 2.52615023e-01 4.60167817e-02
1.10386756e-03 -8.29651675e+02 6.83146098e+01 2.48342240e-01 4.76348614e-02
1.10614869e-03 -8.29650566e+02 6.92979725e+01 2.54472231e-01 4.61185689e-02
1.11018006e-03 -8.29637784e+02 6.95557449e+01 2.57414558e-01 4.58374244e-02
1.11465952e-03 -8.29635817e+02 6.96901958e+01 2.69315105e-01 4.63039040e-02
1.11262572e-03 -8.29634780e+02 6.91375720e+01 2.47457318e-01 4.67467835e-02
1.11120976e-03 -8.29631710e+02 6.96542438e+01 2.78107345e-01 4.61839461e-02
1.11019568e-03 -8.29629949e+02 6.90927991e+01 2.77070012e-01 4.71473927e-02
1.11255475e-03 -8.29620829e+02 6.82908051e+01 2.50223439e-01 4.75579958e-02
1.11579408e-03 -8.29617461e+02 6.94161413e+01 2.82330179e-01 4.64398744e-02
1.11483354e-03 -8.29615894e+02 6.97729989e+01 2.63241526e-01 4.56222640e-02
1.11396330e-03 -8.29612369e+02 6.86072654e+01 2.47890379e-01 4.75626217e-02
1.11383662e-03 -8.29609465e+02 6.97948898e+01 2.60907072e-01 4.56471270e-02
1.11239572e-03 -8.29608301e+02 6.77539575e+01 2.69323171e-01 4.85235624e-02
1.11019064e-03 -8.29606778e+02 6.96951540e+01 2.55770554e-01 4.61421686e-02
1.10764649e-03 -8.29606233e+02 6.80649199e+01 2.75768397e-01 4.77947672e-02
1.10562241e-03 -8.29603782e+02 6.95070419e+01 2.62782154e-01 4.58164497e-02
1.10845771e-03 -8.29594476e+02 6.83984395e+01 2.81668389e-01 4.78594752e-02
1.11044591e-03 -8.29593521e+02 6.93169161e+01 2.75045837e-01 4.68447015e-02
1.10771294e-03 -8.29592748e+02 6.78615036e+01 2.63492502e-01 4.85970083e-02
1.10450338e-03 -8.29592668e+02 6.89188831e+01 2.49837328e-01 4.72575085e-02
1.10224771e-03 -8.29590183e+02 6.99136741e+01 2.66925211e-01 4.58098823e-02
1.10079747e-03 -8.29588645e+02 6.93600098e+01 2.82260258e-01 4.62326720e-02
1.10156476e-03 -8.29582144e+02 6.85826556e+01 2.47582282e-01 4.75484483e-02
1.10356638e-03 -8.29578352e+02 6.81382537e+01 2.79384701e-01 4.77907046e-02
1.10265843e-03 -8.29577131e+02 6.92016637e+01 2.84502794e-01 4.66201335e-02
1.10070082e-03 -8.29575250e+02 6.89065773e+01 2.48872827e-01 4.72244824e-02
1.09927732e-03 -8.29573064e+02 6.97171602e+01 2.69258477e-01 4.56608422e-02
1.10278507e-03 -8.29562251e+02 6.82697567e+01 2.48836430e-01 4.77839515e-02
1.10669829e-03 -8.29559297e+02 6.78376128e+01 2.68892122e-01 4.85668404e-02
1.10796549e-03 -8.29553313e+02 6.79835671e+01 2.76152308e-01 4.80128577e-02
1.11113703e-03 -8.29546926e+02 6.82649521e+01 2.49028614e-01 4.78586287e-02
1.11184841e-03 -8.29545368e+02 6.94912482e+01 2.64313056e-01 4.66325876e-02
1.11249231e-03 -8.29539122e+02 6.98495751e+01 2.69467477e-01 4.56310992e-02
1.11563439e-03 -8.29533071e+02 6.79026760e+01 2.55271288e-01 4.82465600e-02
1.11607435e-03 -8.29531669e+02 6.85623000e+01 2.83490298e-01 4.75808744e-02
1.11723785e-03 -8.29524345e+02 6.86428098e+01 2.55390473e-01 4.77478467e-02
1.11813622e-03 -8.29523392e+02 6.85589133e+01 2.81497478e-01 4.71421017e-02
1.11543298e-03 -8.29522530e+02 6.86694072e+01 2.53224695e-01 4.76709397e-02
1.11512144e-03 -8.29517302e+02 6.96035820e+01 2.61056898e-01 4.57743652e-02
1.11937522e-03 -8.29508273e+02 6.94266044e+01 2.78523458e-01 4.60479996e-02
1.12153930e-03 -8.29506764e+02 6.79674007e+01 2.59463631e-01 4.84758114e-02
1.12012654e-03 -8.29504140e+02 6.78610637e+01 2.57474889e-01 4.84319218e-02
1.12386062e-03 -8.29493479e+02 6.90908998e+01 2.77218933e-01 4.63454367e-02
1.12729909e-03 -8.29491347e+02 6.79204318e+01 2.73463487e-01 4.81014359e-02
1.12539297e-03 -8.29490207e+02 6.78728530e+01 2.57496092e-01 4.84331840e-02
1.12525885e-03 -8.29484937e+02 6.87649382e+01 2.68241864e-01 4.76572762e-02
1.12498534e-03 -8.29484031e+02 6.78115708e+01 2.66998045e-01 4.82646694e-02
1.12265712e-03 -8.29482425e+02 6.92099027e+01 2.67862735e-01 4.70505030e-02
1.12014535e-03 -8.29481854e+02 6.96583219e+01 2.64838739e-01 4.63334061e-02
1.11915388e-03 -8.29477545e+02 6.87756911e+01 2.83023254e-01 4.73525052e-02
1.11966787e-03 -8.29474279e+02 6.88639115e+01 2.76604267e-01 4.74371359e-02
1.12123297e-03 -8.29468103e+02 6.94549815e+01 2.68509643e-01 4.66705791e-02
1.12153745e-03 -8.29467071e+02 6.86465350e+01 2.60606038e-01 4.68282130e-02
1.12042341e-03 -8.29463438e+02 6.85145581e+01 2.79041107e-01 4.78009659e-02
1.11885336e-03 -8.29463216e+02 6.92714751e+01 2.80029415e-01 4.62418879e-02
1.11632875e-03 -8.29461301e+02 6.91422834e+01 2.49992507e-01 4.68817821e-02
1.11582898e-03 -8.29457459e+02 6.77904326e+01 2.67184973e-01 4.84979944e-02
1.11513122e-03 -8.29455893e+02 6.78400309e+01 2.61318961e-01 4.85191351e-02
1.11252430e-03 -8.29455484e+02 6.85203928e+01 2.48481487e-01 4.73502801e-02
1.10942703e-03 -8.29454814e+02 6.83470285e+01 2.54406757e-01 4.73626192e-02
1.10672797e-03 -8.29453700e+02 6.81627048e+01 2.62829736e-01 4.83359421e-02
1.10518328e-03 -8.29450953e+02 6.95918322e+01 2.77645144e-01 4.59445378e-02
1.10677114e-03 -8.29444183e+02 6.78972656e+01 2.56642916e-01 4.82437993e-02
1.10871336e-03 -8.29440782e+02 6.95971801e+01 2.57965803e-01 4.58538048e-02
1.10724750e-03 -8.29440170e+02 6.97253894e+01 2.75094416e-01 4.58290433e-02
1.10525826e-03 -8.29437724e+02 6.79535023e+01 2.61774496e-01 4.79517422e-02
1.10416752e-03 -8.29435489e+02 6.81068162e+01 2.54151233e-01 4.78083414e-02
1.10277189e-03 -8.29433598e+02 6.82479749e+01 2.74434995e-01 4.81702833e-02
1.10087313e-03 -8.29432280e+02 6.96874723e+01 2.55809289e-01 4.59781807e-02
1.09817898e-03 -8.29431843e+02 6.81002062e+01 2.78921292e-01 4.80428187e-02
1.09618971e-03 -8.29429252e+02 6.90883722e+01 2.54757266e-01 4.71205775e-02
1.09933592e-03 -8.29419477e+02 6.97170350e+01 2.56716029e-01 4.59489329e-02
1.10423854e-03 -8.29413682e+02 6.83807082e+01 2.79635063e-01 4.73950725e-02
1.10408921e-03 -8.29413084e+02 6.96125630e+01 2.54563171e-01 4.61527743e-02
1.10115499e-03 -8.29412348e+02 6.84763051e+01 2.81335153e-01 4.73068093e-02
1.10646373e-03 -8.29396869e+02 6.89668001e+01 2.83525686e-01 4.70283514e-02
1.11160292e-03 -8.29396365e+02 6.81537894e+01 2.57648800e-01 4.82784975e-02
1.10943635e-03 -8.29394117e+02 6.94552525e+01 2.71289545e-01 4.66329827e-02
1.10906522e-03 -8.29390381e+02 6.97802350e+01 2.60006032e-01 4.59642559e-02
1.10757127e-03 -8.29390153e+02 6.88761870e+01 2.84417485e-01 4.70055992e-02
1.10418270e-03 -8.29389854e+02 6.93733400e+01 2.81592093e-01 4.64290653e-02
1.10158462e-03 -8.29388210e+02 6.83946063e+01 2.49426752e-01 4.77535247e-02
1.09945259e-03 -8.29387072e+02 6.93391623e+01 2.67975170e-01 4.68386014e-02
1.09648083e-03 -8.29386967e+02 6.89486387e+01 2.76910877e-01 4.72999644e-02
1.09451173e-03 -8.29384014e+02 6.87197877e+01 2.76802838e-01 4.75976493e-02
1.09332820e-03 -8.29382474e+02 6.96622351e+01 2.71612895e-01 4.62590244e-02
1.09295366e-03 -8.29378048e+02 6.92727587e+01 2.68301051e-01 4.69364368e-02
1.09204723e-03 -8.29377473e+02 6.78741203e+01 2.59503952e-01 4.84322460e-02
1.09136682e-03 -8.29372644e+02 6.89544919e+01 2.50175547e-01 4.71507169e-02
1.09557763e-03 -8.29363132e+02 6.86663695e+01 2.71238419e-01 4.77391661e-02
1.10064914e-03 -8.29356740e+02 6.80244483e+01 2.76451004e-01 4.80691093e-02
1.10075737e-03 -8.29356270e+02 6.85772876e+01 2.83353386e-01 4.73217825e-02
1.09991256e-03 -8.29351625e+02 6.94233751e+01 2.52417554e-01 4.62106562e-02
1.10058743e-03 -8.29348385e+02 6.94262728e+01 2.62148115e-01 4.66860729e-02
1.09881822e-03 -8.29348184e+02 6.93963029e+01 2.53388160e-01 4.65567444e-02
1.09650213e-03 -8.29345951e+02 6.95188011e+01 2.53545682e-01 4.61270220e-02
1.09519190e-03 -8.29343920e+02 6.83050974e+01 2.80035519e-01 4.79064520e-02
1.09566584e-03 -8.29338436e+02 6.78354233e+01 2.63583723e-01 4.82920703e-02
1.09505769e-03 -8.29338367e+02 6.82554028e+01 2.73972594e-01 4.81477486e-02
1.09320733e-03 -8.29335166e+02 6.82824474e+01 2.80878824e-01 4.77519054e-02
1.09274172e-03 -8.29332563e+02 6.86387707e+01 2.64611445e-01 4.68424810e-02
1.09262630e-03 -8.29328723e+02 6.95758350e+01 2.54965108e-01 4.60347125e-02
1.09151068e-03 -8.29327947e+02 6.85116800e+01 2.79813793e-01 4.77387578e-02
1.08883075e-03 -8.29326984e+02 6.78242958e+01 2.66190176e-01 4.83786543e-02
1.08626640e-03 -8.29326007e+02 6.91504829e+01 2.49883471e-01 4.65571291e-02
1.08341798e-03 -8.29325580e+02 6.85767441e+01 2.77095288e-01 4.77477743e-02
1.08011742e-03 -8.29325453e+02 6.90310280e+01 2.73235907e-01 4.72341031e-02
1.07740850e-03 -8.29323947e+02 6.81112040e+01 2.77731275e-01 4.79160780e-02
1.07611760e-03 -8.29321197e+02 6.80802989e+01 2.68636829e-01 4.83640247e-02
1.07616338e-03 -8.29317208e+02 6.81551400e+01 2.58337677e-01 4.76428980e-02
1.07514242e-03 -8.29316436e+02 6.81167114e+01 2.63472346e-01 4.76587987e-02
1.07221721e-03 -8.29316002e+02 6.95178826e+01 2.58523898e-01 4.64773257e-02
1.07017728e-03 -8.29313590e+02 6.87239884e+01 2.62046988e-01 4.76782192e-02
1.06862569e-03 -8.29312247e+02 6.86293441e+01 2.48878571e-01 4.72261147e-02
1.06579442e-03 -8.29312240e+02 6.95231111e+01 2.78607025e-01 4.62732624e-02
1.06450665e-03 -8.29308014e+02 6.91418377e+01 2.49410376e-01 4.66874293e-02
1.06361618e-03 -8.29307254e+02 6.91232502e+01 2.80793346e-01 4.69142993e-02
1.06494466e-03 -8.29298879e+02 6.89949557e+01 2.48779004e-01 4.69121155e-02
1.06616660e-03 -8.29298288e+02 6.81666099e+01 2.78095391e-01 4.78061193e-02
1.06339167e-03 -8.29297436e+02 6.89453203e+01 2.83618223e-01 4.69589718e-02
1.06054019e-03 -8.29297002e+02 6.88870699e+01 2.49922683e-01 4.72036976e-02
1.05766889e-03 -8.29296203e+02 6.83586358e+01 2.50644275e-01 4.75595716e-02
1.05804826e-03 -8.29289640e+02 6.83559755e+01 2.52861521e-01 4.74443228e-02
1.05868379e-03 -8.29288336e+02 6.85358967e+01 2.58005316e-01 4.78666992e-02
1.05690121e-03 -8.29286355e+02 6.90129368e+01 2.78751819e-01 4.71426963e-02
1.05728737e-03 -8.29280956e+02 6.85988982e+01 2.48874111e-01 4.74547444e-02
1.05724985e-03 -8.29279764e+02 6.89578541e+01 2.60983526e-01 4.73585734e-02
1.05441074e-03 -8.29279678e+02 6.96753717e+01 2.57330162e-01 4.60457127e-02
1.05135973e-03 -8.29278904e+02 6.95053775e+01 2.54505753e-01 4.63502421e-02
1.05100638e-03 -8.29273701e+02 6.82812629e+01 2.55026542e-01 4.75062847e-02
1.05068987e-03 -8.29272844e+02 6.85266766e+01 2.53204056e-01 4.77765594e-02
1.04916754e-03 -8.29269947e+02 6.92153434e+01 2.74114392e-01 4.62072654e-02
1.05185761e-03 -8.29261084e+02 6.95119783e+01 2.58720981e-01 4.64753164e-02
1.05354492e-03 -8.29260067e+02 6.82425116e+01 2.66478247e-01 4.82186248e-02
1.05149868e-03 -8.29258318e+02 6.91948408e+01 2.75394329e-01 4.62521945e-02
1.04992572e-03 -8.29256405e+02 6.91800725e+01 2.79798899e-01 4.68491502e-02
1.04749841e-03 -8.29256290e+02 6.79586391e+01 2.73346481e-01 4.82326933e-02
1.04455985e-03 -8.29255368e+02 6.91746058e+01 2.79607082e-01 4.68651438e-02
1.04339427e-03 -8.29251871e+02 6.96510827e+01 2.73904737e-01 4.61745701e-02
1.04549287e-03 -8.29244704e+02 6.87995111e+01 2.53591114e-01 4.74492852e-02
1.04641801e-03 -8.29243434e+02 6.87538579e+01 2.76484452e-01 4.67976604e-02
1.04420450e-03 -8.29242284e+02 6.79979268e+01 2.58042855e-01 4.83238823e-02
1.04143148e-03 -8.29242096e+02 6.86661318e+01 2.59440153e-01 4.77176907e-02
1.03953106e-03 -8.29239283e+02 6.81419978e+01 2.64853766e-01 4.83073096e-02
1.03865009e-03 -8.29237135e+02 6.85571542e+01 2.81620257e-01 4.75638022e-02
1.03708185e-03 -8.29235649e+02 6.90619974e+01 2.82823787e-01 4.68090294e-02
1.03455836e-03 -8.29235352e+02 6.85539473e+01 2.79837410e-01 4.76628699e-02
1.03183627e-03 -8.29234263e+02 6.79545210e+01 2.57921332e-01 4.81474228e-02
1.02950987e-03 -8.29233210e+02 6.92628500e+01 2.52030327e-01 4.63702825e-02
1.02765970e-03 -8.29231205e+02 6.95277489e+01 2.54508453e-01 4.62367219e-02
1.02819572e-03 -8.29225519e+02 6.86055881e+01 2.49532181e-01 4.74858929e-02
1.02828173e-03 -8.29224375e+02 6.88682645e+01 2.83250141e-01 4.70380635e-02
1.03647927e-03 -8.29203095e+02 6.81286807e+01 2.69794249e-01 4.82815709e-02
1.04443906e-03 -8.29202306e+02 6.89352129e+01 2.81936955e-01 4.70867727e-02
1.04475036e-03 -8.29195854e+02 6.87599796e+01 2.59787498e-01 4.75942026e-02
1.04539466e-03 -8.29194407e+02 6.90201733e+01 2.57313308e-01 4.72139791e-02
1.04296555e-03 -8.29193850e+02 6.84882160e+01 2.81717342e-01 4.75494820e-02
1.03997742e-03 -8.29193490e+02 6.82380439e+01 2.56818457e-01 4.81321757e-02
1.03916266e-03 -8.29188768e+02 6.86203887e+01 2.49234191e-01 4.73305382e-02
1.03876426e-03 -8.29187596e+02 6.81941817e+01 2.74697536e-01 4.76538363e-02
1.03618206e-03 -8.29187090e+02 6.79464502e+01 2.62246220e-01 4.80665508e-02
1.03393097e-03 -8.29185291e+02 6.93499050e+01 2.56814664e-01 4.61339931e-02
1.03296182e-03 -8.29182311e+02 6.89023284e+01 2.49759726e-01 4.68699634e-02
1.03328248e-03 -8.29178017e+02 6.81275360e+01 2.71718630e-01 4.82460207e-02
1.03362605e-03 -8.29174989e+02 6.89188596e+01 2.73636625e-01 4.65553973e-02
1.03316138e-03 -8.29172260e+02 6.84985336e+01 2.50132027e-01 4.74248026e-02
1.03264314e-03 -8.29169337e+02 6.84697856e+01 2.57686606e-01 4.79107765e-02
1.03130397e-03 -8.29168198e+02 6.85637588e+01 2.81260015e-01 4.75443032e-02
1.02878057e-03 -8.29167581e+02 6.96787165e+01 2.72098304e-01 4.58747126e-02
1.02809610e-03 -8.29162879e+02 6.94351294e+01 2.71487560e-01 4.59927457e-02
1.03060578e-03 -8.29156055e+02 6.91708185e+01 2.74005341e-01 4.62780017e-02
1.03238042e-03 -8.29152773e+02 6.81969130e+01 2.60189878e-01 4.82108211e-02
1.03081119e-03 -8.29152439e+02 6.93033695e+01 2.60747399e-01 4.68263501e-02
1.02829162e-03 -8.29151013e+02 6.81408686e+01 2.59397835e-01 4.77015598e-02
1.02673693e-03 -8.29148810e+02 6.97288637e+01 2.61703216e-01 4.59869413e-02
1.02529337e-03 -8.29147171e+02 6.95954031e+01 2.58076091e-01 4.59752160e-02
1.02299029e-03 -8.29146652e+02 6.81657411e+01 2.53432970e-01 4.79636908e-02
1.01997028e-03 -8.29146428e+02 6.82085151e+01 2.52938074e-01 4.78284617e-02
1.01806485e-03 -8.29143738e+02 6.79320787e+01 2.60755950e-01 4.83160706e-02
1.01652969e-03 -8.29142789e+02 6.79998041e+01 2.72454592e-01 4.80651428e-02
1.01375624e-03 -8.29142546e+02 6.91432013e+01 2.53365837e-01 4.69209581e-02
1.01051845e-03 -8.29142531e+02 6.84265612e+01 2.80529629e-01 4.74998116e-02
1.00757293e-03 -8.29141729e+02 6.95611466e+01 2.58196982e-01 4.63206766e-02
1.00663485e-03 -8.29137742e+02 6.88291468e+01 2.62212792e-01 4.66377583e-02
1.00717210e-03 -8.29134006e+02 6.80752930e+01 2.69261379e-01 4.83022391e-02
1.00595200e-03 -8.29133508e+02 6.94629359e+01 2.74109551e-01 4.65044295e-02
1.00372054e-03 -8.29131792e+02 6.82659277e+01 2.61887896e-01 4.74555308e-02
1.00485777e-03 -8.29124600e+02 6.81140261e+01 2.61308182e-01 4.77348900e-02
1.00547583e-03 -8.29123894e+02 6.96273633e+01 2.74421761e-01 4.60043269e-02
1.00336090e-03 -8.29122156e+02 6.89716845e+01 2.56707319e-01 4.65347186e-02
1.00159297e-03 -8.29120765e+02 6.79112079e+01 2.63129068e-01 4.82269027e-02
1.00007466e-03 -8.29118535e+02 6.96456892e+01 2.73522276e-01 4.61093742e-02
9.98380492e-04 -8.29117500e+02 6.82625660e+01 2.64129876e-01 4.81669766e-02
9.95667348e-04 -8.29117322e+02 6.83481635e+01 2.59573309e-01 4.80523303e-02
9.93210166e-04 -8.29115786e+02 6.92217208e+01 2.72343690e-01 4.69247438e-02
9.91041449e-04 -8.29115038e+02 6.86892590e+01 2.54597884e-01 4.69378026e-02
9.89360304e-04 -8.29112528e+02 6.79895212e+01 2.70755274e-01 4.82855030e-02
9.90201219e-04 -8.29106690e+02 6.81925980e+01 2.53398970e-01 4.78834427e-02
9.91196206e-04 -8.29103857e+02 6.87260841e+01 2.55580385e-01 4.68672952e-02
9.94642270e-04 -8.29093120e+02 6.91961094e+01 2.56849875e-01 4.62979948e-02
9.97145881e-04 -8.29092145e+02 6.97416237e+01 2.67183728e-01 4.58725754e-02
9.96988108e-04 -8.29086788e+02 6.94018650e+01 2.55131854e-01 4.61930255e-02
9.96442198e-04 -8.29086578e+02 6.96543272e+01 2.72432621e-01 4.61114349e-02
9.93889039e-04 -8.29085264e+02 6.85430487e+01 2.77622417e-01 4.77041525e-02
9.92690494e-04 -8.29082337e+02 6.87112214e+01 2.62320050e-01 4.76514280e-02
9.94196805e-04 -8.29075585e+02 6.93171967e+01 2.53844156e-01 4.66074857e-02
9.94375125e-04 -8.29075312e+02 6.96390514e+01 2.62974267e-01 4.58753759e-02
9.92131610e-04 -8.29073447e+02 6.81623091e+01 2.72694545e-01 4.77094663e-02
9.91227791e-04 -8.29070480e+02 6.80301034e+01 2.57664586e-01 4.80621860e-02
9.90759406e-04 -8.29067737e+02 6.81868734e+01 2.64217371e-01 4.75965199e-02
9.88991648e-04 -8.29067394e+02 6.93543707e+01 2.57986908e-01 4.66800250e-02
9.85903272e-04 -8.29067337e+02 6.83832303e+01 2.62594048e-01 4.80288465e-02
9.83006977e-04 -8.29066623e+02 6.92459714e+01 2.77147639e-01 4.67727356e-02
9.80564849e-04 -8.29065656e+02 6.93057088e+01 2.63552062e-01 4.61113727e-02
9.80929702e-04 -8.29059233e+02 6.85414691e+01 2.64227855e-01 4.78573974e-02
9.80866494e-04 -8.29059119e+02 6.91056630e+01 2.78320116e-01 4.69522869e-02
9.78777291e-04 -8.29056844e+02 6.88656846e+01 2.81828770e-01 4.69496226e-02
9.76871460e-04 -8.29056360e+02 6.86884466e+01 2.77332168e-01 4.69549496e-02
9.77281359e-04 -8.29049361e+02 6.88116667e+01 2.55472158e-01 4.74295728e-02
9.78051940e-04 -8.29048116e+02 6.79871308e+01 2.59480020e-01 4.82048057e-02
9.75701100e-04 -8.29047518e+02 6.91797998e+01 2.53962689e-01 4.64140915e-02
9.74781145e-04 -8.29043352e+02 6.85485601e+01 2.66572566e-01 4.70242791e-02
9.75030704e-04 -8.29040349e+02 6.89354254e+01 2.60114636e-01 4.73340686e-02
9.74493682e-04 -8.29037797e+02 6.80549222e+01 2.72423197e-01 4.79747463e-02
9.73079697e-04 -8.29036596e+02 6.89434964e+01 2.77806737e-01 4.71958753e-02
9.70536981e-04 -8.29036374e+02 6.85626048e+01 2.80711135e-01 4.74958219e-02
9.68571398e-04 -8.29033996e+02 6.83971905e+01 2.71412266e-01 4.72856650e-02
9.66791443e-04 -8.29033396e+02 6.89121967e+01 2.73671446e-01 4.65952600e-02
9.65032318e-04 -8.29030985e+02 6.88208303e+01 2.64271237e-01 4.75081422e-02
9.67141508e-04 -8.29022391e+02 6.85363700e+01 2.80777373e-01 4.74352610e-02
9.68873348e-04 -8.29020733e+02 6.84724770e+01 2.79774469e-01 4.76286014e-02
9.66903092e-04 -8.29019806e+02 6.96535056e+01 2.63753101e-01 4.58917995e-02
9.64387863e-04 -8.29019287e+02 6.85608663e+01 2.74195100e-01 4.77502868e-02
9.63174336e-04 -8.29015672e+02 6.90936225e+01 2.53061526e-01 4.65444343e-02
9.66751190e-04 -8.29005242e+02 6.95592327e+01 2.57890558e-01 4.62162829e-02
9.70202216e-04 -8.29001866e+02 6.95373548e+01 2.74015726e-01 4.60437830e-02
9.68711028e-04 -8.29001660e+02 6.88007346e+01 2.50313247e-01 4.71035743e-02
9.66550807e-04 -8.28999676e+02 6.86979822e+01 2.51545721e-01 4.70885675e-02
9.65266035e-04 -8.28997664e+02 6.91487026e+01 2.59830122e-01 4.63182310e-02
9.63794130e-04 -8.28996072e+02 6.83911890e+01 2.76577157e-01 4.74170743e-02
9.61547856e-04 -8.28995675e+02 6.93546999e+01 2.75834327e-01 4.61959477e-02
9.58804897e-04 -8.28995130e+02 6.94812853e+01 2.76354328e-01 4.62875547e-02
9.56027626e-04 -8.28994821e+02 6.86076971e+01 2.80944781e-01 4.73242764e-02
9.53090402e-04 -8.28994629e+02 6.81306189e+01 2.70105918e-01 4.77554169e-02
9.50103523e-04 -8.28994443e+02 6.95304478e+01 2.72714051e-01 4.63529701e-02
9.47959258e-04 -8.28992493e+02 6.83652629e+01 2.55720733e-01 4.74333620e-02
9.47904873e-04 -8.28987906e+02 6.81379590e+01 2.62832493e-01 4.82299289e-02
9.47605763e-04 -8.28986464e+02 6.82544626e+01 2.61387298e-01 4.75185013e-02
9.45967942e-04 -8.28984711e+02 6.93092411e+01 2.72211172e-01 4.61590019e-02
9.45192788e-04 -8.28981449e+02 6.86375567e+01 2.66662268e-01 4.77267392e-02
9.44549779e-04 -8.28979415e+02 6.89579624e+01 2.80462426e-01 4.67689266e-02
9.50694373e-04 -8.28961901e+02 6.92057868e+01 2.79543183e-01 4.66587334e-02
9.57851174e-04 -8.28957687e+02 6.95621621e+01 2.61094780e-01 4.59851208e-02
9.57833313e-04 -8.28955280e+02 6.90855331e+01 2.71179106e-01 4.63809734e-02
9.56389522e-04 -8.28954047e+02 6.86849414e+01 2.80672028e-01 4.73309359e-02
9.54300842e-04 -8.28952997e+02 6.86378289e+01 2.78456159e-01 4.71006655e-02
9.51928163e-04 -8.28952371e+02 6.82759818e+01 2.69211857e-01 4.74860787e-02
9.49797049e-04 -8.28950824e+02 6.83404327e+01 2.75544829e-01 4.74922711e-02
9.49997935e-04 -8.28945299e+02 6.85970249e+01 2.59028601e-01 4.77316004e-02
9.52210108e-04 -8.28939517e+02 6.82442656e+01 2.67555923e-01 4.81298853e-02
9.52427818e-04 -8.28938178e+02 6.89586067e+01 2.77962641e-01 4.71375354e-02
9.50610188e-04 -8.28936682e+02 6.81471300e+01 2.66149560e-01 4.82110308e-02
9.48648964e-04 -8.28935653e+02 6.92269319e+01 2.77373219e-01 4.67451455e-02
9.46051934e-04 -8.28935509e+02 6.88743313e+01 2.60043167e-01 4.73928027e-02
9.43064429e-04 -8.28935323e+02 6.81687410e+01 2.63673954e-01 4.76728311e-02
9.40536463e-04 -8.28934222e+02 6.82095001e+01 2.54870753e-01 4.78696981e-02
9.38928495e-04 -8.28932090e+02 6.86470725e+01 2.72391329e-01 4.76587057e-02
9.37627972e-04 -8.28930339e+02 6.80355709e+01 2.63447706e-01 4.79660556e-02
9.35728013e-04 -8.28929491e+02 6.90758575e+01 2.74102286e-01 4.64375923e-02
9.35295878e-04 -8.28924613e+02 6.85172172e+01 2.71006417e-01 4.78234077e-02
9.35883718e-04 -8.28921575e+02 6.87842890e+01 2.67897016e-01 4.67299875e-02
9.34207299e-04 -8.28921541e+02 6.90740076e+01 2.76784297e-01 4.70039670e-02
9.32526048e-04 -8.28918525e+02 6.87932417e+01 2.51524238e-01 4.72431998e-02
9.31563573e-04 -8.28916949e+02 6.85036325e+01 2.53509972e-01 4.73152558e-02
9.29206334e-04 -8.28916936e+02 6.91341156e+01 2.65921215e-01 4.63122076e-02
9.27380363e-04 -8.28914229e+02 6.95512695e+01 2.62896314e-01 4.59771728e-02
9.25562281e-04 -8.28914203e+02 6.92439501e+01 2.73962204e-01 4.62686238e-02
9.23209862e-04 -8.28912664e+02 6.91472139e+01 2.64623766e-01 4.70322895e-02
9.22569483e-04 -8.28908938e+02 6.88288727e+01 2.61855924e-01 4.74622966e-02
9.22781019e-04 -8.28905549e+02 6.92623258e+01 2.76320480e-01 4.67121881e-02
9.21417943e-04 -8.28905236e+02 6.80853375e+01 2.61785544e-01 4.78772028e-02
9.19767066e-04 -8.28902482e+02 6.95726279e+01 2.60099485e-01 4.62106469e-02
9.18473047e-04 -8.28901395e+02 6.84759328e+01 2.77402011e-01 4.77069384e-02
9.18849028e-04 -8.28895017e+02 6.86601894e+01 2.61807900e-01 4.76714697e-02
9.20842320e-04 -8.28890400e+02 6.82091753e+01 2.55868233e-01 4.79719269e-02
9.20128671e-04 -8.28889907e+02 6.95429657e+01 2.59152962e-01 4.62383288e-02
9.17643088e-04 -8.28889155e+02 6.94014399e+01 2.55763772e-01 4.64017785e-02
9.16186238e-04 -8.28886431e+02 6.95382499e+01 2.63513716e-01 4.63628618e-02
9.14922982e-04 -8.28885257e+02 6.81947882e+01 2.74070788e-01 4.77800033e-02
9.14154552e-04 -8.28881459e+02 6.84937738e+01 2.59652527e-01 4.71793385e-02
9.13201818e-04 -8.28880684e+02 6.92197150e+01 2.73772591e-01 4.62978070e-02
9.10897210e-04 -8.28879857e+02 6.83456409e+01 2.60120840e-01 4.79973521e-02
9.11378841e-04 -8.28872982e+02 6.82942135e+01 2.58601152e-01 4.80165943e-02
9.11557300e-04 -8.28872798e+02 6.95663093e+01 2.60272962e-01 4.60744754e-02
9.08984150e-04 -8.28871981e+02 6.87831223e+01 2.80075614e-01 4.72206681e-02
9.07945833e-04 -8.28868432e+02 6.84405577e+01 2.72543718e-01 4.72772858e-02
9.06788756e-04 -8.28867872e+02 6.86576692e+01 2.68194517e-01 4.69127083e-02
9.06122517e-04 -8.28863251e+02 6.94042905e+01 2.72144493e-01 4.61192123e-02
9.05558190e-04 -8.28862458e+02 6.90480175e+01 2.67741416e-01 4.64217372e-02
9.03669486e-04 -8.28860772e+02 6.82831261e+01 2.71985445e-01 4.75404843e-02
9.01637420e-04 -8.28860304e+02 6.80596164e+01 2.70332791e-01 4.80706888e-02
9.00399917e-04 -8.28856866e+02 6.90161574e+01 2.51969296e-01 4.68330884e-02
9.00577746e-04 -8.28853254e+02 6.83356686e+01 2.55446151e-01 4.75566984e-02
9.01810606e-04 -8.28847480e+02 6.85562449e+01 2.73979704e-01 4.77124423e-02
9.03828677e-04 -8.28842126e+02 6.81739046e+01 2.56830731e-01 4.78889116e-02
9.03842272e-04 -8.28840787e+02 6.86303368e+01 2.56889043e-01 4.70392969e-02
9.01529704e-04 -8.28840594e+02 6.92969788e+01 2.55408193e-01 4.63634897e-02
9.02444179e-04 -8.28832122e+02 6.81792218e+01 2.73565279e-01 4.78443386e-02
9.03297430e-04 -8.28832030e+02 6.92185649e+01 2.70665748e-01 4.62673742e-02
9.00473099e-04 -8.28831730e+02 6.80614465e+01 2.63415739e-01 4.81888510e-02
8.97877637e-04 -8.28831148e+02 6.88835594e+01 2.58912264e-01 4.73417221e-02
8.95483176e-04 -8.28830415e+02 6.89845496e+01 2.77240615e-01 4.66480972e-02
8.93037658e-04 -8.28829962e+02 6.85902624e+01 2.67949583e-01 4.70154332e-02
8.90574486e-04 -8.28829283e+02 6.94716158e+01 2.68281286e-01 4.64725750e-02
8.88530712e-04 -8.28827901e+02 6.89533344e+01 2.77120358e-01 4.71346817e-02
8.87491893e-04 -8.28824969e+02 6.86759732e+01 2.79075746e-01 4.73858828e-02
8.86881902e-04 -8.28822620e+02 6.83643819e+01 2.58365982e-01 4.79335113e-02
8.86260287e-04 -8.28819716e+02 6.87410541e+01 2.52537605e-01 4.73250586e-02
8.87385811e-04 -8.28813434e+02 6.93455336e+01 2.74645536e-01 4.62427384e-02
8.87681877e-04 -8.28812384e+02 6.95337065e+01 2.60573808e-01 4.60958839e-02
8.85731030e-04 -8.28811179e+02 6.89872776e+01 2.67066724e-01 4.72368661e-02
8.83568995e-04 -8.28810616e+02 6.91570163e+01 2.65938176e-01 4.69945250e-02
8.80885695e-04 -8.28810606e+02 6.89714625e+01 2.61525107e-01 4.72454878e-02
8.78439565e-04 -8.28809522e+02 6.90355126e+01 2.52593081e-01 4.68688796e-02
8.76774994e-04 -8.28807744e+02 6.82908205e+01 2.75661918e-01 4.76964201e-02
8.75263829e-04 -8.28806317e+02 6.82885761e+01 2.69880751e-01 4.75164608e-02
8.72990335e-04 -8.28806290e+02 6.92051642e+01 2.69065822e-01 4.62740312e-02
8.71781140e-04 -8.28802437e+02 6.88313834e+01 2.76010716e-01 4.73239046e-02
8.70652718e-04 -8.28802221e+02 6.91072626e+01 2.77220835e-01 4.65319135e-02
8.67884122e-04 -8.28802151e+02 6.84786979e+01 2.74485394e-01 4.77660285e-02
8.65799503e-04 -8.28800376e+02 6.95288030e+01 2.70852492e-01 4.60675195e-02
8.64330235e-04 -8.28798892e+02 6.92834205e+01 2.54785049e-01 4.64822132e-02
8.62499337e-04 -8.28797961e+02 6.91582272e+01 2.60917168e-01 4.69651106e-02
8.60639174e-04 -8.28796555e+02 6.95567305e+01 2.61542256e-01 4.60842952e-02
8.58484789e-04 -8.28796318e+02 6.83673119e+01 2.62379065e-01 4.73727684e-02
8.56332075e-04 -8.28794921e+02 6.84724229e+01 2.53369188e-01 4.74614056e-02
8.55139841e-04 -8.28792450e+02 6.94683162e+01 2.72465362e-01 4.63881455e-02
8.53386955e-04 -8.28792368e+02 6.94823181e+01 2.70064409e-01 4.60675985e-02
8.50876534e-04 -8.28791687e+02 6.85155591e+01 2.76382890e-01 4.72799758e-02
8.49081187e-04 -8.28789938e+02 6.92367628e+01 2.68041764e-01 4.62418535e-02
8.49203062e-04 -8.28784750e+02 6.84558301e+01 2.77796319e-01 4.76059231e-02
8.49167131e-04 -8.28783361e+02 6.93400433e+01 2.57916655e-01 4.65984097e-02
8.47226320e-04 -8.28782670e+02 6.94370684e+01 2.57589762e-01 4.63298789e-02
8.45165871e-04 -8.28781575e+02 6.83070926e+01 2.69613022e-01 4.80082379e-02
8.42910042e-04 -8.28781360e+02 6.91986381e+01 2.72663738e-01 4.63281365e-02
8.40661303e-04 -8.28780263e+02 6.91969425e+01 2.58420789e-01 4.68606182e-02
8.39442199e-04 -8.28777608e+02 6.84406631e+01 2.63183280e-01 4.78995603e-02
8.37905242e-04 -8.28777270e+02 6.83976754e+01 2.55584440e-01 4.78045126e-02
8.36593943e-04 -8.28774087e+02 6.87433186e+01 2.61454815e-01 4.75381179e-02
8.35957645e-04 -8.28772135e+02 6.88811183e+01 2.75074180e-01 4.67282496e-02
8.35220386e-04 -8.28769198e+02 6.82743392e+01 2.62009301e-01 4.75455063e-02
8.34652550e-04 -8.28766839e+02 6.89656971e+01 2.69375144e-01 4.65471093e-02
8.33237645e-04 -8.28765934e+02 6.85897479e+01 2.78126083e-01 4.74932183e-02
8.33787088e-04 -8.28758877e+02 6.83604263e+01 2.56739879e-01 4.78685449e-02
8.35053357e-04 -8.28756233e+02 6.91905214e+01 2.76160691e-01 4.67754620e-02
8.33632837e-04 -8.28755625e+02 6.81804296e+01 2.68470982e-01 4.77307119e-02
8.31481050e-04 -8.28754746e+02 6.95087577e+01 2.69147864e-01 4.63539194e-02
8.29511103e-04 -8.28753714e+02 6.83685158e+01 2.63187317e-01 4.79650768e-02
8.32395701e-04 -8.28741187e+02 6.95192967e+01 2.64118392e-01 4.60592784e-02
8.35485948e-04 -8.28739608e+02 6.94100631e+01 2.58122173e-01 4.64233967e-02
8.34697615e-04 -8.28736421e+02 6.81573917e+01 2.66312013e-01 4.77729705e-02
8.33299500e-04 -8.28736303e+02 6.92454033e+01 2.77144293e-01 4.64942346e-02
8.32940829e-04 -8.28730635e+02 6.86205099e+01 2.74658008e-01 4.70849294e-02
8.32702059e-04 -8.28730213e+02 6.88372018e+01 2.52550123e-01 4.70253960e-02
8.30541763e-04 -8.28729175e+02 6.89350790e+01 2.56065966e-01 4.67022983e-02
8.29101930e-04 -8.28727028e+02 6.89527927e+01 2.77949523e-01 4.70535102e-02
8.28016590e-04 -8.28725139e+02 6.82028610e+01 2.72165507e-01 4.79771301e-02
8.26383182e-04 -8.28724321e+02 6.91485707e+01 2.55524819e-01 4.68283122e-02
8.25907155e-04 -8.28719641e+02 6.89271584e+01 2.78983769e-01 4.68845580e-02
8.26423458e-04 -8.28716413e+02 6.93373545e+01 2.56782268e-01 4.63631199e-02
8.25247662e-04 -8.28715830e+02 6.90625817e+01 2.53463677e-01 4.67565810e-02
8.24026597e-04 -8.28712721e+02 6.85649102e+01 2.77357867e-01 4.75295926e-02
8.22796222e-04 -8.28712161e+02 6.83543879e+01 2.73305215e-01 4.74995443e-02
8.20794487e-04 -8.28710937e+02 6.84464797e+01 2.60213822e-01 4.78488517e-02
8.19147552e-04 -8.28709522e+02 6.94324065e+01 2.66798443e-01 4.61030499e-02
8.17806147e-04 -8.28707560e+02 6.84264282e+01 2.64020624e-01 4.78978018e-02
8.15989794e-04 -8.28707313e+02 6.93794458e+01 2.57357213e-01 4.63991733e-02
8.13468363e-04 -8.28707094e+02 6.87862808e+01 2.54030741e-01 4.72970149e-02
8.11696318e-04 -8.28705020e+02 6.89761963e+01 2.74247709e-01 4.66170936e-02
8.10398989e-04 -8.28703637e+02 6.85207036e+01 2.74582738e-01 4.76857849e-02
8.08397444e-04 -8.28703310e+02 6.87169651e+01 2.53079536e-01 4.71397565e-02
8.05920471e-04 -8.28703119e+02 6.93926416e+01 2.61837072e-01 4.61631817e-02
8.03528152e-04 -8.28702600e+02 6.90241485e+01 2.62663731e-01 4.71529565e-02
8.01134718e-04 -8.28702430e+02 6.87128771e+01 2.77115007e-01 4.70422175e-02
7.98590837e-04 -8.28702305e+02 6.83581552e+01 2.62882920e-01 4.79573020e-02
7.96021276e-04 -8.28702220e+02 6.91102474e+01 2.74013135e-01 4.69503141e-02
7.93751715e-04 -8.28701360e+02 6.95490343e+01 2.69212299e-01 4.61589771e-02
7.92626542e-04 -8.28698403e+02 6.85178350e+01 2.58586527e-01 4.72131242e-02
7.93001001e-04 -8.28693763e+02 6.90873590e+01 2.73967484e-01 4.69832571e-02
7.92898036e-04 -8.28692003e+02 6.88149990e+01 2.60042891e-01 4.67762985e-02
7.92253032e-04 -8.28688737e+02 6.93078653e+01 2.65064446e-01 4.62036861e-02
7.91689204e-04 -8.28686769e+02 6.94908615e+01 2.61643184e-01 4.61484586e-02
7.90667884e-04 -8.28684663e+02 6.88216568e+01 2.57138614e-01 4.73501410e-02
7.89934663e-04 -8.28681970e+02 6.83531656e+01 2.75206932e-01 4.77536705e-02
7.89269442e-04 -8.28679692e+02 6.90091622e+01 2.77872792e-01 4.69403149e-02
7.88316846e-04 -8.28677729e+02 6.94284074e+01 2.73249966e-01 4.63453898e-02
7.86655456e-04 -8.28677255e+02 6.88999172e+01 2.78099557e-01 4.70868860e-02
7.84564322e-04 -8.28676397e+02 6.94421727e+01 2.59622548e-01 4.62360023e-02
7.82398721e-04 -8.28676128e+02 6.95439005e+01 2.63980734e-01 4.61974511e-02
7.81224675e-04 -8.28672748e+02 6.90860452e+01 2.68882946e-01 4.64316487e-02
7.80912796e-04 -8.28670269e+02 6.94650087e+01 2.71155707e-01 4.61717348e-02
7.81417427e-04 -8.28664806e+02 6.90644663e+01 2.65492743e-01 4.64486555e-02
7.80973221e-04 -8.28664743e+02 6.95102371e+01 2.69397362e-01 4.62764426e-02
7.78403758e-04 -8.28664742e+02 6.86632184e+01 2.59631819e-01 4.75879466e-02
7.77554554e-04 -8.28660276e+02 6.94974584e+01 2.64764639e-01 4.61063814e-02
7.76768215e-04 -8.28660105e+02 6.84199534e+01 2.59257136e-01 4.73706285e-02
7.74598113e-04 -8.28659216e+02 6.91053788e+01 2.77582611e-01 4.67667596e-02
7.72774380e-04 -8.28658164e+02 6.86987768e+01 2.53260841e-01 4.72956823e-02
7.71154662e-04 -8.28656757e+02 6.82238813e+01 2.60171188e-01 4.77296144e-02
7.69597642e-04 -8.28655550e+02 6.90644323e+01 2.71582346e-01 4.64866856e-02
7.68231551e-04 -8.28653655e+02 6.81629931e+01 2.60275754e-01 4.79386659e-02
7.66751519e-04 -8.28652751e+02 6.86882137e+01 2.78254765e-01 4.72835153e-02
7.65085716e-04 -8.28651350e+02 6.90922137e+01 2.58082849e-01 4.69751739e-02
7.63334087e-04 -8.28650679e+02 6.83346762e+01 2.60802141e-01 4.79387577e-02
7.62003103e-04 -8.28648186e+02 6.93766156e+01 2.64100191e-01 4.65847470e-02
7.60573772e-04 -8.28647777e+02 6.85878092e+01 2.60344380e-01 4.70943083e-02
7.58659085e-04 -8.28646572e+02 6.90301439e+01 2.53982753e-01 4.68684877e-02
7.56709247e-04 -8.28646268e+02 6.84026344e+01 2.58321836e-01 4.78315532e-02
7.54530125e-04 -8.28645684e+02 6.92067958e+01 2.55472961e-01 4.66306035e-02
7.52414741e-04 -8.28645227e+02 6.82831111e+01 2.65879926e-01 4.80073293e-02
7.50518494e-04 -8.28644076e+02 6.88412980e+01 2.77998749e-01 4.69539711e-02
7.50263553e-04 -8.28639257e+02 6.95140978e+01 2.63782158e-01 4.62626198e-02
7.50621070e-04 -8.28636463e+02 6.93178529e+01 2.70240378e-01 4.66590611e-02
7.49192839e-04 -8.28636408e+02 6.88697412e+01 2.63324540e-01 4.66907193e-02
7.48187555e-04 -8.28632497e+02 6.91008905e+01 2.75991678e-01 4.65690467e-02
7.47770721e-04 -8.28630864e+02 6.93376534e+01 2.58588476e-01 4.65410410e-02
7.46587688e-04 -8.28629008e+02 6.86914741e+01 2.69526461e-01 4.69331389e-02
7.45351636e-04 -8.28627522e+02 6.90310530e+01 2.77090557e-01 4.66947623e-02
7.43731065e-04 -8.28626705e+02 6.91109894e+01 2.55041771e-01 4.68001295e-02
7.41610366e-04 -8.28626577e+02 6.87029825e+01 2.54314368e-01 4.73678285e-02
7.39212424e-04 -8.28626527e+02 6.86723904e+01 2.72907687e-01 4.75359808e-02
7.37014796e-04 -8.28625877e+02 6.82855362e+01 2.62896729e-01 4.79900947e-02
7.34822205e-04 -8.28625830e+02 6.94400101e+01 2.60959534e-01 4.63846337e-02
7.33096412e-04 -8.28623925e+02 6.95073356e+01 2.63280987e-01 4.61825267e-02
7.31547725e-04 -8.28623403e+02 6.92691211e+01 2.68532799e-01 4.62642952e-02
7.29551578e-04 -8.28622734e+02 6.89987953e+01 2.77268530e-01 4.69584101e-02
7.27519074e-04 -8.28622328e+02 6.91847103e+01 2.56054031e-01 4.67237928e-02
7.25754983e-04 -8.28620934e+02 6.81439748e+01 2.62473901e-01 4.79375103e-02
7.24120764e-04 -8.28620180e+02 6.92421127e+01 2.75982301e-01 4.65414322e-02
7.22382619e-04 -8.28619085e+02 6.88602799e+01 2.69085630e-01 4.67102827e-02
7.20515053e-04 -8.28618702e+02 6.84938381e+01 2.59109973e-01 4.77528838e-02
7.18477424e-04 -8.28618094e+02 6.88591688e+01 2.55303003e-01 4.68636944e-02
7.17693160e-04 -8.28614234e+02 6.91219296e+01 2.57146192e-01 4.68861342e-02
7.17170911e-04 -8.28612891e+02 6.90528586e+01 2.58246274e-01 4.70257186e-02
7.15989079e-04 -8.28610877e+02 6.94359751e+01 2.60756623e-01 4.62386892e-02
7.14383972e-04 -8.28610723e+02 6.91594653e+01 2.76656877e-01 4.66898306e-02
7.12569549e-04 -8.28609309e+02 6.83171882e+01 2.59431828e-01 4.79058994e-02
7.10748448e-04 -8.28609185e+02 6.91115636e+01 2.74850665e-01 4.68875528e-02
7.08841772e-04 -8.28608026e+02 6.92706486e+01 2.61241439e-01 4.67282866e-02
7.07663227e-04 -8.28605858e+02 6.82583665e+01 2.69837275e-01 4.76612636e-02
7.07310459e-04 -8.28602369e+02 6.93479260e+01 2.63235757e-01 4.62153473e-02
7.06531210e-04 -8.28601404e+02 6.94687949e+01 2.70013011e-01 4.63144658e-02
7.05403817e-04 -8.28598909e+02 6.90997057e+01 2.76876112e-01 4.67877140e-02
7.04571533e-04 -8.28597109e+02 6.81474625e+01 2.66007567e-01 4.79059874e-02
7.03094633e-04 -8.28596449e+02 6.82484006e+01 2.62649161e-01 4.79974010e-02
7.01918788e-04 -8.28593803e+02 6.87198798e+01 2.76767311e-01 4.73406946e-02
7.00702420e-04 -8.28593261e+02 6.90379747e+01 2.59724263e-01 4.70702379e-02
6.98776750e-04 -8.28592651e+02 6.85064717e+01 2.72557400e-01 4.72628301e-02
6.97499934e-04 -8.28590265e+02 6.84350243e+01 2.72567192e-01 4.77729231e-02
6.96373799e-04 -8.28589226e+02 6.84408399e+01 2.75648120e-01 4.75482292e-02
6.94431161e-04 -8.28589196e+02 6.88472722e+01 2.71388172e-01 4.67581745e-02
6.92426116e-04 -8.28588354e+02 6.90118024e+01 2.62748809e-01 4.65397091e-02
6.91406955e-04 -8.28585488e+02 6.87145547e+01 2.53995977e-01 4.71658666e-02
6.90123306e-04 -8.28585413e+02 6.84478940e+01 2.69977691e-01 4.78100364e-02
6.88089971e-04 -8.28584734e+02 6.87344283e+01 2.55563787e-01 4.70279134e-02
6.86167042e-04 -8.28584354e+02 6.82297536e+01 2.62278327e-01 4.77144823e-02
6.84118751e-04 -8.28584057e+02 6.94513795e+01 2.61537484e-01 4.63209509e-02
6.82773681e-04 -8.28581636e+02 6.86578865e+01 2.57126283e-01 4.70804920e-02
6.82127151e-04 -8.28579296e+02 6.85931472e+01 2.56267556e-01 4.75579046e-02
6.80695148e-04 -8.28579182e+02 6.86822538e+01 2.60176875e-01 4.69824194e-02
6.78698250e-04 -8.28578517e+02 6.93023112e+01 2.73490563e-01 4.65742375e-02
6.76675407e-04 -8.28578496e+02 6.94084604e+01 2.65234252e-01 4.64973838e-02
6.74508075e-04 -8.28578277e+02 6.88830093e+01 2.55126862e-01 4.71538417e-02
6.72641223e-04 -8.28577384e+02 6.93644781e+01 2.63970708e-01 4.62084503e-02
6.71888550e-04 -8.28573864e+02 6.85326436e+01 2.55798129e-01 4.73332707e-02
6.71014164e-04 -8.28573330e+02 6.89313815e+01 2.66955039e-01 4.72556233e-02
6.69218183e-04 -8.28572569e+02 6.87411150e+01 2.67795321e-01 4.68696687e-02
6.67276413e-04 -8.28572486e+02 6.87820341e+01 2.54223310e-01 4.72224801e-02
6.65738677e-04 -8.28570528e+02 6.88449739e+01 2.53921425e-01 4.70362945e-02
6.64211894e-04 -8.28570421e+02 6.87391718e+01 2.70659909e-01 4.74754541e-02
6.62049890e-04 -8.28570393e+02 6.83433854e+01 2.73348887e-01 4.77792674e-02
6.59968952e-04 -8.28570062e+02 6.94859585e+01 2.64292135e-01 4.61984592e-02
6.58117803e-04 -8.28569356e+02 6.88316644e+01 2.56068144e-01 4.72620457e-02
6.56347167e-04 -8.28568794e+02 6.94181442e+01 2.70726295e-01 4.64047206e-02
6.54961375e-04 -8.28566928e+02 6.93213407e+01 2.73737224e-01 4.64989010e-02
6.53612754e-04 -8.28566260e+02 6.90550613e+01 2.72709410e-01 4.65442963e-02
6.51862542e-04 -8.28565635e+02 6.84494118e+01 2.65002248e-01 4.78334325e-02
6.49936409e-04 -8.28565523e+02 6.84086896e+01 2.60181202e-01 4.78325657e-02
6.47984815e-04 -8.28564994e+02 6.84006639e+01 2.74481568e-01 4.75576503e-02
6.47137167e-04 -8.28561489e+02 6.88954552e+01 2.56633744e-01 4.71914589e-02
6.46444085e-04 -8.28560479e+02 6.84637606e+01 2.56380845e-01 4.74377962e-02
6.44695596e-04 -8.28560250e+02 6.82691329e+01 2.68271945e-01 4.79607035e-02
6.42666068e-04 -8.28560129e+02 6.88276661e+01 2.57161367e-01 4.68597646e-02
6.40718489e-04 -8.28559664e+02 6.94656496e+01 2.64508781e-01 4.61861573e-02
6.40147764e-04 -8.28555261e+02 6.93945874e+01 2.61308380e-01 4.64565776e-02
6.39743079e-04 -8.28554269e+02 6.86273199e+01 2.77001697e-01 4.73100797e-02
6.38037293e-04 -8.28553945e+02 6.82531283e+01 2.64117462e-01 4.76602372e-02
6.36053447e-04 -8.28553841e+02 6.88650456e+01 2.54085576e-01 4.70318280e-02
6.33982991e-04 -8.28553810e+02 6.85326279e+01 2.75840281e-01 4.73693747e-02
6.32060977e-04 -8.28553258e+02 6.88949982e+01 2.75817504e-01 4.68185402e-02
6.30456671e-04 -8.28552238e+02 6.86574561e+01 2.77138543e-01 4.73100084e-02
6.29047207e-04 -8.28551079e+02 6.92126280e+01 2.75348468e-01 4.65331129e-02
6.27833547e-04 -8.28549445e+02 6.88892092e+01 2.55399841e-01 4.71426489e-02
6.26788659e-04 -8.28547755e+02 6.84239183e+01 2.58509001e-01 4.77734462e-02
6.25371252e-04 -8.28547316e+02 6.88436590e+01 2.70754456e-01 4.73352142e-02
6.23959654e-04 -8.28545620e+02 6.85387278e+01 2.69094365e-01 4.77157814e-02
6.22836813e-04 -8.28544263e+02 6.82761686e+01 2.58941343e-01 4.78325027e-02
6.21351389e-04 -8.28543739e+02 6.93228143e+01 2.65707257e-01 4.66462655e-02
6.20998801e-04 -8.28538749e+02 6.90127013e+01 2.76480837e-01 4.67384827e-02
6.20751284e-04 -8.28537875e+02 6.89486607e+01 2.66839692e-01 4.72226160e-02
6.19050907e-04 -8.28537579e+02 6.88626963e+01 2.72762687e-01 4.72739251e-02
6.17569017e-04 -8.28536013e+02 6.94662991e+01 2.67762631e-01 4.62185076e-02
6.16930309e-04 -8.28532995e+02 6.93695075e+01 2.65522926e-01 4.65535578e-02
6.16904863e-04 -8.28529441e+02 6.91795568e+01 2.75623588e-01 4.66120144e-02
6.16698441e-04 -8.28527007e+02 6.90015192e+01 2.57294776e-01 4.66697071e-02
6.15930241e-04 -8.28525278e+02 6.87590876e+01 2.57033576e-01 4.69660796e-02
6.15856279e-04 -8.28520596e+02 6.84763573e+01 2.71111928e-01 4.73119865e-02
6.16837245e-04 -8.28515440e+02 6.91528136e+01 2.62637662e-01 4.69062529e-02
6.16579266e-04 -8.28514771e+02 6.87979103e+01 2.71531046e-01 4.73725554e-02
6.14991877e-04 -8.28513940e+02 6.93394835e+01 2.65370327e-01 4.66022246e-02
6.13210479e-04 -8.28513916e+02 6.85529280e+01 2.75047673e-01 4.75411247e-02
6.11318096e-04 -8.28513466e+02 6.94319353e+01 2.68545094e-01 4.63775050e-02
6.09707622e-04 -8.28512537e+02 6.84836357e+01 2.56843736e-01 4.76419437e-02
6.09731827e-04 -8.28506739e+02 6.85206847e+01 2.64875660e-01 4.77417172e-02
6.10918839e-04 -8.28501989e+02 6.88342181e+01 2.63322241e-01 4.73630964e-02
6.10937947e-04 -8.28500017e+02 6.83526512e+01 2.68309199e-01 4.78785595e-02
6.09649514e-04 -8.28499555e+02 6.84704645e+01 2.60572028e-01 4.77565002e-02
6.08437650e-04 -8.28497342e+02 6.87499670e+01 2.76905108e-01 4.71914022e-02
6.07145669e-04 -8.28497149e+02 6.91025599e+01 2.59218385e-01 4.65270112e-02
6.06113117e-04 -8.28494093e+02 6.82819321e+01 2.63154020e-01 4.79294491e-02
6.05716369e-04 -8.28491802e+02 6.83525117e+01 2.67135352e-01 4.74941193e-02
6.04461843e-04 -8.28491582e+02 6.87736542e+01 2.74250910e-01 4.69468803e-02
6.02627758e-04 -8.28491224e+02 6.83038767e+01 2.59126677e-01 4.77848683e-02
6.00791474e-04 -8.28491030e+02 6.82372591e+01 2.62530912e-01 4.79230446e-02
5.98886713e-04 -8.28490920e+02 6.91405673e+01 2.74059903e-01 4.68066503e-02
5.97045571e-04 -8.28490533e+02 6.89619480e+01 2.66225129e-01 4.71922695e-02
5.95436123e-04 -8.28489663e+02 6.83917313e+01 2.68188019e-01 4.74311988e-02
5.94116943e-04 -8.28488313e+02 6.89991902e+01 2.56731941e-01 4.70061567e-02
5.92734411e-04 -8.28487666e+02 6.93160939e+01 2.64484277e-01 4.62757450e-02
5.91044783e-04 -8.28487367e+02 6.89263193e+01 2.55972573e-01 4.70804721e-02
5.89666847e-04 -8.28485680e+02 6.89316746e+01 2.61939216e-01 4.66690137e-02
5.88431438e-04 -8.28484906e+02 6.93606114e+01 2.60420167e-01 4.63839133e-02
5.87654839e-04 -8.28481668e+02 6.92254571e+01 2.57970132e-01 4.66374590e-02
5.86812401e-04 -8.28481117e+02 6.90265321e+01 2.55579177e-01 4.67938307e-02
5.85216831e-04 -8.28480458e+02 6.83039773e+01 2.67377697e-01 4.75974168e-02
5.84671357e-04 -8.28476330e+02 6.91917801e+01 2.57237562e-01 4.66382338e-02
5.84694013e-04 -8.28473722e+02 6.86577692e+01 2.72087064e-01 4.70639824e-02
5.83749836e-04 -8.28472905e+02 6.84398829e+01 2.73705666e-01 4.76467444e-02
5.83038517e-04 -8.28469508e+02 6.84588362e+01 2.59192077e-01 4.73867178e-02
5.82615741e-04 -8.28467698e+02 6.87775061e+01 2.76286585e-01 4.72097388e-02
5.81375125e-04 -8.28467115e+02 6.82576005e+01 2.68712949e-01 4.77450882e-02
5.79919429e-04 -8.28466057e+02 6.89202153e+01 2.62358537e-01 4.72306452e-02
5.78582781e-04 -8.28465074e+02 6.87129111e+01 2.55636766e-01 4.73271941e-02
5.77511980e-04 -8.28463107e+02 6.88363319e+01 2.55215943e-01 4.70053732e-02
5.76214302e-04 -8.28462917e+02 6.90453648e+01 2.61341575e-01 4.70395884e-02
5.74413445e-04 -8.28462712e+02 6.87107782e+01 2.73477214e-01 4.70244309e-02
5.74044618e-04 -8.28457553e+02 6.87244177e+01 2.60634031e-01 4.69564112e-02
5.73945760e-04 -8.28456395e+02 6.86962533e+01 2.64758628e-01 4.69605177e-02
5.72594020e-04 -8.28455613e+02 6.86653408e+01 2.64172877e-01 4.75630112e-02
5.71326628e-04 -8.28454171e+02 6.88865058e+01 2.58311828e-01 4.72086546e-02
5.69840662e-04 -8.28454165e+02 6.86484428e+01 2.71324466e-01 4.70708368e-02
5.68077244e-04 -8.28453714e+02 6.84684729e+01 2.71981635e-01 4.73766210e-02
5.66898038e-04 -8.28451666e+02 6.86898504e+01 2.66389575e-01 4.69699164e-02
5.65921878e-04 -8.28450505e+02 6.86185346e+01 2.70778105e-01 4.75754611e-02
5.64428956e-04 -8.28450294e+02 6.82993635e+01 2.60106907e-01 4.77349519e-02
5.62805781e-04 -8.28449609e+02 6.89693045e+01 2.74904657e-01 4.67524814e-02
5.61236856e-04 -8.28449221e+02 6.85871282e+01 2.64010473e-01 4.76496406e-02
5.59766549e-04 -8.28448200e+02 6.87545588e+01 2.64230739e-01 4.68856283e-02
5.58269063e-04 -8.28447923e+02 6.86686081e+01 2.69856980e-01 4.75314519e-02
5.56494497e-04 -8.28447912e+02 6.92381831e+01 2.58324626e-01 4.65358645e-02
5.55581833e-04 -8.28444553e+02 6.90941900e+01 2.68772796e-01 4.69724955e-02
5.55444997e-04 -8.28441748e+02 6.84548318e+01 2.68366900e-01 4.73421473e-02
5.54398346e-04 -8.28441668e+02 6.89628748e+01 2.73721910e-01 4.67193803e-02
5.52864645e-04 -8.28440634e+02 6.88658940e+01 2.66649658e-01 4.73073370e-02
5.51431286e-04 -8.28440204e+02 6.88720386e+01 2.71524219e-01 4.72513550e-02
5.49851318e-04 -8.28439717e+02 6.90585740e+01 2.63245576e-01 4.65300697e-02
5.48496024e-04 -8.28438484e+02 6.93158899e+01 2.62301363e-01 4.65789711e-02
5.47146750e-04 -8.28437987e+02 6.90633874e+01 2.58171593e-01 4.69320730e-02
5.45511521e-04 -8.28437815e+02 6.89553705e+01 2.55646078e-01 4.68849494e-02
5.44321456e-04 -8.28435700e+02 6.85983893e+01 2.59004940e-01 4.75710842e-02
5.43147099e-04 -8.28435478e+02 6.87496813e+01 2.56543380e-01 4.73171159e-02
5.41778043e-04 -8.28434093e+02 6.91412002e+01 2.70634341e-01 4.64715655e-02
5.40397740e-04 -8.28433924e+02 6.82864479e+01 2.63308445e-01 4.76694125e-02
5.38834420e-04 -8.28433231e+02 6.91353695e+01 2.74822628e-01 4.67015280e-02
5.37664148e-04 -8.28431617e+02 6.82714545e+01 2.64805349e-01 4.79001477e-02
5.36424162e-04 -8.28431193e+02 6.91031095e+01 2.56861821e-01 4.67698330e-02
5.35144137e-04 -8.28429740e+02 6.87225871e+01 2.62716211e-01 4.69437820e-02
5.33929336e-04 -8.28429082e+02 6.84442597e+01 2.72772826e-01 4.76624405e-02
5.32432552e-04 -8.28428699e+02 6.88216327e+01 2.66199947e-01 4.73628352e-02
5.30783950e-04 -8.28428629e+02 6.89828183e+01 2.62019348e-01 4.71274579e-02
5.29379770e-04 -8.28427342e+02 6.83004733e+01 2.70209814e-01 4.77594097e-02
5.28066195e-04 -8.28426942e+02 6.90119624e+01 2.75782293e-01 4.68370502e-02
5.26961546e-04 -8.28424875e+02 6.89439982e+01 2.61498455e-01 4.71756242e-02
5.25944266e-04 -8.28424150e+02 6.89512620e+01 2.56674934e-01 4.70381545e-02
5.25481297e-04 -8.28419985e+02 6.82600605e+01 2.67476488e-01 4.77648295e-02
5.24873552e-04 -8.28419805e+02 6.90902166e+01 2.58115782e-01 4.66126834e-02
5.23794279e-04 -8.28417448e+02 6.90806793e+01 2.70697966e-01 4.65375461e-02
5.22695378e-04 -8.28417348e+02 6.87488601e+01 2.57509649e-01 4.70132320e-02
5.21173423e-04 -8.28416624e+02 6.82986537e+01 2.68432009e-01 4.76708730e-02
5.19646114e-04 -8.28416562e+02 6.93764876e+01 2.64931447e-01 4.64594453e-02
5.18323740e-04 -8.28415065e+02 6.84417721e+01 2.64488993e-01 4.73641938e-02
5.17678947e-04 -8.28412397e+02 6.89852172e+01 2.75367752e-01 4.69391752e-02
5.16718682e-04 -8.28412121e+02 6.86324352e+01 2.64397693e-01 4.70659604e-02
5.15401476e-04 -8.28410847e+02 6.91580487e+01 2.63966514e-01 4.64368091e-02
5.14050781e-04 -8.28410714e+02 6.82741642e+01 2.66841507e-01 4.78704742e-02
5.12596575e-04 -8.28409857e+02 6.82470907e+01 2.65910594e-01 4.78356610e-02
5.11466433e-04 -8.28408473e+02 6.92119237e+01 2.68203680e-01 4.67743821e-02
5.10211857e-04 -8.28408113e+02 6.92387420e+01 2.72461476e-01 4.66222707e-02
5.08886498e-04 -8.28407019e+02 6.90870094e+01 2.65962328e-01 4.69846225e-02
5.07487532e-04 -8.28406963e+02 6.92215230e+01 2.59157476e-01 4.65021292e-02
5.06595195e-04 -8.28403886e+02 6.89054343e+01 2.66693009e-01 4.72428874e-02
5.05768588e-04 -8.28403571e+02 6.91812155e+01 2.61826752e-01 4.68065620e-02
5.04245460e-04 -8.28403262e+02 6.92595926e+01 2.72554475e-01 4.65361584e-02
5.02864278e-04 -8.28402401e+02 6.89470916e+01 2.55945634e-01 4.69190612e-02
5.01561710e-04 -8.28401794e+02 6.85252717e+01 2.65422412e-01 4.72296135e-02
5.00609594e-04 -8.28399547e+02 6.84876480e+01 2.70770279e-01 4.76831955e-02
4.99637366e-04 -8.28399025e+02 6.85177731e+01 2.71356186e-01 4.73011744e-02
4.98250798e-04 -8.28398450e+02 6.93918058e+01 2.66731100e-01 4.63328817e-02
4.96767578e-04 -8.28398332e+02 6.86133114e+01 2.56470853e-01 4.74210362e-02
4.95175661e-04 -8.28398213e+02 6.90999331e+01 2.73235542e-01 4.68535303e-02
4.93839138e-04 -8.28397082e+02 6.83479788e+01 2.62851565e-01 4.75621541e-02
4.92649053e-04 -8.28396383e+02 6.83974298e+01 2.60450022e-01 4.75108915e-02
4.91644127e-04 -8.28394511e+02 6.82734397e+01 2.62786183e-01 4.77982513e-02
4.90808969e-04 -8.28393127e+02 6.93915729e+01 2.66416136e-01 4.63578865e-02
4.89541704e-04 -8.28393026e+02 6.93737333e+01 2.67924644e-01 4.63358951e-02
4.88058669e-04 -8.28392540e+02 6.84626143e+01 2.69426036e-01 4.77268620e-02
4.86629052e-04 -8.28392237e+02 6.92292509e+01 2.71761762e-01 4.66628273e-02
4.85284006e-04 -8.28391420e+02 6.92710476e+01 2.61424616e-01 4.64027986e-02
4.83898229e-04 -8.28391301e+02 6.90213097e+01 2.57303896e-01 4.69334153e-02
4.82555776e-04 -8.28390321e+02 6.84842230e+01 2.58379945e-01 4.76266152e-02
4.81225182e-04 -8.28390168e+02 6.92046046e+01 2.60330115e-01 4.64692816e-02
4.79677442e-04 -8.28390108e+02 6.87155472e+01 2.56529440e-01 4.71251303e-02
4.78192919e-04 -8.28389711e+02 6.86534122e+01 2.74178706e-01 4.74132724e-02
4.76700739e-04 -8.28389703e+02 6.90563421e+01 2.74444304e-01 4.68614525e-02
4.75216344e-04 -8.28389293e+02 6.85578441e+01 2.70832730e-01 4.72276000e-02
4.74335837e-04 -8.28386758e+02 6.87989754e+01 2.55823685e-01 4.70892210e-02
4.73593055e-04 -8.28385771e+02 6.85234204e+01 2.60743133e-01 4.72803841e-02
4.72280855e-04 -8.28385652e+02 6.89694530e+01 2.58799669e-01 4.70728138e-02
4.70768971e-04 -8.28385528e+02 6.87574723e+01 2.56608497e-01 4.72762934e-02
4.69332678e-04 -8.28385108e+02 6.87660029e+01 2.75466908e-01 4.70931719e-02
4.67879121e-04 -8.28385076e+02 6.90388922e+01 2.63637829e-01 4.65665721e-02
4.66357315e-04 -8.28384968e+02 6.88085304e+01 2.70915067e-01 4.68679664e-02
4.65512482e-04 -8.28382049e+02 6.90870787e+01 2.68827045e-01 4.65217484e-02
4.64769225e-04 -8.28381506e+02 6.84472901e+01 2.72284781e-01 4.74841425e-02
4.63355426e-04 -8.28381486e+02 6.93798569e+01 2.66210157e-01 4.64041522e-02
4.62176094e-04 -8.28379948e+02 6.92447741e+01 2.71482488e-01 4.64493187e-02
4.61095268e-04 -8.28379513e+02 6.88176103e+01 2.75462510e-01 4.70254177e-02
4.59778326e-04 -8.28379013e+02 6.91021460e+01 2.60975843e-01 4.65392173e-02
4.58889538e-04 -8.28376728e+02 6.89577179e+01 2.71601516e-01 4.71079520e-02
4.57896827e-04 -8.28376687e+02 6.84119854e+01 2.60327378e-01 4.74984218e-02
4.56524338e-04 -8.28376077e+02 6.85699850e+01 2.68865410e-01 4.76258868e-02
4.55263412e-04 -8.28375563e+02 6.88355161e+01 2.58388938e-01 4.68918570e-02
4.53889697e-04 -8.28375465e+02 6.91170981e+01 2.60068467e-01 4.65486128e-02
4.52508327e-04 -8.28375004e+02 6.89908887e+01 2.73625712e-01 4.70009623e-02
4.51141239e-04 -8.28374861e+02 6.83163121e+01 2.68546810e-01 4.76698806e-02
4.49747713e-04 -8.28374535e+02 6.84818280e+01 2.60669796e-01 4.73580071e-02
4.48474152e-04 -8.28373877e+02 6.83390026e+01 2.60571944e-01 4.77256286e-02
4.47200267e-04 -8.28373569e+02 6.89796058e+01 2.71510662e-01 4.70770732e-02
4.45951192e-04 -8.28372815e+02 6.85429138e+01 2.61871319e-01 4.76528593e-02
4.44994677e-04 -8.28371208e+02 6.87540286e+01 2.69414268e-01 4.74087332e-02
4.44076490e-04 -8.28370290e+02 6.87716564e+01 2.56551506e-01 4.72420022e-02
4.43015604e-04 -8.28369336e+02 6.84225000e+01 2.71411557e-01 4.75092265e-02
4.41775134e-04 -8.28369242e+02 6.90515416e+01 2.62422951e-01 4.70089549e-02
4.40515931e-04 -8.28368390e+02 6.92422323e+01 2.71395804e-01 4.64570498e-02
4.39358434e-04 -8.28367849e+02 6.89176861e+01 2.73121248e-01 4.71216257e-02
4.38529732e-04 -8.28365511e+02 6.92651754e+01 2.62429586e-01 4.66396552e-02
4.37593168e-04 -8.28365468e+02 6.86971971e+01 2.75204735e-01 4.72397702e-02
4.36186018e-04 -8.28365297e+02 6.84408233e+01 2.69581936e-01 4.74195578e-02
4.34899775e-04 -8.28364719e+02 6.85004685e+01 2.69725865e-01 4.73149808e-02
4.33626453e-04 -8.28364506e+02 6.88020673e+01 2.75116261e-01 4.70307109e-02
4.32341905e-04 -8.28363997e+02 6.90176012e+01 2.56827588e-01 4.68437923e-02
4.31141480e-04 -8.28363411e+02 6.93707037e+01 2.66348796e-01 4.63695316e-02
4.30064674e-04 -8.28362343e+02 6.84373049e+01 2.58961340e-01 4.76486050e-02
4.29017666e-04 -8.28361631e+02 6.91400662e+01 2.59803027e-01 4.65466930e-02
4.27746879e-04 -8.28361620e+02 6.86727124e+01 2.57952531e-01 4.71350811e-02
4.26345102e-04 -8.28361540e+02 6.92261144e+01 2.63250001e-01 4.67258121e-02
4.25337948e-04 -8.28359695e+02 6.92343153e+01 2.63504164e-01 4.67124928e-02
4.24352211e-04 -8.28359524e+02 6.82995757e+01 2.65492673e-01 4.78325086e-02
4.23055254e-04 -8.28359162e+02 6.85715871e+01 2.61299811e-01 4.76103151e-02
4.21750921e-04 -8.28359044e+02 6.85831716e+01 2.70785046e-01 4.71995807e-02
4.20420122e-04 -8.28358827e+02 6.92141047e+01 2.60209188e-01 4.66759695e-02
4.19412051e-04 -8.28357191e+02 6.82978991e+01 2.67714592e-01 4.77464372e-02
4.18714829e-04 -8.28355499e+02 6.92861381e+01 2.67853347e-01 4.66121162e-02
4.18725639e-04 -8.28350489e+02 6.92022793e+01 2.59293239e-01 4.65711693e-02
4.18686864e-04 -8.28349023e+02 6.92036702e+01 2.63094462e-01 4.67583049e-02
4.17758622e-04 -8.28348272e+02 6.91297683e+01 2.72488640e-01 4.67962352e-02
4.16534298e-04 -8.28348237e+02 6.82867530e+01 2.65437452e-01 4.77808828e-02
4.15276665e-04 -8.28347664e+02 6.92451081e+01 2.68366313e-01 4.63988586e-02
4.14183906e-04 -8.28346852e+02 6.86886210e+01 2.74729469e-01 4.72989261e-02
4.13020124e-04 -8.28346636e+02 6.85118981e+01 2.62421314e-01 4.76782209e-02
4.11693147e-04 -8.28346632e+02 6.84819909e+01 2.61716461e-01 4.73519071e-02
4.10540601e-04 -8.28345587e+02 6.84387995e+01 2.62598795e-01 4.74167153e-02
4.09554266e-04 -8.28344787e+02 6.83028758e+01 2.65831379e-01 4.78130780e-02
4.08606446e-04 -8.28343566e+02 6.85253398e+01 2.73435429e-01 4.74784745e-02
4.08005787e-04 -8.28341075e+02 6.85851785e+01 2.71843727e-01 4.72304154e-02
4.07425746e-04 -8.28339755e+02 6.86410040e+01 2.60458876e-01 4.75140369e-02
4.06424781e-04 -8.28339339e+02 6.92182292e+01 2.67899319e-01 4.64168093e-02
4.05393234e-04 -8.28338182e+02 6.87181683e+01 2.59165230e-01 4.70417917e-02
4.04392043e-04 -8.28337628e+02 6.83175522e+01 2.62633469e-01 4.77186832e-02
4.03378099e-04 -8.28336548e+02 6.92939513e+01 2.62674662e-01 4.65542103e-02
4.02270437e-04 -8.28336472e+02 6.92556321e+01 2.65683426e-01 4.66719813e-02
4.00955056e-04 -8.28336443e+02 6.83863484e+01 2.64703399e-01 4.75040301e-02
4.00056149e-04 -8.28334306e+02 6.83536227e+01 2.64785882e-01 4.78049883e-02
3.99221003e-04 -8.28333965e+02 6.92745644e+01 2.70666094e-01 4.65308874e-02
3.98034644e-04 -8.28333603e+02 6.87309061e+01 2.72424427e-01 4.70267072e-02
3.96867713e-04 -8.28333182e+02 6.89290665e+01 2.60609957e-01 4.67449208e-02
3.95636261e-04 -8.28333163e+02 6.89576497e+01 2.73006827e-01 4.70493920e-02
3.94561282e-04 -8.28331968e+02 6.90254626e+01 2.62587951e-01 4.66100465e-02
3.93500583e-04 -8.28331891e+02 6.92770687e+01 2.61301339e-01 4.65109416e-02
3.92904661e-04 -8.28328347e+02 6.85732569e+01 2.60400881e-01 4.72335060e-02
3.92353935e-04 -8.28328037e+02 6.86596123e+01 2.58307083e-01 4.71612899e-02
3.91232202e-04 -8.28327418e+02 6.92674478e+01 2.68122155e-01 4.66283859e-02
3.90136439e-04 -8.28326991e+02 6.83022673e+01 2.65786445e-01 4.77501855e-02
3.89348238e-04 -8.28324808e+02 6.84697415e+01 2.60251838e-01 4.76601779e-02
3.88555172e-04 -8.28324412e+02 6.91792336e+01 2.71415639e-01 4.65204201e-02
3.87369087e-04 -8.28324267e+02 6.88409159e+01 2.74881576e-01 4.70929326e-02
3.86179469e-04 -8.28323908e+02 6.84680841e+01 2.61263196e-01 4.76867426e-02
3.84994145e-04 -8.28323759e+02 6.89972698e+01 2.57595513e-01 4.67916987e-02
3.83781790e-04 -8.28323561e+02 6.87397651e+01 2.74693016e-01 4.71401578e-02
3.82619319e-04 -8.28323171e+02 6.84146616e+01 2.67387206e-01 4.77542147e-02
3.81878254e-04 -8.28320784e+02 6.84320233e+01 2.68678238e-01 4.77236145e-02
3.81473231e-04 -8.28318637e+02 6.93318545e+01 2.66827500e-01 4.64687028e-02
3.80854544e-04 -8.28317374e+02 6.88487567e+01 2.64026510e-01 4.72891339e-02
3.79852540e-04 -8.28317250e+02 6.91485581e+01 2.68586627e-01 4.68366600e-02
3.79001941e-04 -8.28315203e+02 6.84723695e+01 2.65484669e-01 4.73531338e-02
3.78140929e-04 -8.28315142e+02 6.84784428e+01 2.71319519e-01 4.76179278e-02
3.77012879e-04 -8.28314523e+02 6.90307459e+01 2.57662499e-01 4.67876181e-02
3.76024485e-04 -8.28313737e+02 6.88940766e+01 2.61095574e-01 4.67848864e-02
3.75093728e-04 -8.28312824e+02 6.91910927e+01 2.68573245e-01 4.64574611e-02
3.74147032e-04 -8.28312135e+02 6.85163663e+01 2.64118369e-01 4.72838544e-02
3.73172228e-04 -8.28311386e+02 6.88333006e+01 2.74025716e-01 4.69631763e-02
3.72176192e-04 -8.28310825e+02 6.84518503e+01 2.67234820e-01 4.77222220e-02
3.71070030e-04 -8.28310683e+02 6.88181805e+01 2.65264086e-01 4.73298026e-02
3.70066669e-04 -8.28309585e+02 6.84284339e+01 2.71007368e-01 4.75476097e-02
3.69065448e-04 -8.28309446e+02 6.91438860e+01 2.66180396e-01 4.64839107e-02
3.68101273e-04 -8.28308162e+02 6.87736093e+01 2.68993037e-01 4.69178140e-02
3.67580468e-04 -8.28305623e+02 6.83262422e+01 2.66302822e-01 4.76854130e-02
3.67049523e-04 -8.28304396e+02 6.90574727e+01 2.67751890e-01 4.65738902e-02
3.66497426e-04 -8.28301979e+02 6.92701055e+01 2.69452119e-01 4.65666326e-02
3.65923665e-04 -8.28300873e+02 6.91226115e+01 2.71885644e-01 4.65905417e-02
3.64924568e-04 -8.28300791e+02 6.90129792e+01 2.69242581e-01 4.70353910e-02
3.63736538e-04 -8.28300739e+02 6.83700240e+01 2.68213089e-01 4.77394059e-02
3.62566291e-04 -8.28300581e+02 6.86767461e+01 2.63503621e-01 4.74939216e-02
3.61413935e-04 -8.28300450e+02 6.85980040e+01 2.73577804e-01 4.73452853e-02
3.60525646e-04 -8.28298848e+02 6.86605581e+01 2.67472223e-01 4.70671248e-02
3.59940817e-04 -8.28297042e+02 6.86828438e+01 2.69299665e-01 4.74663800e-02
3.59083875e-04 -8.28296958e+02 6.88677546e+01 2.72776160e-01 4.68753236e-02
3.57932741e-04 -8.28296808e+02 6.91791374e+01 2.60374443e-01 4.65554560e-02
3.56978766e-04 -8.28295641e+02 6.88652558e+01 2.59160501e-01 4.68721080e-02
3.56205760e-04 -8.28294488e+02 6.86171716e+01 2.61977551e-01 4.75438707e-02
3.55571433e-04 -8.28292551e+02 6.92741341e+01 2.66955257e-01 4.64104080e-02
3.54861048e-04 -8.28291831e+02 6.87379445e+01 2.69505359e-01 4.69785166e-02
3.54048606e-04 -8.28290480e+02 6.93059570e+01 2.64629983e-01 4.64270446e-02
3.53410592e-04 -8.28288783e+02 6.92407014e+01 2.66718783e-01 4.64249063e-02
3.52595964e-04 -8.28288439e+02 6.91227171e+01 2.65989818e-01 4.65121811e-02
3.51640024e-04 -8.28287557e+02 6.90031774e+01 2.62631937e-01 4.70515042e-02
3.50713767e-04 -8.28287058e+02 6.84283167e+01 2.62816276e-01 4.77175538e-02
3.49899424e-04 -8.28285552e+02 6.91853160e+01 2.60962916e-01 4.67040401e-02
3.49229107e-04 -8.28284238e+02 6.87544839e+01 2.71616810e-01 4.73335932e-02
3.48389979e-04 -8.28283707e+02 6.88774502e+01 2.68925788e-01 4.72237263e-02
3.47752854e-04 -8.28281244e+02 6.90045095e+01 2.71926690e-01 4.67053536e-02
3.47089815e-04 -8.28280867e+02 6.89861831e+01 2.73393019e-01 4.67862340e-02
3.46104169e-04 -8.28280276e+02 6.86102891e+01 2.73399356e-01 4.73685378e-02
3.45394529e-04 -8.28278317e+02 6.83832904e+01 2.67895067e-01 4.77232044e-02
3.44670837e-04 -8.28277815e+02 6.88011239e+01 2.70982550e-01 4.72881945e-02
3.43626690e-04 -8.28277729e+02 6.90238140e+01 2.58566514e-01 4.69031985e-02
3.42649180e-04 -8.28276857e+02 6.89604607e+01 2.61679328e-01 4.70977921e-02
3.42063954e-04 -8.28274494e+02 6.86854451e+01 2.57487762e-01 4.72939968e-02
3.41521528e-04 -8.28273374e+02 6.86175947e+01 2.72973154e-01 4.74085560e-02
3.41196383e-04 -8.28269746e+02 6.90636712e+01 2.64996432e-01 4.69674449e-02
3.41060349e-04 -8.28267514e+02 6.92650189e+01 2.68298142e-01 4.64575048e-02
3.40357677e-04 -8.28267214e+02 6.87499094e+01 2.67897315e-01 4.73903023e-02
3.39327502e-04 -8.28266921e+02 6.87652134e+01 2.61603930e-01 4.73556369e-02
3.38272271e-04 -8.28266788e+02 6.91973744e+01 2.68316004e-01 4.64777694e-02
3.37210150e-04 -8.28266555e+02 6.90543300e+01 2.58994516e-01 4.68595383e-02
3.36415161e-04 -8.28264854e+02 6.91602999e+01 2.60011892e-01 4.66441541e-02
3.35679241e-04 -8.28264279e+02 6.92235585e+01 2.61749534e-01 4.66163343e-02
3.34688415e-04 -8.28264110e+02 6.84005145e+01 2.67755218e-01 4.77105572e-02
3.33652496e-04 -8.28263823e+02 6.88313710e+01 2.58934893e-01 4.72076678e-02
3.32651871e-04 -8.28263462e+02 6.92840397e+01 2.64265939e-01 4.65226598e-02
3.31720103e-04 -8.28262778e+02 6.88599545e+01 2.72815324e-01 4.71501549e-02
3.30986574e-04 -8.28261234e+02 6.89233525e+01 2.71028421e-01 4.67808834e-02
3.30157693e-04 -8.28261136e+02 6.90959108e+01 2.72087116e-01 4.66526322e-02
3.29106929e-04 -8.28260954e+02 6.90009875e+01 2.59031473e-01 4.69554067e-02
3.28081893e-04 -8.28260720e+02 6.92787403e+01 2.66701484e-01 4.64437632e-02
3.27076563e-04 -8.28260436e+02 6.88168165e+01 2.73283844e-01 4.71819528e-02
3.26047271e-04 -8.28260368e+02 6.92156001e+01 2.70424567e-01 4.66070261e-02
3.24988719e-04 -8.28260284e+02 6.91486040e+01 2.71842011e-01 4.66907403e-02
3.24015598e-04 -8.28259710e+02 6.85709698e+01 2.63455886e-01 4.72234052e-02
3.23070316e-04 -8.28259472e+02 6.90365024e+01 2.69334642e-01 4.69800359e-02
3.22069587e-04 -8.28259259e+02 6.90060293e+01 2.58878314e-01 4.67628885e-02
3.21084180e-04 -8.28258945e+02 6.87637747e+01 2.72770813e-01 4.70363226e-02
3.20237306e-04 -8.28257886e+02 6.92026473e+01 2.67925239e-01 4.64759418e-02
3.19409445e-04 -8.28257466e+02 6.91167194e+01 2.71453286e-01 4.67901895e-02
3.18443545e-04 -8.28257287e+02 6.85702747e+01 2.59012284e-01 4.73381955e-02
3.17677791e-04 -8.28255626e+02 6.92385672e+01 2.62485955e-01 4.65094201e-02
3.17031934e-04 -8.28254702e+02 6.87911651e+01 2.72356453e-01 4.69852575e-02
3.16278280e-04 -8.28253731e+02 6.84909573e+01 2.71062782e-01 4.75566625e-02
3.15416079e-04 -8.28253505e+02 6.92120361e+01 2.70134519e-01 4.66279147e-02
3.14505239e-04 -8.28252859e+02 6.90298933e+01 2.68628499e-01 4.66314036e-02
3.13846568e-04 -8.28251044e+02 6.85460878e+01 2.59477265e-01 4.75175736e-02
3.13103604e-04 -8.28250943e+02 6.91845386e+01 2.63726603e-01 4.67444473e-02
3.12176349e-04 -8.28250320e+02 6.88485016e+01 2.69934392e-01 4.72344394e-02
3.11410949e-04 -8.28249197e+02 6.88312689e+01 2.58292197e-01 4.69801637e-02
3.10756681e-04 -8.28247871e+02 6.85796722e+01 2.58637916e-01 4.74292000e-02
3.10056906e-04 -8.28247050e+02 6.87670420e+01 2.58906460e-01 4.70348226e-02
3.09177128e-04 -8.28246898e+02 6.89197829e+01 2.60979309e-01 4.71306981e-02
3.08265669e-04 -8.28246300e+02 6.84173473e+01 2.62251862e-01 4.76707933e-02
3.07375227e-04 -8.28246028e+02 6.91189364e+01 2.62748722e-01 4.68478961e-02
3.06559526e-04 -8.28244959e+02 6.88011105e+01 2.73600242e-01 4.70472072e-02
3.05816095e-04 -8.28244228e+02 6.88507477e+01 2.70375660e-01 4.72208522e-02
3.05258329e-04 -8.28241955e+02 6.86146883e+01 2.58398251e-01 4.73257769e-02
3.04671917e-04 -8.28241417e+02 6.85850424e+01 2.58697210e-01 4.74229806e-02
3.03747390e-04 -8.28241378e+02 6.87498476e+01 2.72673121e-01 4.70655374e-02
3.02846404e-04 -8.28240703e+02 6.90043974e+01 2.73224657e-01 4.68606833e-02
3.01972614e-04 -8.28240501e+02 6.84561355e+01 2.69366102e-01 4.76307157e-02
3.01057071e-04 -8.28240120e+02 6.91764567e+01 2.66453146e-01 4.64941911e-02
3.00150198e-04 -8.28239879e+02 6.87107505e+01 2.69559529e-01 4.74056399e-02
2.99213171e-04 -8.28239718e+02 6.84316598e+01 2.66671256e-01 4.76944534e-02
2.98434771e-04 -8.28238434e+02 6.92540506e+01 2.64475627e-01 4.65870545e-02
2.97744427e-04 -8.28237694e+02 6.86949465e+01 2.64338597e-01 4.70401845e-02
2.96906359e-04 -8.28237416e+02 6.89876471e+01 2.72553049e-01 4.69530660e-02
2.96026740e-04 -8.28236973e+02 6.87333597e+01 2.57982834e-01 4.71512411e-02
2.95374433e-04 -8.28235173e+02 6.91159987e+01 2.62156491e-01 4.68361238e-02
2.94746042e-04 -8.28234576e+02 6.92737161e+01 2.66317997e-01 4.64982517e-02
2.93876086e-04 -8.28234429e+02 6.87975946e+01 2.58228550e-01 4.70412429e-02
2.93101580e-04 -8.28233199e+02 6.88804865e+01 2.62909649e-01 4.72066868e-02
2.92573733e-04 -8.28231379e+02 6.91151500e+01 2.65682344e-01 4.65465877e-02
2.91878621e-04 -8.28231300e+02 6.84025028e+01 2.68198375e-01 4.76294425e-02
2.90997490e-04 -8.28230770e+02 6.84934343e+01 2.60054763e-01 4.75029978e-02
2.90174860e-04 -8.28230306e+02 6.88853448e+01 2.68516708e-01 4.71956508e-02
2.89445656e-04 -8.28229147e+02 6.88995882e+01 2.58002968e-01 4.69711055e-02
2.88684737e-04 -8.28228915e+02 6.91229296e+01 2.62070562e-01 4.65808206e-02
2.87811278e-04 -8.28228552e+02 6.88883392e+01 2.71631651e-01 4.71316614e-02
2.87061407e-04 -8.28227477e+02 6.84540548e+01 2.69208549e-01 4.76212466e-02
2.86297611e-04 -8.28227225e+02 6.92148601e+01 2.62288402e-01 4.66031244e-02
2.85420220e-04 -8.28226960e+02 6.85050961e+01 2.70846463e-01 4.74474168e-02
2.84529848e-04 -8.28226818e+02 6.83879127e+01 2.66944872e-01 4.76600666e-02
2.83614255e-04 -8.28226751e+02 6.87964554e+01 2.66326943e-01 4.73251386e-02
2.82718372e-04 -8.28226490e+02 6.91897924e+01 2.64402861e-01 4.65018760e-02
2.81923698e-04 -8.28225725e+02 6.87639458e+01 2.62216109e-01 4.73473407e-02
2.81098369e-04 -8.28225698e+02 6.92253054e+01 2.68825951e-01 4.66079774e-02
2.80465447e-04 -8.28223579e+02 6.88468153e+01 2.72841054e-01 4.69572943e-02
2.79948323e-04 -8.28222732e+02 6.86723638e+01 2.58242929e-01 4.72707317e-02
2.79160144e-04 -8.28222562e+02 6.91332640e+01 2.60369395e-01 4.66808542e-02
2.78332961e-04 -8.28222012e+02 6.87188603e+01 2.65143288e-01 4.74194095e-02
2.77493605e-04 -8.28221946e+02 6.87557409e+01 2.58655605e-01 4.70831158e-02
2.76664412e-04 -8.28221342e+02 6.91920163e+01 2.70137045e-01 4.66148596e-02
2.75847409e-04 -8.28221206e+02 6.86739417e+01 2.71145275e-01 4.74007111e-02
2.74967824e-04 -8.28221073e+02 6.85292857e+01 2.67254368e-01 4.76098516e-02
2.74139496e-04 -8.28220584e+02 6.91442292e+01 2.70499496e-01 4.67368842e-02
2.73425644e-04 -8.28219633e+02 6.84090203e+01 2.63574822e-01 4.76688681e-02
2.72657385e-04 -8.28219556e+02 6.84191361e+01 2.62375252e-01 4.75916310e-02
2.71948672e-04 -8.28218183e+02 6.86159576e+01 2.72430269e-01 4.73624023e-02
2.71249230e-04 -8.28218050e+02 6.86666526e+01 2.66508078e-01 4.70871790e-02
2.70413450e-04 -8.28217699e+02 6.86479649e+01 2.58900242e-01 4.73765505e-02
2.69589577e-04 -8.28217497e+02 6.91567237e+01 2.65538095e-01 4.67865806e-02
2.68743074e-04 -8.28217334e+02 6.92383508e+01 2.68084358e-01 4.65766120e-02
2.68008375e-04 -8.28216317e+02 6.89775689e+01 2.67726450e-01 4.70668951e-02
2.67294906e-04 -8.28216009e+02 6.86213855e+01 2.69726035e-01 4.74860806e-02
2.66520033e-04 -8.28215468e+02 6.89175919e+01 2.61727966e-01 4.67905771e-02
2.65986189e-04 -8.28213365e+02 6.84140818e+01 2.63633569e-01 4.76625403e-02
2.65609393e-04 -8.28211647e+02 6.84858752e+01 2.69257217e-01 4.74337674e-02
2.64980266e-04 -8.28211451e+02 6.89738998e+01 2.71372115e-01 4.67638272e-02
2.64174790e-04 -8.28211080e+02 6.83947643e+01 2.65515426e-01 4.76618676e-02
2.63421513e-04 -8.28210507e+02 6.91002896e+01 2.69678729e-01 4.66065114e-02
2.62706585e-04 -8.28209860e+02 6.85174240e+01 2.66138606e-01 4.76205046e-02
2.61965150e-04 -8.28209504e+02 6.84083862e+01 2.64437780e-01 4.76679598e-02
2.61215710e-04 -8.28208935e+02 6.92191995e+01 2.68094029e-01 4.65217844e-02
2.60537179e-04 -8.28208050e+02 6.91843945e+01 2.68685349e-01 4.65385595e-02
2.59890056e-04 -8.28207253e+02 6.89412704e+01 2.63567077e-01 4.71160754e-02
2.59305992e-04 -8.28205895e+02 6.90121112e+01 2.61931810e-01 4.69887767e-02
2.58732806e-04 -8.28205023e+02 6.85621415e+01 2.70905074e-01 4.74878763e-02
2.58015673e-04 -8.28204790e+02 6.92066858e+01 2.68938794e-01 4.65569460e-02
2.57242717e-04 -8.28204368e+02 6.84185788e+01 2.63349700e-01 4.75725920e-02
2.56694445e-04 -8.28202403e+02 6.90080714e+01 2.66814006e-01 4.70208838e-02
2.56117240e-04 -8.28202213e+02 6.90971176e+01 2.60643161e-01 4.66721070e-02
2.55386580e-04 -8.28201461e+02 6.87051016e+01 2.60299025e-01 4.71034670e-02
2.54738564e-04 -8.28200639e+02 6.87399177e+01 2.70724872e-01 4.73278963e-02
2.54004357e-04 -8.28200578e+02 6.86827693e+01 2.71951432e-01 4.71715657e-02
2.53369088e-04 -8.28198992e+02 6.85807958e+01 2.62830168e-01 4.75439444e-02
2.53581618e-04 -8.28198900e+02 6.87896329e+01 2.64413956e-01 4.69264887e-02
2.53624228e-04 -8.28198656e+02 6.91358506e+01 2.70625829e-01 4.67165703e-02
2.53813699e-04 -8.28197407e+02 6.91818752e+01 2.67120330e-01 4.67179626e-02
2.53995082e-04 -8.28197227e+02 6.84734884e+01 2.62698839e-01 4.74502168e-02
2.54067146e-04 -8.28196840e+02 6.86378357e+01 2.66846721e-01 4.71415140e-02
2.54126015e-04 -8.28196764e+02 6.89186037e+01 2.69282198e-01 4.67870637e-02
2.54197990e-04 -8.28196274e+02 6.86455173e+01 2.64146314e-01 4.74881462e-02
2.54379412e-04 -8.28195337e+02 6.89677129e+01 2.62031640e-01 4.67406513e-02
2.54581686e-04 -8.28194684e+02 6.88622644e+01 2.71948234e-01 4.69206333e-02
2.54688819e-04 -8.28194496e+02 6.85072147e+01 2.60654473e-01 4.74740945e-02
2.54723601e-04 -8.28194411e+02 6.89368472e+01 2.72885435e-01 4.69206889e-02
2.54891894e-04 -8.28193175e+02 6.88308705e+01 2.71536860e-01 4.71885032e-02
2.55129537e-04 -8.28192547e+02 6.89081604e+01 2.58638977e-01 4.69503142e-02
2.55243248e-04 -8.28192284e+02 6.87954431e+01 2.71854849e-01 4.70048288e-02
2.55386690e-04 -8.28191423e+02 6.86696115e+01 2.59922226e-01 4.71780496e-02
2.55538908e-04 -8.28191092e+02 6.91246695e+01 2.70845470e-01 4.67065154e-02
2.55615984e-04 -8.28190820e+02 6.91073059e+01 2.71096804e-01 4.67375959e-02
2.55681873e-04 -8.28190576e+02 6.84577530e+01 2.62024451e-01 4.75374372e-02
2.55863360e-04 -8.28189401e+02 6.85550864e+01 2.60611007e-01 4.73564391e-02
2.56076315e-04 -8.28188912e+02 6.89663800e+01 2.72306191e-01 4.68370133e-02
2.56156760e-04 -8.28188773e+02 6.87750207e+01 2.58739812e-01 4.70888104e-02
2.56259516e-04 -8.28188110e+02 6.90884761e+01 2.63753557e-01 4.66049056e-02
2.56371766e-04 -8.28187897e+02 6.90469939e+01 2.59788451e-01 4.67835232e-02
2.56591245e-04 -8.28186399e+02 6.86294880e+01 2.72022927e-01 4.73194904e-02
2.56856836e-04 -8.28185827e+02 6.86251999e+01 2.59198312e-01 4.73465568e-02
2.56953935e-04 -8.28185643e+02 6.91162711e+01 2.70850268e-01 4.67213242e-02
2.56989589e-04 -8.28185550e+02 6.87042206e+01 2.59405166e-01 4.71530029e-02
2.57196291e-04 -8.28184036e+02 6.85995122e+01 2.69283016e-01 4.74960650e-02
2.57434809e-04 -8.28183695e+02 6.84933588e+01 2.61970791e-01 4.74419740e-02
2.57529806e-04 -8.28183298e+02 6.91706634e+01 2.69223552e-01 4.65908342e-02
2.57602696e-04 -8.28183129e+02 6.90838555e+01 2.70372272e-01 4.68279795e-02
2.57628709e-04 -8.28183096e+02 6.84227048e+01 2.65112233e-01 4.75646431e-02
2.57678886e-04 -8.28182740e+02 6.89122686e+01 2.71671956e-01 4.68611544e-02
2.57840339e-04 -8.28181843e+02 6.87479640e+01 2.59315396e-01 4.72654348e-02
2.58095171e-04 -8.28180764e+02 6.88986303e+01 2.71122976e-01 4.71021429e-02
2.58284049e-04 -8.28180380e+02 6.85544490e+01 2.69059499e-01 4.75351562e-02
2.58479217e-04 -8.28179254e+02 6.89201194e+01 2.64414697e-01 4.71386836e-02
2.58688714e-04 -8.28178759e+02 6.87816706e+01 2.58578967e-01 4.71375337e-02
2.59043905e-04 -8.28176511e+02 6.87555183e+01 2.58800781e-01 4.72095685e-02
2.59381823e-04 -8.28176151e+02 6.91568255e+01 2.69689972e-01 4.66726811e-02
2.59682476e-04 -8.28174195e+02 6.85872323e+01 2.60959779e-01 4.72942180e-02
2.59961903e-04 -8.28173999e+02 6.89946679e+01 2.60218237e-01 4.69440648e-02
2.60004435e-04 -8.28173868e+02 6.89331052e+01 2.60250857e-01 4.68370925e-02
2.60024795e-04 -8.28173843e+02 6.84512440e+01 2.62928634e-01 4.75791752e-02
2.60218960e-04 -8.28172375e+02 6.87530361e+01 2.59023220e-01 4.72282993e-02
2.60414674e-04 -8.28172338e+02 6.84295964e+01 2.66353691e-01 4.75946221e-02
2.60462692e-04 -8.28172007e+02 6.84386063e+01 2.64550527e-01 4.76203333e-02
2.60657783e-04 -8.28170841e+02 6.88776826e+01 2.68397981e-01 4.68371949e-02
2.61371018e-04 -8.28166546e+02 6.86338867e+01 2.59830951e-01 4.72720089e-02
2.61936575e-04 -8.28166514e+02 6.91972831e+01 2.66797611e-01 4.66488312e-02
2.61945451e-04 -8.28166478e+02 6.87180925e+01 2.59778306e-01 4.71310316e-02
2.62250196e-04 -8.28164190e+02 6.84387003e+01 2.65652670e-01 4.75485248e-02
2.62578144e-04 -8.28163977e+02 6.87293367e+01 2.71861376e-01 4.72660206e-02
2.62646720e-04 -8.28163667e+02 6.89771499e+01 2.62010809e-01 4.67496128e-02
2.62796056e-04 -8.28162841e+02 6.86596928e+01 2.61706254e-01 4.71604432e-02
2.63012455e-04 -8.28162021e+02 6.84539549e+01 2.65598601e-01 4.75016690e-02
2.63223322e-04 -8.28161238e+02 6.87675527e+01 2.71911027e-01 4.70762884e-02
2.63352813e-04 -8.28161037e+02 6.86299833e+01 2.71539090e-01 4.73208231e-02
2.63387972e-04 -8.28160971e+02 6.90141629e+01 2.70447431e-01 4.69312651e-02
2.63464767e-04 -8.28160454e+02 6.85277275e+01 2.67505447e-01 4.75675023e-02
2.63647001e-04 -8.28159588e+02 6.91597808e+01 2.68696860e-01 4.66920472e-02
2.63808888e-04 -8.28159226e+02 6.84513229e+01 2.65235433e-01 4.75143404e-02
2.63877370e-04 -8.28159069e+02 6.89528912e+01 2.63428113e-01 4.67556019e-02
2.63993571e-04 -8.28158346e+02 6.88762340e+01 2.72386314e-01 4.69790998e-02
2.64091219e-04 -8.28158329e+02 6.85141420e+01 2.69548187e-01 4.74738802e-02
2.64110522e-04 -8.28158200e+02 6.86357468e+01 2.70273453e-01 4.72208705e-02
2.64158766e-04 -8.28157964e+02 6.90930074e+01 2.70537338e-01 4.67586752e-02
2.64277124e-04 -8.28157304e+02 6.87076810e+01 2.70238334e-01 4.73488580e-02
2.64376786e-04 -8.28157210e+02 6.90560430e+01 2.67234646e-01 4.66437413e-02
2.64447674e-04 -8.28156768e+02 6.90480005e+01 2.71093025e-01 4.67521671e-02
2.64562785e-04 -8.28156339e+02 6.88342240e+01 2.72019453e-01 4.69968005e-02
2.64805260e-04 -8.28154936e+02 6.90090683e+01 2.60182166e-01 4.68868821e-02
2.65329215e-04 -8.28152387e+02 6.91299422e+01 2.63306161e-01 4.67664329e-02
2.65778600e-04 -8.28151550e+02 6.87081954e+01 2.59252115e-01 4.72364535e-02
2.65992327e-04 -8.28150779e+02 6.85202855e+01 2.69406603e-01 4.74902775e-02
2.66097630e-04 -8.28150758e+02 6.89359697e+01 2.72114679e-01 4.69228971e-02
2.66223908e-04 -8.28149831e+02 6.89452562e+01 2.69211457e-01 4.67816409e-02
2.66399852e-04 -8.28149437e+02 6.84759838e+01 2.62963581e-01 4.75464333e-02
2.66567282e-04 -8.28148574e+02 6.85511284e+01 2.69652177e-01 4.73765447e-02
2.66697748e-04 -8.28148458e+02 6.85605462e+01 2.62259499e-01 4.73276370e-02
2.66781653e-04 -8.28147945e+02 6.91226498e+01 2.68661896e-01 4.66233969e-02
2.67024590e-04 -8.28146638e+02 6.85249253e+01 2.68562414e-01 4.73961821e-02
2.67315981e-04 -8.28145764e+02 6.88092066e+01 2.65250420e-01 4.72745901e-02
2.67480523e-04 -8.28145407e+02 6.90970976e+01 2.65544682e-01 4.66131938e-02
2.67534037e-04 -8.28145363e+02 6.84754248e+01 2.67344031e-01 4.74935065e-02
2.67555373e-04 -8.28145248e+02 6.89469086e+01 2.64690307e-01 4.67591105e-02
2.67620988e-04 -8.28144873e+02 6.90905179e+01 2.67507775e-01 4.66258660e-02
2.67703940e-04 -8.28144628e+02 6.87371506e+01 2.61628062e-01 4.73274601e-02
2.67784239e-04 -8.28144273e+02 6.85772517e+01 2.62924068e-01 4.72861663e-02
2.67963782e-04 -8.28143288e+02 6.90694093e+01 2.65464425e-01 4.68936830e-02
2.68109832e-04 -8.28143183e+02 6.86022288e+01 2.62022006e-01 4.74731943e-02
2.68127733e-04 -8.28143154e+02 6.90266257e+01 2.70173896e-01 4.67315692e-02
2.68162160e-04 -8.28142926e+02 6.87021692e+01 2.67521264e-01 4.73931502e-02
2.68302509e-04 -8.28142108e+02 6.86782983e+01 2.68356334e-01 4.74088926e-02
2.68422663e-04 -8.28142031e+02 6.91749997e+01 2.67000382e-01 4.65930948e-02
2.68748114e-04 -8.28139686e+02 6.91042216e+01 2.68511704e-01 4.68017609e-02
2.69087721e-04 -8.28139504e+02 6.90801889e+01 2.67577978e-01 4.66383605e-02
2.69119135e-04 -8.28139452e+02 6.91387272e+01 2.63191252e-01 4.67241732e-02
2.69334099e-04 -8.28137907e+02 6.85965147e+01 2.68450222e-01 4.72598164e-02
2.69544197e-04 -8.28137892e+02 6.89957962e+01 2.65587607e-01 4.67083790e-02
2.69571538e-04 -8.28137705e+02 6.90170362e+01 2.60713114e-01 4.67872116e-02
2.69704513e-04 -8.28136906e+02 6.90400575e+01 2.64167123e-01 4.66741506e-02
2.69837072e-04 -8.28136722e+02 6.89902087e+01 2.71018758e-01 4.68045007e-02
2.69951289e-04 -8.28136060e+02 6.89292635e+01 2.59723032e-01 4.69261915e-02
2.70131691e-04 -8.28135386e+02 6.87955613e+01 2.59558548e-01 4.70717329e-02
2.70224160e-04 -8.28135375e+02 6.90573118e+01 2.62294956e-01 4.68700328e-02
2.70321600e-04 -8.28134665e+02 6.87760523e+01 2.59819380e-01 4.72091846e-02
2.70464035e-04 -8.28134321e+02 6.86486007e+01 2.67875610e-01 4.71668687e-02
2.70555439e-04 -8.28133989e+02 6.85203909e+01 2.64328631e-01 4.75607099e-02
2.70642337e-04 -8.28133679e+02 6.84978177e+01 2.67005468e-01 4.74399436e-02
2.70756012e-04 -8.28133149e+02 6.87417236e+01 2.59935918e-01 4.72531579e-02
2.70908172e-04 -8.28132555e+02 6.88677240e+01 2.71788846e-01 4.70646767e-02
2.71076953e-04 -8.28131903e+02 6.90431059e+01 2.61580479e-01 4.68687230e-02
2.71257367e-04 -8.28131225e+02 6.88476660e+01 2.61060988e-01 4.69371333e-02
2.71454085e-04 -8.28130454e+02 6.85790384e+01 2.62244240e-01 4.73096020e-02
2.71596001e-04 -8.28130179e+02 6.90461037e+01 2.67059374e-01 4.66685567e-02
2.71673505e-04 -8.28129883e+02 6.90281416e+01 2.61036925e-01 4.68673434e-02
2.71737978e-04 -8.28129705e+02 6.88269897e+01 2.71368901e-01 4.69991512e-02
2.71891746e-04 -8.28128752e+02 6.85188272e+01 2.68317943e-01 4.74307758e-02
2.72029552e-04 -8.28128691e+02 6.87033508e+01 2.70274103e-01 4.71340330e-02
2.72079346e-04 -8.28128386e+02 6.88375375e+01 2.59729773e-01 4.71139837e-02
2.72142998e-04 -8.28128223e+02 6.88674503e+01 2.67059997e-01 4.68602567e-02
2.72198038e-04 -8.28127981e+02 6.87125860e+01 2.60865208e-01 4.71285693e-02
2.72259099e-04 -8.28127775e+02 6.88962115e+01 2.69155182e-01 4.71196753e-02
2.72463008e-04 -8.28126484e+02 6.86557840e+01 2.70452949e-01 4.72245389e-02
2.72657338e-04 -8.28126348e+02 6.90626405e+01 2.66024322e-01 4.66532617e-02
2.72737365e-04 -8.28125897e+02 6.90414787e+01 2.63575829e-01 4.69161598e-02
2.73050698e-04 -8.28124053e+02 6.90389710e+01 2.69415990e-01 4.67165508e-02
2.73413224e-04 -8.28123243e+02 6.85581100e+01 2.64238544e-01 4.73201547e-02
2.73708277e-04 -8.28121896e+02 6.91534287e+01 2.67457123e-01 4.66773193e-02
2.73975596e-04 -8.28121290e+02 6.88861210e+01 2.62133091e-01 4.68718258e-02
2.74120358e-04 -8.28120839e+02 6.88452661e+01 2.64232996e-01 4.68934320e-02
2.74254191e-04 -8.28120314e+02 6.84811620e+01 2.64778277e-01 4.75094387e-02
2.74375156e-04 -8.28119957e+02 6.90661035e+01 2.65883002e-01 4.68834501e-02
2.74447762e-04 -8.28119785e+02 6.87628826e+01 2.59977949e-01 4.72140425e-02
2.74496532e-04 -8.28119602e+02 6.87059357e+01 2.61307011e-01 4.71309331e-02
2.74610206e-04 -8.28118957e+02 6.89343290e+01 2.60289107e-01 4.68954738e-02
2.74824778e-04 -8.28118040e+02 6.88802679e+01 2.60307652e-01 4.70766211e-02
2.74980995e-04 -8.28117820e+02 6.89000967e+01 2.61943476e-01 4.68624819e-02
2.75019627e-04 -8.28117759e+02 6.90467347e+01 2.62677980e-01 4.67079795e-02
2.75311801e-04 -8.28115698e+02 6.90924981e+01 2.65965609e-01 4.68319495e-02
2.75630472e-04 -8.28115444e+02 6.87847163e+01 2.70347257e-01 4.70271354e-02
2.75848656e-04 -8.28114116e+02 6.85314910e+01 2.66686944e-01 4.75325515e-02
2.76126011e-04 -8.28113434e+02 6.86913960e+01 2.65416431e-01 4.71015525e-02
2.76243270e-04 -8.28113266e+02 6.86956069e+01 2.70928381e-01 4.71987519e-02
2.76281014e-04 -8.28113161e+02 6.88916094e+01 2.60321616e-01 4.69375506e-02
2.76354599e-04 -8.28112734e+02 6.88903857e+01 2.67845049e-01 4.68472840e-02
2.76431040e-04 -8.28112608e+02 6.90152268e+01 2.60970619e-01 4.68284401e-02
2.76665941e-04 -8.28111036e+02 6.85089187e+01 2.67523660e-01 4.74792187e-02
2.76933969e-04 -8.28110670e+02 6.90230141e+01 2.68211266e-01 4.67149323e-02
2.77077996e-04 -8.28109996e+02 6.88825414e+01 2.63369667e-01 4.68627921e-02
2.77183498e-04 -8.28109909e+02 6.86878802e+01 2.67131422e-01 4.73933835e-02
2.77381599e-04 -8.28108567e+02 6.86726840e+01 2.65911466e-01 4.74153676e-02
2.77627497e-04 -8.28108136e+02 6.91217473e+01 2.66486322e-01 4.67616486e-02
2.77743825e-04 -8.28107730e+02 6.90513962e+01 2.61751287e-01 4.67637882e-02
2.77817954e-04 -8.28107603e+02 6.86327390e+01 2.67501254e-01 4.74434565e-02
2.77890426e-04 -8.28107208e+02 6.90569372e+01 2.67129926e-01 4.66769240e-02
2.77963023e-04 -8.28107080e+02 6.89356872e+01 2.70037345e-01 4.68420817e-02
2.78011248e-04 -8.28106861e+02 6.90534602e+01 2.64405783e-01 4.66821806e-02
2.78048701e-04 -8.28106811e+02 6.89333154e+01 2.60600661e-01 4.69913678e-02
2.78160614e-04 -8.28106056e+02 6.85388963e+01 2.66797462e-01 4.73751947e-02
2.78286282e-04 -8.28105907e+02 6.85616126e+01 2.62936701e-01 4.74865094e-02
2.78386374e-04 -8.28105337e+02 6.85020449e+01 2.64901993e-01 4.75262480e-02
2.78498935e-04 -8.28105099e+02 6.89487986e+01 2.69421839e-01 4.68130198e-02
2.78551147e-04 -8.28104962e+02 6.86944937e+01 2.70492073e-01 4.73028756e-02
2.78626198e-04 -8.28104560e+02 6.89795341e+01 2.60970121e-01 4.69237712e-02
2.78743468e-04 -8.28104121e+02 6.85532047e+01 2.62508449e-01 4.74684678e-02
2.78922235e-04 -8.28103278e+02 6.89962955e+01 2.67060631e-01 4.67323660e-02
2.79069172e-04 -8.28103067e+02 6.89428518e+01 2.70395274e-01 4.69952314e-02
2.79120847e-04 -8.28102907e+02 6.91455708e+01 2.66273303e-01 4.66744808e-02
2.79189009e-04 -8.28102579e+02 6.91199629e+01 2.66375124e-01 4.66418249e-02
2.79278706e-04 -8.28102265e+02 6.87258785e+01 2.61612772e-01 4.71061810e-02
2.79338842e-04 -8.28102148e+02 6.86785574e+01 2.62731524e-01 4.71520009e-02
2.79410230e-04 -8.28101754e+02 6.89797387e+01 2.70781883e-01 4.68725044e-02
2.79593370e-04 -8.28100838e+02 6.87164879e+01 2.61849281e-01 4.71147207e-02
2.79780174e-04 -8.28100418e+02 6.89240776e+01 2.60358158e-01 4.69492237e-02
2.79845601e-04 -8.28100370e+02 6.88582769e+01 2.71229594e-01 4.70681522e-02
2.80122211e-04 -8.28098443e+02 6.88212515e+01 2.69589033e-01 4.69702136e-02
2.80561380e-04 -8.28097237e+02 6.90255365e+01 2.69946089e-01 4.67854071e-02
2.80799842e-04 -8.28096744e+02 6.87168695e+01 2.67460493e-01 4.73503940e-02
2.80899820e-04 -8.28096525e+02 6.88367967e+01 2.61149980e-01 4.69762491e-02
2.81055184e-04 -8.28095638e+02 6.88586983e+01 2.60227783e-01 4.70125512e-02
2.81335050e-04 -8.28094534e+02 6.89531455e+01 2.60742541e-01 4.69321377e-02
2.82048712e-04 -8.28090574e+02 6.88194801e+01 2.67816284e-01 4.69476378e-02
2.82829266e-04 -8.28089004e+02 6.88368868e+01 2.70473118e-01 4.69886839e-02
2.83225430e-04 -8.28087775e+02 6.88213264e+01 2.60480112e-01 4.70430291e-02
2.83482725e-04 -8.28087187e+02 6.86706630e+01 2.63598560e-01 4.71618204e-02
2.83728988e-04 -8.28086038e+02 6.86057169e+01 2.62310942e-01 4.74186554e-02
2.84033955e-04 -8.28085039e+02 6.88146201e+01 2.60324216e-01 4.71068959e-02
2.84198856e-04 -8.28084877e+02 6.90128356e+01 2.67694117e-01 4.67371328e-02
2.84355495e-04 -8.28083937e+02 6.91096122e+01 2.67261717e-01 4.66920758e-02
2.84515891e-04 -8.28083749e+02 6.90571561e+01 2.65187087e-01 4.66933286e-02
2.84685051e-04 -8.28082748e+02 6.90087510e+01 2.61802230e-01 4.68756726e-02
2.84916882e-04 -8.28082121e+02 6.85569422e+01 2.63023509e-01 4.74374158e-02
2.85030355e-04 -8.28081952e+02 6.85389553e+01 2.67176256e-01 4.74333685e-02
2.85118804e-04 -8.28081501e+02 6.86334761e+01 2.64562065e-01 4.72170864e-02
2.85266883e-04 -8.28080913e+02 6.89807997e+01 2.67523500e-01 4.69869520e-02
2.85536216e-04 -8.28079614e+02 6.85914226e+01 2.62604703e-01 4.73373990e-02
2.85768857e-04 -8.28079284e+02 6.86377427e+01 2.61680259e-01 4.72826705e-02
2.86097048e-04 -8.28077319e+02 6.90217658e+01 2.69184683e-01 4.67774769e-02
2.86444649e-04 -8.28076855e+02 6.90925239e+01 2.67100783e-01 4.66940854e-02
2.86635124e-04 -8.28075990e+02 6.90839911e+01 2.68082589e-01 4.67536285e-02
2.86903297e-04 -8.28074985e+02 6.89510053e+01 2.62792049e-01 4.70124861e-02
2.87132329e-04 -8.28074393e+02 6.89670785e+01 2.64891501e-01 4.70127203e-02
2.87285862e-04 -8.28073915e+02 6.85856885e+01 2.67430129e-01 4.74476626e-02
2.87356592e-04 -8.28073901e+02 6.91020082e+01 2.67062038e-01 4.67325618e-02
2.87762197e-04 -8.28071096e+02 6.86015318e+01 2.64804740e-01 4.72813048e-02
2.88231827e-04 -8.28070638e+02 6.88860737e+01 2.61849555e-01 4.69198312e-02
2.88423616e-04 -8.28069766e+02 6.86344333e+01 2.62089982e-01 4.73683032e-02
2.88575338e-04 -8.28069586e+02 6.88867990e+01 2.70613013e-01 4.69859441e-02
2.88838767e-04 -8.28067942e+02 6.88040931e+01 2.60802165e-01 4.70785614e-02
2.89302978e-04 -8.28066374e+02 6.88828075e+01 2.69562689e-01 4.70800361e-02
2.89616336e-04 -8.28065776e+02 6.89623118e+01 2.61513609e-01 4.69022821e-02
2.89733524e-04 -8.28065565e+02 6.87885903e+01 2.61977796e-01 4.72141777e-02
2.89774405e-04 -8.28065494e+02 6.88759501e+01 2.61060328e-01 4.69798518e-02
2.89909349e-04 -8.28064634e+02 6.87488788e+01 2.65849722e-01 4.73033034e-02
2.90121468e-04 -8.28064031e+02 6.88476048e+01 2.63079501e-01 4.69393770e-02
2.90287488e-04 -8.28063490e+02 6.88473215e+01 2.67896468e-01 4.71642025e-02
2.90382308e-04 -8.28063378e+02 6.89733895e+01 2.63393405e-01 4.68003350e-02
2.90441311e-04 -8.28063083e+02 6.85778857e+01 2.63527911e-01 4.74285233e-02
2.90502832e-04 -8.28062954e+02 6.89735296e+01 2.67708028e-01 4.69814883e-02
2.90598689e-04 -8.28062424e+02 6.90622048e+01 2.64357550e-01 4.67266639e-02
2.90746978e-04 -8.28061934e+02 6.85515954e+01 2.66061363e-01 4.74450069e-02
2.90927096e-04 -8.28061185e+02 6.90139756e+01 2.66809751e-01 4.69221880e-02
2.91086775e-04 -8.28060836e+02 6.89073083e+01 2.70148108e-01 4.69371683e-02
2.91219729e-04 -8.28060272e+02 6.87031981e+01 2.69583706e-01 4.72793484e-02
2.91398254e-04 -8.28059611e+02 6.86389688e+01 2.64705120e-01 4.72253074e-02
2.91650778e-04 -8.28058540e+02 6.87558369e+01 2.70033422e-01 4.72041797e-02
2.92153999e-04 -8.28056164e+02 6.90519265e+01 2.63694127e-01 4.68146771e-02
2.92576037e-04 -8.28055651e+02 6.89519179e+01 2.67256070e-01 4.70156636e-02
2.92806391e-04 -8.28054590e+02 6.85864375e+01 2.63502012e-01 4.73693055e-02
2.92992972e-04 -8.28054377e+02 6.87203552e+01 2.62802048e-01 4.71257376e-02
2.93031843e-04 -8.28054325e+02 6.90756627e+01 2.66690163e-01 4.67785686e-02
2.93062321e-04 -8.28054169e+02 6.87331432e+01 2.69363866e-01 4.71319118e-02
2.93100305e-04 -8.28054066e+02 6.90165416e+01 2.65664124e-01 4.69155772e-02
2.93124942e-04 -8.28054001e+02 6.90561445e+01 2.67595263e-01 4.68096490e-02
2.93269284e-04 -8.28053081e+02 6.87674828e+01 2.69439176e-01 4.72166819e-02
2.93502013e-04 -8.28052414e+02 6.89093720e+01 2.61966377e-01 4.69137997e-02
2.93675217e-04 -8.28051901e+02 6.88098544e+01 2.62198158e-01 4.70179313e-02
2.93838704e-04 -8.28051301e+02 6.85964333e+01 2.65075504e-01 4.74332719e-02
2.94070720e-04 -8.28050323e+02 6.88894381e+01 2.69199351e-01 4.70651282e-02
2.94462353e-04 -8.28048640e+02 6.86705681e+01 2.69093600e-01 4.73018663e-02
2.94956202e-04 -8.28046971e+02 6.89084714e+01 2.61541560e-01 4.69702658e-02
2.95207294e-04 -8.28046937e+02 6.88453856e+01 2.61847281e-01 4.71141258e-02
2.95279161e-04 -8.28046485e+02 6.90264229e+01 2.68359294e-01 4.68103628e-02
2.95539005e-04 -8.28045178e+02 6.86941532e+01 2.66214140e-01 4.73474573e-02
2.95845354e-04 -8.28044412e+02 6.88813960e+01 2.61473593e-01 4.70211188e-02
2.95965807e-04 -8.28044364e+02 6.86559748e+01 2.68771922e-01 4.73150661e-02
2.96010200e-04 -8.28044112e+02 6.88207360e+01 2.64540963e-01 4.71981579e-02
2.96226483e-04 -8.28042904e+02 6.90497989e+01 2.65393851e-01 4.67481683e-02
2.96416614e-04 -8.28042829e+02 6.89738626e+01 2.69083042e-01 4.69076868e-02
2.97092744e-04 -8.28038352e+02 6.85826235e+01 2.65737348e-01 4.73912214e-02
2.97913106e-04 -8.28037309e+02 6.88243805e+01 2.69662051e-01 4.71136430e-02
2.98138860e-04 -8.28036837e+02 6.87642843e+01 2.63257648e-01 4.72466190e-02
2.98441477e-04 -8.28035280e+02 6.86484424e+01 2.66917054e-01 4.72384861e-02
2.98780195e-04 -8.28034568e+02 6.87374959e+01 2.62246829e-01 4.72434340e-02
2.98887214e-04 -8.28034564e+02 6.89231154e+01 2.62461356e-01 4.70007457e-02
2.98994429e-04 -8.28033850e+02 6.89533448e+01 2.69134221e-01 4.69143669e-02
2.99167815e-04 -8.28033405e+02 6.89210342e+01 2.68679992e-01 4.70127891e-02
2.99387321e-04 -8.28032384e+02 6.89775875e+01 2.62883837e-01 4.68639639e-02
2.99549412e-04 -8.28032322e+02 6.89492218e+01 2.66089921e-01 4.70081521e-02
2.99839437e-04 -8.28030449e+02 6.87559240e+01 2.68177389e-01 4.70876733e-02
3.00592420e-04 -8.28027307e+02 6.86239048e+01 2.66600721e-01 4.73751320e-02
3.01137963e-04 -8.28026820e+02 6.87672185e+01 2.68084054e-01 4.70728856e-02
3.01267316e-04 -8.28026448e+02 6.87311178e+01 2.62055500e-01 4.72059175e-02
3.01394493e-04 -8.28025976e+02 6.87436550e+01 2.68603733e-01 4.72369879e-02
3.01627846e-04 -8.28024901e+02 6.86579892e+01 2.67146231e-01 4.72386649e-02
3.01877840e-04 -8.28024319e+02 6.90132819e+01 2.66240082e-01 4.67909470e-02
3.01978190e-04 -8.28024236e+02 6.89565388e+01 2.67980560e-01 4.68548399e-02
3.02161468e-04 -8.28023106e+02 6.88215926e+01 2.69236796e-01 4.70447170e-02
3.02867829e-04 -8.28019569e+02 6.86403219e+01 2.65583958e-01 4.73650465e-02
3.03792647e-04 -8.28017007e+02 6.87685303e+01 2.65654581e-01 4.72440860e-02
3.04641817e-04 -8.28013987e+02 6.89298666e+01 2.68657880e-01 4.69387333e-02
3.05128663e-04 -8.28013811e+02 6.89380206e+01 2.64218168e-01 4.68701730e-02
3.05282662e-04 -8.28012978e+02 6.86916794e+01 2.68110605e-01 4.72656163e-02
3.05453127e-04 -8.28012694e+02 6.86850923e+01 2.66746182e-01 4.71984963e-02
3.05517049e-04 -8.28012559e+02 6.86642219e+01 2.63993320e-01 4.73217449e-02
3.06036513e-04 -8.28009299e+02 6.88532026e+01 2.68983359e-01 4.70358595e-02
3.06649795e-04 -8.28008553e+02 6.88795543e+01 2.64770405e-01 4.69275022e-02
3.06835753e-04 -8.28008086e+02 6.87149645e+01 2.64719726e-01 4.71508062e-02
3.06946642e-04 -8.28007830e+02 6.89402681e+01 2.64243504e-01 4.69850171e-02
3.07262994e-04 -8.28006027e+02 6.87011601e+01 2.63331516e-01 4.72630552e-02
3.07986177e-04 -8.28003130e+02 6.87524265e+01 2.63418159e-01 4.71226805e-02
3.08627477e-04 -8.28001865e+02 6.88192185e+01 2.62663257e-01 4.70696735e-02
3.08831774e-04 -8.28001806e+02 6.89078942e+01 2.64690708e-01 4.70374352e-02
3.09183974e-04 -8.27999587e+02 6.89067656e+01 2.67998882e-01 4.69401638e-02
3.09781138e-04 -8.27997946e+02 6.89351455e+01 2.63653596e-01 4.69440072e-02
3.10157043e-04 -8.27997161e+02 6.89493534e+01 2.66050481e-01 4.69647478e-02
3.10434975e-04 -8.27996155e+02 6.86750500e+01 2.65267029e-01 4.73018892e-02
3.10828225e-04 -8.27994629e+02 6.89654279e+01 2.66823280e-01 4.69005572e-02
3.11176952e-04 -8.27993912e+02 6.89624866e+01 2.66857068e-01 4.68959244e-02
3.11583125e-04 -8.27992021e+02 6.88547224e+01 2.66605747e-01 4.71042040e-02
3.11954015e-04 -8.27991532e+02 6.89465764e+01 2.66019675e-01 4.68842361e-02
3.12792835e-04 -8.27986656e+02 6.88974348e+01 2.66656594e-01 4.70314752e-02
3.14945417e-04 -8.27977829e+02 6.88485390e+01 2.64664378e-01 4.70055397e-02
3.16961893e-04 -8.27973876e+02 6.88722100e+01 2.64389379e-01 4.70329473e-02
3.18030228e-04 -8.27971097e+02 6.88252900e+01 2.66525664e-01 4.70446538e-02
3.18943337e-04 -8.27968143e+02 6.87841079e+01 2.64637302e-01 4.71233050e-02
3.19510935e-04 -8.27967539e+02 6.88385060e+01 2.65240400e-01 4.70327924e-02
